{"ACAD": [0.14541874999999999, 0.12299220556228158], "ACOR": [0.0, 0.12299220556228158], "ACRX": [0.007827272727272728, 0.12299220556228158], "ADHD": [0.0, 0.12299220556228158], "ADRO": [0.0, 0.12299220556228158], "AEGR": [0.0, 0.12299220556228158], "AFFX": [0.0, 0.12299220556228158], "AFFY": [-0.06588309859154931, 0.12299220556228158], "AGEN": [0.1468, 0.12299220556228158], "AKRX": [0.0, 0.12299220556228158], "ALIM": [-0.11148, 0.12299220556228158], "ALKS": [0.04399230769230769, 0.12299220556228158], "ALNY": [0.143825, 0.12299220556228158], "ALTH": [0.2928764705882353, 0.12299220556228158], "ALXA": [0.16724999999999998, 0.12299220556228158], "AMGN": [0.1341516129032258, 0.12299220556228158], "AMRI": [0.17556666666666665, 0.12299220556228158], "AMRN": [0.05121714285714285, 0.12299220556228158], "ANAC": [-0.026909090909090907, 0.12299220556228158], "ANDS": [0.0, 0.12299220556228158], "ANIP": [0.05146666666666667, 0.12299220556228158], "ANTH": [0.0, 0.12299220556228158], "ARIA": [0.4404, 0.12299220556228158], "ARNA": [0.03836666666666667, 0.12299220556228158], "ARQL": [0.0, 0.12299220556228158], "ARRY": [-0.10525999999999999, 0.12299220556228158], "ARWR": [0.22869999999999996, 0.12299220556228158], "ASPX": [0.14495671641791047, 0.12299220556228158], "AST": [0.07726967213114753, 0.12299220556228158], "ASTX": [-0.03412, 0.12299220556228158], "AVEO": [0.11143846153846153, 0.12299220556228158], "AVNR": [0.0, 0.12299220556228158], "BCRX": [-0.047725, 0.12299220556228158], "BIIB": [-0.026646666666666662, 0.12299220556228158], "BIOV": [0.24159999999999998, 0.12299220556228158], "BLUE": [0.0, 0.12299220556228158], "BMRN": [0.04762142857142858, 0.12299220556228158], "BPAX": [0.13620000000000002, 0.12299220556228158], "BSTE": [0.2263, 0.12299220556228158], "CALP": [0.0, 0.12299220556228158], "CBST": [0.0, 0.12299220556228158], "CELG": [-0.0037357142857142867, 0.12299220556228158], "CLDX": [0.0, 0.12299220556228158], "CLVS": [0.0, 0.12299220556228158], "COLL": [0.5405666666666668, 0.12299220556228158], "COLY": [0.2405, 0.12299220556228158], "CRA": [0.14525833333333335, 0.12299220556228158], "CRIS": [0.09382222222222222, 0.12299220556228158], "CTRX": [0.34, 0.12299220556228158], "CYPB": [0.0, 0.12299220556228158], "CYTK": [0.4404, 0.12299220556228158], "CYTX": [0.7003, 0.12299220556228158], "DEPO": [0.3612, 0.12299220556228158], "DERM": [0.21075, 0.12299220556228158], "DRRX": [0.07615000000000001, 0.12299220556228158], "DVAX": [-0.12832, 0.12299220556228158], "ECYT": [0.296, 0.12299220556228158], "EDIT": [0.209075, 0.12299220556228158], "EMIS": [0.4754, 0.12299220556228158], "ENCY": [0.16171666666666668, 0.12299220556228158], "ENDP": [-0.04045555555555556, 0.12299220556228158], "ENTA": [-0.01808888888888889, 0.12299220556228158], "ENZN": [0.0, 0.12299220556228158], "EXEL": [0.5719, 0.12299220556228158], "FACT": [-0.3252, 0.12299220556228158], "FLML": [0.0, 0.12299220556228158], "FOLD": [-0.025190909090909094, 0.12299220556228158], "FURX": [0.0, 0.12299220556228158], "GBT": [0.3182, 0.12299220556228158], "GERN": [0.06363333333333333, 0.12299220556228158], "GILD": [0.06434736842105264, 0.12299220556228158], "GTXI": [0.0, 0.12299220556228158], "GWPH": [0.0, 0.12299220556228158], "HALO": [0.0, 0.12299220556228158], "HGSI": [0.296, 0.12299220556228158], "HITK": [0.5106, 0.12299220556228158], "HPTX": [0.6808, 0.12299220556228158], "HZNP": [0.24647878787878785, 0.12299220556228158], "ICEL": [0.7263, 0.12299220556228158], "ICPT": [0.25, 0.12299220556228158], "ICY": [-0.025675, 0.12299220556228158], "IDIX": [0.0, 0.12299220556228158], "ILMN": [0.7783, 0.12299220556228158], "ILU": [0.055999999999999994, 0.12299220556228158], "IMGN": [0.0, 0.12299220556228158], "INCR": [0.18276666666666666, 0.12299220556228158], "INCY": [0.063825, 0.12299220556228158], "INFI": [0.0, 0.12299220556228158], "INO": [-0.03452499999999999, 0.12299220556228158], "INSM": [0.13626666666666667, 0.12299220556228158], "IONS": [0.20583870967741938, 0.12299220556228158], "IPXL": [-0.11315, 0.12299220556228158], "IRWD": [0.2562125, 0.12299220556228158], "ISIS": [-0.07319090909090908, 0.12299220556228158], "ISTA": [-0.062188888888888884, 0.12299220556228158], "JAZZ": [0.10115, 0.12299220556228158], "KERX": [-0.09904285714285714, 0.12299220556228158], "KYTH": [0.3612, 0.12299220556228158], "LBIO": [0.08425833333333332, 0.12299220556228158], "LIFE": [0.163775, 0.12299220556228158], "MACK": [0.0, 0.12299220556228158], "MDCO": [0.40480000000000005, 0.12299220556228158], "MDVN": [0.0, 0.12299220556228158], "MEDI": [0.04515, 0.12299220556228158], "MITI": [0.0, 0.12299220556228158], "MNK": [0.1806, 0.12299220556228158], "MNKD": [0.1806, 0.12299220556228158], "MNOV": [0.0, 0.12299220556228158], "MNTA": [0.038889999999999994, 0.12299220556228158], "MYL": [0.27818333333333334, 0.12299220556228158], "NABI": [0.0, 0.12299220556228158], "NBIX": [0.6369, 0.12299220556228158], "NEOS": [0.0, 0.12299220556228158], "NH": [-0.11095454545454544, 0.12299220556228158], "NK": [-0.062323333333333335, 0.12299220556228158], "NKTR": [0.3612, 0.12299220556228158], "NLNK": [0.0, 0.12299220556228158], "NPSP": [0.07056321839080462, 0.12299220556228158], "NVAX": [0.05941666666666667, 0.12299220556228158], "OMER": [0.013039999999999996, 0.12299220556228158], "OMPI": [0.0, 0.12299220556228158], "ONCE": [-0.1084, 0.12299220556228158], "ONTY": [0.03128000000000001, 0.12299220556228158], "ONVO": [0.4653555555555556, 0.12299220556228158], "ONXX": [0.03647142857142858, 0.12299220556228158], "OPK": [0.039011111111111114, 0.12299220556228158], "OPTR": [0.0, 0.12299220556228158], "OREX": [-0.04862307692307693, 0.12299220556228158], "OSCI": [0.6369, 0.12299220556228158], "OSIR": [-0.06554285714285714, 0.12299220556228158], "OTIC": [-0.4033, 0.12299220556228158], "PACB": [0.09772173913043478, 0.12299220556228158], "PANC": [0.4019, 0.12299220556228158], "PCRX": [-0.4588, 0.12299220556228158], "PCYC": [0.4588, 0.12299220556228158], "PGNX": [0.2165, 0.12299220556228158], "PTX": [0.20041250000000002, 0.12299220556228158], "QCOR": [0.1909, 0.12299220556228158], "REGN": [0.5106, 0.12299220556228158], "RNAI": [0.51045, 0.12299220556228158], "RPTP": [0.1702, 0.12299220556228158], "SAGE": [0.18227000000000007, 0.12299220556228158], "SCLN": [0.296, 0.12299220556228158], "SCMP": [0.16572631578947367, 0.12299220556228158], "SGEN": [-0.08333333333333333, 0.12299220556228158], "SGMO": [0.37826, 0.12299220556228158], "SGYP": [0.26996000000000003, 0.12299220556228158], "SHPG": [0.0, 0.12299220556228158], "SLXP": [0.2553, 0.12299220556228158], "SNTS": [0.10378181818181818, 0.12299220556228158], "SPPI": [0.009277777777777767, 0.12299220556228158], "SQNM": [0.0, 0.12299220556228158], "SRPT": [0.1664025974025974, 0.12299220556228158], "STEM": [-0.030399999999999996, 0.12299220556228158], "SUPN": [0.28164285714285714, 0.12299220556228158], "SVA": [0.401, 0.12299220556228158], "TECH": [0.1389109375, 0.12299220556228158], "TEVA": [0.14922, 0.12299220556228158], "THLD": [0.184725, 0.12299220556228158], "THRX": [0.0, 0.12299220556228158], "TRGT": [0.0, 0.12299220556228158], "TSRX": [-0.0067499999999999965, 0.12299220556228158], "TTPH": [0.148, 0.12299220556228158], "USD": [0.01905354838709677, 0.12299220556228158], "UTHR": [0.06021428571428571, 0.12299220556228158], "VPHM": [0.0, 0.12299220556228158], "VRTX": [0.23393333333333333, 0.12299220556228158], "VRUS": [0.0, 0.12299220556228158], "VTL": [0.296, 0.12299220556228158], "VVUS": [-0.030657142857142883, 0.12299220556228158], "WCRX": [0.151725, 0.12299220556228158], "XNPT": [-0.032, 0.12299220556228158], "XOMA": [0.1955, 0.12299220556228158], "ZGNX": [0.41355, 0.12299220556228158], "ZLCS": [0.1329727272727273, 0.12299220556228158]}