{"ACAD": [0.050555172413793106, 0.14970146009400512], "ACHN": [0.3253333333333333, 0.14970146009400512], "ACOR": [0.05135, 0.14970146009400512], "ACRX": [-0.13737407407407412, 0.14970146009400512], "ADHD": [0.5051769230769231, 0.14970146009400512], "AEGR": [0.0, 0.14970146009400512], "AFFY": [0.34, 0.14970146009400512], "AFMD": [0.3226875, 0.14970146009400512], "AGEN": [0.019720000000000005, 0.14970146009400512], "AGIO": [0.325575, 0.14970146009400512], "AGTC": [0.19063333333333332, 0.14970146009400512], "AIMT": [0.010741463414634146, 0.14970146009400512], "AKRX": [0.2064933333333333, 0.14970146009400512], "ALDR": [0.08818571428571431, 0.14970146009400512], "ALKS": [0.13454545454545455, 0.14970146009400512], "ALNY": [0.10339199999999998, 0.14970146009400512], "ALTH": [0.024532653061224485, 0.14970146009400512], "ALXN": [0.012840148698884757, 0.14970146009400512], "AMAG": [0.08852857142857144, 0.14970146009400512], "AMGN": [0.08158846153846164, 0.14970146009400512], "AMRI": [-0.074, 0.14970146009400512], "AMRN": [0.06132, 0.14970146009400512], "ANAC": [0.028333333333333335, 0.14970146009400512], "ANDS": [0.08062499999999999, 0.14970146009400512], "ANIP": [0.17352500000000004, 0.14970146009400512], "ANTH": [0.1662275862068965, 0.14970146009400512], "AQXP": [0.10615000000000001, 0.14970146009400512], "ARIA": [0.03953529411764707, 0.14970146009400512], "ARLZ": [0.0, 0.14970146009400512], "ARNA": [0.12279000000000002, 0.14970146009400512], "ARQL": [0.0, 0.14970146009400512], "ARRY": [-0.35905833333333326, 0.14970146009400512], "ARWR": [0.18738, 0.14970146009400512], "ASPX": [0.1259, 0.14970146009400512], "AST": [0.13906777777777776, 0.14970146009400512], "ASTX": [0.34, 0.14970146009400512], "ATRA": [0.025739130434782608, 0.14970146009400512], "AVEO": [0.0, 0.14970146009400512], "AVNR": [0.34, 0.14970146009400512], "AVXS": [-0.03587234042553191, 0.14970146009400512], "BCRX": [0.3506, 0.14970146009400512], "BGNE": [0.0, 0.14970146009400512], "BIIB": [0.26207894736842097, 0.14970146009400512], "BIOD": [0.0, 0.14970146009400512], "BIOV": [0.0, 0.14970146009400512], "BLCM": [0.33699166666666663, 0.14970146009400512], "BLUE": [0.012888034188034197, 0.14970146009400512], "BMRN": [0.264915625, 0.14970146009400512], "BOLD": [0.01793846153846154, 0.14970146009400512], "BPMC": [0.0, 0.14970146009400512], "CALP": [-0.044955555555555554, 0.14970146009400512], "CARA": [0.26892, 0.14970146009400512], "CASC": [0.0, 0.14970146009400512], "CBPO": [0.0, 0.14970146009400512], "CCXI": [0.68, 0.14970146009400512], "CELG": [0.21148482142857147, 0.14970146009400512], "CEMP": [0.07235217391304348, 0.14970146009400512], "CEPH": [0.0, 0.14970146009400512], "CERS": [0.14052000000000003, 0.14970146009400512], "CGEN": [0.34, 0.14970146009400512], "CHMA": [0.0, 0.14970146009400512], "CHRS": [0.10626666666666666, 0.14970146009400512], "CLCD": [0.020854545454545455, 0.14970146009400512], "CLDN": [0.0, 0.14970146009400512], "CLDX": [-0.14035, 0.14970146009400512], "CLSD": [0.0, 0.14970146009400512], "CLVS": [0.2555615384615385, 0.14970146009400512], "CMRX": [0.22296, 0.14970146009400512], "CNCE": [0.4096, 0.14970146009400512], "COLL": [0.16463333333333333, 0.14970146009400512], "CRA": [0.0015999999999999866, 0.14970146009400512], "CRIS": [0.20416666666666664, 0.14970146009400512], "CRME": [0.3392, 0.14970146009400512], "CTIC": [0.23621666666666666, 0.14970146009400512], "CTRX": [0.34, 0.14970146009400512], "CXRX": [0.1389625, 0.14970146009400512], "CYTK": [0.011481481481481481, 0.14970146009400512], "CYTX": [0.22666666666666668, 0.14970146009400512], "DEPO": [0.06525, 0.14970146009400512], "DERM": [0.17645, 0.14970146009400512], "DIGE": [0.0, 0.14970146009400512], "DNAI": [0.1902185185185185, 0.14970146009400512], "DNDN": [0.34, 0.14970146009400512], "DRNA": [0.1799666666666667, 0.14970146009400512], "DRRX": [0.11333333333333334, 0.14970146009400512], "DSCO": [0.34, 0.14970146009400512], "DVAX": [0.2648714285714286, 0.14970146009400512], "EDIT": [-0.010451219512195133, 0.14970146009400512], "EGLT": [0.0262695652173913, 0.14970146009400512], "EGRX": [0.44750476190476185, 0.14970146009400512], "EMIS": [0.0, 0.14970146009400512], "ENCY": [-0.0074300000000000034, 0.14970146009400512], "ENDP": [-0.0745740740740741, 0.14970146009400512], "ENTA": [0.12392682926829267, 0.14970146009400512], "ENZN": [0.0, 0.14970146009400512], "EPZM": [0.27282499999999993, 0.14970146009400512], "EXEL": [0.4335333333333334, 0.14970146009400512], "FACT": [0.09386538461538461, 0.14970146009400512], "FGEN": [0.0, 0.14970146009400512], "FLKS": [-0.029538461538461538, 0.14970146009400512], "FLML": [0.296, 0.14970146009400512], "FLXN": [-0.01531, 0.14970146009400512], "FMI": [0.2202, 0.14970146009400512], "FOMX": [0.0, 0.14970146009400512], "FPRX": [0.2850333333333333, 0.14970146009400512], "GBT": [-0.0013038461538461554, 0.14970146009400512], "GERN": [0.04857142857142858, 0.14970146009400512], "GEVA": [0.4389666666666667, 0.14970146009400512], "GHDX": [0.07973333333333334, 0.14970146009400512], "GILD": [0.08661506276150642, 0.14970146009400512], "GNVC": [0.5574, 0.14970146009400512], "GPRO": [0.08141168831168831, 0.14970146009400512], "GRFS": [-0.13571999999999998, 0.14970146009400512], "GTXI": [0.21075, 0.14970146009400512], "GWPH": [0.08326315789473683, 0.14970146009400512], "HALO": [0.18807222222222222, 0.14970146009400512], "HBIO": [0.17, 0.14970146009400512], "HZNP": [0.06516785714285714, 0.14970146009400512], "ICEL": [0.4404, 0.14970146009400512], "ICPT": [0.23576923076923073, 0.14970146009400512], "ICY": [0.0, 0.14970146009400512], "ILMN": [0.03460967741935484, 0.14970146009400512], "ILU": [-0.22768888888888889, 0.14970146009400512], "IMGN": [0.11165833333333332, 0.14970146009400512], "IMMU": [0.09597499999999999, 0.14970146009400512], "INCR": [0.27285161290322585, 0.14970146009400512], "INCY": [0.19715961538461532, 0.14970146009400512], "INFI": [-0.07689999999999998, 0.14970146009400512], "INGN": [0.0, 0.14970146009400512], "INO": [0.11611749999999998, 0.14970146009400512], "INSM": [0.34, 0.14970146009400512], "INSY": [0.19995217391304346, 0.14970146009400512], "INVA": [0.37020909090909093, 0.14970146009400512], "IONS": [0.22561585365853656, 0.14970146009400512], "IPXL": [0.1488888888888889, 0.14970146009400512], "IRWD": [0.32535000000000003, 0.14970146009400512], "ISIS": [0.24318333333333333, 0.14970146009400512], "ISPH": [0.0, 0.14970146009400512], "ISTA": [0.016742105263157874, 0.14970146009400512], "ITCI": [0.0, 0.14970146009400512], "ITEK": [0.12056666666666667, 0.14970146009400512], "ITMN": [0.34, 0.14970146009400512], "JAZZ": [0.19274285714285716, 0.14970146009400512], "JUNO": [0.051830434782608695, 0.14970146009400512], "KERX": [0.34, 0.14970146009400512], "KITE": [0.22697049180327872, 0.14970146009400512], "KMPH": [0.2732, 0.14970146009400512], "KPTI": [0.0, 0.14970146009400512], "LBIO": [0.3034766666666667, 0.14970146009400512], "LGND": [0.296, 0.14970146009400512], "LIFE": [0.12105172413793103, 0.14970146009400512], "LMNX": [0.2433181818181818, 0.14970146009400512], "LOXO": [0.32893333333333336, 0.14970146009400512], "LXRX": [0.296, 0.14970146009400512], "MACK": [0.1984086956521739, 0.14970146009400512], "MAPP": [0.6327999999999999, 0.14970146009400512], "MCRB": [-0.5574, 0.14970146009400512], "MDCO": [0.0, 0.14970146009400512], "MDVN": [0.42275, 0.14970146009400512], "MEDI": [0.10777424242424231, 0.14970146009400512], "MGNX": [0.1993125, 0.14970146009400512], "MNK": [0.2625888888888889, 0.14970146009400512], "MNKD": [0.250978125, 0.14970146009400512], "MNOV": [0.0, 0.14970146009400512], "MNTA": [0.296, 0.14970146009400512], "MRNA": [0.0, 0.14970146009400512], "MYGN": [0.33361999999999997, 0.14970146009400512], "MYL": [0.033794736842105266, 0.14970146009400512], "NABI": [0.0, 0.14970146009400512], "NBIX": [0.064495, 0.14970146009400512], "NDRM": [0.15886666666666668, 0.14970146009400512], "NERV": [-0.0745, 0.14970146009400512], "NH": [0.08747, 0.14970146009400512],