{"AAVL": [-0.128, 0.08946428538414607], "ACAD": [0.08082461538461537, 0.08946428538414607], "ACHN": [0.25325714285714285, 0.08946428538414607], "ACOR": [0.042763636363636365, 0.08946428538414607], "ACRX": [0.19855, 0.08946428538414607], "ADHD": [0.39908947368421055, 0.08946428538414607], "ADMS": [0.0, 0.08946428538414607], "ADRO": [0.0, 0.08946428538414607], "ADVM": [-0.042666666666666665, 0.08946428538414607], "AEGR": [-0.3062, 0.08946428538414607], "AERI": [0.06697333333333333, 0.08946428538414607], "AFFX": [0.0, 0.08946428538414607], "AFFY": [0.0, 0.08946428538414607], "AFMD": [0.08014285714285714, 0.08946428538414607], "AGEN": [0.0, 0.08946428538414607], "AGTC": [0.26913333333333334, 0.08946428538414607], "AIMT": [0.07294285714285716, 0.08946428538414607], "AKBA": [0.0, 0.08946428538414607], "AKRX": [0.403175, 0.08946428538414607], "ALDR": [0.11117272727272726, 0.08946428538414607], "ALIM": [0.0, 0.08946428538414607], "ALKS": [0.12424999999999997, 0.08946428538414607], "ALNY": [0.054960344827586216, 0.08946428538414607], "ALTH": [0.05324117647058823, 0.08946428538414607], "ALXA": [0.4767, 0.08946428538414607], "ALXN": [0.03182, 0.08946428538414607], "AMAG": [-0.22616, 0.08946428538414607], "AMGN": [0.1930744186046512, 0.08946428538414607], "AMPH": [0.2263, 0.08946428538414607], "AMRI": [0.0, 0.08946428538414607], "AMRN": [0.06877777777777777, 0.08946428538414607], "ANAC": [-0.22388888888888892, 0.08946428538414607], "ANDS": [-0.020472727272727264, 0.08946428538414607], "ANIP": [0.42595, 0.08946428538414607], "ANTH": [-0.007702941176470579, 0.08946428538414607], "AQXP": [0.11975714285714287, 0.08946428538414607], "ARDX": [0.04019, 0.08946428538414607], "ARIA": [-0.09423269230769231, 0.08946428538414607], "ARLZ": [0.0, 0.08946428538414607], "ARNA": [0.26600769230769233, 0.08946428538414607], "ARQL": [0.10115, 0.08946428538414607], "ARRY": [0.2955838709677419, 0.08946428538414607], "ARWR": [0.027391999999999993, 0.08946428538414607], "ASPX": [-0.1921, 0.08946428538414607], "AST": [0.06408198757763978, 0.08946428538414607], "ATRA": [0.24486666666666665, 0.08946428538414607], "AUXL": [0.0, 0.08946428538414607], "AVXS": [-0.1512869565217391, 0.08946428538414607], "BGNE": [0.10212000000000002, 0.08946428538414607], "BIIB": [0.06159807692307694, 0.08946428538414607], "BIOD": [0.18207, 0.08946428538414607], "BLCM": [0.0, 0.08946428538414607], "BLUE": [0.11223999999999999, 0.08946428538414607], "BMRN": [0.33171612903225817, 0.08946428538414607], "BOLD": [0.0, 0.08946428538414607], "BPMC": [0.296, 0.08946428538414607], "CALP": [-0.2732, 0.08946428538414607], "CARA": [0.09979583333333335, 0.08946428538414607], "CASC": [-0.017066666666666667, 0.08946428538414607], "CBPO": [0.07913333333333333, 0.08946428538414607], "CCXI": [-0.18076666666666666, 0.08946428538414607], "CELG": [0.2032926470588235, 0.08946428538414607], "CEMP": [0.12124117647058824, 0.08946428538414607], "CEPH": [0.0, 0.08946428538414607], "CERS": [0.0, 0.08946428538414607], "CHMA": [0.016274999999999998, 0.08946428538414607], "CHRS": [0.208725, 0.08946428538414607], "CLCD": [0.09866666666666667, 0.08946428538414607], "CLDN": [0.35761666666666664, 0.08946428538414607], "CLDX": [0.10375, 0.08946428538414607], "CLSD": [0.253075, 0.08946428538414607], "CLVS": [0.0635923076923077, 0.08946428538414607], "CMRX": [0.0, 0.08946428538414607], "CNCE": [0.08774285714285714, 0.08946428538414607], "COLL": [0.005745454545454528, 0.08946428538414607], "CRA": [-0.2801272727272728, 0.08946428538414607], "CRIS": [0.011066666666666673, 0.08946428538414607], "CTIC": [0.0, 0.08946428538414607], "CTRX": [0.4404, 0.08946428538414607], "CXRX": [0.0347, 0.08946428538414607], "CYTK": [-0.2732, 0.08946428538414607], "DEPO": [0.12219999999999999, 0.08946428538414607], "DERM": [0.034050000000000004, 0.08946428538414607], "DIGE": [0.1512, 0.08946428538414607], "DNAI": [0.061725, 0.08946428538414607], "DRNA": [0.10798, 0.08946428538414607], "DRRX": [0.0, 0.08946428538414607], "DVAX": [0.15554615384615383, 0.08946428538414607], "DYAX": [0.0, 0.08946428538414607], "ECYT": [0.2276, 0.08946428538414607], "EDIT": [0.09614137931034483, 0.08946428538414607], "EGLT": [0.0, 0.08946428538414607], "EGRX": [0.18175, 0.08946428538414607], "ENCY": [-0.09866666666666667, 0.08946428538414607], "ENDP": [0.11672571428571428, 0.08946428538414607], "ENTA": [0.05091864406779661, 0.08946428538414607], "ENZN": [0.0, 0.08946428538414607], "EPZM": [0.40848000000000007, 0.08946428538414607], "ESPR": [-0.13950909090909092, 0.08946428538414607], "EXEL": [0.031728, 0.08946428538414607], "FACT": [0.2033666666666667, 0.08946428538414607], "FGEN": [0.23624545454545445, 0.08946428538414607], "FLKS": [0.08635, 0.08946428538414607], "FLML": [0.0, 0.08946428538414607], "FLXN": [0.11513333333333332, 0.08946428538414607], "FMI": [0.23802500000000004, 0.08946428538414607], "FOLD": [0.4037, 0.08946428538414607], "FOMX": [0.14055714285714285, 0.08946428538414607], "FPRX": [0.1101, 0.08946428538414607], "GBT": [-0.04857777777777777, 0.08946428538414607], "GENZ": [0.0, 0.08946428538414607], "GERN": [0.3342058823529412, 0.08946428538414607], "GEVA": [0.21230000000000002, 0.08946428538414607], "GHDX": [0.23363333333333336, 0.08946428538414607], "GILD": [0.029820103092783514, 0.08946428538414607], "GNVC": [0.0526875, 0.08946428538414607], "GPRO": [0.18589649122807014, 0.08946428538414607], "GRFS": [-0.09106666666666667, 0.08946428538414607], "GWPH": [0.24996000000000002, 0.08946428538414607], "HALO": [0.2265038461538462, 0.08946428538414607], "HBIO": [0.0, 0.08946428538414607], "HGSI": [0.3444, 0.08946428538414607], "HZNP": [0.10099042553191485, 0.08946428538414607], "ICEL": [0.7783, 0.08946428538414607], "ICPT": [0.10444, 0.08946428538414607], "ICY": [0.20132499999999998, 0.08946428538414607], "ILMN": [-0.005203827751196171, 0.08946428538414607], "ILU": [-0.13434285714285715, 0.08946428538414607], "IMGN": [-0.2732, 0.08946428538414607], "IMMU": [0.051829729729729726, 0.08946428538414607], "INCR": [0.152076, 0.08946428538414607], "INCY": [0.12991136363636369, 0.08946428538414607], "INFI": [0.296, 0.08946428538414607], "INO": [0.08314545454545455, 0.08946428538414607], "INSY": [0.140225, 0.08946428538414607], "IONS": [0.17631500000000003, 0.08946428538414607], "IPXL": [-0.0683, 0.08946428538414607], "IRWD": [0.061618181818181815, 0.08946428538414607], "ISIS": [0.3073, 0.08946428538414607], "ISPH": [0.6369, 0.08946428538414607], "ISTA": [-0.05915199999999999, 0.08946428538414607], "ITCI": [0.09621111111111114, 0.08946428538414607], "JAZZ": [-0.055042857142857136, 0.08946428538414607], "JUNO": [0.1316, 0.08946428538414607], "KERX": [0.19756, 0.08946428538414607], "KITE": [-0.12197142857142859, 0.08946428538414607], "KMPH": [0.07943720930232559, 0.08946428538414607], "KPTI": [0.10696111111111109, 0.08946428538414607], "KYTH": [0.0, 0.08946428538414607], "LBIO": [0.20341750000000003, 0.08946428538414607], "LGND": [0.12355, 0.08946428538414607], "LIFE": [0.18778666666666669, 0.08946428538414607], "LMNX": [0.15265, 0.08946428538414607], "LOXO": [0.0, 0.08946428538414607], "LXRX": [0.0, 0.08946428538414607], "MACK": [0.1882826446280992, 0.08946428538414607], "MAPP": [0.24044999999999997, 0.08946428538414607], "MCRB": [0.296, 0.08946428538414607], "MDCO": [0.074, 0.08946428538414607], "MDVN": [-0.06627999999999998, 0.08946428538414607], "MEDI": [-0.002597916666666667, 0.08946428538414607], "MNK": [0.074634375, 0.08946428538414607], "MNKD": [0.23985714285714285, 0.08946428538414607], "MNOV": [0.16666666666666666, 0.08946428538414607], "MNTA": [-0.02764545454545456, 0.08946428538414607], "MRNA": [0.0, 0.08946428538414607], "MYGN": [-0.0742967741935484, 0.08946428538414607], "MYL": [0.15462348993288588, 0.08946428538414607], "NABI": [0.24988000000000002, 0.08946428538414607], "NBIX": [0.11798333333333334, 0.08946428538414607], "NDRM": [0.18783333333333332, 0.08946428538414607], "NERV": [0.0, 0.08946428538414607], "NH": [0.021111428571428576, 0.08946428538414607],