{"AAVL": [0.2462, 0.11789438328186881], "ACAD": [0.07614814814814815, 0.11789438328186881], "ACHN": [0.33016666666666666, 0.11789438328186881], "ACOR": [0.061083333333333344, 0.11789438328186881], "ACRX": [0.12138, 0.11789438328186881], "ADHD": [0.11619090909090911, 0.11789438328186881], "ADMS": [0.0, 0.11789438328186881], "ADRO": [0.21423333333333336, 0.11789438328186881], "ADVM": [0.0, 0.11789438328186881], "AEGR": [0.06743333333333333, 0.11789438328186881], "AERI": [0.16621818181818182, 0.11789438328186881], "AFFX": [0.2023, 0.11789438328186881], "AFFY": [0.2023, 0.11789438328186881], "AFMD": [0.02308, 0.11789438328186881], "AGEN": [0.06185882352941177, 0.11789438328186881], "AGIO": [0.10711250000000001, 0.11789438328186881], "AKBA": [0.3600727272727272, 0.11789438328186881], "AKRX": [0.1993625, 0.11789438328186881], "ALDR": [0.03915999999999999, 0.11789438328186881], "ALIM": [0.10968181818181817, 0.11789438328186881], "ALKS": [0.5195, 0.11789438328186881], "ALNY": [0.09292500000000001, 0.11789438328186881], "ALTH": [0.040799, 0.11789438328186881], "ALXA": [0.06743333333333333, 0.11789438328186881], "ALXN": [0.1359217391304348, 0.11789438328186881], "AMAG": [0.06826842105263158, 0.11789438328186881], "AMGN": [-0.03175142857142857, 0.11789438328186881], "AMPH": [0.0, 0.11789438328186881], "AMRI": [0.371375, 0.11789438328186881], "AMRN": [0.05946190476190475, 0.11789438328186881], "ANAC": [0.2023, 0.11789438328186881], "ANDS": [0.23956666666666662, 0.11789438328186881], "ANIP": [0.21423333333333336, 0.11789438328186881], "ANTH": [0.03366363636363636, 0.11789438328186881], "AQXP": [0.2023, 0.11789438328186881], "ARDX": [0.013333333333333327, 0.11789438328186881], "ARIA": [0.08636949152542374, 0.11789438328186881], "ARLZ": [0.273, 0.11789438328186881], "ARNA": [0.08522307692307693, 0.11789438328186881], "ARQL": [0.12362777777777777, 0.11789438328186881], "ARRY": [0.14526975308641976, 0.11789438328186881], "ARWR": [0.20184838709677422, 0.11789438328186881], "ASPX": [0.05965652173913044, 0.11789438328186881], "AST": [0.11420236686390531, 0.11789438328186881], "ASTX": [0.2023, 0.11789438328186881], "AUXL": [0.2023, 0.11789438328186881], "AVDL": [0.0, 0.11789438328186881], "AVEO": [0.2023, 0.11789438328186881], "AVNR": [0.2023, 0.11789438328186881], "AVXS": [-0.0256, 0.11789438328186881], "BCRX": [-0.005557894736842108, 0.11789438328186881], "BGNE": [-0.148, 0.11789438328186881], "BIIB": [-0.2007529411764705, 0.11789438328186881], "BIOD": [0.0, 0.11789438328186881], "BIOV": [0.0, 0.11789438328186881], "BLCM": [0.22623076923076918, 0.11789438328186881], "BLUE": [0.09611710526315788, 0.11789438328186881], "BMRN": [0.014101960784313718, 0.11789438328186881], "BMTI": [0.0, 0.11789438328186881], "BOLD": [0.0, 0.11789438328186881], "BPAX": [0.0, 0.11789438328186881], "BPMC": [0.06333030303030303, 0.11789438328186881], "BSTE": [0.3612, 0.11789438328186881], "CALP": [-0.10846, 0.11789438328186881], "CARA": [0.05701785714285714, 0.11789438328186881], "CASC": [-0.25644999999999996, 0.11789438328186881], "CBPO": [0.19804285714285713, 0.11789438328186881], "CCXI": [0.2709, 0.11789438328186881], "CELG": [-0.07360485436893205, 0.11789438328186881], "CEMP": [0.08484666666666667, 0.11789438328186881], "CERS": [0.0002700000000000036, 0.11789438328186881], "CGEN": [0.2023, 0.11789438328186881], "CHMA": [0.0, 0.11789438328186881], "CHRS": [0.64555, 0.11789438328186881], "CLCD": [-0.2732, 0.11789438328186881], "CLDN": [0.6249, 0.11789438328186881], "CLDX": [0.5271, 0.11789438328186881], "CLSD": [0.03715, 0.11789438328186881], "CLVS": [0.1261865079365079, 0.11789438328186881], "CMRX": [0.10115, 0.11789438328186881], "CNCE": [0.33786, 0.11789438328186881], "COLL": [0.205075, 0.11789438328186881], "COLY": [0.4215, 0.11789438328186881], "CRA": [-0.1378285714285714, 0.11789438328186881], "CRIS": [-0.22095000000000004, 0.11789438328186881], "CSKI": [0.2023, 0.11789438328186881], "CTIC": [0.19166666666666665, 0.11789438328186881], "CTRX": [0.2023, 0.11789438328186881], "CXRX": [0.08150000000000002, 0.11789438328186881], "CYTK": [0.2537, 0.11789438328186881], "CYTX": [0.2023, 0.11789438328186881], "DBVT": [0.2023, 0.11789438328186881], "DEPO": [0.09041, 0.11789438328186881], "DERM": [0.22649333333333335, 0.11789438328186881], "DIGE": [0.05574, 0.11789438328186881], "DNAI": [0.12712500000000002, 0.11789438328186881], "DRNA": [0.033440000000000004, 0.11789438328186881], "DRRX": [0.050575, 0.11789438328186881], "DVAX": [0.10805, 0.11789438328186881], "DYAX": [0.2023, 0.11789438328186881], "ECYT": [0.10115, 0.11789438328186881], "EDIT": [0.1053388888888889, 0.11789438328186881], "EGLT": [0.08741176470588236, 0.11789438328186881], "EGRX": [0.13168, 0.11789438328186881], "EMIS": [0.40835, 0.11789438328186881], "ENCY": [0.058300000000000005, 0.11789438328186881], "ENDP": [-0.03190714285714286, 0.11789438328186881], "ENTA": [0.14376785714285714, 0.11789438328186881], "ENZN": [0.2023, 0.11789438328186881], "EPIX": [0.2023, 0.11789438328186881], "EPZM": [0.4078333333333333, 0.11789438328186881], "ESPR": [0.050575, 0.11789438328186881], "EXEL": [0.06565000000000001, 0.11789438328186881], "FACT": [0.002344444444444439, 0.11789438328186881], "FGEN": [0.060566, 0.11789438328186881], "FLKS": [0.18171428571428572, 0.11789438328186881], "FLML": [0.22371111111111108, 0.11789438328186881], "FLXN": [0.148, 0.11789438328186881], "FMI": [0.03833076923076923, 0.11789438328186881], "FOLD": [0.13987796610169492, 0.11789438328186881], "FPRX": [-0.02363333333333333, 0.11789438328186881], "GBT": [0.0, 0.11789438328186881], "GERN": [0.10115, 0.11789438328186881], "GEVA": [0.159225, 0.11789438328186881], "GHDX": [0.09966, 0.11789438328186881], "GILD": [0.016847305389221554, 0.11789438328186881], "GNTA": [0.296, 0.11789438328186881], "GNVC": [0.26305454545454543, 0.11789438328186881], "GPRO": [0.10422439024390244, 0.11789438328186881], "GRFS": [0.0, 0.11789438328186881], "GTXI": [0.3692285714285714, 0.11789438328186881], "GWPH": [0.02772694610778444, 0.11789438328186881], "HALO": [0.046758333333333346, 0.11789438328186881], "HZNP": [0.34345, 0.11789438328186881], "ICEL": [0.44904, 0.11789438328186881], "ICPT": [0.020562499999999994, 0.11789438328186881], "ICY": [-0.38585, 0.11789438328186881], "IDIX": [0.2023, 0.11789438328186881], "ILMN": [0.21250930232558143, 0.11789438328186881], "ILU": [-0.2955285714285714, 0.11789438328186881], "IMDZ": [0.0, 0.11789438328186881], "IMGN": [0.09923333333333331, 0.11789438328186881], "IMMU": [0.14316521739130436, 0.11789438328186881], "INCR": [0.23517878787878793, 0.11789438328186881], "INCY": [0.023239024390243904, 0.11789438328186881], "INFI": [0.2190363636363636, 0.11789438328186881], "INGN": [0.0, 0.11789438328186881], "INHX": [0.2023, 0.11789438328186881], "INO": [0.10280312500000002, 0.11789438328186881], "INSM": [0.21038125, 0.11789438328186881], "INSY": [0.33263333333333334, 0.11789438328186881], "INVA": [0.12138, 0.11789438328186881], "IONS": [0.07315508474576277, 0.11789438328186881], "IPXL": [-0.0266290322580645, 0.11789438328186881], "IRWD": [0.14627, 0.11789438328186881], "ISIS": [-0.72265, 0.11789438328186881], "ISPH": [0.0777, 0.11789438328186881], "ISTA": [-0.023529411764705865, 0.11789438328186881], "ITCI": [0.0, 0.11789438328186881], "ITEK": [0.056400000000000006, 0.11789438328186881], "ITMN": [0.2023, 0.11789438328186881], "JAZZ": [-0.03951875, 0.11789438328186881], "JUNO": [0.29311470588235294, 0.11789438328186881], "KERX": [0.18076666666666666, 0.11789438328186881], "KITE": [0.04642820512820513, 0.11789438328186881], "KPTI": [0.1724, 0.11789438328186881], "LBIO": [0.1561935483870968, 0.11789438328186881], "LGND": [0.0616, 0.11789438328186881], "LIFE": [0.12101176470588235, 0.11789438328186881], "LMNX": [0.10327499999999998, 0.11789438328186881], "LOXO": [0.017304, 0.11789438328186881], "LXRX": [0.16132, 0.11789438328186881], "MACK": [0.09193666666666664, 0.11789438328186881], "MAPP": [0.2406857142857143, 0.11789438328186881],