{"AAVL": [0.08713333333333334, 0.09795527021993719], "ACAD": [0.21476410256410255, 0.09795527021993719], "ACHN": [0.15719600000000003, 0.09795527021993719], "ACOR": [-0.03415, 0.09795527021993719], "ACRX": [0.0, 0.09795527021993719], "ADHD": [0.042962499999999994, 0.09795527021993719], "ADMS": [-0.2011, 0.09795527021993719], "ADRO": [0.05106000000000001, 0.09795527021993719], "AEGR": [0.04740289855072461, 0.09795527021993719], "AERI": [0.04873333333333333, 0.09795527021993719], "AFFX": [0.0863875, 0.09795527021993719], "AFFY": [0.09205, 0.09795527021993719], "AFMD": [0.0792047619047619, 0.09795527021993719], "AGEN": [0.087088, 0.09795527021993719], "AGIO": [0.2664714285714286, 0.09795527021993719], "AGIX": [0.2023, 0.09795527021993719], "AGTC": [0.06577777777777777, 0.09795527021993719], "AIMT": [0.2553, 0.09795527021993719], "AKBA": [0.38325, 0.09795527021993719], "AKRX": [0.12679999999999997, 0.09795527021993719], "ALDR": [-0.04835, 0.09795527021993719], "ALIM": [0.0, 0.09795527021993719], "ALKS": [0.1214, 0.09795527021993719], "ALNY": [-0.009875862068965516, 0.09795527021993719], "ALTH": [0.09860444444444444, 0.09795527021993719], "ALXA": [0.04514285714285714, 0.09795527021993719], "ALXN": [0.20962857142857144, 0.09795527021993719], "AMAG": [0.0, 0.09795527021993719], "AMGN": [0.12874583333333328, 0.09795527021993719], "AMPH": [0.06317999999999999, 0.09795527021993719], "AMRI": [0.18409999999999999, 0.09795527021993719], "AMRN": [0.11255833333333333, 0.09795527021993719], "ANAC": [-0.04838, 0.09795527021993719], "ANDS": [0.054512500000000005, 0.09795527021993719], "ANIP": [0.19162173913043476, 0.09795527021993719], "ANTH": [0.05955384615384615, 0.09795527021993719], "AQXP": [0.07224, 0.09795527021993719], "ARDX": [0.0, 0.09795527021993719], "ARIA": [0.09959756097560973, 0.09795527021993719], "ARNA": [0.13527083333333334, 0.09795527021993719], "ARQL": [0.0, 0.09795527021993719], "ARRY": [0.17003157894736842, 0.09795527021993719], "ARWR": [-0.024653846153846158, 0.09795527021993719], "ASPX": [0.015854285714285703, 0.09795527021993719], "AST": [0.12222357723577235, 0.09795527021993719], "ATRA": [-0.015816666666666666, 0.09795527021993719], "AUXL": [0.296, 0.09795527021993719], "AVXS": [0.0, 0.09795527021993719], "BCRX": [0.055700000000000006, 0.09795527021993719], "BGNE": [0.0, 0.09795527021993719], "BIIB": [0.25581, 0.09795527021993719], "BIOD": [0.034210344827586205, 0.09795527021993719], "BLCM": [0.06853333333333333, 0.09795527021993719], "BLUE": [0.15455, 0.09795527021993719], "BMRN": [0.10890638297872343, 0.09795527021993719], "BMTI": [0.0, 0.09795527021993719], "BPMC": [0.17357999999999998, 0.09795527021993719], "CALP": [0.2202, 0.09795527021993719], "CARA": [0.09701666666666668, 0.09795527021993719], "CBPO": [0.34040000000000004, 0.09795527021993719], "CCXI": [0.17020000000000002, 0.09795527021993719], "CELG": [0.21901964285714284, 0.09795527021993719], "CEMP": [0.19495833333333334, 0.09795527021993719], "CEPH": [-0.28595, 0.09795527021993719], "CERS": [-0.050699999999999995, 0.09795527021993719], "CGEN": [-0.03642666666666667, 0.09795527021993719], "CHRS": [0.0, 0.09795527021993719], "CLDN": [0.1734166666666667, 0.09795527021993719], "CLDX": [0.11289333333333333, 0.09795527021993719], "CLVS": [0.16932307692307694, 0.09795527021993719], "CMRX": [0.11115588235294116, 0.09795527021993719], "CNCE": [0.0, 0.09795527021993719], "CNCT": [0.0, 0.09795527021993719], "COLL": [0.0188235294117647, 0.09795527021993719], "CRA": [-0.10325909090909091, 0.09795527021993719], "CRME": [-0.06743333333333333, 0.09795527021993719], "CTIC": [0.18917812499999997, 0.09795527021993719], "CTRX": [0.4404, 0.09795527021993719], "CXRX": [0.0, 0.09795527021993719], "CYTK": [-0.06414705882352942, 0.09795527021993719], "CYTX": [0.37884999999999996, 0.09795527021993719], "DBVT": [0.0, 0.09795527021993719], "DEPO": [0.23832307692307697, 0.09795527021993719], "DERM": [0.04727142857142859, 0.09795527021993719], "DIGE": [0.0, 0.09795527021993719], "DNAI": [0.0, 0.09795527021993719], "DRNA": [0.5399, 0.09795527021993719], "DRRX": [-0.6486, 0.09795527021993719], "DSCO": [0.0, 0.09795527021993719], "DVAX": [0.23112999999999995, 0.09795527021993719], "DYAX": [0.13588, 0.09795527021993719], "ECYT": [0.0903, 0.09795527021993719], "EDIT": [0.3230615384615385, 0.09795527021993719], "EGRX": [0.0, 0.09795527021993719], "EMIS": [0.33552, 0.09795527021993719], "ENCY": [0.6705, 0.09795527021993719], "ENDP": [0.05260000000000001, 0.09795527021993719], "ENTA": [0.11463157894736847, 0.09795527021993719], "ENZN": [0.19063333333333332, 0.09795527021993719], "EPZM": [0.156225, 0.09795527021993719], "ESPR": [0.02205714285714286, 0.09795527021993719], "EXEL": [0.06718571428571429, 0.09795527021993719], "FACT": [-0.1431, 0.09795527021993719], "FGEN": [0.1928318181818182, 0.09795527021993719], "FLKS": [-0.05904761904761906, 0.09795527021993719], "FLML": [0.0, 0.09795527021993719], "FLXN": [-0.038103174603174604, 0.09795527021993719], "FMI": [0.2202, 0.09795527021993719], "FOLD": [0.05206363636363636, 0.09795527021993719], "FOMX": [0.0, 0.09795527021993719], "FPRX": [0.0, 0.09795527021993719], "GBT": [0.029928571428571436, 0.09795527021993719], "GERN": [0.2698583333333333, 0.09795527021993719], "GEVA": [0.31845, 0.09795527021993719], "GHDX": [-0.010666666666666666, 0.09795527021993719], "GILD": [0.13707687296416945, 0.09795527021993719], "GNVC": [-0.048, 0.09795527021993719], "GPRO": [0.030770078740157473, 0.09795527021993719], "GRFS": [0.3818, 0.09795527021993719], "GTXI": [0.08399999999999999, 0.09795527021993719], "GWPH": [0.0, 0.09795527021993719], "HALO": [0.03272758620689655, 0.09795527021993719], "HBIO": [0.142675, 0.09795527021993719], "HZNP": [0.14226470588235293, 0.09795527021993719], "ICPT": [0.11079473684210518, 0.09795527021993719], "ICY": [0.21230000000000002, 0.09795527021993719], "ILMN": [0.1404576923076923, 0.09795527021993719], "ILU": [-0.6160666666666667, 0.09795527021993719], "IMDZ": [0.148, 0.09795527021993719], "IMGN": [0.06394999999999998, 0.09795527021993719], "IMMU": [0.04742857142857142, 0.09795527021993719], "INCR": [0.33151111111111087, 0.09795527021993719], "INCY": [0.08079285714285714, 0.09795527021993719], "INFI": [0.11187, 0.09795527021993719], "INGN": [0.30998000000000003, 0.09795527021993719], "INO": [0.0658925, 0.09795527021993719], "INSM": [0.0, 0.09795527021993719], "INSY": [-0.023446666666666664, 0.09795527021993719], "INVA": [0.05632352941176471, 0.09795527021993719], "IONS": [0.09518030303030302, 0.09795527021993719], "IPXL": [0.0, 0.09795527021993719], "IRWD": [0.0, 0.09795527021993719], "ISIS": [0.27592, 0.09795527021993719], "ISPH": [0.4939, 0.09795527021993719], "ISTA": [0.42008333333333336, 0.09795527021993719], "ITCI": [0.0903, 0.09795527021993719], "ITEK": [0.13144, 0.09795527021993719], "JAZZ": [0.32815, 0.09795527021993719], "JUNO": [0.16962499999999997, 0.09795527021993719], "KERX": [0.21803749999999997, 0.09795527021993719], "KITE": [-0.026774999999999993, 0.09795527021993719], "KMPH": [0.0, 0.09795527021993719], "KPTI": [0.05464, 0.09795527021993719], "KYTH": [0.6588, 0.09795527021993719], "LBIO": [0.2621363636363635, 0.09795527021993719], "LGND": [0.0, 0.09795527021993719], "LIFE": [0.17206315789473686, 0.09795527021993719], "LMNX": [-0.07036363636363636, 0.09795527021993719], "LOXO": [0.148, 0.09795527021993719], "LXRX": [0.0, 0.09795527021993719], "MACK": [0.3086147058823529, 0.09795527021993719], "MCRB": [0.2202, 0.09795527021993719], "MDCO": [0.0, 0.09795527021993719], "MDVN": [0.4106666666666667, 0.09795527021993719], "MEDI": [0.07071487341772147, 0.09795527021993719], "MGNX": [0.08962222222222221, 0.09795527021993719], "MNK": [0.020651724137931034, 0.09795527021993719], "MNKD": [-0.0010147058823529397, 0.09795527021993719], "MNTA": [-0.0910857142857143, 0.09795527021993719], "MYGN": [-0.034133333333333335, 0.09795527021993719], "MYL": [-0.004073846153846144, 0.09795527021993719], "NABI": [0.5106, 0.09795527021993719],