{"AAVL": [0.16188333333333335, 0.10504424207725227], "ACAD": [0.07845217391304347, 0.10504424207725227], "ACHN": [0.0, 0.10504424207725227], "ACOR": [0.010021052631578948, 0.10504424207725227], "ACRX": [-0.017096153846153848, 0.10504424207725227], "ADHD": [0.19061111111111112, 0.10504424207725227], "ADMS": [0.04939999999999999, 0.10504424207725227], "ADRO": [0.0, 0.10504424207725227], "ADVM": [0.4404, 0.10504424207725227], "AEGR": [0.09753333333333333, 0.10504424207725227], "AERI": [0.259175, 0.10504424207725227], "AFFX": [0.15147, 0.10504424207725227], "AFFY": [0.21945, 0.10504424207725227], "AFMD": [0.04515, 0.10504424207725227], "AGEN": [-0.061985714285714276, 0.10504424207725227], "AGIO": [0.12737999999999997, 0.10504424207725227], "AGTC": [-0.17545, 0.10504424207725227], "AIMT": [0.18436, 0.10504424207725227], "AKBA": [0.04039375, 0.10504424207725227], "AKRX": [0.37343333333333334, 0.10504424207725227], "ALDR": [0.14585454545454543, 0.10504424207725227], "ALIM": [0.06717777777777778, 0.10504424207725227], "ALKS": [0.28316470588235293, 0.10504424207725227], "ALNY": [0.19461, 0.10504424207725227], "ALTH": [0.04668135593220339, 0.10504424207725227], "ALTU": [0.2926, 0.10504424207725227], "ALXN": [0.0462, 0.10504424207725227], "AMAG": [0.1717857142857143, 0.10504424207725227], "AMGN": [0.05467486910994759, 0.10504424207725227], "AMRI": [0.063825, 0.10504424207725227], "AMRN": [0.1310529411764706, 0.10504424207725227], "ANAC": [0.060865, 0.10504424207725227], "ANDS": [-0.08524000000000001, 0.10504424207725227], "ANIP": [0.032030769230769224, 0.10504424207725227], "ANPI": [-0.1591, 0.10504424207725227], "ANTH": [0.031404545454545456, 0.10504424207725227], "AQXP": [0.06630847457627119, 0.10504424207725227], "ARDX": [0.02176842105263158, 0.10504424207725227], "ARIA": [0.03736517857142857, 0.10504424207725227], "ARNA": [0.09785, 0.10504424207725227], "ARQL": [0.1564375, 0.10504424207725227], "ARRY": [0.31283846153846157, 0.10504424207725227], "ARWR": [0.11788253968253967, 0.10504424207725227], "ASPX": [-0.001133333333333332, 0.10504424207725227], "AST": [0.18994864864864827, 0.10504424207725227], "ASTX": [0.2926, 0.10504424207725227], "ATRA": [0.0, 0.10504424207725227], "AVEO": [0.13052666666666665, 0.10504424207725227], "AVII": [0.4588, 0.10504424207725227], "AVNR": [0.2926, 0.10504424207725227], "BCRX": [0.1254, 0.10504424207725227], "BIIB": [0.013554954954954936, 0.10504424207725227], "BIOD": [0.0, 0.10504424207725227], "BLCM": [0.1287, 0.10504424207725227], "BLUE": [0.016381159420289858, 0.10504424207725227], "BLUS": [0.0, 0.10504424207725227], "BMRN": [0.08402600000000003, 0.10504424207725227], "BPMC": [0.01627027027027027, 0.10504424207725227], "CADX": [0.0, 0.10504424207725227], "CALP": [0.4221, 0.10504424207725227], "CARA": [0.0, 0.10504424207725227], "CBPO": [0.09866666666666667, 0.10504424207725227], "CCXI": [0.1254, 0.10504424207725227], "CELG": [0.006675280898876408, 0.10504424207725227], "CEMP": [0.1607583333333333, 0.10504424207725227], "CEPH": [-0.2263, 0.10504424207725227], "CERS": [0.18001666666666669, 0.10504424207725227], "CGEN": [-0.212, 0.10504424207725227], "CHRS": [0.6642, 0.10504424207725227], "CLCD": [0.0, 0.10504424207725227], "CLDN": [0.3669444444444444, 0.10504424207725227], "CLDX": [0.23794047619047617, 0.10504424207725227], "CLVS": [0.04832197802197802, 0.10504424207725227], "CMRX": [0.2732, 0.10504424207725227], "CNCE": [0.09909868421052631, 0.10504424207725227], "COLL": [0.07884000000000001, 0.10504424207725227], "CRA": [0.04939411764705883, 0.10504424207725227], "CRIS": [-0.36755, 0.10504424207725227], "CRME": [0.27768000000000004, 0.10504424207725227], "CTIC": [0.06492209302325583, 0.10504424207725227], "CTRX": [0.19506666666666667, 0.10504424207725227], "CYTX": [0.30595999999999995, 0.10504424207725227], "DBVT": [0.5719, 0.10504424207725227], "DEPO": [0.11009480519480522, 0.10504424207725227], "DERM": [0.029599999999999994, 0.10504424207725227], "DIGE": [0.0, 0.10504424207725227], "DNAI": [0.0, 0.10504424207725227], "DRNA": [0.3386, 0.10504424207725227], "DRRX": [-0.24948571428571434, 0.10504424207725227], "DSCO": [0.7934, 0.10504424207725227], "DVAX": [0.3086272727272727, 0.10504424207725227], "DYAX": [0.2926, 0.10504424207725227], "ECYT": [0.17556, 0.10504424207725227], "EDIT": [0.24103333333333332, 0.10504424207725227], "EGRX": [0.10244935064935065, 0.10504424207725227], "ENCY": [0.5858541666666667, 0.10504424207725227], "ENDP": [0.169275, 0.10504424207725227], "ENTA": [-0.011938461538461547, 0.10504424207725227], "ENZN": [0.4215, 0.10504424207725227], "EPIX": [0.119175, 0.10504424207725227], "EPZM": [0.3534, 0.10504424207725227], "ESPR": [0.16106296296296296, 0.10504424207725227], "EXEL": [0.059995588235294106, 0.10504424207725227], "FACT": [-0.053581250000000025, 0.10504424207725227], "FGEN": [0.11056799999999999, 0.10504424207725227], "FLKS": [0.1442, 0.10504424207725227], "FLML": [0.296, 0.10504424207725227], "FMI": [0.09786666666666667, 0.10504424207725227], "FOLD": [0.0019310344827586166, 0.10504424207725227], "FOMX": [0.296, 0.10504424207725227], "FPRX": [0.07315, 0.10504424207725227], "GBT": [0.08076666666666667, 0.10504424207725227], "GERN": [0.10024, 0.10504424207725227], "GEVA": [0.1893375, 0.10504424207725227], "GILD": [0.02279504950495048, 0.10504424207725227], "GNVC": [0.2926, 0.10504424207725227], "GPRO": [0.05961850746268658, 0.10504424207725227], "GRFS": [0.11383999999999998, 0.10504424207725227], "GWPH": [0.1453, 0.10504424207725227], "HALO": [0.160756, 0.10504424207725227], "HZNP": [0.0732835, 0.10504424207725227], "ICEL": [0.32954999999999995, 0.10504424207725227], "ICPT": [0.03945200000000001, 0.10504424207725227], "ICY": [0.0, 0.10504424207725227], "ILMN": [0.02188571428571427, 0.10504424207725227], "IMDZ": [0.296, 0.10504424207725227], "IMGN": [0.054514285714285717, 0.10504424207725227], "IMMU": [0.19836774193548387, 0.10504424207725227], "INCR": [0.2748576923076923, 0.10504424207725227], "INCY": [0.17259333333333338, 0.10504424207725227], "INFI": [0.23063888888888887, 0.10504424207725227], "INGN": [0.0282875, 0.10504424207725227], "INO": [0.08296666666666666, 0.10504424207725227], "INSM": [-0.0925, 0.10504424207725227], "INSY": [0.1840130434782609, 0.10504424207725227], "IONS": [0.07611916666666668, 0.10504424207725227], "IPXL": [-0.023862499999999995, 0.10504424207725227], "IRWD": [-0.296, 0.10504424207725227], "ISIS": [0.16432888888888886, 0.10504424207725227], "ISTA": [0.01715833333333333, 0.10504424207725227], "ITCI": [0.08103189655172414, 0.10504424207725227], "ITEK": [0.08556617647058827, 0.10504424207725227], "JAZZ": [0.10644285714285714, 0.10504424207725227], "JUNO": [-0.00034133333333333054, 0.10504424207725227], "KERX": [0.12451764705882352, 0.10504424207725227], "KITE": [0.16177941176470587, 0.10504424207725227], "KMPH": [0.03063333333333333, 0.10504424207725227], "KPTI": [0.045157142857142854, 0.10504424207725227], "KYTH": [0.15499473684210524, 0.10504424207725227], "LBIO": [0.21719661016949152, 0.10504424207725227], "LGND": [0.19563333333333333, 0.10504424207725227], "LIFE": [0.09466949152542374, 0.10504424207725227], "LMNX": [0.17, 0.10504424207725227], "LOXO": [0.1591, 0.10504424207725227], "LXRX": [0.0, 0.10504424207725227], "MACK": [0.16455555555555554, 0.10504424207725227], "MCRB": [-0.16948888888888888, 0.10504424207725227], "MDCO": [0.03697758620689655, 0.10504424207725227], "MDVN": [0.07065, 0.10504424207725227], "MEDI": [0.2577465703971121, 0.10504424207725227], "MGNX": [0.06605000000000001, 0.10504424207725227], "MNK": [0.05998191489361706, 0.10504424207725227], "MNKD": [0.06409375000000003, 0.10504424207725227], "MNTA": [0.0, 0.10504424207725227], "MRNA": [-0.3182, 0.10504424207725227], "MTXX": [0.802, 0.10504424207725227], "MYGN": [0.12201, 0.10504424207725227], "MYL": [0.05338846153846154, 0.10504424207725227], "NABI": [0.12765, 0.10504424207725227], "NBIX": [0.07214772727272728, 0.10504424207725227], "NDRM": [0.1714857142857143, 0.10504424207725227],