{"AAVL": [0.22864, 0.07339686015658706], "ACAD": [0.0395375, 0.07339686015658706], "ACHN": [0.13507391304347824, 0.07339686015658706], "ACOR": [0.024769230769230766, 0.07339686015658706], "ACRX": [0.11825238095238097, 0.07339686015658706], "ADHD": [0.15987142857142858, 0.07339686015658706], "ADMS": [0.3612, 0.07339686015658706], "ADRO": [-0.06505, 0.07339686015658706], "ADVM": [0.17937358490566038, 0.07339686015658706], "AEGR": [0.2835833333333334, 0.07339686015658706], "AERI": [0.06969565217391305, 0.07339686015658706], "AFFX": [-0.1779, 0.07339686015658706], "AFFY": [0.3167399999999999, 0.07339686015658706], "AFMD": [0.1694, 0.07339686015658706], "AGEN": [0.04509285714285715, 0.07339686015658706], "AGIO": [0.18125625, 0.07339686015658706], "AIMT": [0.0, 0.07339686015658706], "AKBA": [0.51185, 0.07339686015658706], "AKRX": [0.22138260869565213, 0.07339686015658706], "ALDR": [-0.04624166666666666, 0.07339686015658706], "ALIM": [0.12332500000000002, 0.07339686015658706], "ALKS": [0.13570000000000002, 0.07339686015658706], "ALNY": [0.2029357142857143, 0.07339686015658706], "ALTH": [-0.0716609302325582, 0.07339686015658706], "ALXA": [-0.1779, 0.07339686015658706], "ALXN": [0.20931818181818176, 0.07339686015658706], "AMAG": [0.184975, 0.07339686015658706], "AMGN": [0.07047537313432839, 0.07339686015658706], "AMRI": [0.23209090909090913, 0.07339686015658706], "AMRN": [0.027814569536423844, 0.07339686015658706], "ANAC": [0.21128999999999998, 0.07339686015658706], "ANDS": [0.15863333333333335, 0.07339686015658706], "ANIP": [0.19792500000000005, 0.07339686015658706], "ANTH": [0.15839545454545456, 0.07339686015658706], "AQXP": [0.18337142857142857, 0.07339686015658706], "ARIA": [0.06632750000000001, 0.07339686015658706], "ARLZ": [0.4215, 0.07339686015658706], "ARNA": [0.0034857142857142864, 0.07339686015658706], "ARQL": [0.010688888888888894, 0.07339686015658706], "ARRY": [-0.01976666666666667, 0.07339686015658706], "ARWR": [-0.03723636363636364, 0.07339686015658706], "ASPX": [0.006541666666666668, 0.07339686015658706], "AST": [0.08444087591240877, 0.07339686015658706], "ASTX": [-0.1779, 0.07339686015658706], "ATRA": [0.20424000000000003, 0.07339686015658706], "AVEO": [0.015883333333333333, 0.07339686015658706], "AVII": [0.2263, 0.07339686015658706], "AVNR": [-0.1186, 0.07339686015658706], "AVXS": [0.0, 0.07339686015658706], "BCRX": [0.04055769230769231, 0.07339686015658706], "BIIB": [0.12618095238095223, 0.07339686015658706], "BIOD": [0.305325, 0.07339686015658706], "BIOV": [0.0258, 0.07339686015658706], "BLCM": [0.11266666666666666, 0.07339686015658706], "BLUE": [0.09166833333333337, 0.07339686015658706], "BMRN": [0.12408888888888889, 0.07339686015658706], "BPMC": [0.04228571428571428, 0.07339686015658706], "CALP": [0.0, 0.07339686015658706], "CARA": [0.060212499999999995, 0.07339686015658706], "CASC": [0.20424000000000003, 0.07339686015658706], "CBPO": [-0.43384, 0.07339686015658706], "CELG": [0.0440595238095238, 0.07339686015658706], "CEMP": [0.031028125000000004, 0.07339686015658706], "CEPH": [-0.0257, 0.07339686015658706], "CERS": [0.03997931034482759, 0.07339686015658706], "CGEN": [0.2330625, 0.07339686015658706], "CHMA": [0.3396857142857143, 0.07339686015658706], "CHRS": [0.037645454545454544, 0.07339686015658706], "CLCD": [0.09542, 0.07339686015658706], "CLDN": [0.5305833333333333, 0.07339686015658706], "CLDX": [0.03417, 0.07339686015658706], "CLSD": [0.0, 0.07339686015658706], "CLVS": [0.1542310344827586, 0.07339686015658706], "CMRX": [0.0252875, 0.07339686015658706], "COLL": [0.13530000000000003, 0.07339686015658706], "COLY": [0.4643333333333333, 0.07339686015658706], "CRA": [-0.08431142857142858, 0.07339686015658706], "CRIS": [0.06343793103448277, 0.07339686015658706], "CRME": [-0.011188888888888889, 0.07339686015658706], "CTIC": [0.18353999999999998, 0.07339686015658706], "CTRX": [0.13125, 0.07339686015658706], "CXRX": [0.06724374999999999, 0.07339686015658706], "CYTK": [-0.01993333333333334, 0.07339686015658706], "CYTX": [0.04462000000000001, 0.07339686015658706], "DBVT": [0.0, 0.07339686015658706], "DEPO": [0.055403225806451614, 0.07339686015658706], "DERM": [0.10306818181818182, 0.07339686015658706], "DIGE": [0.1096090909090909, 0.07339686015658706], "DNAI": [0.3421, 0.07339686015658706], "DNDN": [-0.08895, 0.07339686015658706], "DOVP": [0.0, 0.07339686015658706], "DRNA": [0.13609090909090907, 0.07339686015658706], "DRRX": [0.05106666666666667, 0.07339686015658706], "DSCO": [-0.0593, 0.07339686015658706], "DVAX": [-0.032138095238095236, 0.07339686015658706], "ECYT": [-0.07624285714285715, 0.07339686015658706], "EDIT": [0.27796052631578955, 0.07339686015658706], "EGLT": [0.27115, 0.07339686015658706], "EGRX": [0.05285000000000001, 0.07339686015658706], "ENCY": [0.43113333333333337, 0.07339686015658706], "ENDP": [0.04793026315789474, 0.07339686015658706], "ENTA": [0.19614285714285717, 0.07339686015658706], "ENZN": [0.5719, 0.07339686015658706], "EPZM": [0.20654615384615382, 0.07339686015658706], "ESPR": [0.030449999999999998, 0.07339686015658706], "EXEL": [0.10111157894736843, 0.07339686015658706], "FACT": [-0.11378888888888887, 0.07339686015658706], "FGEN": [0.07974166666666668, 0.07339686015658706], "FLKS": [-0.02018387096774193, 0.07339686015658706], "FLML": [0.0, 0.07339686015658706], "FLXN": [0.10854, 0.07339686015658706], "FMI": [0.11289999999999999, 0.07339686015658706], "FOLD": [-0.025379999999999996, 0.07339686015658706], "FOMX": [-0.1779, 0.07339686015658706], "FPRX": [0.24308333333333332, 0.07339686015658706], "FURX": [-0.1779, 0.07339686015658706], "GBT": [0.23903999999999997, 0.07339686015658706], "GERN": [0.03923333333333333, 0.07339686015658706], "GEVA": [0.11475, 0.07339686015658706], "GHDX": [0.032888888888888884, 0.07339686015658706], "GILD": [0.07428968253968257, 0.07339686015658706], "GNVC": [0.08196, 0.07339686015658706], "GPRO": [0.09061399999999999, 0.07339686015658706], "GRFS": [0.0, 0.07339686015658706], "GTXI": [-0.0593, 0.07339686015658706], "GWPH": [0.0, 0.07339686015658706], "HALO": [0.26698461538461543, 0.07339686015658706], "HBIO": [-0.09053749999999999, 0.07339686015658706], "HGSI": [0.0, 0.07339686015658706], "HPTX": [-0.1779, 0.07339686015658706], "HZNP": [0.10010909090909091, 0.07339686015658706], "ICEL": [0.412625, 0.07339686015658706], "ICPT": [-0.0089, 0.07339686015658706], "ICY": [-0.09866666666666667, 0.07339686015658706], "IDIX": [0.23364285714285718, 0.07339686015658706], "ILMN": [-0.020747826086956515, 0.07339686015658706], "ILU": [-0.6306, 0.07339686015658706], "IMGN": [0.09835882352941176, 0.07339686015658706], "IMMU": [-0.08295909090909091, 0.07339686015658706], "INCR": [0.21262340425531906, 0.07339686015658706], "INCY": [0.07793000000000001, 0.07339686015658706], "INFI": [0.27579375, 0.07339686015658706], "INO": [-0.013994230769230778, 0.07339686015658706], "INSM": [-0.03558000000000001, 0.07339686015658706], "INSY": [0.06593604651162792, 0.07339686015658706], "INVA": [-0.045462499999999996, 0.07339686015658706], "IONS": [0.08779234972677599, 0.07339686015658706], "IPXL": [-0.013684615384615385, 0.07339686015658706], "IRWD": [0.11578333333333334, 0.07339686015658706], "ISIS": [-0.1484, 0.07339686015658706], "ISPH": [0.0, 0.07339686015658706], "ISTA": [0.037994444444444456, 0.07339686015658706], "ITCI": [0.14375000000000002, 0.07339686015658706], "ITEK": [0.061022222222222235, 0.07339686015658706], "ITMN": [-0.1779, 0.07339686015658706], "JAZZ": [0.07359545454545455, 0.07339686015658706], "JUNO": [0.07994888888888887, 0.07339686015658706], "KERX": [0.08735333333333332, 0.07339686015658706], "KITE": [0.08684418604651162, 0.07339686015658706], "KMPH": [0.47846666666666665, 0.07339686015658706], "KPTI": [0.04046, 0.07339686015658706], "KYTH": [0.6588, 0.07339686015658706], "LBIO": [0.12155230769230774, 0.07339686015658706], "LGND": [-0.03174444444444444, 0.07339686015658706], "LIFE": [0.16831718750000005, 0.07339686015658706], "LMNX": [0.009531111111111112, 0.07339686015658706],