{"AAVL": [0.09866666666666665, 0.14149591363566244], "ACAD": [0.6486, 0.14149591363566244], "ACHN": [0.34, 0.14149591363566244], "ACOR": [0.36269500000000005, 0.14149591363566244], "ACRX": [0.34086071428571424, 0.14149591363566244], "ADHD": [0.00645, 0.14149591363566244], "AEGR": [0.0, 0.14149591363566244], "AERI": [0.0, 0.14149591363566244], "AFFX": [0.44040000000000007, 0.14149591363566244], "AGEN": [0.39526666666666666, 0.14149591363566244], "AGIO": [0.26537499999999997, 0.14149591363566244], "AGTC": [0.148, 0.14149591363566244], "AKBA": [0.6597, 0.14149591363566244], "AKRX": [0.31070000000000003, 0.14149591363566244], "ALDR": [0.3804, 0.14149591363566244], "ALKS": [0.09939, 0.14149591363566244], "ALNY": [0.0, 0.14149591363566244], "ALTH": [0.35340769230769226, 0.14149591363566244], "ALXA": [0.0, 0.14149591363566244], "ALXN": [-0.06236595744680851, 0.14149591363566244], "AMGN": [-0.20685, 0.14149591363566244], "AMRN": [0.02544444444444445, 0.14149591363566244], "ANAC": [0.24480769230769225, 0.14149591363566244], "ANDS": [0.34684705882352934, 0.14149591363566244], "ANIP": [0.1027, 0.14149591363566244], "ANTH": [0.024836363636363636, 0.14149591363566244], "AQXP": [0.2263, 0.14149591363566244], "ARIA": [0.112605, 0.14149591363566244], "ARNA": [0.3219208333333334, 0.14149591363566244], "ARQL": [0.2936, 0.14149591363566244], "ARRY": [0.17854285714285714, 0.14149591363566244], "ARWR": [0.2116333333333333, 0.14149591363566244], "ASPX": [0.09534000000000001, 0.14149591363566244], "AST": [0.04893235294117648, 0.14149591363566244], "ATRA": [0.044787999999999994, 0.14149591363566244], "AUXL": [0.0, 0.14149591363566244], "AVNR": [0.2559090909090909, 0.14149591363566244], "AXCA": [0.5072, 0.14149591363566244], "BCRX": [0.0, 0.14149591363566244], "BIIB": [-0.01613404255319149, 0.14149591363566244], "BIOD": [0.2202, 0.14149591363566244], "BLUE": [0.1424648148148148, 0.14149591363566244], "BMRN": [0.33026923076923076, 0.14149591363566244], "CALP": [0.0, 0.14149591363566244], "CARA": [-0.048333333333333305, 0.14149591363566244], "CBST": [0.227, 0.14149591363566244], "CELG": [0.03595961538461539, 0.14149591363566244], "CEMP": [0.509525, 0.14149591363566244], "CEPH": [0.014399999999999968, 0.14149591363566244], "CLDN": [-0.025114285714285707, 0.14149591363566244], "CLDX": [0.07448333333333333, 0.14149591363566244], "CLVS": [0.4086, 0.14149591363566244], "CMRX": [0.5106, 0.14149591363566244], "CNCE": [0.10975555555555555, 0.14149591363566244], "COLL": [0.15665, 0.14149591363566244], "CRA": [-0.010133333333333324, 0.14149591363566244], "CRIS": [0.04933333333333333, 0.14149591363566244], "CRME": [0.14784999999999998, 0.14149591363566244], "CTIC": [0.10340303030303032, 0.14149591363566244], "CTRX": [0.4019, 0.14149591363566244], "CYTX": [0.0, 0.14149591363566244], "DEPO": [0.19733333333333333, 0.14149591363566244], "DERM": [0.15486666666666668, 0.14149591363566244], "DRNA": [0.19935, 0.14149591363566244], "DSCO": [0.0, 0.14149591363566244], "DVAX": [-0.1779, 0.14149591363566244], "DYAX": [0.0, 0.14149591363566244], "ECYT": [0.296, 0.14149591363566244], "EDIT": [0.0, 0.14149591363566244], "EGRX": [0.4158, 0.14149591363566244], "EMIS": [0.4215, 0.14149591363566244], "ENCY": [0.21075, 0.14149591363566244], "ENDP": [0.148, 0.14149591363566244], "ENTA": [0.25035, 0.14149591363566244], "ENZN": [0.0, 0.14149591363566244], "EPZM": [0.6369, 0.14149591363566244], "EXEL": [-0.0027562500000000087, 0.14149591363566244], "FACT": [0.0, 0.14149591363566244], "FOLD": [0.10003999999999999, 0.14149591363566244], "GERN": [0.14886923076923078, 0.14149591363566244], "GEVA": [0.0, 0.14149591363566244], "GILD": [0.04289395604395606, 0.14149591363566244], "GPRO": [0.043147647058823534, 0.14149591363566244], "GWPH": [0.19660999999999995, 0.14149591363566244], "HALO": [0.34521111111111114, 0.14149591363566244], "HPTX": [0.2285, 0.14149591363566244], "HZNP": [-0.031720000000000005, 0.14149591363566244], "ICEL": [0.4404, 0.14149591363566244], "ICPT": [0.2233272727272727, 0.14149591363566244], "ICY": [0.10115, 0.14149591363566244], "IDIX": [0.14038333333333333, 0.14149591363566244], "ILMN": [0.09680188679245284, 0.14149591363566244], "IMDZ": [-0.009839130434782609, 0.14149591363566244], "IMGN": [0.18631578947368424, 0.14149591363566244], "IMMU": [-0.119075, 0.14149591363566244], "INCR": [0.33665, 0.14149591363566244], "INCY": [-0.029986363636363634, 0.14149591363566244], "INFI": [0.296, 0.14149591363566244], "INO": [0.1341618181818182, 0.14149591363566244], "INSY": [0.14966666666666667, 0.14149591363566244], "INVA": [0.1027, 0.14149591363566244], "IONS": [0.05666363636363637, 0.14149591363566244], "IRWD": [0.0, 0.14149591363566244], "ISIS": [0.14862, 0.14149591363566244], "ISTA": [0.040899999999999985, 0.14149591363566244], "ITMN": [0.06924666666666666, 0.14149591363566244], "JAZZ": [0.06283428571428572, 0.14149591363566244], "KITE": [0.21075, 0.14149591363566244], "KPTI": [-0.03693999999999999, 0.14149591363566244], "KYTH": [0.2202, 0.14149591363566244], "LBIO": [0.04953214285714286, 0.14149591363566244], "LIFE": [0.12642499999999998, 0.14149591363566244], "LOXO": [-0.36832499999999996, 0.14149591363566244], "MACK": [-0.5267, 0.14149591363566244], "MAPP": [0.0, 0.14149591363566244], "MDCO": [0.0502375, 0.14149591363566244], "MDVN": [-0.040411111111111106, 0.14149591363566244], "MEDI": [0.28559832635983257, 0.14149591363566244], "MGNX": [0.0, 0.14149591363566244], "MNK": [0.10185555555555553, 0.14149591363566244], "MNKD": [0.1305230769230769, 0.14149591363566244], "MYGN": [-0.08333333333333333, 0.14149591363566244], "MYL": [0.08478571428571428, 0.14149591363566244], "NABI": [0.4576, 0.14149591363566244], "NH": [0.148, 0.14149591363566244], "NK": [0.09409693877551022, 0.14149591363566244], "NKTR": [-0.016, 0.14149591363566244], "NLNK": [0.0, 0.14149591363566244], "NPSP": [0.32045, 0.14149591363566244], "NSTG": [0.0, 0.14149591363566244], "NVAX": [-0.02857272727272727, 0.14149591363566244], "OCUL": [0.0, 0.14149591363566244], "OMED": [0.09866666666666667, 0.14149591363566244], "OMER": [-0.128, 0.14149591363566244], "ONCE": [0.00603333333333335, 0.14149591363566244], "ONVO": [-0.03609285714285714, 0.14149591363566244], "OPK": [0.0, 0.14149591363566244], "OREX": [-0.009166666666666663, 0.14149591363566244], "OSCI": [0.0, 0.14149591363566244], "OSIR": [0.0, 0.14149591363566244], "OTIC": [0.29846666666666666, 0.14149591363566244], "OVAS": [-0.0256, 0.14149591363566244], "PCRX": [0.0, 0.14149591363566244], "PCYC": [-0.24808124999999998, 0.14149591363566244], "PGNX": [0.08092, 0.14149591363566244], "POZN": [0.33346999999999993, 0.14149591363566244], "PTCT": [0.6249, 0.14149591363566244], "PTX": [0.2285, 0.14149591363566244], "QCOR": [0.0, 0.14149591363566244], "QGEN": [0.0, 0.14149591363566244], "RARE": [0.19912000000000002, 0.14149591363566244], "REGN": [0.0232, 0.14149591363566244], "RGLS": [0.6808, 0.14149591363566244], "RNAI": [0.6808, 0.14149591363566244], "RPTP": [0.1779, 0.14149591363566244], "SAGE": [0.011523529411764726, 0.14149591363566244], "SCMP": [0.148, 0.14149591363566244], "SEPR": [0.0, 0.14149591363566244], "SGEN": [0.1858, 0.14149591363566244], "SGMO": [0.0, 0.14149591363566244], "SGNT": [0.074, 0.14149591363566244], "SGYP": [0.32335, 0.14149591363566244], "SHPG": [0.01666666666666667, 0.14149591363566244], "SLXP": [0.074, 0.14149591363566244], "SNTA": [0.48756923076923064, 0.14149591363566244], "SQNM": [0.12915454545454547, 0.14149591363566244], "SRPT": [0.36456000000000005, 0.14149591363566244], "STEM": [0.132355, 0.14149591363566244], "SUPN": [-0.5719, 0.14149591363566244], "SVA": [0.0, 0.14149591363566244], "TECH": [0.036962745098039214, 0.14149591363566244], "TEVA": [0.473725, 0.14149591363566244], "THLD": [0.21030000000000001, 0.14149591363566244], "THRX": [0.0, 0.14149591363566244], "USD": [0.2686031496062991, 0.14149591363566244], "VICL": [0.15475555555555554, 0.14149591363566244], "VNDA": [0.0, 0.14149591363566244], "VRTX": [0.025687499999999995, 0.14149591363566244],