{"AAVL": [0.2462, 0.1986758821699907], "ACAD": [0.16305599999999998, 0.1986758821699907], "ACHN": [0.8074, 0.1986758821699907], "ACOR": [0.0, 0.1986758821699907], "ADRO": [0.17742857142857144, 0.1986758821699907], "AERI": [0.11560000000000001, 0.1986758821699907], "AFMD": [0.4473, 0.1986758821699907], "AGEN": [0.0, 0.1986758821699907], "AGIO": [0.48644999999999994, 0.1986758821699907], "AGTC": [0.09498823529411765, 0.1986758821699907], "AKRX": [0.0822875, 0.1986758821699907], "ALDR": [0.38248, 0.1986758821699907], "ALKS": [0.19998125000000008, 0.1986758821699907], "ALNY": [0.11338461538461539, 0.1986758821699907], "ALTH": [0.32598000000000005, 0.1986758821699907], "ALXN": [-0.07975625, 0.1986758821699907], "AMAG": [0.0, 0.1986758821699907], "AMGN": [0.07386415094339624, 0.1986758821699907], "AMPH": [0.0, 0.1986758821699907], "AMRN": [0.18098, 0.1986758821699907], "ANDS": [-0.1101, 0.1986758821699907], "ANTH": [0.0, 0.1986758821699907], "AQXP": [0.0, 0.1986758821699907], "ARIA": [0.08735625, 0.1986758821699907], "ARRY": [0.339875, 0.1986758821699907], "ARWR": [0.12315, 0.1986758821699907], "ASPX": [0.0526875, 0.1986758821699907], "AST": [0.09603783783783784, 0.1986758821699907], "ATRA": [0.296, 0.1986758821699907], "BGNE": [0.0, 0.1986758821699907], "BIIB": [0.04221538461538462, 0.1986758821699907], "BIOD": [0.45025, 0.1986758821699907], "BLUE": [0.2093, 0.1986758821699907], "BMRN": [0.007230000000000014, 0.1986758821699907], "BSTE": [0.3612, 0.1986758821699907], "CARA": [-0.045533333333333335, 0.1986758821699907], "CCXI": [0.3612, 0.1986758821699907], "CELG": [0.07021351351351351, 0.1986758821699907], "CEMP": [0.43031249999999993, 0.1986758821699907], "CERS": [0.4390666666666667, 0.1986758821699907], "CLCD": [0.20095, 0.1986758821699907], "CLDN": [0.45609999999999995, 0.1986758821699907], "CLDX": [0.5872, 0.1986758821699907], "CLSD": [0.09866666666666667, 0.1986758821699907], "CLVS": [0.06961818181818182, 0.1986758821699907], "CMRX": [0.0, 0.1986758821699907], "CNCE": [0.32985, 0.1986758821699907], "COLL": [0.3498, 0.1986758821699907], "CRA": [0.0, 0.1986758821699907], "CRIS": [0.27276, 0.1986758821699907], "CXRX": [0.1351, 0.1986758821699907], "CYTK": [0.0, 0.1986758821699907], "DEPO": [0.17131428571428572, 0.1986758821699907], "DERM": [0.4767, 0.1986758821699907], "DNAI": [0.0, 0.1986758821699907], "DRRX": [0.09866666666666667, 0.1986758821699907], "DVAX": [0.10035999999999999, 0.1986758821699907], "ECYT": [0.296, 0.1986758821699907], "EDIT": [0.6705, 0.1986758821699907], "EGRX": [0.31492, 0.1986758821699907], "ENDP": [0.09866666666666667, 0.1986758821699907], "ENTA": [0.014028571428571437, 0.1986758821699907], "EXEL": [0.5884615384615384, 0.1986758821699907], "FACT": [0.765, 0.1986758821699907], "FGEN": [0.28003999999999996, 0.1986758821699907], "FLXN": [-0.5267, 0.1986758821699907], "FMI": [0.0, 0.1986758821699907], "FOLD": [0.0, 0.1986758821699907], "FPRX": [0.7649999999999999, 0.1986758821699907], "GERN": [0.20185, 0.1986758821699907], "GEVA": [0.159225, 0.1986758821699907], "GILD": [0.08968214285714284, 0.1986758821699907], "GPRO": [0.11083684210526314, 0.1986758821699907], "GWPH": [-0.004836206896551723, 0.1986758821699907], "HALO": [0.16478333333333334, 0.1986758821699907], "HZNP": [0.06577777777777777, 0.1986758821699907], "ICPT": [0.146475, 0.1986758821699907], "ICY": [-0.38585, 0.1986758821699907], "ILMN": [-0.035225000000000034, 0.1986758821699907], "ILU": [-0.1439, 0.1986758821699907], "IMDZ": [0.296, 0.1986758821699907], "IMGN": [0.4588, 0.1986758821699907], "IMMU": [0.296, 0.1986758821699907], "INCR": [0.1934888888888889, 0.1986758821699907], "INCY": [0.296, 0.1986758821699907], "INO": [0.16556, 0.1986758821699907], "INSM": [0.296, 0.1986758821699907], "INSY": [0.06615000000000004, 0.1986758821699907], "IONS": [0.41190666666666664, 0.1986758821699907], "IPXL": [0.0, 0.1986758821699907], "ISIS": [0.8614, 0.1986758821699907], "ISTA": [0.20993333333333333, 0.1986758821699907], "ITCI": [0.24080000000000001, 0.1986758821699907], "ITEK": [0.2732, 0.1986758821699907], "JUNO": [0.39251111111111114, 0.1986758821699907], "KERX": [0.0, 0.1986758821699907], "KITE": [0.009627272727272727, 0.1986758821699907], "LBIO": [0.23766956521739127, 0.1986758821699907], "LGND": [0.0, 0.1986758821699907], "LIFE": [0.10612307692307692, 0.1986758821699907], "LMNX": [0.0, 0.1986758821699907], "MACK": [0.22761428571428569, 0.1986758821699907], "MAPP": [0.7088, 0.1986758821699907], "MDCO": [0.0, 0.1986758821699907], "MDVN": [0.0, 0.1986758821699907], "MEDI": [0.09383181818181817, 0.1986758821699907], "MNK": [0.05457333333333333, 0.1986758821699907], "MNKD": [0.05457333333333333, 0.1986758821699907], "MRNA": [0.0, 0.1986758821699907], "MYL": [0.09982800000000001, 0.1986758821699907], "NABI": [0.14049999999999999, 0.1986758821699907], "NBIX": [-0.128, 0.1986758821699907], "NDRM": [0.3612, 0.1986758821699907], "NERV": [0.0, 0.1986758821699907], "NH": [0.0, 0.1986758821699907], "NK": [0.20590563380281693, 0.1986758821699907], "NKTR": [0.197475, 0.1986758821699907], "NLNK": [0.164925, 0.1986758821699907], "NOVN": [0.0, 0.1986758821699907], "NTLA": [0.6705, 0.1986758821699907], "NVAX": [0.24592857142857144, 0.1986758821699907], "OCUL": [0.0, 0.1986758821699907], "OMED": [0.45264000000000004, 0.1986758821699907], "OMER": [0.4374, 0.1986758821699907], "ONCE": [0.32985, 0.1986758821699907], "ONTX": [0.5106, 0.1986758821699907], "ONVO": [0.4926, 0.1986758821699907], "OPHT": [0.03328, 0.1986758821699907], "OREX": [0.8057, 0.1986758821699907], "OSCI": [-0.05731428571428571, 0.1986758821699907], "OSIR": [0.296, 0.1986758821699907], "OTIC": [0.23992857142857144, 0.1986758821699907], "PRGO": [0.0, 0.1986758821699907], "PTCT": [0.7350285714285713, 0.1986758821699907], "PTX": [0.0, 0.1986758821699907], "REGN": [-0.018983333333333335, 0.1986758821699907], "RGLS": [0.19733333333333333, 0.1986758821699907], "RIGL": [0.0, 0.1986758821699907], "RPTP": [0.8074, 0.1986758821699907], "RTRX": [0.5638000000000001, 0.1986758821699907], "SAGE": [0.0737, 0.1986758821699907], "SCLN": [0.296, 0.1986758821699907], "SCMP": [0.8402, 0.1986758821699907], "SGEN": [-0.28735, 0.1986758821699907], "SGMO": [-0.039028571428571426, 0.1986758821699907], "SGYP": [0.675, 0.1986758821699907], "SHPG": [0.06587894736842105, 0.1986758821699907], "SPPI": [0.148, 0.1986758821699907], "SRPT": [0.10230999999999998, 0.1986758821699907], "STEM": [0.12913636363636363, 0.1986758821699907], "TBPH": [0.29295, 0.1986758821699907], "TECH": [0.19725714285714285, 0.1986758821699907], "TEVA": [0.03355294117647059, 0.1986758821699907], "THRX": [0.29295, 0.1986758821699907], "TLGT": [0.3818, 0.1986758821699907], "TRVN": [0.0, 0.1986758821699907], "TSRO": [0.0, 0.1986758821699907], "UTHR": [0.45930000000000004, 0.1986758821699907], "VNDA": [0.0, 0.1986758821699907], "VRTX": [-0.0007032258064516036, 0.1986758821699907], "VSTM": [0.0, 0.1986758821699907], "VTL": [0.46429999999999993, 0.1986758821699907], "VVUS": [0.6369, 0.1986758821699907], "XLRN": [0.0, 0.1986758821699907], "XNCR": [0.21345, 0.1986758821699907], "XNPT": [0.3612, 0.1986758821699907], "XOMA": [0.29675, 0.1986758821699907], "ZFGN": [0.0, 0.1986758821699907]}