{"ADRO": [0.0, 0.09034836224620242], "AKRX": [0.0, 0.09034836224620242], "ALKS": [0.0, 0.09034836224620242], "ALTH": [-0.4588, 0.09034836224620242], "ALXN": [0.11199999999999999, 0.09034836224620242], "AMGN": [0.0, 0.09034836224620242], "AMLN": [0.2023, 0.09034836224620242], "AMPH": [0.12305999999999999, 0.09034836224620242], "AMRI": [0.5106, 0.09034836224620242], "AMRN": [0.0, 0.09034836224620242], "ARIA": [0.2023, 0.09034836224620242], "ARRY": [0.09106666666666667, 0.09034836224620242], "ASPX": [0.14021509433962265, 0.09034836224620242], "AST": [0.07415040650406506, 0.09034836224620242], "BIIB": [0.08800000000000002, 0.09034836224620242], "BLUE": [0.0799625, 0.09034836224620242], "BMRN": [0.0, 0.09034836224620242], "BMTI": [0.38295, 0.09034836224620242], "BOLD": [0.3818, 0.09034836224620242], "BTRX": [0.0, 0.09034836224620242], "CALP": [0.0, 0.09034836224620242], "CARA": [0.0, 0.09034836224620242], "CBPO": [0.41355, 0.09034836224620242], "CELG": [0.3664, 0.09034836224620242], "COLL": [0.0, 0.09034836224620242], "CRA": [0.1909, 0.09034836224620242], "DNDN": [0.2023, 0.09034836224620242], "EDIT": [0.1027, 0.09034836224620242], "EGRX": [0.0, 0.09034836224620242], "ENCY": [-0.3818, 0.09034836224620242], "ENTA": [0.12250000000000001, 0.09034836224620242], "FACT": [0.07146666666666666, 0.09034836224620242], "FLML": [0.0, 0.09034836224620242], "FOLD": [0.0, 0.09034836224620242], "FURX": [0.0, 0.09034836224620242], "GILD": [0.2023, 0.09034836224620242], "HGSI": [0.2023, 0.09034836224620242], "HITK": [-0.21075, 0.09034836224620242], "HZNP": [0.2732, 0.09034836224620242], "ICY": [0.08008000000000001, 0.09034836224620242], "ILMN": [0.2023, 0.09034836224620242], "IMGN": [0.0, 0.09034836224620242], "INCR": [0.5719, 0.09034836224620242], "INCY": [0.2023, 0.09034836224620242], "INO": [0.0, 0.09034836224620242], "IONS": [0.253075, 0.09034836224620242], "IRWD": [0.0, 0.09034836224620242], "ISIS": [0.0, 0.09034836224620242], "ISPH": [0.5719, 0.09034836224620242], "ISTA": [0.0, 0.09034836224620242], "JAZZ": [0.06743333333333333, 0.09034836224620242], "KERX": [0.0, 0.09034836224620242], "LBIO": [0.0, 0.09034836224620242], "LIFE": [0.1634, 0.09034836224620242], "MACK": [0.0, 0.09034836224620242], "MEDI": [0.020400000000000005, 0.09034836224620242], "MNK": [0.0, 0.09034836224620242], "MNKD": [0.0, 0.09034836224620242], "MNOV": [0.0, 0.09034836224620242], "MNTA": [0.155065625, 0.09034836224620242], "MYL": [0.14345, 0.09034836224620242], "NH": [-0.06354444444444445, 0.09034836224620242], "NK": [0.13304999999999997, 0.09034836224620242], "NVAX": [0.2023, 0.09034836224620242], "OPTR": [0.0, 0.09034836224620242], "OREX": [0.0, 0.09034836224620242], "PARD": [0.3818, 0.09034836224620242], "PCRX": [0.23857, 0.09034836224620242], "PDLI": [0.0, 0.09034836224620242], "PTIE": [0.0, 0.09034836224620242], "QCOR": [0.0, 0.09034836224620242], "SAGE": [0.12941694915254237, 0.09034836224620242], "SGEN": [0.0, 0.09034836224620242], "SPPI": [-0.4588, 0.09034836224620242], "SQNM": [0.0, 0.09034836224620242], "STEM": [0.0, 0.09034836224620242], "TECH": [0.09524285714285716, 0.09034836224620242], "TEVA": [0.18364999999999998, 0.09034836224620242], "USD": [0.05260341207349079, 0.09034836224620242], "VICL": [0.3612, 0.09034836224620242], "VPHM": [0.10115, 0.09034836224620242], "VRTX": [0.2263, 0.09034836224620242], "VVUS": [0.0, 0.09034836224620242]}