{"ACAD": [0.07381000000000001, 0.09458789086772479], "ACOR": [0.0, 0.09458789086772479], "AEGR": [0.39854444444444437, 0.09458789086772479], "AFFX": [0.0, 0.09458789086772479], "AFFY": [0.0, 0.09458789086772479], "AGEN": [0.0, 0.09458789086772479], "ALKS": [0.233175, 0.09458789086772479], "ALNY": [0.5719, 0.09458789086772479], "ALTH": [0.284475, 0.09458789086772479], "ALXA": [0.0, 0.09458789086772479], "AMGN": [0.0719181818181818, 0.09458789086772479], "AMRI": [0.0, 0.09458789086772479], "AMRN": [-0.06531666666666668, 0.09458789086772479], "ANTH": [0.0, 0.09458789086772479], "ARIA": [0.16184, 0.09458789086772479], "ARNA": [0.0, 0.09458789086772479], "ARWR": [0.0, 0.09458789086772479], "ASPX": [0.013630000000000003, 0.09458789086772479], "AST": [0.40662692307692316, 0.09458789086772479], "AUXL": [0.2023, 0.09458789086772479], "AVII": [0.0, 0.09458789086772479], "AVNR": [0.2536125, 0.09458789086772479], "AXCA": [0.296, 0.09458789086772479], "BCRX": [0.0, 0.09458789086772479], "BIIB": [0.2068, 0.09458789086772479], "BIOD": [0.0, 0.09458789086772479], "BMRN": [-0.5423, 0.09458789086772479], "CADX": [0.22666666666666668, 0.09458789086772479], "CALP": [0.591525, 0.09458789086772479], "CBPO": [0.0, 0.09458789086772479], "CBRX": [0.0, 0.09458789086772479], "CBST": [0.08092, 0.09458789086772479], "CELG": [0.20136666666666667, 0.09458789086772479], "CERS": [0.0, 0.09458789086772479], "CLDX": [0.35505833333333325, 0.09458789086772479], "CRA": [-0.0516, 0.09458789086772479], "CTIC": [0.0, 0.09458789086772479], "CTRX": [-0.1511, 0.09458789086772479], "CYTK": [0.0, 0.09458789086772479], "DEPO": [0.6229, 0.09458789086772479], "DRNA": [0.0, 0.09458789086772479], "DSCO": [0.0, 0.09458789086772479], "DVAX": [0.875, 0.09458789086772479], "DYAX": [0.0, 0.09458789086772479], "ENCY": [-0.05075999999999999, 0.09458789086772479], "ENZN": [0.0, 0.09458789086772479], "FMI": [0.0, 0.09458789086772479], "FOLD": [-0.3818, 0.09458789086772479], "GILD": [0.11560000000000001, 0.09458789086772479], "GRFS": [0.0, 0.09458789086772479], "HALO": [0.5192235294117649, 0.09458789086772479], "IDIX": [0.28198, 0.09458789086772479], "ILMN": [0.0, 0.09458789086772479], "ILU": [-0.5106, 0.09458789086772479], "IMGN": [0.0, 0.09458789086772479], "IMMU": [0.0, 0.09458789086772479], "INCR": [0.0, 0.09458789086772479], "INFI": [0.4085, 0.09458789086772479], "INO": [-0.05464, 0.09458789086772479], "INSM": [0.06743333333333333, 0.09458789086772479], "INVA": [-0.2732, 0.09458789086772479], "IONS": [-0.01752, 0.09458789086772479], "IRWD": [0.26476666666666665, 0.09458789086772479], "ISIS": [0.0, 0.09458789086772479], "ITMN": [0.0, 0.09458789086772479], "KERX": [0.34, 0.09458789086772479], "LBIO": [0.0, 0.09458789086772479], "LGND": [0.0, 0.09458789086772479], "LIFE": [-0.4588, 0.09458789086772479], "LMNX": [0.2023, 0.09458789086772479], "MDVN": [0.2023, 0.09458789086772479], "MEDI": [0.31845, 0.09458789086772479], "MNK": [0.0386, 0.09458789086772479], "MNKD": [0.0386, 0.09458789086772479], "MNOV": [0.0, 0.09458789086772479], "MRNA": [0.0, 0.09458789086772479], "MYL": [-0.0258, 0.09458789086772479], "NBIX": [0.0, 0.09458789086772479], "NH": [0.0, 0.09458789086772479], "NK": [0.10726666666666668, 0.09458789086772479], "NPSP": [0.0, 0.09458789086772479], "ONCE": [0.0, 0.09458789086772479], "ONTY": [-0.5267, 0.09458789086772479], "ONVO": [0.0, 0.09458789086772479], "ONXX": [0.4019, 0.09458789086772479], "OPK": [0.22026250000000003, 0.09458789086772479], "OREX": [0.018771428571428574, 0.09458789086772479], "OTIC": [0.0, 0.09458789086772479], "PCRX": [0.34, 0.09458789086772479], "PGNX": [0.6229, 0.09458789086772479], "QCOR": [0.6041, 0.09458789086772479], "RARE": [0.0, 0.09458789086772479], "RIGL": [0.0, 0.09458789086772479], "SAGE": [-0.06294166666666666, 0.09458789086772479], "SCLN": [-0.34040000000000004, 0.09458789086772479], "SGYP": [0.6229, 0.09458789086772479], "SNTA": [0.5710125, 0.09458789086772479], "SNTS": [0.19037500000000002, 0.09458789086772479], "SPPI": [0.0, 0.09458789086772479], "SQNM": [0.6369, 0.09458789086772479], "SRPT": [0.08283, 0.09458789086772479], "STEM": [0.0, 0.09458789086772479], "SUPN": [0.0, 0.09458789086772479], "TARO": [0.0, 0.09458789086772479], "TECH": [0.09084999999999999, 0.09458789086772479], "TEVA": [0.0, 0.09458789086772479], "THLD": [0.0, 0.09458789086772479], "THRX": [0.0, 0.09458789086772479], "TSRX": [0.4588, 0.09458789086772479], "USD": [0.031483333333333335, 0.09458789086772479], "UTHR": [0.3062, 0.09458789086772479], "VICL": [0.0, 0.09458789086772479], "VNDA": [0.0, 0.09458789086772479], "VRTX": [0.25329999999999997, 0.09458789086772479], "XOMA": [0.0, 0.09458789086772479], "ZLCS": [0.0, 0.09458789086772479]}