{"ACAD": [0.0734, 0.11211396777107774], "ACHN": [0.0, 0.11211396777107774], "ACOR": [0.0, 0.11211396777107774], "ACRX": [0.0, 0.11211396777107774], "ADRO": [0.0, 0.11211396777107774], "AEGR": [0.0, 0.11211396777107774], "AFFY": [0.4215, 0.11211396777107774], "AGEN": [0.2553, 0.11211396777107774], "ALIM": [0.0, 0.11211396777107774], "ALKS": [0.0, 0.11211396777107774], "ALNY": [0.08565000000000003, 0.11211396777107774], "ALTH": [0.16465294117647059, 0.11211396777107774], "ALXA": [0.20993333333333333, 0.11211396777107774], "ALXN": [-0.014840000000000002, 0.11211396777107774], "AMGN": [0.04106296296296296, 0.11211396777107774], "AMLN": [0.136, 0.11211396777107774], "AMRN": [-0.07692065217391302, 0.11211396777107774], "ANDS": [-0.19783333333333333, 0.11211396777107774], "ANIP": [0.09516666666666669, 0.11211396777107774], "ANTH": [0.296, 0.11211396777107774], "ARIA": [0.052176, 0.11211396777107774], "ARNA": [0.03313695652173913, 0.11211396777107774], "ARQL": [0.0, 0.11211396777107774], "ARRY": [0.11130454545454546, 0.11211396777107774], "ASPX": [0.1499223684210527, 0.11211396777107774], "AST": [0.06547964601769914, 0.11211396777107774], "ASTX": [0.18077272727272725, 0.11211396777107774], "AUXL": [0.1421125, 0.11211396777107774], "AVEO": [0.4215, 0.11211396777107774], "AVII": [0.2023, 0.11211396777107774], "BCRX": [0.05555555555555555, 0.11211396777107774], "BIIB": [-0.005800000000000005, 0.11211396777107774], "BIOD": [0.1734, 0.11211396777107774], "BLUE": [-0.07543333333333334, 0.11211396777107774], "BMRN": [0.0, 0.11211396777107774], "BPAX": [0.0, 0.11211396777107774], "CADX": [0.0, 0.11211396777107774], "CALP": [0.0, 0.11211396777107774], "CASC": [0.4404, 0.11211396777107774], "CELG": [0.12728, 0.11211396777107774], "CEMP": [0.4019, 0.11211396777107774], "CERS": [0.0, 0.11211396777107774], "CHMA": [0.0, 0.11211396777107774], "CLDX": [0.2023, 0.11211396777107774], "COLL": [0.23813999999999996, 0.11211396777107774], "CRA": [-0.4532344262295079, 0.11211396777107774], "CRIS": [0.0, 0.11211396777107774], "CTIC": [0.5719, 0.11211396777107774], "CTRX": [0.0, 0.11211396777107774], "CYTK": [-0.148, 0.11211396777107774], "DEPO": [0.2023, 0.11211396777107774], "DERM": [0.6114, 0.11211396777107774], "DNDN": [0.06567272727272727, 0.11211396777107774], "DVAX": [0.4375, 0.11211396777107774], "EDIT": [0.13432499999999997, 0.11211396777107774], "ENCY": [0.7717, 0.11211396777107774], "ENTA": [0.7096, 0.11211396777107774], "ENZN": [0.0, 0.11211396777107774], "EXEL": [-0.032034999999999994, 0.11211396777107774], "FACT": [0.0258, 0.11211396777107774], "FOLD": [0.123, 0.11211396777107774], "FURX": [0.0, 0.11211396777107774], "GERN": [0.02638333333333334, 0.11211396777107774], "GHDX": [0.10115, 0.11211396777107774], "GILD": [0.1935714285714286, 0.11211396777107774], "HGSI": [0.1643666666666667, 0.11211396777107774], "HITK": [0.48403333333333337, 0.11211396777107774], "HPTX": [-0.2557, 0.11211396777107774], "HZNP": [0.06079090909090908, 0.11211396777107774], "ICEL": [0.5019, 0.11211396777107774], "ICY": [0.0, 0.11211396777107774], "IDIX": [0.20614117647058827, 0.11211396777107774], "ILMN": [0.20673, 0.11211396777107774], "INCR": [0.21315, 0.11211396777107774], "INGN": [0.4389, 0.11211396777107774], "INO": [0.37095, 0.11211396777107774], "INSM": [0.0, 0.11211396777107774], "IONS": [0.21297500000000003, 0.11211396777107774], "IRWD": [0.0, 0.11211396777107774], "ISIS": [0.02751666666666666, 0.11211396777107774], "ISTA": [0.0, 0.11211396777107774], "JAZZ": [0.0, 0.11211396777107774], "KERX": [0.08092, 0.11211396777107774], "LBIO": [0.22178571428571428, 0.11211396777107774], "LGND": [0.20675, 0.11211396777107774], "LMNX": [0.074, 0.11211396777107774], "MACK": [0.035425, 0.11211396777107774], "MDVN": [0.0, 0.11211396777107774], "MEDI": [0.0030000000000000027, 0.11211396777107774], "MITI": [-0.1591, 0.11211396777107774], "MNK": [0.1734, 0.11211396777107774], "MNKD": [0.1734, 0.11211396777107774], "MRNA": [0.34, 0.11211396777107774], "MYL": [0.2394666666666667, 0.11211396777107774], "MYRX": [0.296, 0.11211396777107774], "NBIX": [0.0, 0.11211396777107774], "NH": [-0.2997, 0.11211396777107774], "NK": [0.14188666666666666, 0.11211396777107774], "NLNK": [0.0, 0.11211396777107774], "NPSP": [0.12935, 0.11211396777107774], "NVAX": [0.0, 0.11211396777107774], "OMED": [0.0, 0.11211396777107774], "OMPI": [0.2716, 0.11211396777107774], "ONCE": [0.027299999999999998, 0.11211396777107774], "ONTY": [0.7184, 0.11211396777107774], "ONVO": [0.1101, 0.11211396777107774], "ONXX": [0.0, 0.11211396777107774], "OREX": [0.09152, 0.11211396777107774], "OSCI": [0.10615000000000001, 0.11211396777107774], "OSIR": [-0.00685882352941176, 0.11211396777107774], "OTIC": [0.6282, 0.11211396777107774], "PACB": [0.26793333333333336, 0.11211396777107774], "PANC": [0.3182, 0.11211396777107774], "PDLI": [0.5106, 0.11211396777107774], "PGNX": [0.05658749999999999, 0.11211396777107774], "PTX": [-0.2557, 0.11211396777107774], "QCOR": [0.5388000000000001, 0.11211396777107774], "REGN": [-0.214025, 0.11211396777107774], "RIGL": [0.0, 0.11211396777107774], "RNAI": [-0.3818, 0.11211396777107774], "SAGE": [0.11354285714285715, 0.11211396777107774], "SCMP": [-0.3182, 0.11211396777107774], "SEPR": [0.0, 0.11211396777107774], "SGMO": [0.31845, 0.11211396777107774], "SGYP": [0.0526875, 0.11211396777107774], "SHPG": [-0.4404, 0.11211396777107774], "SLXP": [0.017425, 0.11211396777107774], "SNTA": [0.07322999999999999, 0.11211396777107774], "SNTS": [0.0, 0.11211396777107774], "SPPI": [0.55842, 0.11211396777107774], "SQNM": [-0.060114285714285724, 0.11211396777107774], "SRPT": [0.07842432432432433, 0.11211396777107774], "STEM": [-0.035005555555555554, 0.11211396777107774], "SUPN": [0.0, 0.11211396777107774], "TECH": [0.012552941176470593, 0.11211396777107774], "TELK": [0.0, 0.11211396777107774], "TEVA": [0.18643333333333334, 0.11211396777107774], "THLD": [-0.1531, 0.11211396777107774], "THRX": [0.25, 0.11211396777107774], "TRGT": [0.2023, 0.11211396777107774], "USD": [0.06639276315789476, 0.11211396777107774], "UTHR": [0.28099999999999997, 0.11211396777107774], "VICL": [0.0, 0.11211396777107774], "VNDA": [0.05854285714285713, 0.11211396777107774], "VPHM": [0.5106, 0.11211396777107774], "VRTX": [0.07569607843137253, 0.11211396777107774], "VTAE": [0.4215, 0.11211396777107774], "VVUS": [0.1074078947368421, 0.11211396777107774], "WCRX": [-0.4404, 0.11211396777107774], "XNPT": [0.07150000000000001, 0.11211396777107774], "XOMA": [0.30622857142857146, 0.11211396777107774], "ZGEN": [0.0, 0.11211396777107774], "ZGNX": [0.0, 0.11211396777107774], "ZLCS": [0.12854000000000002, 0.11211396777107774]}