{"AAVL": [0.29905000000000004, 0.23473208929981834], "ACAD": [0.3534195121951219, 0.23473208929981834], "ACHN": [0.19025454545454545, 0.23473208929981834], "ACOR": [0.17515, 0.23473208929981834], "ACRX": [0.40376, 0.23473208929981834], "ADHD": [0.0, 0.23473208929981834], "ADMS": [0.0, 0.23473208929981834], "ADRO": [0.8442, 0.23473208929981834], "AEGR": [0.51656, 0.23473208929981834], "AFFX": [0.276, 0.23473208929981834], "AFFY": [0.1262888888888889, 0.23473208929981834], "AFMD": [0.148, 0.23473208929981834], "AGEN": [0.1234, 0.23473208929981834], "AGIO": [-0.08346666666666668, 0.23473208929981834], "AGTC": [0.06364, 0.23473208929981834], "AIMT": [0.0, 0.23473208929981834], "AKBA": [-0.050133333333333335, 0.23473208929981834], "AKRX": [0.109, 0.23473208929981834], "ALDR": [0.0, 0.23473208929981834], "ALIM": [0.26905714285714283, 0.23473208929981834], "ALKS": [0.16365000000000005, 0.23473208929981834], "ALNY": [-0.148, 0.23473208929981834], "ALTH": [0.12752272727272726, 0.23473208929981834], "ALTU": [0.5639000000000001, 0.23473208929981834], "ALXA": [0.0, 0.23473208929981834], "ALXN": [0.20953333333333335, 0.23473208929981834], "AMAG": [0.4003, 0.23473208929981834], "AMGN": [0.09520259740259741, 0.23473208929981834], "AMRI": [0.1806, 0.23473208929981834], "AMRN": [0.13942857142857143, 0.23473208929981834], "ANAC": [0.40539000000000003, 0.23473208929981834], "ANDS": [0.496625, 0.23473208929981834], "ANIP": [0.0, 0.23473208929981834], "ANTH": [0.0, 0.23473208929981834], "AQXP": [0.0, 0.23473208929981834], "ARDX": [0.04933333333333333, 0.23473208929981834], "ARIA": [0.19710000000000005, 0.23473208929981834], "ARNA": [0.40785000000000005, 0.23473208929981834], "ARQL": [0.0, 0.23473208929981834], "ARRY": [0.4042823529411765, 0.23473208929981834], "ARWR": [0.39035000000000003, 0.23473208929981834], "ASPX": [0.09514666666666664, 0.23473208929981834], "AST": [0.5010266666666683, 0.23473208929981834], "ASTX": [0.6729333333333334, 0.23473208929981834], "ATRA": [0.0, 0.23473208929981834], "AVEO": [0.55225, 0.23473208929981834], "AVNR": [0.6575500000000001, 0.23473208929981834], "BCRX": [0.2365714285714286, 0.23473208929981834], "BIIB": [0.40334230769230783, 0.23473208929981834], "BIOD": [0.38195999999999997, 0.23473208929981834], "BLCM": [0.04228571428571428, 0.23473208929981834], "BLUE": [0.14537499999999998, 0.23473208929981834], "BMRN": [0.3449999999999999, 0.23473208929981834], "BPMC": [0.20165, 0.23473208929981834], "CADX": [0.6483200000000001, 0.23473208929981834], "CARA": [0.28076, 0.23473208929981834], "CCXI": [0.2786, 0.23473208929981834], "CELG": [0.10483827160493826, 0.23473208929981834], "CEMP": [0.059199999999999996, 0.23473208929981834], "CEPH": [-0.4767, 0.23473208929981834], "CERS": [0.4517142857142857, 0.23473208929981834], "CHMA": [0.0, 0.23473208929981834], "CHRS": [0.19972857142857142, 0.23473208929981834], "CLCD": [0.5106, 0.23473208929981834], "CLDN": [0.33995, 0.23473208929981834], "CLDX": [0.27958461538461543, 0.23473208929981834], "CLVS": [0.15845333333333336, 0.23473208929981834], "CMRX": [0.2063285714285714, 0.23473208929981834], "CNCE": [0.11839999999999999, 0.23473208929981834], "COLL": [0.46335999999999994, 0.23473208929981834], "CRA": [0.2023, 0.23473208929981834], "CRIS": [0.1086, 0.23473208929981834], "CRME": [0.54015, 0.23473208929981834], "CTIC": [0.27502499999999996, 0.23473208929981834], "CTRX": [0.587625, 0.23473208929981834], "CYTK": [0.2787, 0.23473208929981834], "DBVT": [0.296, 0.23473208929981834], "DEPO": [0.44924, 0.23473208929981834], "DERM": [0.148, 0.23473208929981834], "DRNA": [-0.24975, 0.23473208929981834], "DRRX": [0.0, 0.23473208929981834], "DSCO": [0.0, 0.23473208929981834], "DVAX": [0.3595, 0.23473208929981834], "DYAX": [0.39004000000000005, 0.23473208929981834], "ECYT": [0.6457, 0.23473208929981834], "EDIT": [0.21371333333333337, 0.23473208929981834], "EGRX": [0.045882758620689655, 0.23473208929981834], "ENCY": [-0.10146666666666666, 0.23473208929981834], "ENDP": [0.45874545454545446, 0.23473208929981834], "ENTA": [0.096975, 0.23473208929981834], "ENZN": [0.21697499999999997, 0.23473208929981834], "EPZM": [0.6249, 0.23473208929981834], "ESPR": [0.0, 0.23473208929981834], "EXEL": [0.54726, 0.23473208929981834], "FACT": [0.11315, 0.23473208929981834], "FGEN": [0.21862857142857142, 0.23473208929981834], "FLML": [0.364075, 0.23473208929981834], "FMI": [0.32344000000000006, 0.23473208929981834], "FOLD": [0.0, 0.23473208929981834], "FPRX": [0.56155, 0.23473208929981834], "GBT": [0.10705, 0.23473208929981834], "GERN": [0.19153333333333333, 0.23473208929981834], "GEVA": [0.424, 0.23473208929981834], "GHDX": [0.19733333333333333, 0.23473208929981834], "GILD": [0.03942187500000003, 0.23473208929981834], "GNVC": [0.4003, 0.23473208929981834], "GPRO": [0.06499374999999999, 0.23473208929981834], "GRFS": [0.37493999999999994, 0.23473208929981834], "HALO": [0.25474062500000005, 0.23473208929981834], "HBIO": [0.0, 0.23473208929981834], "HZNP": [0.5402666666666668, 0.23473208929981834], "ICEL": [0.5639000000000001, 0.23473208929981834], "ICPT": [0.1258, 0.23473208929981834], "ILMN": [-0.053471428571428566, 0.23473208929981834], "ILU": [-0.128, 0.23473208929981834], "IMGN": [0.02114285714285714, 0.23473208929981834], "IMMU": [0.18611999999999998, 0.23473208929981834], "INCR": [0.35286000000000006, 0.23473208929981834], "INCY": [0.1183971428571429, 0.23473208929981834], "INFI": [0.57576, 0.23473208929981834], "INGN": [0.7772, 0.23473208929981834], "INO": [0.12853627450980395, 0.23473208929981834], "INSM": [0.0772, 0.23473208929981834], "INSY": [0.65306, 0.23473208929981834], "INVA": [0.0, 0.23473208929981834], "IONS": [0.07106935483870966, 0.23473208929981834], "IPXL": [0.28081000000000006, 0.23473208929981834], "IRWD": [0.0, 0.23473208929981834], "ISIS": [0.51656, 0.23473208929981834], "ISPH": [0.5719, 0.23473208929981834], "ITCI": [0.0, 0.23473208929981834], "ITEK": [0.32771428571428574, 0.23473208929981834], "JAZZ": [0.08777857142857144, 0.23473208929981834], "JUNO": [0.6614666666666666, 0.23473208929981834], "KERX": [0.2660181818181818, 0.23473208929981834], "KITE": [0.1798, 0.23473208929981834], "KPTI": [0.4304916666666667, 0.23473208929981834], "LBIO": [0.3008096774193549, 0.23473208929981834], "LGND": [0.6457, 0.23473208929981834], "LIFE": [0.3382, 0.23473208929981834], "LMNX": [0.0, 0.23473208929981834], "LOXO": [0.216, 0.23473208929981834], "MACK": [-0.02073888888888889, 0.23473208929981834], "MCRB": [0.148, 0.23473208929981834], "MDCO": [0.26886666666666664, 0.23473208929981834], "MDVN": [0.0, 0.23473208929981834], "MEDI": [0.09083725490196078, 0.23473208929981834], "MGNX": [0.0, 0.23473208929981834], "MNK": [0.11516842105263159, 0.23473208929981834], "MNKD": [0.12426923076923078, 0.23473208929981834], "MNTA": [0.0, 0.23473208929981834], "MRNA": [0.6457, 0.23473208929981834], "MYGN": [0.15001538461538463, 0.23473208929981834], "MYL": [0.08554324324324324, 0.23473208929981834], "NDRM": [0.11073333333333332, 0.23473208929981834], "NEOS": [-0.09278, 0.23473208929981834], "NERV": [0.5994, 0.23473208929981834], "NH": [0.040820000000000016, 0.23473208929981834], "NK": [0.11549428571428569, 0.23473208929981834], "NKTR": [0.5639000000000001, 0.23473208929981834], "NLNK": [0.35188571428571436, 0.23473208929981834], "NPSP": [0.6769714285714287, 0.23473208929981834], "NSTG": [0.0, 0.23473208929981834], "NVAX": [0.28602, 0.23473208929981834], "NVCR": [0.12234666666666666, 0.23473208929981834], "OMED": [0.14430909090909091, 0.23473208929981834], "OMPI": [0.4404, 0.23473208929981834], "ONCE": [0.23181851851851862, 0.23473208929981834], "ONTY": [0.552, 0.23473208929981834], "ONVO": [0.1601409090909091, 0.23473208929981834], "OPHT": [0.0, 0.23473208929981834], "OPK": [0.16803076923076923, 0.23473208929981834], "OREX": [-0.004825, 0.23473208929981834], "OSCI": [0.09757692307692309, 0.23473208929981834], "OTIC": [0.24626, 0.23473208929981834], "OVAS": [0.296, 0.23473208929981834], "PACB": [0.05176222222222222, 0.23473208929981834],