{"ACAD": [0.1888, 0.05530126645937652], "ACHN": [-0.06291428571428571, 0.05530126645937652], "ACOR": [-0.18064285714285713, 0.05530126645937652], "ACRX": [0.020274999999999998, 0.05530126645937652], "AEGR": [0.04228571428571428, 0.05530126645937652], "AFFY": [0.0, 0.05530126645937652], "AGEN": [0.29989285714285724, 0.05530126645937652], "AGIO": [0.4215, 0.05530126645937652], "AKRX": [0.0, 0.05530126645937652], "ALIM": [-0.0351, 0.05530126645937652], "ALKS": [0.17, 0.05530126645937652], "ALNY": [0.11315, 0.05530126645937652], "ALTH": [0.13530869565217393, 0.05530126645937652], "ALXA": [0.2679333333333333, 0.05530126645937652], "AMAG": [-0.5267, 0.05530126645937652], "AMGN": [0.09437931034482759, 0.05530126645937652], "AMRN": [0.08254705882352942, 0.05530126645937652], "ANAC": [-0.01766666666666668, 0.05530126645937652], "ANDS": [0.5967461538461541, 0.05530126645937652], "ANTH": [0.06389230769230769, 0.05530126645937652], "ARIA": [0.084246, 0.05530126645937652], "ARNA": [0.054988888888888886, 0.05530126645937652], "ARQL": [0.105375, 0.05530126645937652], "ARWR": [-0.01569166666666667, 0.05530126645937652], "ASPX": [0.18784285714285714, 0.05530126645937652], "AST": [-0.04970535714285714, 0.05530126645937652], "ATRA": [0.024499999999999997, 0.05530126645937652], "AUXL": [0.0, 0.05530126645937652], "AVEO": [-0.2023, 0.05530126645937652], "AVII": [0.0, 0.05530126645937652], "AVNR": [0.18076666666666666, 0.05530126645937652], "AXCA": [-0.27954285714285715, 0.05530126645937652], "BCRX": [-0.04619999999999999, 0.05530126645937652], "BIIB": [0.07579411764705882, 0.05530126645937652], "BLUE": [0.15, 0.05530126645937652], "BMRN": [-0.3048263392857139, 0.05530126645937652], "BOLD": [-0.6249, 0.05530126645937652], "BPMC": [0.0, 0.05530126645937652], "CALP": [0.15033333333333335, 0.05530126645937652], "CBPO": [0.1004, 0.05530126645937652], "CBST": [-0.0625, 0.05530126645937652], "CELG": [0.042293333333333336, 0.05530126645937652], "CGEN": [-0.6597, 0.05530126645937652], "CLDX": [0.06599565217391304, 0.05530126645937652], "CLVS": [0.07977352941176473, 0.05530126645937652], "COLL": [-0.4939, 0.05530126645937652], "CRA": [0.058663157894736834, 0.05530126645937652], "CRIS": [-0.1486, 0.05530126645937652], "CRME": [0.1651, 0.05530126645937652], "CTIC": [0.11601071428571429, 0.05530126645937652], "CTRX": [0.08092, 0.05530126645937652], "CYTK": [-0.16025000000000003, 0.05530126645937652], "DERM": [-0.01783333333333333, 0.05530126645937652], "DIGE": [0.4019, 0.05530126645937652], "DRRX": [0.19169999999999998, 0.05530126645937652], "DSCO": [0.0, 0.05530126645937652], "DVAX": [0.05626956521739131, 0.05530126645937652], "DYAX": [0.0, 0.05530126645937652], "ECYT": [0.06856666666666668, 0.05530126645937652], "EDIT": [0.1041, 0.05530126645937652], "EMIS": [0.15723333333333334, 0.05530126645937652], "ENCY": [0.0, 0.05530126645937652], "ENDP": [-0.043799999999999985, 0.05530126645937652], "ENTA": [0.11426666666666667, 0.05530126645937652], "ENZN": [0.05735, 0.05530126645937652], "EPZM": [0.07055714285714286, 0.05530126645937652], "EXEL": [0.0, 0.05530126645937652], "FACT": [0.38005, 0.05530126645937652], "FMI": [0.1806578947368421, 0.05530126645937652], "FOLD": [0.148, 0.05530126645937652], "GERN": [-0.008576923076923072, 0.05530126645937652], "GEVA": [0.036781818181818186, 0.05530126645937652], "GHDX": [-0.047999999999999994, 0.05530126645937652], "GILD": [0.16953846153846155, 0.05530126645937652], "GNVC": [0.01763157894736842, 0.05530126645937652], "GPRO": [0.3939, 0.05530126645937652], "GTXI": [0.0, 0.05530126645937652], "GWPH": [0.0, 0.05530126645937652], "HALO": [-0.0020592592592592585, 0.05530126645937652], "HBIO": [0.0, 0.05530126645937652], "HZNP": [0.059199999999999996, 0.05530126645937652], "ICEL": [0.2767, 0.05530126645937652], "ICY": [0.0, 0.05530126645937652], "ILMN": [0.06808, 0.05530126645937652], "ILU": [0.03038749999999997, 0.05530126645937652], "IMGN": [-0.6597, 0.05530126645937652], "IMMU": [0.05271666666666668, 0.05530126645937652], "INCR": [0.30442307692307696, 0.05530126645937652], "INCY": [0.360275, 0.05530126645937652], "INFI": [-0.02007647058823531, 0.05530126645937652], "INGN": [-0.8271, 0.05530126645937652], "INO": [-0.00487058823529412, 0.05530126645937652], "INSM": [0.0, 0.05530126645937652], "INVA": [-0.07939999999999998, 0.05530126645937652], "IONS": [0.06692641509433964, 0.05530126645937652], "IRWD": [0.06615882352941177, 0.05530126645937652], "ISIS": [-0.03444666666666666, 0.05530126645937652], "ISPH": [0.836, 0.05530126645937652], "ISTA": [0.07725, 0.05530126645937652], "JAZZ": [0.0, 0.05530126645937652], "KERX": [0.06904615384615384, 0.05530126645937652], "KYTH": [0.0, 0.05530126645937652], "LBIO": [0.104375, 0.05530126645937652], "LGND": [0.374575, 0.05530126645937652], "LIFE": [-0.31893799999999983, 0.05530126645937652], "LMNX": [0.0, 0.05530126645937652], "MACK": [0.5719, 0.05530126645937652], "MDVN": [-0.39769999999999994, 0.05530126645937652], "MEDI": [-0.010528000000000004, 0.05530126645937652], "MNK": [0.1484, 0.05530126645937652], "MNKD": [0.1484, 0.05530126645937652], "MYL": [0.05146666666666667, 0.05530126645937652], "NBIX": [0.0, 0.05530126645937652], "NERV": [-0.3953, 0.05530126645937652], "NH": [-0.04039999999999999, 0.05530126645937652], "NK": [0.12289152542372883, 0.05530126645937652], "NPSP": [0.19556785714285715, 0.05530126645937652], "NSTG": [0.4574, 0.05530126645937652], "NVAX": [0.012390000000000005, 0.05530126645937652], "OMED": [0.265525, 0.05530126645937652], "OMER": [0.03325066666666667, 0.05530126645937652], "ONCE": [0.2674166666666667, 0.05530126645937652], "ONTX": [0.1565888888888889, 0.05530126645937652], "ONTY": [-0.0012653846153846083, 0.05530126645937652], "ONVO": [0.18323333333333336, 0.05530126645937652], "OPHT": [0.08736250000000001, 0.05530126645937652], "OPK": [-0.024033333333333323, 0.05530126645937652], "ORCH": [-0.6249, 0.05530126645937652], "OREX": [0.06596857142857145, 0.05530126645937652], "OSCI": [0.17439444444444444, 0.05530126645937652], "OSIR": [0.19063333333333332, 0.05530126645937652], "OTIC": [0.8481, 0.05530126645937652], "OVAS": [0.0, 0.05530126645937652], "PACB": [0.04441103896103894, 0.05530126645937652], "PANC": [-0.148, 0.05530126645937652], "PCRX": [0.0, 0.05530126645937652], "POZN": [0.3612, 0.05530126645937652], "PTCT": [0.0, 0.05530126645937652], "QCOR": [0.282575, 0.05530126645937652], "RARE": [-0.02114285714285714, 0.05530126645937652], "RDEA": [-0.6249, 0.05530126645937652], "REGN": [-0.07524285714285714, 0.05530126645937652], "RNAI": [0.36125, 0.05530126645937652], "RPTP": [0.04877499999999999, 0.05530126645937652], "SAGE": [0.18976470588235295, 0.05530126645937652], "SCLN": [0.2294, 0.05530126645937652], "SCMP": [0.0, 0.05530126645937652], "SGEN": [0.4730666666666667, 0.05530126645937652], "SGYP": [0.5719, 0.05530126645937652], "SHPG": [-0.5267, 0.05530126645937652], "SIGA": [0.0, 0.05530126645937652], "SNTA": [-0.06013999999999997, 0.05530126645937652], "SNTS": [0.14880000000000002, 0.05530126645937652], "SPPI": [0.4588, 0.05530126645937652], "SQNM": [-0.10888333333333333, 0.05530126645937652], "SRPT": [0.18398571428571425, 0.05530126645937652], "STEM": [0.10153157894736842, 0.05530126645937652], "SUPN": [0.05654666666666667, 0.05530126645937652], "TARO": [0.3818, 0.05530126645937652], "TBPH": [0.4019, 0.05530126645937652], "TECH": [0.05777837837837838, 0.05530126645937652], "TEVA": [0.0, 0.05530126645937652], "THRX": [0.06698333333333333, 0.05530126645937652], "TRGT": [0.1343, 0.05530126645937652], "TSRO": [-0.34, 0.05530126645937652], "USD": [0.0010641791044776222, 0.05530126645937652], "VICL": [0.0, 0.05530126645937652], "VNDA": [0.24366666666666661, 0.05530126645937652], "VPHM": [0.0889, 0.05530126645937652], "VRTX": [0.20232857142857144, 0.05530126645937652], "VVUS": [-0.022450000000000008, 0.05530126645937652], "XLRN": [0.0, 0.05530126645937652], "ZGNX": [0.0, 0.05530126645937652], "ZLCS": [0.39399999999999996, 0.05530126645937652]}