{"AST": [0.7121, 0.14324074074074072], "CTIC": [0.29205, 0.14324074074074072], "ENCY": [-0.3182, 0.14324074074074072], "GILD": [0.0, 0.14324074074074072], "LIFE": [0.0258, 0.14324074074074072], "NK": [0.4019, 0.14324074074074072], "NVAX": [0.26526666666666665, 0.14324074074074072], "SAGE": [0.29205, 0.14324074074074072], "SVA": [-0.3818, 0.14324074074074072]}