{"ACAD": [0.57472, 0.16096768118101515], "ACHN": [0.0, 0.16096768118101515], "ADRO": [0.0, 0.16096768118101515], "AFFY": [0.0, 0.16096768118101515], "AKRX": [0.5106, 0.16096768118101515], "ALKS": [0.3185142857142857, 0.16096768118101515], "ALTH": [0.38728, 0.16096768118101515], "ALXN": [0.3063142857142858, 0.16096768118101515], "AMAG": [0.0, 0.16096768118101515], "AMGN": [0.0, 0.16096768118101515], "AMLN": [0.19701176470588233, 0.16096768118101515], "AMRN": [0.1129375, 0.16096768118101515], "APCVZ&": [0.5204, 0.16096768118101515], "APPX": [0.5204, 0.16096768118101515], "ARIA": [0.0, 0.16096768118101515], "ARNA": [0.0489368421052632, 0.16096768118101515], "ARQL": [0.0, 0.16096768118101515], "ARRY": [0.0, 0.16096768118101515], "ARXT": [0.5204, 0.16096768118101515], "ASPX": [-0.012670212765957445, 0.16096768118101515], "AST": [-0.034602857142857144, 0.16096768118101515], "ASTX": [-0.2021294117647059, 0.16096768118101515], "AUXL": [0.0, 0.16096768118101515], "AVEO": [0.0, 0.16096768118101515], "AVII": [0.29245, 0.16096768118101515], "AXCA": [0.5204, 0.16096768118101515], "BGIXX": [0.5204, 0.16096768118101515], "BIVN": [0.5204, 0.16096768118101515], "BLKFDS": [0.5204, 0.16096768118101515], "BLUE": [0.12765, 0.16096768118101515], "BLUS": [0.5204, 0.16096768118101515], "BMRN": [0.52075, 0.16096768118101515], "BMTI": [0.0, 0.16096768118101515], "BPAX": [0.3951428571428572, 0.16096768118101515], "BRIXX": [0.5204, 0.16096768118101515], "BTRX": [0.5204, 0.16096768118101515], "CADX": [0.0, 0.16096768118101515], "CALP": [0.0, 0.16096768118101515], "CBPO": [0.17020000000000002, 0.16096768118101515], "CHRS": [0.5859, 0.16096768118101515], "CLDX": [-0.009424285714285713, 0.16096768118101515], "COLY": [0.5204, 0.16096768118101515], "CRA": [0.0, 0.16096768118101515], "CTIC": [0.0, 0.16096768118101515], "CYTX": [0.0, 0.16096768118101515], "DEPO": [-0.1366, 0.16096768118101515], "DNDN": [0.0, 0.16096768118101515], "DRAX": [0.5204, 0.16096768118101515], "DRRX": [0.3592, 0.16096768118101515], "DVAX": [0.1779, 0.16096768118101515], "ENCY": [0.5204, 0.16096768118101515], "ENDP": [0.06262857142857144, 0.16096768118101515], "EURX": [0.5204, 0.16096768118101515], "EXEL": [0.0, 0.16096768118101515], "FOLD": [0.4404, 0.16096768118101515], "FURX": [0.0, 0.16096768118101515], "GHDX": [0.0, 0.16096768118101515], "GNTA": [0.0, 0.16096768118101515], "GPRO": [0.0, 0.16096768118101515], "HGSI": [0.0, 0.16096768118101515], "HITK": [0.0, 0.16096768118101515], "HZNP": [0.0, 0.16096768118101515], "ICY": [0.13633333333333333, 0.16096768118101515], "IDIX": [0.57472, 0.16096768118101515], "ILMN": [0.0, 0.16096768118101515], "ILU": [0.5204, 0.16096768118101515], "IMGN": [0.0, 0.16096768118101515], "IMMU": [-0.6597, 0.16096768118101515], "INO": [0.0, 0.16096768118101515], "IONS": [0.027533333333333337, 0.16096768118101515], "IRWD": [0.0, 0.16096768118101515], "ISTA": [0.0, 0.16096768118101515], "ITMN": [0.3592, 0.16096768118101515], "KERX": [0.13636666666666666, 0.16096768118101515], "LBIO": [0.0, 0.16096768118101515], "LIFE": [0.0, 0.16096768118101515], "LMNX": [0.0, 0.16096768118101515], "MDVN": [0.05146666666666667, 0.16096768118101515], "MEDI": [0.1418555555555556, 0.16096768118101515], "MNK": [0.7184, 0.16096768118101515], "MNKD": [0.7184, 0.16096768118101515], "MRNA": [0.3592, 0.16096768118101515], "MYGN": [0.0, 0.16096768118101515], "NFLD": [0.5204, 0.16096768118101515], "NH": [0.20015, 0.16096768118101515], "NK": [0.042665, 0.16096768118101515], "NKTR": [0.04242222222222222, 0.16096768118101515], "NPSP": [0.0, 0.16096768118101515], "NRMX": [0.5204, 0.16096768118101515], "NVAX": [0.2394666666666667, 0.16096768118101515], "OMED": [-0.46645, 0.16096768118101515], "ONCE": [0.0258, 0.16096768118101515], "ONTY": [0.0, 0.16096768118101515], "ONXX": [0.010149253731343285, 0.16096768118101515], "OPTR": [0.0, 0.16096768118101515], "OREX": [0.1806, 0.16096768118101515], "OSCI": [0.5204, 0.16096768118101515], "OSIR": [0.44040000000000007, 0.16096768118101515], "PACB": [0.2394666666666667, 0.16096768118101515], "PANC": [-0.6597, 0.16096768118101515], "PCRX": [0.0, 0.16096768118101515], "PCYC": [0.0, 0.16096768118101515], "PGNX": [0.0, 0.16096768118101515], "PRGO": [0.0, 0.16096768118101515], "SAGE": [-0.06743333333333333, 0.16096768118101515], "SGEN": [0.0, 0.16096768118101515], "SGYP": [0.0, 0.16096768118101515], "SLXA": [0.5204, 0.16096768118101515], "SLXP": [0.0, 0.16096768118101515], "SNTA": [0.07184, 0.16096768118101515], "SNTS": [0.0, 0.16096768118101515], "STEM": [0.0, 0.16096768118101515], "TARO": [-0.3182, 0.16096768118101515], "TECH": [-0.012019780219780216, 0.16096768118101515], "TEVA": [0.0, 0.16096768118101515], "THLD": [0.5849, 0.16096768118101515], "TNOX": [0.5204, 0.16096768118101515], "TWTI": [0.5204, 0.16096768118101515], "USD": [0.008899333333333332, 0.16096768118101515], "UTHR": [0.0, 0.16096768118101515], "VRNM": [-0.2732, 0.16096768118101515], "VRTX": [0.44308571428571436, 0.16096768118101515], "VVUS": [0.01222500000000002, 0.16096768118101515], "XNPT": [0.16053333333333333, 0.16096768118101515], "ZGNX": [0.1779, 0.16096768118101515], "ZLCS": [0.5131428571428571, 0.16096768118101515]}