{"ACAD": [0.0, 0.06833904209877109], "ACHN": [0.036491836734693875, 0.06833904209877109], "ACOR": [0.0, 0.06833904209877109], "ACRX": [0.0, 0.06833904209877109], "ADRO": [0.16654, 0.06833904209877109], "AFFX": [0.34709090909090917, 0.06833904209877109], "AFFY": [0.1698854545454546, 0.06833904209877109], "AKRX": [-0.00626666666666667, 0.06833904209877109], "ALIM": [0.16252, 0.06833904209877109], "ALKS": [0.6033499999999999, 0.06833904209877109], "ALNY": [-0.2732, 0.06833904209877109], "ALTH": [-0.09424285714285714, 0.06833904209877109], "ALXA": [0.0, 0.06833904209877109], "ALXN": [0.15423809523809526, 0.06833904209877109], "AMGN": [0.0898, 0.06833904209877109], "AMLN": [0.07819375, 0.06833904209877109], "AMRN": [0.12705405405405407, 0.06833904209877109], "ANAC": [0.148, 0.06833904209877109], "ANIP": [-0.7536, 0.06833904209877109], "ARIA": [0.07294285714285716, 0.06833904209877109], "ARNA": [0.038275, 0.06833904209877109], "ASPX": [0.22210000000000002, 0.06833904209877109], "AST": [0.06575932203389832, 0.06833904209877109], "ASTX": [0.5563, 0.06833904209877109], "AVII": [0.11576666666666667, 0.06833904209877109], "AVNR": [0.08808, 0.06833904209877109], "BCRX": [0.04683333333333333, 0.06833904209877109], "BIIB": [0.2202, 0.06833904209877109], "BIOD": [0.0, 0.06833904209877109], "BLUE": [0.0, 0.06833904209877109], "BMRN": [0.0, 0.06833904209877109], "BMTI": [0.0, 0.06833904209877109], "BPAX": [0.1338677419354839, 0.06833904209877109], "CALP": [-0.05426086956521739, 0.06833904209877109], "CASC": [0.0, 0.06833904209877109], "CBPO": [0.0, 0.06833904209877109], "CBRX": [0.0, 0.06833904209877109], "CBST": [0.0, 0.06833904209877109], "CELG": [0.09693333333333333, 0.06833904209877109], "CEMP": [-0.00469, 0.06833904209877109], "CERS": [-0.11839999999999999, 0.06833904209877109], "CGEN": [-0.6597, 0.06833904209877109], "CHRS": [0.0, 0.06833904209877109], "CLDX": [-0.20160625000000001, 0.06833904209877109], "CLVS": [0.296, 0.06833904209877109], "COLL": [0.4610769230769231, 0.06833904209877109], "CRA": [-0.022871428571428574, 0.06833904209877109], "CRIS": [0.3172173913043479, 0.06833904209877109], "CSKI": [0.0, 0.06833904209877109], "CTIC": [0.21075, 0.06833904209877109], "CYTK": [0.0, 0.06833904209877109], "CYTX": [0.3182, 0.06833904209877109], "DEPO": [0.06416666666666666, 0.06833904209877109], "DNDN": [0.23206111111111113, 0.06833904209877109], "DSCO": [0.5372600000000001, 0.06833904209877109], "DVAX": [-0.12292222222222222, 0.06833904209877109], "DYAX": [0.4019, 0.06833904209877109], "ECYT": [0.19659, 0.06833904209877109], "ENDP": [0.3863000000000001, 0.06833904209877109], "ENTA": [-0.27763333333333334, 0.06833904209877109], "ENZN": [0.0, 0.06833904209877109], "EXEL": [0.2513571428571429, 0.06833904209877109], "FACT": [0.0, 0.06833904209877109], "FOLD": [0.4404, 0.06833904209877109], "FURX": [0.35875, 0.06833904209877109], "GERN": [0.08038, 0.06833904209877109], "GILD": [0.0697218181818182, 0.06833904209877109], "GTXI": [-0.5262333333333333, 0.06833904209877109], "HALO": [0.2287, 0.06833904209877109], "HGSI": [0.4479714285714286, 0.06833904209877109], "HITK": [0.2294, 0.06833904209877109], "HZNP": [0.1953, 0.06833904209877109], "ICEL": [0.45345, 0.06833904209877109], "IDIX": [0.062068794326241156, 0.06833904209877109], "ILMN": [0.0, 0.06833904209877109], "ILU": [0.27115, 0.06833904209877109], "IMGN": [0.0, 0.06833904209877109], "INCR": [0.0, 0.06833904209877109], "INCY": [0.13212000000000002, 0.06833904209877109], "INFI": [0.0, 0.06833904209877109], "INHX": [-0.050957142857142874, 0.06833904209877109], "INO": [0.1531, 0.06833904209877109], "IONS": [0.16050833333333336, 0.06833904209877109], "IPXL": [0.0, 0.06833904209877109], "ISTA": [0.15514999999999998, 0.06833904209877109], "JAZZ": [-0.06583333333333335, 0.06833904209877109], "KERX": [0.15032666666666664, 0.06833904209877109], "LBIO": [0.15801666666666667, 0.06833904209877109], "LIFE": [0.09545, 0.06833904209877109], "LMNX": [0.0, 0.06833904209877109], "MACK": [0.0, 0.06833904209877109], "MDVN": [0.19953684210526318, 0.06833904209877109], "MEDI": [0.08333333333333333, 0.06833904209877109], "MNK": [0.017046875000000003, 0.06833904209877109], "MNKD": [0.017046875000000003, 0.06833904209877109], "MNOV": [0.0, 0.06833904209877109], "MRNA": [0.0, 0.06833904209877109], "MYGN": [0.0, 0.06833904209877109], "MYL": [0.35085714285714287, 0.06833904209877109], "MYRX": [0.0, 0.06833904209877109], "NBIX": [0.0, 0.06833904209877109], "NH": [-0.007822222222222223, 0.06833904209877109], "NK": [0.024748750000000003, 0.06833904209877109], "NKTR": [-0.1027, 0.06833904209877109], "NVAX": [0.30216666666666664, 0.06833904209877109], "OMED": [0.119175, 0.06833904209877109], "ONCE": [0.13591999999999999, 0.06833904209877109], "ONTY": [0.13587428571428573, 0.06833904209877109], "OPK": [0.10398333333333333, 0.06833904209877109], "OREX": [0.043866666666666665, 0.06833904209877109], "OSCI": [0.0, 0.06833904209877109], "OTIC": [0.189475, 0.06833904209877109], "PACB": [0.2197, 0.06833904209877109], "PANC": [-0.5035555555555556, 0.06833904209877109], "PGNX": [-0.47670000000000007, 0.06833904209877109], "PRGO": [0.0, 0.06833904209877109], "QCOR": [0.10115, 0.06833904209877109], "REGN": [0.11986470588235294, 0.06833904209877109], "RNAI": [-0.2732, 0.06833904209877109], "SAGE": [0.1771263157894737, 0.06833904209877109], "SCMP": [0.068, 0.06833904209877109], "SGMO": [-0.2566846153846154, 0.06833904209877109], "SIGA": [0.0, 0.06833904209877109], "SNTA": [0.0, 0.06833904209877109], "SNTS": [0.0, 0.06833904209877109], "SQNM": [-0.04526, 0.06833904209877109], "STEM": [0.0625, 0.06833904209877109], "TECH": [0.22506268656716427, 0.06833904209877109], "TEVA": [0.612, 0.06833904209877109], "THLD": [0.11559473684210526, 0.06833904209877109], "THRX": [0.0, 0.06833904209877109], "TRGT": [0.0, 0.06833904209877109], "TSRX": [0.0, 0.06833904209877109], "USD": [0.06276134969325155, 0.06833904209877109], "UTHR": [0.2023, 0.06833904209877109], "VICL": [0.0, 0.06833904209877109], "VPHM": [0.02732, 0.06833904209877109], "VRTX": [0.17667432432432434, 0.06833904209877109], "VRUS": [-0.01934444444444444, 0.06833904209877109], "VVUS": [0.027107692307692294, 0.06833904209877109], "WCRX": [0.0, 0.06833904209877109], "XNPT": [-0.47670000000000007, 0.06833904209877109], "XOMA": [0.0, 0.06833904209877109], "ZGNX": [0.0, 0.06833904209877109], "ZLCS": [0.1282875, 0.06833904209877109]}