{"ACOR": [0.0, 0.11988985014024128], "AFFX": [0.0, 0.11988985014024128], "AFFY": [0.2023, 0.11988985014024128], "ALKS": [0.0, 0.11988985014024128], "ALTH": [-0.2294, 0.11988985014024128], "AMGN": [0.2114714285714286, 0.11988985014024128], "AMLN": [0.25, 0.11988985014024128], "AMRN": [0.0, 0.11988985014024128], "ANDS": [0.1027, 0.11988985014024128], "ARIA": [0.11717999999999999, 0.11988985014024128], "ARQL": [0.0, 0.11988985014024128], "ARRY": [0.0, 0.11988985014024128], "ASPX": [0.07732727272727273, 0.11988985014024128], "AST": [0.09100000000000003, 0.11988985014024128], "ATRA": [0.5994, 0.11988985014024128], "AVII": [0.13396666666666665, 0.11988985014024128], "AVNR": [0.4939, 0.11988985014024128], "BJGP": [0.0, 0.11988985014024128], "BMRN": [0.296, 0.11988985014024128], "CBPO": [0.0, 0.11988985014024128], "CBRX": [0.0, 0.11988985014024128], "CELG": [0.05666666666666667, 0.11988985014024128], "CEPH": [0.35808124999999996, 0.11988985014024128], "CHRS": [0.29223999999999994, 0.11988985014024128], "COLL": [-0.24695, 0.11988985014024128], "CRA": [0.0, 0.11988985014024128], "CYTK": [0.3242428571428572, 0.11988985014024128], "DEPO": [0.23626666666666665, 0.11988985014024128], "DERM": [-0.5267, 0.11988985014024128], "DNDN": [0.4404, 0.11988985014024128], "DRRX": [0.0, 0.11988985014024128], "DVAX": [0.0, 0.11988985014024128], "ENCY": [0.0, 0.11988985014024128], "ENDP": [0.7269, 0.11988985014024128], "ENTA": [0.0, 0.11988985014024128], "ENZN": [0.0258, 0.11988985014024128], "EXEL": [0.4588, 0.11988985014024128], "FACT": [-0.3887, 0.11988985014024128], "GENZ": [0.22250000000000003, 0.11988985014024128], "GERN": [0.31845, 0.11988985014024128], "GEVA": [0.023575, 0.11988985014024128], "GHDX": [0.0, 0.11988985014024128], "GILD": [0.5859, 0.11988985014024128], "GTXI": [-0.4588, 0.11988985014024128], "ICEL": [0.8402, 0.11988985014024128], "ILMN": [0.06785, 0.11988985014024128], "IMGN": [0.0, 0.11988985014024128], "IMMU": [0.0, 0.11988985014024128], "INFI": [-0.09664999999999999, 0.11988985014024128], "INHX": [0.1326527777777778, 0.11988985014024128], "IONS": [-0.006342857142857142, 0.11988985014024128], "IPXL": [0.0, 0.11988985014024128], "IRWD": [0.5106, 0.11988985014024128], "ISIS": [0.08895, 0.11988985014024128], "ISPH": [0.0, 0.11988985014024128], "ISTA": [0.7088, 0.11988985014024128], "ITMN": [0.0, 0.11988985014024128], "JAZZ": [0.152275, 0.11988985014024128], "KERX": [0.29205, 0.11988985014024128], "LBIO": [0.13949999999999999, 0.11988985014024128], "LGND": [0.0, 0.11988985014024128], "LIFE": [0.7088, 0.11988985014024128], "MDVN": [0.0, 0.11988985014024128], "MNK": [0.037, 0.11988985014024128], "MNKD": [0.037, 0.11988985014024128], "MNTA": [0.1806, 0.11988985014024128], "MYGN": [0.6369, 0.11988985014024128], "MYL": [0.23343333333333335, 0.11988985014024128], "NH": [0.1482585365853659, 0.11988985014024128], "NK": [0.11302894736842105, 0.11988985014024128], "NKTR": [0.07765833333333334, 0.11988985014024128], "NVAX": [0.0, 0.11988985014024128], "ONCE": [0.6404000000000001, 0.11988985014024128], "ONXX": [-0.08844999999999999, 0.11988985014024128], "OPK": [-0.6705, 0.11988985014024128], "OPTR": [0.4201, 0.11988985014024128], "OREX": [0.08324000000000001, 0.11988985014024128], "OSIR": [0.0, 0.11988985014024128], "PANC": [-0.5719, 0.11988985014024128], "PRGO": [0.3818, 0.11988985014024128], "PTIE": [-0.07655, 0.11988985014024128], "QCOR": [-0.10206666666666668, 0.11988985014024128], "QLTI": [0.0, 0.11988985014024128], "SAGE": [0.4247571428571428, 0.11988985014024128], "SLXP": [0.1468, 0.11988985014024128], "SNTA": [-0.1591, 0.11988985014024128], "SQNM": [-0.1806, 0.11988985014024128], "TECH": [0.0756125, 0.11988985014024128], "TEVA": [0.3684090909090909, 0.11988985014024128], "THLD": [-0.1366, 0.11988985014024128], "USD": [-0.21495833333333333, 0.11988985014024128], "VRUS": [0.4767, 0.11988985014024128], "VVUS": [0.25835, 0.11988985014024128], "XNPT": [0.0, 0.11988985014024128], "XOMA": [0.0, 0.11988985014024128], "ZLCS": [0.6369, 0.11988985014024128]}