{"AFFX": [0.06434999999999999, 0.05067515468045124], "AFFY": [0.06434999999999999, 0.05067515468045124], "AGEN": [0.0, 0.05067515468045124], "AKRX": [0.077975, 0.05067515468045124], "ALTH": [-0.6486, 0.05067515468045124], "ALXA": [0.5859, 0.05067515468045124], "AMGN": [-0.32985, 0.05067515468045124], "AMRN": [0.18575, 0.05067515468045124], "ANDS": [0.0, 0.05067515468045124], "ARWR": [0.0, 0.05067515468045124], "ASPX": [0.10448799999999998, 0.05067515468045124], "AST": [0.10680909090909091, 0.05067515468045124], "AVNR": [0.15204250000000002, 0.05067515468045124], "BIIB": [0.0, 0.05067515468045124], "BIOD": [0.2652545454545455, 0.05067515468045124], "BJGP": [0.2836125, 0.05067515468045124], "BLUE": [0.4319, 0.05067515468045124], "BMRN": [0.148, 0.05067515468045124], "BPAX": [0.20095, 0.05067515468045124], "CADX": [0.2149653061224489, 0.05067515468045124], "CELG": [0.0, 0.05067515468045124], "CERS": [0.5574, 0.05067515468045124], "CLDX": [0.0, 0.05067515468045124], "CRA": [0.0, 0.05067515468045124], "CRIS": [-0.08196666666666665, 0.05067515468045124], "CSKI": [0.0, 0.05067515468045124], "CYTX": [0.3612, 0.05067515468045124], "DVAX": [0.0, 0.05067515468045124], "ENCY": [-0.16515000000000002, 0.05067515468045124], "ENDP": [-0.148, 0.05067515468045124], "ENTA": [-0.4215, 0.05067515468045124], "ENZN": [0.13486666666666666, 0.05067515468045124], "EXEL": [0.100475, 0.05067515468045124], "GERN": [-0.46914, 0.05067515468045124], "GNTA": [0.401, 0.05067515468045124], "GRFS": [-0.5859, 0.05067515468045124], "HGSI": [-0.16419999999999998, 0.05067515468045124], "ILMN": [0.2023, 0.05067515468045124], "IMMU": [0.534, 0.05067515468045124], "INCR": [0.6908, 0.05067515468045124], "INCY": [-0.0696, 0.05067515468045124], "INO": [0.3177666666666667, 0.05067515468045124], "INSM": [0.0, 0.05067515468045124], "IONS": [0.0, 0.05067515468045124], "IPXL": [0.13396666666666665, 0.05067515468045124], "IRWD": [0.5574, 0.05067515468045124], "ISTA": [0.0, 0.05067515468045124], "JAZZ": [0.13396666666666665, 0.05067515468045124], "KERX": [0.16640000000000002, 0.05067515468045124], "LBIO": [0.0, 0.05067515468045124], "LIFE": [0.09866666666666667, 0.05067515468045124], "MACK": [0.0, 0.05067515468045124], "MAXY": [0.0, 0.05067515468045124], "MEDI": [0.45930000000000004, 0.05067515468045124], "MNK": [0.29745625000000003, 0.05067515468045124], "MNKD": [0.29745625000000003, 0.05067515468045124], "MNTA": [-0.21075, 0.05067515468045124], "MYGN": [0.0, 0.05067515468045124], "MYL": [0.2288, 0.05067515468045124], "NH": [-0.6908, 0.05067515468045124], "NK": [0.174324, 0.05067515468045124], "NKTR": [-0.6597, 0.05067515468045124], "NPSP": [0.0, 0.05067515468045124], "NVAX": [0.3454, 0.05067515468045124], "OMED": [0.45930000000000004, 0.05067515468045124], "OMER": [-0.6597, 0.05067515468045124], "ORCH": [0.0, 0.05067515468045124], "OREX": [0.155275, 0.05067515468045124], "OTIC": [0.5859, 0.05067515468045124], "POZN": [0.0, 0.05067515468045124], "RARE": [-0.6908, 0.05067515468045124], "SAGE": [0.18619999999999998, 0.05067515468045124], "SGEN": [-0.0002687500000000016, 0.05067515468045124], "SHPG": [0.0, 0.05067515468045124], "SNTS": [0.0, 0.05067515468045124], "SPPI": [0.0, 0.05067515468045124], "SQNM": [0.34, 0.05067515468045124], "STEM": [0.0, 0.05067515468045124], "TECH": [0.24905999999999998, 0.05067515468045124], "TELK": [0.0, 0.05067515468045124], "TEVA": [-0.1077037037037037, 0.05067515468045124], "TLCR": [0.17406666666666668, 0.05067515468045124], "USD": [-0.19735555555555556, 0.05067515468045124], "VPHM": [0.0, 0.05067515468045124], "VRTX": [-0.006199999999999983, 0.05067515468045124], "VRUS": [0.0, 0.05067515468045124], "VVUS": [0.016879999999999996, 0.05067515468045124], "WCRX": [-0.6486, 0.05067515468045124], "XOMA": [0.21989999999999998, 0.05067515468045124]}