{"AAVL": [0.14274166666666666, 0.13556349292305742], "ACAD": [0.1840933333333334, 0.13556349292305742], "ACHN": [0.11899230769230769, 0.13556349292305742], "ACOR": [-0.03522222222222222, 0.13556349292305742], "ACRX": [0.2889, 0.13556349292305742], "ADMS": [0.20165, 0.13556349292305742], "ADRO": [0.13321739130434782, 0.13556349292305742], "AEGR": [0.22746666666666668, 0.13556349292305742], "AERI": [0.07911111111111112, 0.13556349292305742], "AFFX": [0.24969999999999995, 0.13556349292305742], "AFFY": [0.47569999999999996, 0.13556349292305742], "AFMD": [0.2933, 0.13556349292305742], "AGEN": [0.09866666666666667, 0.13556349292305742], "AGIO": [0.15397826086956523, 0.13556349292305742], "AKBA": [0.026868085106382986, 0.13556349292305742], "AKRX": [0.030588888888888888, 0.13556349292305742], "ALDR": [0.592, 0.13556349292305742], "ALIM": [0.25015, 0.13556349292305742], "ALKS": [0.08616249999999999, 0.13556349292305742], "ALNY": [-0.1297, 0.13556349292305742], "ALTH": [0.22361428571428577, 0.13556349292305742], "ALTU": [0.5003, 0.13556349292305742], "ALXA": [0.0, 0.13556349292305742], "ALXN": [-0.17102608695652174, 0.13556349292305742], "AMAG": [-0.053090909090909105, 0.13556349292305742], "AMGN": [-0.0027056603773584925, 0.13556349292305742], "AMRN": [0.16143030303030304, 0.13556349292305742], "ANAC": [0.10520465116279067, 0.13556349292305742], "ANDS": [0.0, 0.13556349292305742], "ANIP": [0.42375, 0.13556349292305742], "ANPI": [-0.2732, 0.13556349292305742], "ANTH": [0.190475, 0.13556349292305742], "APCVZ&": [0.0, 0.13556349292305742], "APPX": [0.0, 0.13556349292305742], "ARDX": [0.0, 0.13556349292305742], "ARIA": [0.0008234782608695696, 0.13556349292305742], "ARNA": [0.23179393939393936, 0.13556349292305742], "ARRY": [0.09236842105263157, 0.13556349292305742], "ARWR": [0.11500476190476194, 0.13556349292305742], "ARXT": [0.0, 0.13556349292305742], "ASPX": [0.15319310344827589, 0.13556349292305742], "AST": [0.030616190476190464, 0.13556349292305742], "ASTX": [0.5003, 0.13556349292305742], "ATRA": [0.05135, 0.13556349292305742], "AUXL": [0.0, 0.13556349292305742], "AVEO": [0.28154482758620697, 0.13556349292305742], "AVNR": [0.40874, 0.13556349292305742], "AXCA": [0.0, 0.13556349292305742], "BCRX": [0.12682222222222223, 0.13556349292305742], "BGIXX": [0.0, 0.13556349292305742], "BIIB": [-0.016009345794392525, 0.13556349292305742], "BIOD": [0.0, 0.13556349292305742], "BIVN": [0.0, 0.13556349292305742], "BLCM": [0.16858333333333334, 0.13556349292305742], "BLKFDS": [0.0, 0.13556349292305742], "BLUE": [0.1202079710144927, 0.13556349292305742], "BLUS": [0.0, 0.13556349292305742], "BMRN": [-0.09021851851851853, 0.13556349292305742], "BRIXX": [0.0, 0.13556349292305742], "BTRX": [0.0, 0.13556349292305742], "CADX": [0.5003000000000001, 0.13556349292305742], "CALP": [0.41873333333333335, 0.13556349292305742], "CARA": [0.10720714285714285, 0.13556349292305742], "CBPO": [-0.3182, 0.13556349292305742], "CBRX": [0.0, 0.13556349292305742], "CCXI": [0.5003, 0.13556349292305742], "CELG": [-0.020786607142857145, 0.13556349292305742], "CEMP": [0.19455555555555554, 0.13556349292305742], "CEPH": [-0.3071, 0.13556349292305742], "CERS": [0.36567500000000003, 0.13556349292305742], "CGPI": [0.0, 0.13556349292305742], "CHRS": [0.344775, 0.13556349292305742], "CLDN": [0.20816875, 0.13556349292305742], "CLDX": [0.24773243243243243, 0.13556349292305742], "CLVS": [0.0704741935483871, 0.13556349292305742], "CMRX": [0.0, 0.13556349292305742], "CNCE": [0.17616, 0.13556349292305742], "CNCT": [0.18520434782608694, 0.13556349292305742], "COLL": [0.36069999999999997, 0.13556349292305742], "COLY": [0.0, 0.13556349292305742], "CRA": [0.20672666666666667, 0.13556349292305742], "CRIS": [0.03869411764705882, 0.13556349292305742], "CRME": [0.30018, 0.13556349292305742], "CTIC": [0.6124, 0.13556349292305742], "CTRX": [0.267225, 0.13556349292305742], "CYTK": [0.0, 0.13556349292305742], "CYTX": [0.07543333333333334, 0.13556349292305742], "DEPO": [0.29118235294117645, 0.13556349292305742], "DERM": [0.0, 0.13556349292305742], "DRAX": [0.0, 0.13556349292305742], "DRRX": [0.0, 0.13556349292305742], "DSCO": [-0.10007222222222222, 0.13556349292305742], "DVAX": [0.0, 0.13556349292305742], "DYAX": [0.10468333333333332, 0.13556349292305742], "ECYT": [0.5003000000000001, 0.13556349292305742], "EDIT": [0.2609, 0.13556349292305742], "EGLT": [0.0, 0.13556349292305742], "EGRX": [0.2525, 0.13556349292305742], "EMIS": [0.0, 0.13556349292305742], "ENCY": [0.2881375, 0.13556349292305742], "ENDP": [0.17557777777777775, 0.13556349292305742], "ENTA": [0.029243103448275864, 0.13556349292305742], "ENZN": [0.12969647058823533, 0.13556349292305742], "EPZM": [0.230225, 0.13556349292305742], "ESPR": [-0.04634285714285713, 0.13556349292305742], "EURX": [0.0, 0.13556349292305742], "EXEL": [0.1468333333333333, 0.13556349292305742], "FACT": [-0.4501666666666666, 0.13556349292305742], "FGEN": [-0.3182, 0.13556349292305742], "FLKS": [0.29557500000000003, 0.13556349292305742], "FLXN": [0.025315384615384615, 0.13556349292305742], "FMI": [0.09786666666666667, 0.13556349292305742], "FOLD": [0.23618461538461538, 0.13556349292305742], "FOMX": [0.0, 0.13556349292305742], "FPRX": [0.30464166666666664, 0.13556349292305742], "GBT": [0.3476333333333333, 0.13556349292305742], "GENZ": [0.3384, 0.13556349292305742], "GERN": [0.21318888888888887, 0.13556349292305742], "GEVA": [0.5001666666666668, 0.13556349292305742], "GHDX": [-0.25456, 0.13556349292305742], "GILD": [0.0871179856115109, 0.13556349292305742], "GNVC": [0.5003, 0.13556349292305742], "GPRO": [0.050272222222222225, 0.13556349292305742], "GRFS": [0.3818, 0.13556349292305742], "GTOP": [0.3294, 0.13556349292305742], "GTXI": [0.148, 0.13556349292305742], "GWPH": [0.07171276595744681, 0.13556349292305742], "HALO": [-0.021936470588235304, 0.13556349292305742], "HBIO": [0.0, 0.13556349292305742], "HZNP": [0.13911262135922325, 0.13556349292305742], "ICEL": [0.48586666666666667, 0.13556349292305742], "ICPT": [0.13881951219512192, 0.13556349292305742], "ICY": [-0.010666666666666665, 0.13556349292305742], "IDIX": [0.3802, 0.13556349292305742], "ILMN": [0.12270400000000001, 0.13556349292305742], "ILU": [-0.093425, 0.13556349292305742], "IMCL": [0.3384, 0.13556349292305742], "IMDZ": [0.46902499999999997, 0.13556349292305742], "IMGN": [0.0, 0.13556349292305742], "IMMU": [0.18025, 0.13556349292305742], "INCR": [0.1974177777777778, 0.13556349292305742], "INCY": [-0.027014754098360662, 0.13556349292305742], "INFI": [0.09258000000000001, 0.13556349292305742], "INO": [0.20629999999999998, 0.13556349292305742], "INSY": [0.0019583333333333336, 0.13556349292305742], "IONS": [0.08777320261437908, 0.13556349292305742], "IPXL": [-0.05325714285714285, 0.13556349292305742], "IRWD": [-0.22015, 0.13556349292305742], "ISIS": [0.09655333333333332, 0.13556349292305742], "ISTA": [0.11182, 0.13556349292305742], "ITCI": [0.0, 0.13556349292305742], "JAZZ": [0.002542553191489363, 0.13556349292305742], "JUNO": [0.16925000000000004, 0.13556349292305742], "KERX": [0.25945217391304354, 0.13556349292305742], "KITE": [0.14695227272727274, 0.13556349292305742], "KMPH": [0.0, 0.13556349292305742], "KPTI": [-0.09574999999999997, 0.13556349292305742], "KYTH": [-0.02588888888888889, 0.13556349292305742], "LBIO": [0.13685874999999997, 0.13556349292305742], "LGND": [0.30018, 0.13556349292305742], "LIFE": [0.29854285714285717, 0.13556349292305742], "LOXO": [0.6249, 0.13556349292305742], "LXRX": [-0.1591, 0.13556349292305742], "MACK": [-0.1201076923076923, 0.13556349292305742], "MDCO": [-0.01146923076923077, 0.13556349292305742], "MDVN": [0.01528076923076924, 0.13556349292305742], "MEDI": [0.2706474048442915, 0.13556349292305742], "MEDX": [0.44040000000000007, 0.13556349292305742], "MGNX": [-0.013539999999999996, 0.13556349292305742], "MNK": [0.026821348314606756, 0.13556349292305742], "MNKD": [0.057475324675324686, 0.13556349292305742], "MNOV": [0.27848823529411765, 0.13556349292305742], "MNTA": [0.0782223880597015, 0.13556349292305742],