{"AAVL": [0.16413333333333335, 0.12908042684219173], "ACAD": [0.1999538461538462, 0.12908042684219173], "ACHN": [0.24518571428571428, 0.12908042684219173], "ACOR": [0.0, 0.12908042684219173], "ACRX": [-0.046237499999999994, 0.12908042684219173], "ADHD": [0.0, 0.12908042684219173], "ADMS": [-0.09904285714285711, 0.12908042684219173], "ADRO": [0.17864166666666662, 0.12908042684219173], "AEGR": [-0.05153076923076923, 0.12908042684219173], "AERI": [0.0, 0.12908042684219173], "AFFX": [0.09420909090909091, 0.12908042684219173], "AFFY": [0.11514444444444444, 0.12908042684219173], "AFMD": [0.20390625000000004, 0.12908042684219173], "AGEN": [0.1208, 0.12908042684219173], "AGIO": [0.0, 0.12908042684219173], "AGTC": [0.0, 0.12908042684219173], "AKBA": [0.4129125, 0.12908042684219173], "AKRX": [0.0666918918918919, 0.12908042684219173], "ALDR": [0.148, 0.12908042684219173], "ALIM": [0.35046666666666665, 0.12908042684219173], "ALKS": [0.1736424242424243, 0.12908042684219173], "ALNY": [0.36744000000000004, 0.12908042684219173], "ALTH": [0.08094025974025974, 0.12908042684219173], "ALXN": [0.25971470588235296, 0.12908042684219173], "AMAG": [0.0, 0.12908042684219173], "AMGN": [0.05165066666666667, 0.12908042684219173], "AMRI": [-0.23026666666666665, 0.12908042684219173], "AMRN": [0.21275833333333335, 0.12908042684219173], "ANAC": [0.1295375, 0.12908042684219173], "ANDS": [0.04526, 0.12908042684219173], "ANIP": [0.07955, 0.12908042684219173], "ANTH": [0.10135000000000001, 0.12908042684219173], "AQXP": [0.09046666666666665, 0.12908042684219173], "ARDX": [0.14584545454545453, 0.12908042684219173], "ARIA": [0.0678, 0.12908042684219173], "ARLZ": [0.34, 0.12908042684219173], "ARNA": [0.15338297872340426, 0.12908042684219173], "ARQL": [0.0, 0.12908042684219173], "ARRY": [0.08403999999999999, 0.12908042684219173], "ARWR": [0.2587615384615385, 0.12908042684219173], "ASPX": [-0.09065, 0.12908042684219173], "AST": [0.11039755244755241, 0.12908042684219173], "ASTX": [0.3454333333333333, 0.12908042684219173], "ATRA": [0.045538461538461535, 0.12908042684219173], "AVEO": [0.22488571428571427, 0.12908042684219173], "AVNR": [0.0, 0.12908042684219173], "AXCA": [0.0, 0.12908042684219173], "BCRX": [0.17271666666666666, 0.12908042684219173], "BIIB": [0.1707924528301887, 0.12908042684219173], "BIOD": [0.3522, 0.12908042684219173], "BLCM": [0.13253437499999998, 0.12908042684219173], "BLUE": [0.10224959349593489, 0.12908042684219173], "BMRN": [0.20251249999999996, 0.12908042684219173], "BPAX": [0.3182, 0.12908042684219173], "BPMC": [0.23243333333333335, 0.12908042684219173], "CADX": [0.3454333333333333, 0.12908042684219173], "CALP": [0.2068, 0.12908042684219173], "CARA": [0.32565, 0.12908042684219173], "CBPO": [0.2023, 0.12908042684219173], "CCXI": [0.6696, 0.12908042684219173], "CELG": [-0.00843612565445027, 0.12908042684219173], "CEMP": [0.0, 0.12908042684219173], "CEPH": [0.127, 0.12908042684219173], "CERS": [0.3022285714285714, 0.12908042684219173], "CGEN": [0.12765, 0.12908042684219173], "CHMA": [0.0, 0.12908042684219173], "CHRS": [0.3321, 0.12908042684219173], "CLCD": [0.0, 0.12908042684219173], "CLDN": [0.18384615384615388, 0.12908042684219173], "CLDX": [0.1362388888888889, 0.12908042684219173], "CLVS": [0.05607647058823532, 0.12908042684219173], "CMRX": [0.10853636363636364, 0.12908042684219173], "CNCE": [0.05666666666666667, 0.12908042684219173], "CNCT": [0.0, 0.12908042684219173], "COLL": [0.0920782608695652, 0.12908042684219173], "CRA": [0.048337500000000005, 0.12908042684219173], "CRIS": [0.012177777777777777, 0.12908042684219173], "CRME": [0.0, 0.12908042684219173], "CTIC": [0.2318842105263158, 0.12908042684219173], "CTRX": [0.2732, 0.12908042684219173], "CXRX": [0.0, 0.12908042684219173], "CYPB": [0.0, 0.12908042684219173], "CYTK": [0.1516392857142857, 0.12908042684219173], "CYTX": [0.29172916666666665, 0.12908042684219173], "DBVT": [0.089175, 0.12908042684219173], "DEPO": [0.22674285714285716, 0.12908042684219173], "DERM": [0.21874500000000002, 0.12908042684219173], "DIGE": [0.0, 0.12908042684219173], "DNAI": [0.2662, 0.12908042684219173], "DRNA": [0.15116923076923075, 0.12908042684219173], "DRRX": [0.0, 0.12908042684219173], "DSCO": [0.22662941176470575, 0.12908042684219173], "DVAX": [0.0701, 0.12908042684219173], "DYAX": [0.16423783783783788, 0.12908042684219173], "ECYT": [0.22319999999999998, 0.12908042684219173], "EDIT": [0.23306153846153846, 0.12908042684219173], "EGLT": [0.142975, 0.12908042684219173], "EGRX": [0.20711818181818184, 0.12908042684219173], "EMIS": [0.0, 0.12908042684219173], "ENCY": [0.63286, 0.12908042684219173], "ENDP": [0.2902354838709677, 0.12908042684219173], "ENTA": [0.25059555555555557, 0.12908042684219173], "ENZN": [0.20392857142857143, 0.12908042684219173], "EPZM": [0.2371, 0.12908042684219173], "ESPR": [0.3597625, 0.12908042684219173], "EXEL": [0.17233750000000003, 0.12908042684219173], "FACT": [-0.057555555555555554, 0.12908042684219173], "FGEN": [-0.21348735632183904, 0.12908042684219173], "FLKS": [-0.05349999999999999, 0.12908042684219173], "FLML": [0.0, 0.12908042684219173], "FLXN": [0.04933333333333333, 0.12908042684219173], "FMI": [0.08808, 0.12908042684219173], "FOLD": [0.029930000000000005, 0.12908042684219173], "FOMX": [-0.010820833333333335, 0.12908042684219173], "FPRX": [0.17438, 0.12908042684219173], "GBT": [0.3384, 0.12908042684219173], "GERN": [0.13761272727272725, 0.12908042684219173], "GEVA": [0.0909857142857143, 0.12908042684219173], "GILD": [-0.02485884244372991, 0.12908042684219173], "GNVC": [0.0, 0.12908042684219173], "GPRO": [0.07820685714285713, 0.12908042684219173], "GRFS": [-0.007554545454545455, 0.12908042684219173], "GWPH": [0.21851351351351345, 0.12908042684219173], "HALO": [0.07437714285714286, 0.12908042684219173], "HBIO": [0.39495, 0.12908042684219173], "HGSI": [0.0, 0.12908042684219173], "HZNP": [0.20910576923076926, 0.12908042684219173], "ICEL": [0.3568, 0.12908042684219173], "ICPT": [0.09486764705882354, 0.12908042684219173], "ICY": [0.0, 0.12908042684219173], "ILMN": [0.15762142857142858, 0.12908042684219173], "ILU": [-0.6363, 0.12908042684219173], "IMDZ": [0.26335, 0.12908042684219173], "IMGN": [0.14164285714285713, 0.12908042684219173], "IMMU": [0.09177837837837836, 0.12908042684219173], "INCR": [0.1609729166666667, 0.12908042684219173], "INCY": [0.038960869565217396, 0.12908042684219173], "INFI": [0.20777272727272725, 0.12908042684219173], "INO": [0.09356764705882352, 0.12908042684219173], "INSM": [-0.40182, 0.12908042684219173], "INSY": [0.278425, 0.12908042684219173], "IONS": [-0.01096774193548386, 0.12908042684219173], "IPXL": [0.30534, 0.12908042684219173], "IRWD": [0.22876, 0.12908042684219173], "ISIS": [0.15693846153846153, 0.12908042684219173], "ISPH": [0.0, 0.12908042684219173], "ISTA": [0.15978823529411765, 0.12908042684219173], "ITCI": [0.17845294117647054, 0.12908042684219173], "ITEK": [0.19304, 0.12908042684219173], "JAZZ": [0.057800000000000004, 0.12908042684219173], "JUNO": [0.09912063492063496, 0.12908042684219173], "KERX": [0.15270476190476195, 0.12908042684219173], "KITE": [0.11178271604938268, 0.12908042684219173], "KMPH": [0.0386, 0.12908042684219173], "KPTI": [0.28749375, 0.12908042684219173], "KYTH": [0.6588, 0.12908042684219173], "LBIO": [0.1151186046511628, 0.12908042684219173], "LGND": [0.20276, 0.12908042684219173], "LIFE": [0.19252222222222226, 0.12908042684219173], "LMNX": [0.296, 0.12908042684219173], "LOXO": [0.2987235294117647, 0.12908042684219173], "LXRX": [0.16087777777777776, 0.12908042684219173], "MACK": [-0.26646000000000003, 0.12908042684219173], "MAPP": [-0.44040000000000007, 0.12908042684219173], "MCRB": [0.19353333333333333, 0.12908042684219173], "MDCO": [-0.0411125, 0.12908042684219173], "MDVN": [0.09951176470588236, 0.12908042684219173], "MEDI": [0.24438292682926996, 0.12908042684219173], "MGNX": [0.25281818181818183, 0.12908042684219173], "MNK": [0.134342735042735, 0.12908042684219173], "MNKD": [0.18063902439024387, 0.12908042684219173],