{"ACAD": [0.18702380952380954, 0.02266826518440214], "ACOR": [0.4063, 0.02266826518440214], "AEGR": [0.04764, 0.02266826518440214], "AFFX": [0.3592, 0.02266826518440214], "AFFY": [0.2202, 0.02266826518440214], "AGEN": [0.05182500000000001, 0.02266826518440214], "AGIO": [0.0, 0.02266826518440214], "ALIM": [0.5382, 0.02266826518440214], "ALKS": [-0.31245, 0.02266826518440214], "ALTH": [0.32232222222222223, 0.02266826518440214], "ALXA": [-0.15309999999999996, 0.02266826518440214], "ALXN": [0.34, 0.02266826518440214], "AMGN": [0.1222, 0.02266826518440214], "AMPH": [0.0, 0.02266826518440214], "AMRN": [0.10965454545454548, 0.02266826518440214], "ANAC": [0.1901, 0.02266826518440214], "ANDS": [0.0, 0.02266826518440214], "ANIP": [-0.0516, 0.02266826518440214], "ANTH": [0.296, 0.02266826518440214], "APCVZ&": [-0.6662, 0.02266826518440214], "APPX": [-0.6662, 0.02266826518440214], "ARIA": [0.0, 0.02266826518440214], "ARNA": [0.19126274509803926, 0.02266826518440214], "ARRY": [0.16206, 0.02266826518440214], "ARWR": [0.34, 0.02266826518440214], "ARXT": [-0.6662, 0.02266826518440214], "ASPX": [0.19032, 0.02266826518440214], "AST": [0.07237021276595744, 0.02266826518440214], "ASTX": [0.1468, 0.02266826518440214], "ATRA": [0.0, 0.02266826518440214], "AUXL": [0.0, 0.02266826518440214], "AVNR": [-0.4767, 0.02266826518440214], "AXCA": [-0.14223999999999998, 0.02266826518440214], "BCRX": [0.0, 0.02266826518440214], "BGIXX": [-0.6662, 0.02266826518440214], "BIIB": [0.13815714285714284, 0.02266826518440214], "BIOD": [0.07491904761904764, 0.02266826518440214], "BIVN": [-0.6662, 0.02266826518440214], "BLKFDS": [-0.6662, 0.02266826518440214], "BLUE": [0.09251226415094337, 0.02266826518440214], "BLUS": [-0.6662, 0.02266826518440214], "BMRN": [0.5267, 0.02266826518440214], "BPAX": [0.4215, 0.02266826518440214], "BRIXX": [-0.6662, 0.02266826518440214], "BTRX": [-0.6662, 0.02266826518440214], "CBST": [0.09866666666666667, 0.02266826518440214], "CCXI": [0.0, 0.02266826518440214], "CELG": [0.08293478260869565, 0.02266826518440214], "CEMP": [0.0, 0.02266826518440214], "CERS": [0.1366, 0.02266826518440214], "CHRS": [0.0, 0.02266826518440214], "CLDX": [0.19844, 0.02266826518440214], "CLVS": [0.05957, 0.02266826518440214], "COLL": [0.010133333333333347, 0.02266826518440214], "COLY": [-0.6662, 0.02266826518440214], "CRA": [-0.15256923076923076, 0.02266826518440214], "CTIC": [0.050575, 0.02266826518440214], "CYTK": [0.1725, 0.02266826518440214], "DEPO": [0.2249875, 0.02266826518440214], "DERM": [0.296, 0.02266826518440214], "DIGE": [0.0, 0.02266826518440214], "DNDN": [0.2912, 0.02266826518440214], "DRAX": [-0.6662, 0.02266826518440214], "DRRX": [0.0, 0.02266826518440214], "DSCO": [0.0, 0.02266826518440214], "DVAX": [0.04801714285714286, 0.02266826518440214], "EGRX": [0.2942, 0.02266826518440214], "ENCY": [0.032466666666666644, 0.02266826518440214], "ENDP": [0.7351, 0.02266826518440214], "ENTA": [0.2217151515151515, 0.02266826518440214], "ENZN": [0.0, 0.02266826518440214], "EPZM": [0.1953, 0.02266826518440214], "EURX": [-0.6662, 0.02266826518440214], "FACT": [0.08676, 0.02266826518440214], "FMI": [0.5647166666666666, 0.02266826518440214], "FOLD": [-0.24123999999999998, 0.02266826518440214], "FURX": [0.0, 0.02266826518440214], "GERN": [0.13396666666666665, 0.02266826518440214], "GILD": [0.11355000000000001, 0.02266826518440214], "GTXI": [0.0, 0.02266826518440214], "HALO": [0.0, 0.02266826518440214], "ICEL": [0.4578333333333333, 0.02266826518440214], "ICOS": [0.25, 0.02266826518440214], "ICPT": [0.15000000000000002, 0.02266826518440214], "ICY": [-0.10873333333333333, 0.02266826518440214], "IDIX": [0.0, 0.02266826518440214], "ILMN": [0.0, 0.02266826518440214], "ILU": [-0.10825, 0.02266826518440214], "IMMU": [0.17118000000000003, 0.02266826518440214], "INCR": [0.19953333333333334, 0.02266826518440214], "INFI": [0.0, 0.02266826518440214], "INGN": [0.0, 0.02266826518440214], "INO": [-0.14701999999999998, 0.02266826518440214], "INSM": [0.03785263157894737, 0.02266826518440214], "IONS": [0.12607368421052634, 0.02266826518440214], "IRWD": [0.296, 0.02266826518440214], "ISIS": [0.0, 0.02266826518440214], "ISTA": [0.059387499999999996, 0.02266826518440214], "ITMN": [0.07887142857142855, 0.02266826518440214], "JAZZ": [0.1806, 0.02266826518440214], "KERX": [0.0437469696969697, 0.02266826518440214], "LBIO": [-0.007999999999999998, 0.02266826518440214], "LIFE": [0.330875, 0.02266826518440214], "LMNX": [0.0, 0.02266826518440214], "MACK": [0.03203333333333333, 0.02266826518440214], "MAPP": [0.2694, 0.02266826518440214], "MDVN": [0.17650000000000002, 0.02266826518440214], "MEDI": [0.0378470588235294, 0.02266826518440214], "MNK": [0.064652, 0.02266826518440214], "MNKD": [0.064652, 0.02266826518440214], "MNOV": [0.07802666666666667, 0.02266826518440214], "MNTA": [0.2083, 0.02266826518440214], "MYGN": [0.055216666666666664, 0.02266826518440214], "MYL": [0.0, 0.02266826518440214], "NBIX": [0.0758625, 0.02266826518440214], "NERV": [0.4215, 0.02266826518440214], "NFLD": [-0.6662, 0.02266826518440214], "NH": [0.07524285714285714, 0.02266826518440214], "NK": [0.0928706293706293, 0.02266826518440214], "NKTR": [-0.06133157894736843, 0.02266826518440214], "NLNK": [-0.04526000000000001, 0.02266826518440214], "NRMX": [-0.6662, 0.02266826518440214], "OMED": [0.24903750000000002, 0.02266826518440214], "OMER": [0.0, 0.02266826518440214], "OMPI": [0.0, 0.02266826518440214], "ONCE": [0.2888571428571428, 0.02266826518440214], "ONTX": [0.0, 0.02266826518440214], "ONTY": [-0.3182, 0.02266826518440214], "ONXX": [0.1806, 0.02266826518440214], "OPK": [-0.07655, 0.02266826518440214], "OREX": [0.21100303030303036, 0.02266826518440214], "OSCI": [-0.16655, 0.02266826518440214], "OTIC": [0.0, 0.02266826518440214], "OVAS": [0.0, 0.02266826518440214], "PACB": [0.4014, 0.02266826518440214], "PANC": [-0.6597, 0.02266826518440214], "PCYC": [0.0, 0.02266826518440214], "PGNX": [0.0, 0.02266826518440214], "PTCT": [0.06698333333333333, 0.02266826518440214], "QCOR": [0.12139333333333333, 0.02266826518440214], "RARE": [0.28636666666666666, 0.02266826518440214], "REGN": [0.0, 0.02266826518440214], "RIGL": [0.021871428571428573, 0.02266826518440214], "RNAI": [0.17521000000000003, 0.02266826518440214], "SAGE": [0.4063, 0.02266826518440214], "SGEN": [0.11333333333333334, 0.02266826518440214], "SGMO": [0.22555714285714284, 0.02266826518440214], "SGYP": [-0.06150000000000001, 0.02266826518440214], "SHPG": [0.1806, 0.02266826518440214], "SLXA": [-0.6662, 0.02266826518440214], "SNTA": [0.16565, 0.02266826518440214], "SNTS": [0.0, 0.02266826518440214], "SQNM": [0.19733333333333333, 0.02266826518440214], "SRPT": [0.16914232804232804, 0.02266826518440214], "STEM": [-0.1978, 0.02266826518440214], "SUPN": [0.0, 0.02266826518440214], "SVA": [0.3818, 0.02266826518440214], "TECH": [0.07839125, 0.02266826518440214], "TEVA": [-0.09061111111111113, 0.02266826518440214], "THLD": [0.0, 0.02266826518440214], "TNOX": [-0.6662, 0.02266826518440214], "TRGT": [0.4404, 0.02266826518440214], "TSRO": [-0.02321875, 0.02266826518440214], "TSRX": [0.0, 0.02266826518440214], "TWTI": [-0.6662, 0.02266826518440214], "USD": [0.018138709677419356, 0.02266826518440214], "VICL": [-0.100675, 0.02266826518440214], "VNDA": [0.05709859154929583, 0.02266826518440214], "VRNM": [0.2732, 0.02266826518440214], "VRTX": [0.159, 0.02266826518440214], "VVUS": [0.14897610619469026, 0.02266826518440214], "WCRX": [0.0, 0.02266826518440214], "XOMA": [0.0, 0.02266826518440214], "ZGNX": [0.20308571428571429, 0.02266826518440214], "ZLCS": [0.1461923076923077, 0.02266826518440214]}