{"AAVL": [0.2462, 0.15015588563797852], "ACAD": [0.3333615384615385, 0.15015588563797852], "ACHN": [0.086245, 0.15015588563797852], "ACOR": [0.20740999999999996, 0.15015588563797852], "ADMS": [0.20511111111111108, 0.15015588563797852], "AEGR": [0.0, 0.15015588563797852], "AFFX": [0.21697499999999997, 0.15015588563797852], "AFFY": [0.0, 0.15015588563797852], "AGEN": [0.4341625, 0.15015588563797852], "AGIO": [-0.2263, 0.15015588563797852], "AKRX": [0.26334, 0.15015588563797852], "ALDR": [-0.3182, 0.15015588563797852], "ALKS": [0.09174166666666667, 0.15015588563797852], "ALNY": [0.0, 0.15015588563797852], "ALTH": [0.08295142857142858, 0.15015588563797852], "ALXN": [0.0, 0.15015588563797852], "AMGN": [0.07657954545454546, 0.15015588563797852], "AMRN": [0.2670272727272727, 0.15015588563797852], "ANAC": [0.1708076923076923, 0.15015588563797852], "ANDS": [0.3055999999999999, 0.15015588563797852], "ANIP": [0.296, 0.15015588563797852], "ANTH": [0.27626666666666666, 0.15015588563797852], "AQXP": [0.03612, 0.15015588563797852], "ARDX": [-0.05038571428571429, 0.15015588563797852], "ARIA": [0.0966125, 0.15015588563797852], "ARNA": [0.3575875, 0.15015588563797852], "ARQL": [0.0, 0.15015588563797852], "ARRY": [0.53345, 0.15015588563797852], "ARWR": [0.20232499999999995, 0.15015588563797852], "ASPX": [-0.5106, 0.15015588563797852], "AST": [0.10234999999999998, 0.15015588563797852], "ASTX": [0.5411, 0.15015588563797852], "ATRA": [0.0, 0.15015588563797852], "AVEO": [0.003356521739130435, 0.15015588563797852], "BCRX": [0.0, 0.15015588563797852], "BIIB": [0.1238782608695652, 0.15015588563797852], "BIOD": [0.09866666666666667, 0.15015588563797852], "BLCM": [0.5092333333333333, 0.15015588563797852], "BLUE": [0.3830416666666667, 0.15015588563797852], "BMRN": [0.009474418604651159, 0.15015588563797852], "BPMC": [0.00645, 0.15015588563797852], "CARA": [0.0, 0.15015588563797852], "CBPO": [0.039725, 0.15015588563797852], "CELG": [0.1775921348314607, 0.15015588563797852], "CEMP": [0.10928, 0.15015588563797852], "CEPH": [0.296, 0.15015588563797852], "CERS": [0.3548, 0.15015588563797852], "CGPI": [0.0, 0.15015588563797852], "CHRS": [0.13213333333333332, 0.15015588563797852], "CLDN": [0.3508153846153847, 0.15015588563797852], "CLDX": [0.050575, 0.15015588563797852], "CLVS": [0.12315, 0.15015588563797852], "COLL": [0.0, 0.15015588563797852], "CRA": [-0.20158823529411768, 0.15015588563797852], "CRIS": [0.0, 0.15015588563797852], "CRME": [0.026377777777777785, 0.15015588563797852], "CTIC": [0.22667500000000002, 0.15015588563797852], "CYTK": [-0.19063333333333332, 0.15015588563797852], "CYTX": [0.290425, 0.15015588563797852], "DBVT": [0.0, 0.15015588563797852], "DEPO": [-0.09630000000000002, 0.15015588563797852], "DRNA": [0.2746, 0.15015588563797852], "DRRX": [0.0, 0.15015588563797852], "DSCO": [0.39835000000000004, 0.15015588563797852], "DVAX": [0.1439, 0.15015588563797852], "DYAX": [-0.03415, 0.15015588563797852], "ECYT": [0.0, 0.15015588563797852], "EDIT": [0.008721319796954315, 0.15015588563797852], "EGRX": [0.14974117647058824, 0.15015588563797852], "ENCY": [0.6434428571428572, 0.15015588563797852], "ENDP": [0.10853333333333333, 0.15015588563797852], "ENTA": [0.07061666666666667, 0.15015588563797852], "ENZN": [0.5719, 0.15015588563797852], "EPZM": [0.32922, 0.15015588563797852], "ESPR": [0.20181538461538462, 0.15015588563797852], "EXEL": [0.08814545454545454, 0.15015588563797852], "FACT": [-0.0356, 0.15015588563797852], "FGEN": [0.05218181818181817, 0.15015588563797852], "FLKS": [-0.128, 0.15015588563797852], "FLML": [0.0, 0.15015588563797852], "FMI": [0.1916571428571429, 0.15015588563797852], "FOLD": [-0.044475, 0.15015588563797852], "FOMX": [0.148, 0.15015588563797852], "FPRX": [-0.2362166666666667, 0.15015588563797852], "GBT": [0.19733333333333333, 0.15015588563797852], "GENZ": [0.0, 0.15015588563797852], "GERN": [0.4067266666666666, 0.15015588563797852], "GEVA": [0.31845, 0.15015588563797852], "GHDX": [-0.11756666666666667, 0.15015588563797852], "GILD": [0.04533538461538462, 0.15015588563797852], "GPRO": [0.18107457627118642, 0.15015588563797852], "GRFS": [0.0, 0.15015588563797852], "GWPH": [0.0, 0.15015588563797852], "HALO": [0.31499, 0.15015588563797852], "HGSI": [0.0, 0.15015588563797852], "HZNP": [-0.028595, 0.15015588563797852], "ICPT": [0.14622857142857143, 0.15015588563797852], "ILMN": [0.0881125, 0.15015588563797852], "ILU": [-0.5106, 0.15015588563797852], "IMDZ": [0.5471888888888888, 0.15015588563797852], "IMGN": [0.0, 0.15015588563797852], "IMMU": [0.5175124999999999, 0.15015588563797852], "INCR": [0.08274615384615386, 0.15015588563797852], "INCY": [0.07465714285714287, 0.15015588563797852], "INFI": [0.4811166666666667, 0.15015588563797852], "INGN": [0.7772, 0.15015588563797852], "INO": [0.0, 0.15015588563797852], "INSM": [0.0, 0.15015588563797852], "INSY": [-0.03734545454545454, 0.15015588563797852], "IONS": [0.00730068493150685, 0.15015588563797852], "IPXL": [0.0, 0.15015588563797852], "IRWD": [0.0, 0.15015588563797852], "ISIS": [0.10295714285714286, 0.15015588563797852], "ISPH": [0.0, 0.15015588563797852], "ISTA": [0.057800000000000004, 0.15015588563797852], "ITCI": [0.2235, 0.15015588563797852], "ITEK": [0.0, 0.15015588563797852], "JAZZ": [0.1086764705882353, 0.15015588563797852], "JUNO": [0.45916, 0.15015588563797852], "KERX": [0.36345, 0.15015588563797852], "KITE": [0.32095, 0.15015588563797852], "KMPH": [0.1691, 0.15015588563797852], "LBIO": [0.2576857142857143, 0.15015588563797852], "LGND": [0.105375, 0.15015588563797852], "LIFE": [0.21044444444444443, 0.15015588563797852], "LXRX": [0.0, 0.15015588563797852], "MACK": [0.007744444444444443, 0.15015588563797852], "MCRB": [0.3612, 0.15015588563797852], "MDCO": [0.0, 0.15015588563797852], "MDVN": [0.0, 0.15015588563797852], "MEDI": [0.07763454545454541, 0.15015588563797852], "MNK": [0.06973125, 0.15015588563797852], "MNKD": [0.041896, 0.15015588563797852], "MYGN": [0.0, 0.15015588563797852], "MYL": [0.12683999999999998, 0.15015588563797852], "NBIX": [0.074, 0.15015588563797852], "NDRM": [0.0850888888888889, 0.15015588563797852], "NEOS": [0.0, 0.15015588563797852], "NH": [0.09181153846153847, 0.15015588563797852], "NK": [0.12884666666666666, 0.15015588563797852], "NLNK": [0.0, 0.15015588563797852], "NVAX": [0.3093, 0.15015588563797852], "OMED": [0.0, 0.15015588563797852], "OMER": [-0.17635, 0.15015588563797852], "OMPI": [0.0, 0.15015588563797852], "ONCE": [0.1346083333333333, 0.15015588563797852], "ONTY": [0.13409999999999997, 0.15015588563797852], "ONVO": [0.30252, 0.15015588563797852], "ONXX": [0.7717, 0.15015588563797852], "OPK": [0.0, 0.15015588563797852], "OREX": [0.10384285714285714, 0.15015588563797852], "OSCI": [0.0, 0.15015588563797852], "OTIC": [0.18465, 0.15015588563797852], "OVAS": [0.0, 0.15015588563797852], "PACB": [0.1047271186440678, 0.15015588563797852], "PANC": [0.296, 0.15015588563797852], "PARD": [0.0, 0.15015588563797852], "PDLI": [0.7934, 0.15015588563797852], "PGNX": [0.34, 0.15015588563797852], "PRGO": [0.0, 0.15015588563797852], "PRTA": [0.0, 0.15015588563797852], "PRTK": [0.0, 0.15015588563797852], "PTCT": [0.28602, 0.15015588563797852], "PTLA": [0.3818, 0.15015588563797852], "PTX": [0.7934, 0.15015588563797852], "QURE": [0.2653454545454545, 0.15015588563797852], "RARE": [0.4359, 0.15015588563797852], "RCPT": [0.6124, 0.15015588563797852], "RDUS": [-0.07636, 0.15015588563797852], "REGN": [-0.10606666666666666, 0.15015588563797852], "RGNX": [0.6597, 0.15015588563797852], "RIGL": [0.01466666666666667, 0.15015588563797852], "RLYP": [0.275804347826087, 0.15015588563797852], "RPTP": [0.7934, 0.15015588563797852], "RTRX": [0.5638000000000001, 0.15015588563797852], "RVNC": [0.5106, 0.15015588563797852], "SAGE": [0.04640579710144928, 0.15015588563797852], "SCLN": [0.0, 0.15015588563797852], "SCMP": [-0.2732, 0.15015588563797852], "SGEN": [0.0, 0.15015588563797852], "SGMO": [0.5719, 0.15015588563797852], "SGNT": [0.0, 0.15015588563797852], "SGYP": [0.101575, 0.15015588563797852],