{"ACOR": [0.0, 0.09438040110315393], "AFFX": [0.13396666666666665, 0.09438040110315393], "AFFY": [0.100475, 0.09438040110315393], "AGEN": [-0.3303, 0.09438040110315393], "ALKS": [0.32480000000000003, 0.09438040110315393], "ALTH": [0.2023, 0.09438040110315393], "ALXA": [0.156225, 0.09438040110315393], "AMGN": [0.1531, 0.09438040110315393], "AMLN": [-0.10606666666666666, 0.09438040110315393], "AMRI": [0.0, 0.09438040110315393], "AMRN": [0.4215, 0.09438040110315393], "ANDS": [0.0, 0.09438040110315393], "ARIA": [0.0, 0.09438040110315393], "ARNA": [0.4215, 0.09438040110315393], "ARWR": [0.0, 0.09438040110315393], "ASPX": [0.11008709677419354, 0.09438040110315393], "AST": [-0.02166363636363636, 0.09438040110315393], "AUXL": [0.34, 0.09438040110315393], "AVNR": [0.0, 0.09438040110315393], "BIIB": [0.44789999999999996, 0.09438040110315393], "BIOD": [0.0, 0.09438040110315393], "BMRN": [0.151725, 0.09438040110315393], "BPAX": [-0.2732, 0.09438040110315393], "CASC": [0.34, 0.09438040110315393], "CELG": [0.0, 0.09438040110315393], "CEPH": [-0.2732, 0.09438040110315393], "CLDX": [0.37095, 0.09438040110315393], "CRA": [-0.6705, 0.09438040110315393], "CRIS": [0.0, 0.09438040110315393], "CRME": [0.0, 0.09438040110315393], "CSKI": [0.3294, 0.09438040110315393], "CTIC": [-0.2063, 0.09438040110315393], "CYTX": [0.20095, 0.09438040110315393], "DERM": [0.0, 0.09438040110315393], "DSCO": [0.2023, 0.09438040110315393], "DVAX": [0.4019, 0.09438040110315393], "ENDP": [0.10772857142857144, 0.09438040110315393], "EXEL": [0.2608, 0.09438040110315393], "FACT": [0.0, 0.09438040110315393], "FLKS": [0.0, 0.09438040110315393], "GENZ": [0.0, 0.09438040110315393], "GILD": [0.1716, 0.09438040110315393], "GPRO": [0.0, 0.09438040110315393], "GTXI": [0.4845, 0.09438040110315393], "HALO": [-0.2732, 0.09438040110315393], "HGSI": [0.0, 0.09438040110315393], "ILMN": [0.3021, 0.09438040110315393], "IMGN": [-0.031233333333333325, 0.09438040110315393], "IMMU": [0.0, 0.09438040110315393], "INCR": [0.6588, 0.09438040110315393], "INCY": [0.0, 0.09438040110315393], "IONS": [-0.22225, 0.09438040110315393], "IPXL": [-0.30326666666666663, 0.09438040110315393], "ISTA": [0.2679333333333333, 0.09438040110315393], "ITMN": [-0.12040000000000001, 0.09438040110315393], "JAZZ": [0.14262156862745098, 0.09438040110315393], "LIFE": [-0.10115, 0.09438040110315393], "MACK": [0.0, 0.09438040110315393], "MAXY": [0.5228, 0.09438040110315393], "MDCO": [0.2023, 0.09438040110315393], "MDVN": [0.3612, 0.09438040110315393], "MEDI": [0.3612, 0.09438040110315393], "NABI": [0.2023, 0.09438040110315393], "NK": [0.14049999999999999, 0.09438040110315393], "NKTR": [0.0, 0.09438040110315393], "NPSP": [-0.128, 0.09438040110315393], "ONCE": [0.21310000000000004, 0.09438040110315393], "ONXX": [0.34, 0.09438040110315393], "OREX": [0.21075, 0.09438040110315393], "OSCI": [0.4939, 0.09438040110315393], "PTIE": [0.0, 0.09438040110315393], "SAGE": [0.2023, 0.09438040110315393], "SLXP": [0.6486, 0.09438040110315393], "TECH": [0.129, 0.09438040110315393], "TEVA": [-0.6249, 0.09438040110315393], "USD": [0.01925555555555555, 0.09438040110315393], "VRNM": [0.0, 0.09438040110315393], "VVUS": [0.220775, 0.09438040110315393], "WCRX": [-0.5106, 0.09438040110315393], "XOMA": [0.36790000000000006, 0.09438040110315393], "ZGEN": [0.0, 0.09438040110315393]}