{"ACAD": [0.612, 0.12327478747296135], "ACHN": [0.03242307692307692, 0.12327478747296135], "ACRX": [0.0, 0.12327478747296135], "ADHD": [0.0, 0.12327478747296135], "ADMS": [-0.26604, 0.12327478747296135], "AEGR": [0.6712, 0.12327478747296135], "AGIO": [0.4386, 0.12327478747296135], "AKBA": [0.0, 0.12327478747296135], "ALIM": [0.0, 0.12327478747296135], "ALKS": [0.33735, 0.12327478747296135], "ALTH": [-0.1875555555555556, 0.12327478747296135], "ALXN": [-0.0707625, 0.12327478747296135], "AMAG": [-0.2732, 0.12327478747296135], "AMGN": [0.22485, 0.12327478747296135], "AMRI": [0.5848, 0.12327478747296135], "AMRN": [0.01465000000000001, 0.12327478747296135], "ANDS": [0.5106, 0.12327478747296135], "ANTH": [0.0, 0.12327478747296135], "ARIA": [0.04921578947368421, 0.12327478747296135], "ARNA": [-0.04322857142857143, 0.12327478747296135], "ARQL": [-0.2732, 0.12327478747296135], "ARRY": [-0.16392, 0.12327478747296135], "ARWR": [0.34275, 0.12327478747296135], "ASPX": [0.048992307692307696, 0.12327478747296135], "AST": [0.16584285714285715, 0.12327478747296135], "ASTX": [0.0, 0.12327478747296135], "ATRA": [-0.2617, 0.12327478747296135], "AVEO": [-0.3182, 0.12327478747296135], "BIIB": [0.25025000000000003, 0.12327478747296135], "BIOD": [0.0129, 0.12327478747296135], "BLUE": [0.0, 0.12327478747296135], "BMRN": [0.5267, 0.12327478747296135], "BPAX": [0.0, 0.12327478747296135], "CADX": [0.12498000000000001, 0.12327478747296135], "CALP": [0.0, 0.12327478747296135], "CBST": [0.34, 0.12327478747296135], "CELG": [0.24430526315789472, 0.12327478747296135], "CEMP": [0.045538461538461535, 0.12327478747296135], "CEPH": [0.0, 0.12327478747296135], "CLDN": [0.0, 0.12327478747296135], "CLDX": [0.26335, 0.12327478747296135], "CLVS": [0.6842400000000001, 0.12327478747296135], "CRA": [0.4767, 0.12327478747296135], "CRME": [0.0, 0.12327478747296135], "CTIC": [0.018375, 0.12327478747296135], "CYTK": [0.0, 0.12327478747296135], "DRNA": [0.3511333333333333, 0.12327478747296135], "DSCO": [0.0, 0.12327478747296135], "DYAX": [0.0, 0.12327478747296135], "EDIT": [0.5719, 0.12327478747296135], "EGRX": [0.0, 0.12327478747296135], "EMIS": [0.296, 0.12327478747296135], "ENCY": [0.3818, 0.12327478747296135], "ENDP": [0.3182, 0.12327478747296135], "ENTA": [0.05183478260869565, 0.12327478747296135], "ENZN": [0.0, 0.12327478747296135], "EPZM": [0.125, 0.12327478747296135], "ESPR": [0.0, 0.12327478747296135], "EXEL": [0.0, 0.12327478747296135], "GHDX": [0.0, 0.12327478747296135], "GILD": [0.17446071428571427, 0.12327478747296135], "GRFS": [0.0, 0.12327478747296135], "GWPH": [-0.148, 0.12327478747296135], "HALO": [0.096, 0.12327478747296135], "HZNP": [0.03850714285714286, 0.12327478747296135], "ICPT": [0.24382777777777775, 0.12327478747296135], "IDIX": [0.0, 0.12327478747296135], "ILMN": [-0.1686, 0.12327478747296135], "IMGN": [0.5574, 0.12327478747296135], "IMMU": [0.1858, 0.12327478747296135], "INCR": [0.3182, 0.12327478747296135], "INCY": [0.0, 0.12327478747296135], "INO": [-0.04989230769230769, 0.12327478747296135], "INSM": [0.0, 0.12327478747296135], "INVA": [-0.12726666666666667, 0.12327478747296135], "IONS": [0.15022500000000003, 0.12327478747296135], "IPXL": [0.0, 0.12327478747296135], "IRWD": [0.3383, 0.12327478747296135], "ISIS": [0.4423727272727272, 0.12327478747296135], "ITMN": [0.0, 0.12327478747296135], "JAZZ": [0.064, 0.12327478747296135], "KERX": [0.2023, 0.12327478747296135], "LBIO": [0.0, 0.12327478747296135], "LGND": [0.14368, 0.12327478747296135], "LIFE": [0.27726, 0.12327478747296135], "LXRX": [0.0, 0.12327478747296135], "MACK": [0.0, 0.12327478747296135], "MAPP": [0.0, 0.12327478747296135], "MDCO": [0.5267, 0.12327478747296135], "MDVN": [0.07022666666666666, 0.12327478747296135], "MEDI": [0.23133043478260867, 0.12327478747296135], "MNK": [0.059061111111111106, 0.12327478747296135], "MNKD": [0.05062380952380952, 0.12327478747296135], "MNOV": [0.0, 0.12327478747296135], "MYGN": [0.0, 0.12327478747296135], "MYL": [0.25, 0.12327478747296135], "NH": [0.0, 0.12327478747296135], "NK": [0.11099512195121952, 0.12327478747296135], "NLNK": [0.2023, 0.12327478747296135], "NPSP": [0.0, 0.12327478747296135], "NVAX": [-0.023553846153846154, 0.12327478747296135], "ONCE": [0.6469333333333332, 0.12327478747296135], "ONVO": [-0.148, 0.12327478747296135], "OPK": [0.2434333333333333, 0.12327478747296135], "OPTR": [0.0, 0.12327478747296135], "OREX": [0.0, 0.12327478747296135], "OSCI": [0.19733333333333333, 0.12327478747296135], "OTIC": [0.1129375, 0.12327478747296135], "OVAS": [0.401, 0.12327478747296135], "PCRX": [0.0, 0.12327478747296135], "PGNX": [0.0, 0.12327478747296135], "PTX": [0.0, 0.12327478747296135], "QCOR": [-0.037, 0.12327478747296135], "QGEN": [0.0, 0.12327478747296135], "RARE": [0.6369, 0.12327478747296135], "REGN": [0.0, 0.12327478747296135], "RNAI": [0.2679333333333333, 0.12327478747296135], "RTRX": [0.5267, 0.12327478747296135], "RVNC": [0.6369, 0.12327478747296135], "SAGE": [0.04668461538461539, 0.12327478747296135], "SGEN": [0.0, 0.12327478747296135], "SGMO": [0.19733333333333333, 0.12327478747296135], "SGNT": [0.0, 0.12327478747296135], "SGYP": [0.0, 0.12327478747296135], "SHPG": [0.0, 0.12327478747296135], "SQNM": [-0.09545, 0.12327478747296135], "SRPT": [0.017272222222222237, 0.12327478747296135], "SUPG": [0.0, 0.12327478747296135], "TECH": [0.02724255319148936, 0.12327478747296135], "TEVA": [0.0867, 0.12327478747296135], "THLD": [0.5106, 0.12327478747296135], "THRX": [0.765, 0.12327478747296135], "USD": [0.2545645161290323, 0.12327478747296135], "VRTX": [0.058545454545454546, 0.12327478747296135], "VVUS": [0.0, 0.12327478747296135], "WCRX": [0.6249, 0.12327478747296135], "XNCR": [0.0, 0.12327478747296135], "ZGNX": [-0.3182, 0.12327478747296135], "ZLCS": [0.0, 0.12327478747296135]}