{"AAVL": [0.2462, 0.12431823971478201], "ACAD": [0.3275363636363636, 0.12431823971478201], "ACHN": [0.0, 0.12431823971478201], "ACOR": [0.0, 0.12431823971478201], "ADHD": [0.04933333333333333, 0.12431823971478201], "ADMS": [0.0, 0.12431823971478201], "ADRO": [-0.1531, 0.12431823971478201], "ADVM": [0.0, 0.12431823971478201], "AERI": [0.0386, 0.12431823971478201], "AFFY": [0.4404, 0.12431823971478201], "AFMD": [0.13258333333333333, 0.12431823971478201], "AGEN": [0.4404, 0.12431823971478201], "AGIO": [0.0, 0.12431823971478201], "AIMT": [0.0, 0.12431823971478201], "AKRX": [0.031048, 0.12431823971478201], "ALIM": [0.1027, 0.12431823971478201], "ALKS": [-0.4215, 0.12431823971478201], "ALNY": [-0.030097142857142854, 0.12431823971478201], "ALTH": [0.14569545454545454, 0.12431823971478201], "ALXN": [0.28595, 0.12431823971478201], "AMAG": [-0.011878260869565217, 0.12431823971478201], "AMGN": [0.06862499999999999, 0.12431823971478201], "AMRN": [0.006816666666666675, 0.12431823971478201], "ANAC": [0.0, 0.12431823971478201], "ANDS": [0.0, 0.12431823971478201], "ANIP": [0.13486666666666666, 0.12431823971478201], "ANTH": [0.06219999999999999, 0.12431823971478201], "AQXP": [0.7418, 0.12431823971478201], "ARIA": [-0.0817, 0.12431823971478201], "ARLZ": [0.296, 0.12431823971478201], "ARNA": [-0.09106666666666667, 0.12431823971478201], "ARQL": [0.0, 0.12431823971478201], "ARRY": [0.04186190476190476, 0.12431823971478201], "ARWR": [0.09866666666666667, 0.12431823971478201], "ASPX": [-0.1468, 0.12431823971478201], "AST": [0.033285714285714293, 0.12431823971478201], "AVEO": [0.4588, 0.12431823971478201], "BCRX": [0.0, 0.12431823971478201], "BIIB": [0.3328, 0.12431823971478201], "BIOD": [0.0, 0.12431823971478201], "BLCM": [0.12972, 0.12431823971478201], "BLUE": [0.026600000000000002, 0.12431823971478201], "BMRN": [-0.3158166666666667, 0.12431823971478201], "BPMC": [0.296, 0.12431823971478201], "CARA": [0.03281739130434782, 0.12431823971478201], "CASC": [0.14229999999999998, 0.12431823971478201], "CBPO": [-0.16915555555555556, 0.12431823971478201], "CELG": [0.05178333333333334, 0.12431823971478201], "CEMP": [0.0, 0.12431823971478201], "CERS": [0.0, 0.12431823971478201], "CLCD": [0.0, 0.12431823971478201], "CLDN": [0.5994, 0.12431823971478201], "CLDX": [0.0, 0.12431823971478201], "CLVS": [0.12315, 0.12431823971478201], "CMRX": [0.0, 0.12431823971478201], "CNCE": [0.34040000000000004, 0.12431823971478201], "COLL": [0.0, 0.12431823971478201], "CRA": [-0.09466666666666668, 0.12431823971478201], "CRME": [0.296, 0.12431823971478201], "CTIC": [0.0, 0.12431823971478201], "CXRX": [0.01184, 0.12431823971478201], "CYTX": [0.0, 0.12431823971478201], "DBVT": [0.296, 0.12431823971478201], "DEPO": [0.0, 0.12431823971478201], "DERM": [0.0, 0.12431823971478201], "DNAI": [0.287, 0.12431823971478201], "DRNA": [0.10798, 0.12431823971478201], "DRRX": [-0.11606666666666665, 0.12431823971478201], "DYAX": [0.0, 0.12431823971478201], "ECYT": [0.2263, 0.12431823971478201], "EDIT": [0.2946375, 0.12431823971478201], "EGLT": [0.0, 0.12431823971478201], "EGRX": [0.25889999999999996, 0.12431823971478201], "ENCY": [0.4033, 0.12431823971478201], "ENDP": [0.14075, 0.12431823971478201], "ENTA": [0.0282875, 0.12431823971478201], "EPZM": [0.32264000000000004, 0.12431823971478201], "ESPR": [-0.2718285714285714, 0.12431823971478201], "EXEL": [0.005328571428571423, 0.12431823971478201], "FACT": [-0.4531, 0.12431823971478201], "FGEN": [0.0, 0.12431823971478201], "FLKS": [0.27225, 0.12431823971478201], "FMI": [0.1101, 0.12431823971478201], "FOLD": [0.0, 0.12431823971478201], "FOMX": [0.09866666666666667, 0.12431823971478201], "FPRX": [0.069875, 0.12431823971478201], "GEVA": [0.0, 0.12431823971478201], "GHDX": [0.296, 0.12431823971478201], "GILD": [0.016137333333333333, 0.12431823971478201], "GPRO": [0.01990952380952381, 0.12431823971478201], "GRFS": [0.0, 0.12431823971478201], "GWPH": [0.23570000000000002, 0.12431823971478201], "HALO": [0.2806, 0.12431823971478201], "HBIO": [0.296, 0.12431823971478201], "HZNP": [-0.012514285714285716, 0.12431823971478201], "ICPT": [-0.03443333333333334, 0.12431823971478201], "ICY": [0.4767, 0.12431823971478201], "IDIX": [0.5423, 0.12431823971478201], "ILMN": [0.148, 0.12431823971478201], "IMGN": [0.0, 0.12431823971478201], "IMMU": [0.163525, 0.12431823971478201], "INCR": [0.3399555555555556, 0.12431823971478201], "INCY": [0.0, 0.12431823971478201], "INFI": [0.0, 0.12431823971478201], "INO": [0.17209166666666667, 0.12431823971478201], "INSM": [0.0, 0.12431823971478201], "INSY": [0.08455625, 0.12431823971478201], "IONS": [0.1239, 0.12431823971478201], "IPXL": [0.0, 0.12431823971478201], "ISIS": [0.3286, 0.12431823971478201], "ISTA": [0.7506, 0.12431823971478201], "ITCI": [0.0, 0.12431823971478201], "ITEK": [0.4588, 0.12431823971478201], "JAZZ": [0.146775, 0.12431823971478201], "JUNO": [0.08879999999999999, 0.12431823971478201], "KERX": [0.0, 0.12431823971478201], "KITE": [0.023929999999999996, 0.12431823971478201], "KMPH": [0.5710500000000001, 0.12431823971478201], "LBIO": [0.22289473684210528, 0.12431823971478201], "LGND": [0.1398142857142857, 0.12431823971478201], "LIFE": [0.28641666666666665, 0.12431823971478201], "LOXO": [0.0, 0.12431823971478201], "LXRX": [0.0, 0.12431823971478201], "MACK": [0.00022666666666666392, 0.12431823971478201], "MAPP": [0.75505, 0.12431823971478201], "MCRB": [0.23679999999999998, 0.12431823971478201], "MDCO": [0.19733333333333333, 0.12431823971478201], "MDVN": [0.07636, 0.12431823971478201], "MEDI": [0.027469230769230767, 0.12431823971478201], "MGNX": [0.296, 0.12431823971478201], "MNK": [0.07970909090909091, 0.12431823971478201], "MNKD": [0.10397500000000001, 0.12431823971478201], "MNTA": [0.2263, 0.12431823971478201], "MRNA": [0.0, 0.12431823971478201], "MYGN": [0.5777714285714285, 0.12431823971478201], "NBIX": [0.22429999999999997, 0.12431823971478201], "NDRM": [0.2023, 0.12431823971478201], "NERV": [0.0, 0.12431823971478201], "NH": [0.11450000000000003, 0.12431823971478201], "NK": [0.10850259740259739, 0.12431823971478201], "NKTR": [0.4588, 0.12431823971478201], "NLNK": [0.33448, 0.12431823971478201], "NTLA": [-0.2732, 0.12431823971478201], "NVAX": [0.052000000000000005, 0.12431823971478201], "NVCR": [-0.3527, 0.12431823971478201], "OCUL": [0.0, 0.12431823971478201], "OMED": [0.15293333333333334, 0.12431823971478201], "ONCE": [0.33114545454545463, 0.12431823971478201], "ONTX": [0.0, 0.12431823971478201], "ONVO": [0.14448, 0.12431823971478201], "OPHT": [0.0, 0.12431823971478201], "OPK": [0.57905, 0.12431823971478201], "OREX": [0.24856666666666669, 0.12431823971478201], "OSCI": [0.13454545454545455, 0.12431823971478201], "OTIC": [0.25948000000000004, 0.12431823971478201], "OVAS": [0.04228571428571428, 0.12431823971478201], "PETX": [0.0, 0.12431823971478201], "PTIE": [-0.3368222222222223, 0.12431823971478201], "QGEN": [0.4404, 0.12431823971478201], "RGLS": [0.3182, 0.12431823971478201], "RIGL": [0.0, 0.12431823971478201], "RNAI": [0.2263, 0.12431823971478201], "RPTP": [0.0, 0.12431823971478201], "SAGE": [-0.03149285714285714, 0.12431823971478201], "SCLN": [0.0, 0.12431823971478201], "SCMP": [0.2732, 0.12431823971478201], "SGMO": [0.296, 0.12431823971478201], "SGNT": [0.0, 0.12431823971478201], "SGYP": [0.086925, 0.12431823971478201], "SHPG": [0.12234210526315788, 0.12431823971478201], "SNTA": [0.14049999999999999, 0.12431823971478201], "SNTS": [0.4404, 0.12431823971478201], "SQNM": [0.0, 0.12431823971478201], "SRPT": [0.08171851851851854, 0.12431823971478201], "STEM": [0.16375, 0.12431823971478201], "SUPN": [0.0, 0.12431823971478201], "TBPH": [0.8074, 0.12431823971478201], "TECH": [0.036123655913978495, 0.12431823971478201], "TEVA": [0.023835000000000002, 0.12431823971478201], "THLD": [0.13887272727272726, 0.12431823971478201], "TRVN": [0.4588, 0.12431823971478201], "TSRO": [0.10607727272727273, 0.12431823971478201], "USD": [0.0, 0.12431823971478201], "UTHR": [0.30676, 0.12431823971478201], "VRTX": [0.5719, 0.12431823971478201],