{"ACAD": [0.16995000000000002, 0.10081669451543265], "ACHN": [0.09866666666666667, 0.10081669451543265], "ACOR": [0.5499, 0.10081669451543265], "ACRX": [0.0687, 0.10081669451543265], "AEGR": [0.1674733333333333, 0.10081669451543265], "AFFY": [0.13770000000000002, 0.10081669451543265], "AGEN": [0.0, 0.10081669451543265], "ALKS": [0.02555454545454546, 0.10081669451543265], "ALNY": [0.32644, 0.10081669451543265], "ALTH": [0.36367499999999997, 0.10081669451543265], "ALXA": [0.27090000000000003, 0.10081669451543265], "AMGN": [0.09369523809523808, 0.10081669451543265], "AMRN": [0.014897222222222232, 0.10081669451543265], "ANAC": [0.0, 0.10081669451543265], "ANTH": [0.056852941176470585, 0.10081669451543265], "ARIA": [0.15545714285714288, 0.10081669451543265], "ARNA": [-0.0073999999999999995, 0.10081669451543265], "ARQL": [0.17020000000000002, 0.10081669451543265], "ARRY": [0.1806, 0.10081669451543265], "ARWR": [-0.1027, 0.10081669451543265], "ASPX": [0.08049615384615386, 0.10081669451543265], "AST": [0.15054666666666666, 0.10081669451543265], "ASTX": [0.0, 0.10081669451543265], "AUXL": [0.05872, 0.10081669451543265], "AVEO": [0.10584666666666667, 0.10081669451543265], "AVNR": [-0.0772, 0.10081669451543265], "AXCA": [0.17020000000000002, 0.10081669451543265], "BCRX": [0.0, 0.10081669451543265], "BIIB": [0.053741176470588244, 0.10081669451543265], "BIOD": [0.16131052631578946, 0.10081669451543265], "BLUE": [-0.0086, 0.10081669451543265], "BMRN": [0.2049, 0.10081669451543265], "BPAX": [-0.148, 0.10081669451543265], "CADX": [0.0, 0.10081669451543265], "CALP": [0.29635, 0.10081669451543265], "CBPO": [0.0, 0.10081669451543265], "CBST": [0.075, 0.10081669451543265], "CCXI": [0.0, 0.10081669451543265], "CELG": [0.07826666666666666, 0.10081669451543265], "CEMP": [-0.03253333333333333, 0.10081669451543265], "CERS": [0.1303, 0.10081669451543265], "CLDX": [0.0, 0.10081669451543265], "CLVS": [0.0, 0.10081669451543265], "CNCT": [-0.03239999999999994, 0.10081669451543265], "COLL": [-0.20466666666666666, 0.10081669451543265], "CRA": [0.19477, 0.10081669451543265], "CRIS": [0.012437499999999997, 0.10081669451543265], "CRME": [0.0, 0.10081669451543265], "CTRX": [0.0, 0.10081669451543265], "CYTK": [0.0, 0.10081669451543265], "CYTX": [0.891, 0.10081669451543265], "DIGE": [0.0, 0.10081669451543265], "DNDN": [0.0, 0.10081669451543265], "DRRX": [-0.1591, 0.10081669451543265], "DVAX": [0.2195, 0.10081669451543265], "DYAX": [0.3315333333333333, 0.10081669451543265], "EDIT": [0.38180000000000003, 0.10081669451543265], "EMIS": [0.7845, 0.10081669451543265], "ENCY": [0.32057500000000005, 0.10081669451543265], "ENTA": [0.292875, 0.10081669451543265], "ENZN": [0.0, 0.10081669451543265], "FACT": [-0.0009000000000000119, 0.10081669451543265], "FLML": [0.296, 0.10081669451543265], "FMI": [0.0, 0.10081669451543265], "FOLD": [0.03980625, 0.10081669451543265], "FURX": [0.21075, 0.10081669451543265], "GERN": [0.0, 0.10081669451543265], "GHDX": [0.3535, 0.10081669451543265], "GILD": [0.058188372093023265, 0.10081669451543265], "GTXI": [0.5242, 0.10081669451543265], "GWPH": [-0.5216, 0.10081669451543265], "HALO": [0.18375945945945946, 0.10081669451543265], "HPTX": [0.082, 0.10081669451543265], "HZNP": [0.0, 0.10081669451543265], "ICEL": [0.4404, 0.10081669451543265], "IDIX": [-0.008749999999999999, 0.10081669451543265], "ILMN": [0.5106, 0.10081669451543265], "IMGN": [0.0, 0.10081669451543265], "IMMU": [-0.021342857142857146, 0.10081669451543265], "INCR": [0.5326333333333334, 0.10081669451543265], "INCY": [0.3867833333333334, 0.10081669451543265], "INFI": [0.0135093023255814, 0.10081669451543265], "INO": [0.22307272727272728, 0.10081669451543265], "INSM": [-0.43745, 0.10081669451543265], "INVA": [0.0, 0.10081669451543265], "IONS": [0.09217307692307693, 0.10081669451543265], "IPXL": [0.0, 0.10081669451543265], "ISIS": [-0.12498000000000001, 0.10081669451543265], "ISTA": [0.07037142857142857, 0.10081669451543265], "ITMN": [0.0, 0.10081669451543265], "JAZZ": [0.0, 0.10081669451543265], "KERX": [0.11333333333333334, 0.10081669451543265], "KYTH": [0.0, 0.10081669451543265], "LBIO": [0.085, 0.10081669451543265], "LGND": [0.20015, 0.10081669451543265], "LIFE": [-0.06203333333333333, 0.10081669451543265], "LMNX": [0.23566666666666666, 0.10081669451543265], "LXRX": [0.0, 0.10081669451543265], "MACK": [0.0, 0.10081669451543265], "MDCO": [-0.2023, 0.10081669451543265], "MDVN": [0.28145, 0.10081669451543265], "MEDI": [0.0, 0.10081669451543265], "MLNM": [0.8149500000000001, 0.10081669451543265], "MNK": [0.15270625000000002, 0.10081669451543265], "MNKD": [0.15270625000000002, 0.10081669451543265], "MNTA": [0.4019, 0.10081669451543265], "MYL": [-0.04683333333333333, 0.10081669451543265], "NBIX": [0.0, 0.10081669451543265], "NEOS": [0.53505, 0.10081669451543265], "NH": [-2.5000000000011124e-05, 0.10081669451543265], "NK": [0.15110810810810812, 0.10081669451543265], "NLNK": [0.0, 0.10081669451543265], "NOVN": [0.6797, 0.10081669451543265], "NPSP": [0.0, 0.10081669451543265], "NVAX": [0.0, 0.10081669451543265], "OMED": [0.27115, 0.10081669451543265], "OMER": [-0.09644285714285715, 0.10081669451543265], "ONCE": [0.13815, 0.10081669451543265], "ONTY": [0.0914969696969697, 0.10081669451543265], "ONVO": [-0.0772, 0.10081669451543265], "ONXX": [0.1702, 0.10081669451543265], "OPK": [0.25686, 0.10081669451543265], "ORCH": [-0.0772, 0.10081669451543265], "OREX": [-0.04761176470588235, 0.10081669451543265], "OSCI": [0.0, 0.10081669451543265], "OSIR": [-0.128, 0.10081669451543265], "OTIC": [0.0, 0.10081669451543265], "PACB": [0.0, 0.10081669451543265], "PANC": [-0.07913333333333335, 0.10081669451543265], "PCRX": [-0.1366, 0.10081669451543265], "PCYC": [-0.22893999999999998, 0.10081669451543265], "PDLI": [0.0, 0.10081669451543265], "PGNX": [-0.3818, 0.10081669451543265], "PRAH": [0.3535, 0.10081669451543265], "PTCT": [-0.0258, 0.10081669451543265], "PTX": [0.0656, 0.10081669451543265], "QCOR": [0.5829, 0.10081669451543265], "REGN": [0.19946666666666668, 0.10081669451543265], "RIGL": [0.1991, 0.10081669451543265], "RNAI": [0.223, 0.10081669451543265], "RPTP": [0.0, 0.10081669451543265], "SAGE": [0.04045000000000002, 0.10081669451543265], "SCLN": [-0.2023, 0.10081669451543265], "SCMP": [-0.1909, 0.10081669451543265], "SGMO": [0.2917615384615385, 0.10081669451543265], "SGYP": [0.06145, 0.10081669451543265], "SHPG": [0.0, 0.10081669451543265], "SIGA": [0.0258, 0.10081669451543265], "SLXP": [0.0, 0.10081669451543265], "SNTA": [-0.050746153846153844, 0.10081669451543265], "SNTS": [0.083425, 0.10081669451543265], "SPPI": [0.047118749999999994, 0.10081669451543265], "SQNM": [0.03746666666666667, 0.10081669451543265], "SRPT": [0.13368481012658232, 0.10081669451543265], "STEM": [0.5106, 0.10081669451543265], "SUPN": [0.22562142857142858, 0.10081669451543265], "SVA": [0.0, 0.10081669451543265], "TARO": [0.0, 0.10081669451543265], "TECH": [0.14087450980392155, 0.10081669451543265], "TEVA": [0.19233333333333333, 0.10081669451543265], "THLD": [0.061880000000000004, 0.10081669451543265], "THRX": [0.01090000000000002, 0.10081669451543265], "TRGT": [0.49960000000000004, 0.10081669451543265], "TSRX": [0.0, 0.10081669451543265], "USD": [0.0050646341463414625, 0.10081669451543265], "UTHR": [0.0, 0.10081669451543265], "VICL": [0.063225, 0.10081669451543265], "VNDA": [0.14923333333333336, 0.10081669451543265], "VPHM": [0.0, 0.10081669451543265], "VRTX": [0.043083333333333335, 0.10081669451543265], "VRUS": [-0.1097, 0.10081669451543265], "VVUS": [-0.2023, 0.10081669451543265], "WCRX": [0.11062222222222223, 0.10081669451543265], "XNPT": [0.296, 0.10081669451543265], "ZGNX": [0.45855, 0.10081669451543265], "ZLCS": [0.27025999999999994, 0.10081669451543265]}