{"ACAD": [-0.1901, 0.10757442852151906], "ACHN": [0.5106, 0.10757442852151906], "ACOR": [0.03404, 0.10757442852151906], "ADLR": [0.0, 0.10757442852151906], "AFFX": [0.0, 0.10757442852151906], "AFFY": [0.0, 0.10757442852151906], "AKRX": [-0.32926666666666665, 0.10757442852151906], "ALIM": [0.125, 0.10757442852151906], "ALKS": [0.0, 0.10757442852151906], "ALTH": [0.1608153846153846, 0.10757442852151906], "ALXN": [0.018353333333333333, 0.10757442852151906], "AMAG": [0.22630000000000003, 0.10757442852151906], "AMGN": [0.14216428571428572, 0.10757442852151906], "AMLN": [0.0, 0.10757442852151906], "AMPH": [0.0, 0.10757442852151906], "AMRN": [0.12582857142857143, 0.10757442852151906], "ANDS": [0.0, 0.10757442852151906], "ARIA": [0.0, 0.10757442852151906], "ARRY": [0.17020000000000002, 0.10757442852151906], "ARWR": [0.5106, 0.10757442852151906], "ASPX": [0.167685, 0.10757442852151906], "AST": [0.07096097560975612, 0.10757442852151906], "AVNR": [0.0, 0.10757442852151906], "BCRX": [0.0, 0.10757442852151906], "BIIB": [0.025733333333333334, 0.10757442852151906], "BIOD": [0.0258, 0.10757442852151906], "BLUE": [0.09854, 0.10757442852151906], "BMRN": [0.296, 0.10757442852151906], "BPAX": [0.25020000000000003, 0.10757442852151906], "BPMC": [0.0, 0.10757442852151906], "CASC": [0.2023, 0.10757442852151906], "CBPO": [0.0, 0.10757442852151906], "CBRX": [0.15610909090909092, 0.10757442852151906], "CELG": [0.04939, 0.10757442852151906], "CEMP": [0.0, 0.10757442852151906], "CEPH": [0.074, 0.10757442852151906], "CERS": [-0.4939, 0.10757442852151906], "CGEN": [0.0, 0.10757442852151906], "CHRS": [0.24666666666666667, 0.10757442852151906], "CLDX": [0.2553, 0.10757442852151906], "COLL": [0.1366, 0.10757442852151906], "CRA": [-0.17031249999999998, 0.10757442852151906], "CRIS": [0.59055, 0.10757442852151906], "CTIC": [0.074, 0.10757442852151906], "CYTX": [0.05505, 0.10757442852151906], "DEPO": [0.25408749999999997, 0.10757442852151906], "DNDN": [0.0, 0.10757442852151906], "DSCO": [0.148, 0.10757442852151906], "DVAX": [0.2903857142857143, 0.10757442852151906], "ECYT": [0.12726666666666667, 0.10757442852151906], "EDIT": [0.5804333333333332, 0.10757442852151906], "EGRX": [0.0, 0.10757442852151906], "ENCY": [-0.37024999999999997, 0.10757442852151906], "ENDP": [-0.22666666666666668, 0.10757442852151906], "ENTA": [0.0, 0.10757442852151906], "ENZN": [0.0, 0.10757442852151906], "FACT": [0.4019, 0.10757442852151906], "FMI": [0.0, 0.10757442852151906], "FOLD": [0.16635000000000003, 0.10757442852151906], "FURX": [0.0, 0.10757442852151906], "GILD": [0.2701875, 0.10757442852151906], "GNTA": [0.33809999999999996, 0.10757442852151906], "HALO": [0.296, 0.10757442852151906], "HITK": [-0.090725, 0.10757442852151906], "HZNP": [0.20684999999999998, 0.10757442852151906], "ICPT": [0.0, 0.10757442852151906], "ICY": [-0.0128375, 0.10757442852151906], "IDIX": [0.0, 0.10757442852151906], "ILMN": [0.01534545454545454, 0.10757442852151906], "ILU": [0.167875, 0.10757442852151906], "IMGN": [0.0, 0.10757442852151906], "IMMU": [0.0, 0.10757442852151906], "INCY": [0.3470909090909091, 0.10757442852151906], "INFI": [0.20230000000000006, 0.10757442852151906], "INO": [0.5106, 0.10757442852151906], "INSM": [0.296, 0.10757442852151906], "IONS": [-0.03752272727272727, 0.10757442852151906], "ISIS": [0.3802, 0.10757442852151906], "ISTA": [0.029920000000000013, 0.10757442852151906], "JAZZ": [0.26424000000000003, 0.10757442852151906], "LBIO": [0.1379, 0.10757442852151906], "LGND": [0.24695, 0.10757442852151906], "LIFE": [-0.304175, 0.10757442852151906], "LXRX": [0.2553, 0.10757442852151906], "MAXY": [0.4588, 0.10757442852151906], "MDCO": [0.0, 0.10757442852151906], "MDVN": [0.0, 0.10757442852151906], "MEDI": [0.06943333333333333, 0.10757442852151906], "MNK": [-0.064, 0.10757442852151906], "MNKD": [-0.064, 0.10757442852151906], "MNTA": [0.20869999999999997, 0.10757442852151906], "MYL": [0.3501666666666667, 0.10757442852151906], "MYRX": [0.0, 0.10757442852151906], "NBIX": [0.148, 0.10757442852151906], "NH": [0.23861428571428572, 0.10757442852151906], "NK": [0.2278611111111111, 0.10757442852151906], "ONCE": [-0.34, 0.10757442852151906], "ONXX": [0.050155000000000005, 0.10757442852151906], "OPHT": [0.0, 0.10757442852151906], "OPK": [-0.07462222222222221, 0.10757442852151906], "OPTR": [0.0, 0.10757442852151906], "OREX": [0.0617, 0.10757442852151906], "OSIR": [0.2023, 0.10757442852151906], "PACB": [0.2756863636363637, 0.10757442852151906], "PARD": [0.0, 0.10757442852151906], "POZN": [0.5106, 0.10757442852151906], "PTIE": [0.1147, 0.10757442852151906], "QGEN": [0.2023, 0.10757442852151906], "SAGE": [0.1635951219512195, 0.10757442852151906], "SCLN": [0.19588000000000003, 0.10757442852151906], "SGEN": [0.0817, 0.10757442852151906], "SGMO": [0.16858333333333334, 0.10757442852151906], "SHPG": [0.2023, 0.10757442852151906], "SQNM": [0.24812727272727278, 0.10757442852151906], "STEM": [0.2936, 0.10757442852151906], "TECH": [0.13543428571428573, 0.10757442852151906], "TEVA": [-0.10211666666666668, 0.10757442852151906], "THLD": [0.3182, 0.10757442852151906], "THRX": [0.38180000000000003, 0.10757442852151906], "TRGT": [0.5106, 0.10757442852151906], "USD": [0.061781609195402286, 0.10757442852151906], "UTHR": [0.14240769230769232, 0.10757442852151906], "VICL": [0.0, 0.10757442852151906], "VPHM": [0.0, 0.10757442852151906], "VRTX": [0.03287586206896552, 0.10757442852151906], "VRUS": [0.2275933333333333, 0.10757442852151906], "WCRX": [-0.34, 0.10757442852151906], "XNPT": [0.21384000000000003, 0.10757442852151906], "XOMA": [-0.03423333333333333, 0.10757442852151906], "ZLCS": [0.0, 0.10757442852151906]}