{"AAVL": [0.25865, 0.12439046326871224], "ACAD": [0.18423930635838154, 0.12439046326871224], "ACHN": [0.42606, 0.12439046326871224], "ACOR": [0.03199285714285714, 0.12439046326871224], "ACRX": [0.0, 0.12439046326871224], "ADHD": [0.10451000000000002, 0.12439046326871224], "ADRO": [-0.02163076923076923, 0.12439046326871224], "AEGR": [0.4855, 0.12439046326871224], "AFFX": [0.25295, 0.12439046326871224], "AFFY": [0.0, 0.12439046326871224], "AFMD": [-0.05303333333333333, 0.12439046326871224], "AGEN": [0.0, 0.12439046326871224], "AGIO": [-0.23408888888888887, 0.12439046326871224], "AGTC": [0.148, 0.12439046326871224], "AIMT": [0.16444, 0.12439046326871224], "AKBA": [-0.059199999999999996, 0.12439046326871224], "AKRX": [0.28471111111111114, 0.12439046326871224], "ALDR": [0.11656470588235293, 0.12439046326871224], "ALIM": [0.4855, 0.12439046326871224], "ALKS": [0.1838086956521739, 0.12439046326871224], "ALNY": [-0.06666470588235293, 0.12439046326871224], "ALTH": [0.11276122448979593, 0.12439046326871224], "ALXN": [0.003538461538461537, 0.12439046326871224], "AMAG": [0.0, 0.12439046326871224], "AMGN": [0.08380093457943923, 0.12439046326871224], "AMPH": [-0.10415, 0.12439046326871224], "AMRI": [0.0, 0.12439046326871224], "AMRN": [0.20754545454545453, 0.12439046326871224], "ANAC": [0.2637235294117647, 0.12439046326871224], "ANDS": [-0.008936363636363626, 0.12439046326871224], "ANIP": [-0.02348333333333333, 0.12439046326871224], "ANTH": [0.03270000000000001, 0.12439046326871224], "AQXP": [0.24152999999999997, 0.12439046326871224], "ARDX": [0.0, 0.12439046326871224], "ARIA": [0.13642881355932207, 0.12439046326871224], "ARNA": [0.15897391304347827, 0.12439046326871224], "ARRY": [0.0, 0.12439046326871224], "ARWR": [0.140905, 0.12439046326871224], "ASPX": [0.14537499999999998, 0.12439046326871224], "AST": [0.07396984126984127, 0.12439046326871224], "ATRA": [0.0, 0.12439046326871224], "AVEO": [0.4300916666666667, 0.12439046326871224], "AVII": [0.0, 0.12439046326871224], "BCRX": [-0.20424000000000003, 0.12439046326871224], "BIIB": [0.13340714285714284, 0.12439046326871224], "BIOD": [0.3058666666666667, 0.12439046326871224], "BLCM": [-0.093975, 0.12439046326871224], "BLUE": [0.09742133333333335, 0.12439046326871224], "BMRN": [0.09272, 0.12439046326871224], "BPMC": [0.191475, 0.12439046326871224], "CALP": [0.2202, 0.12439046326871224], "CARA": [0.03349166666666666, 0.12439046326871224], "CBPO": [0.24695, 0.12439046326871224], "CCXI": [0.1498, 0.12439046326871224], "CELG": [0.11230222222222223, 0.12439046326871224], "CEMP": [0.6290666666666667, 0.12439046326871224], "CEPH": [0.0, 0.12439046326871224], "CERS": [0.11336363636363637, 0.12439046326871224], "CGEN": [0.0, 0.12439046326871224], "CHMA": [0.0, 0.12439046326871224], "CHRS": [0.04476111111111111, 0.12439046326871224], "CLCD": [0.12395555555555554, 0.12439046326871224], "CLDN": [0.35142500000000004, 0.12439046326871224], "CLDX": [0.2932176470588235, 0.12439046326871224], "CLVS": [0.012163157894736846, 0.12439046326871224], "CMRX": [0.06324761904761905, 0.12439046326871224], "CNCE": [0.0, 0.12439046326871224], "COLL": [-0.03549999999999998, 0.12439046326871224], "CRA": [0.044784615384615374, 0.12439046326871224], "CRIS": [0.0, 0.12439046326871224], "CRME": [0.4033, 0.12439046326871224], "CTIC": [-0.2212, 0.12439046326871224], "CTRX": [0.4404, 0.12439046326871224], "CYTX": [0.0534076923076923, 0.12439046326871224], "DBVT": [0.24114, 0.12439046326871224], "DEPO": [0.39235, 0.12439046326871224], "DERM": [0.14241428571428574, 0.12439046326871224], "DIGE": [0.2162166666666667, 0.12439046326871224], "DNAI": [0.09508, 0.12439046326871224], "DRNA": [0.40725, 0.12439046326871224], "DVAX": [0.1180875, 0.12439046326871224], "DYAX": [-0.296, 0.12439046326871224], "ECYT": [0.28092857142857147, 0.12439046326871224], "EDIT": [0.4148142857142857, 0.12439046326871224], "EGLT": [-0.0013800000000000034, 0.12439046326871224], "EGRX": [0.3597444444444445, 0.12439046326871224], "EMIS": [0.21856666666666666, 0.12439046326871224], "ENDP": [0.05020833333333332, 0.12439046326871224], "ENTA": [0.2094487804878048, 0.12439046326871224], "ENZN": [0.38126666666666664, 0.12439046326871224], "EPZM": [0.16484615384615384, 0.12439046326871224], "ESPR": [-0.03445526315789473, 0.12439046326871224], "EXEL": [0.11983333333333333, 0.12439046326871224], "FACT": [-0.028045000000000004, 0.12439046326871224], "FGEN": [0.45704999999999996, 0.12439046326871224], "FLKS": [0.1894, 0.12439046326871224], "FLXN": [0.07556666666666668, 0.12439046326871224], "FMI": [-0.12203333333333331, 0.12439046326871224], "FOLD": [0.13445555555555555, 0.12439046326871224], "FPRX": [0.05006875000000002, 0.12439046326871224], "GBT": [0.09030909090909091, 0.12439046326871224], "GERN": [0.09306977611940301, 0.12439046326871224], "GEVA": [0.2584714285714286, 0.12439046326871224], "GHDX": [0.0, 0.12439046326871224], "GILD": [0.18211086956521733, 0.12439046326871224], "GNVC": [0.29846666666666666, 0.12439046326871224], "GPRO": [0.10597074468085112, 0.12439046326871224], "GRFS": [-0.1003, 0.12439046326871224], "GWPH": [0.0, 0.12439046326871224], "HALO": [0.13632222222222223, 0.12439046326871224], "HBIO": [0.029599999999999998, 0.12439046326871224], "HZNP": [0.090575, 0.12439046326871224], "ICEL": [0.31933333333333336, 0.12439046326871224], "ICPT": [0.0666, 0.12439046326871224], "ICY": [0.16185, 0.12439046326871224], "ILMN": [0.18294, 0.12439046326871224], "ILU": [0.12605, 0.12439046326871224], "IMDZ": [0.6597, 0.12439046326871224], "IMGN": [0.07201666666666666, 0.12439046326871224], "IMMU": [0.17262608695652173, 0.12439046326871224], "INCR": [0.18736111111111117, 0.12439046326871224], "INCY": [-0.00941428571428571, 0.12439046326871224], "INFI": [0.08206666666666666, 0.12439046326871224], "INGN": [0.087575, 0.12439046326871224], "INO": [0.23873846153846154, 0.12439046326871224], "INSM": [0.056575, 0.12439046326871224], "INSY": [0.41471052631578953, 0.12439046326871224], "INVA": [0.1027, 0.12439046326871224], "IONS": [0.09575789473684215, 0.12439046326871224], "IPXL": [0.15824, 0.12439046326871224], "IRWD": [0.059199999999999996, 0.12439046326871224], "ISIS": [0.25494000000000006, 0.12439046326871224], "ISTA": [0.0775875, 0.12439046326871224], "ITCI": [0.14815714285714282, 0.12439046326871224], "ITEK": [0.12307272727272728, 0.12439046326871224], "JAZZ": [0.11165833333333332, 0.12439046326871224], "JUNO": [0.1153661016949153, 0.12439046326871224], "KERX": [0.05622647058823528, 0.12439046326871224], "KITE": [-0.03552708333333333, 0.12439046326871224], "KMPH": [0.5106, 0.12439046326871224], "KPTI": [0.07350999999999999, 0.12439046326871224], "KYTH": [0.21960000000000002, 0.12439046326871224], "LBIO": [0.22270196078431367, 0.12439046326871224], "LGND": [0.11396818181818179, 0.12439046326871224], "LIFE": [0.16225454545454546, 0.12439046326871224], "LMNX": [0.0, 0.12439046326871224], "LXRX": [0.006616666666666669, 0.12439046326871224], "MACK": [-0.039775, 0.12439046326871224], "MAPP": [0.2913666666666666, 0.12439046326871224], "MCRB": [0.0, 0.12439046326871224], "MDCO": [0.20178166666666664, 0.12439046326871224], "MDVN": [0.09016410256410257, 0.12439046326871224], "MEDI": [0.24557437722419914, 0.12439046326871224], "MGNX": [0.1468, 0.12439046326871224], "MITI": [0.3802, 0.12439046326871224], "MNK": [0.13141944444444442, 0.12439046326871224], "MNKD": [0.1149241379310345, 0.12439046326871224], "MNOV": [0.2009, 0.12439046326871224], "MNTA": [0.0, 0.12439046326871224], "MRNA": [0.33486666666666665, 0.12439046326871224], "MYGN": [0.11276190476190476, 0.12439046326871224], "MYL": [0.11570000000000001, 0.12439046326871224], "NABI": [0.0, 0.12439046326871224], "NBIX": [0.24233076923076924, 0.12439046326871224], "NDRM": [0.12497916666666668, 0.12439046326871224], "NEOS": [-0.15841, 0.12439046326871224], "NERV": [0.13797500000000001, 0.12439046326871224], "NH": [0.11573846153846155, 0.12439046326871224], "NK": [0.12692131979695429, 0.12439046326871224], "NKTR": [0.13396666666666665, 0.12439046326871224],