{"ACOR": [-0.10606666666666666, 0.05795080922010826], "ADRO": [0.0, 0.05795080922010826], "AEGR": [0.06032, 0.05795080922010826], "AFFX": [0.18853999999999999, 0.05795080922010826], "AFFY": [0.07055714285714286, 0.05795080922010826], "AGEN": [0.0, 0.05795080922010826], "ALIM": [0.0, 0.05795080922010826], "ALKS": [0.09866666666666667, 0.05795080922010826], "ALNY": [0.11974, 0.05795080922010826], "ALTH": [0.12564285714285714, 0.05795080922010826], "ALXA": [0.09611159420289857, 0.05795080922010826], "ALXN": [-0.002839999999999987, 0.05795080922010826], "AMAG": [-0.42610000000000003, 0.05795080922010826], "AMGN": [0.17484166666666667, 0.05795080922010826], "AMLN": [0.0, 0.05795080922010826], "AMRN": [0.06354905660377358, 0.05795080922010826], "ANAC": [0.0, 0.05795080922010826], "ANTH": [0.5131428571428571, 0.05795080922010826], "ARIA": [0.1408119402985074, 0.05795080922010826], "ARNA": [0.13688145161290322, 0.05795080922010826], "ARRY": [0.1907555555555555, 0.05795080922010826], "ASPX": [0.012925490196078427, 0.05795080922010826], "AST": [0.04194263565891474, 0.05795080922010826], "ASTX": [0.7269, 0.05795080922010826], "AVEO": [0.5776, 0.05795080922010826], "AVNR": [0.02681428571428571, 0.05795080922010826], "BCRX": [0.0, 0.05795080922010826], "BIIB": [0.24639999999999998, 0.05795080922010826], "BIOD": [-0.38585, 0.05795080922010826], "BLUE": [0.05106000000000001, 0.05795080922010826], "BMRN": [0.0, 0.05795080922010826], "BPAX": [0.0, 0.05795080922010826], "BPMC": [0.0, 0.05795080922010826], "CADX": [0.0, 0.05795080922010826], "CALP": [0.1602, 0.05795080922010826], "CASC": [0.0, 0.05795080922010826], "CBRX": [0.13905, 0.05795080922010826], "CELG": [0.04476153846153846, 0.05795080922010826], "CEPH": [0.0, 0.05795080922010826], "CLDX": [0.15690396039603946, 0.05795080922010826], "COLL": [0.0, 0.05795080922010826], "CRA": [-0.09714285714285716, 0.05795080922010826], "CRIS": [0.0, 0.05795080922010826], "CTIC": [0.0, 0.05795080922010826], "CYTX": [0.7184, 0.05795080922010826], "DEPO": [-0.1027, 0.05795080922010826], "DNDN": [0.04989230769230769, 0.05795080922010826], "DRRX": [0.7184, 0.05795080922010826], "DSCO": [0.18225, 0.05795080922010826], "DVAX": [0.4375, 0.05795080922010826], "ENDP": [0.01544, 0.05795080922010826], "ENTA": [0.0, 0.05795080922010826], "ENZN": [-0.00645, 0.05795080922010826], "EXEL": [0.012431249999999991, 0.05795080922010826], "FACT": [0.04137777777777778, 0.05795080922010826], "FLKS": [0.0, 0.05795080922010826], "FOLD": [0.16515000000000002, 0.05795080922010826], "FURX": [0.3248714285714286, 0.05795080922010826], "GERN": [0.26335, 0.05795080922010826], "GILD": [0.04902666666666666, 0.05795080922010826], "GPRO": [0.31396, 0.05795080922010826], "GTXI": [0.02326216216216216, 0.05795080922010826], "HALO": [0.3612, 0.05795080922010826], "HGSI": [0.05516666666666666, 0.05795080922010826], "HZNP": [0.16216666666666665, 0.05795080922010826], "ICEL": [0.525225, 0.05795080922010826], "ICY": [0.0, 0.05795080922010826], "IDIX": [-0.030664705882352948, 0.05795080922010826], "ILMN": [0.0, 0.05795080922010826], "ILU": [-0.1027, 0.05795080922010826], "INCR": [0.2365, 0.05795080922010826], "INCY": [0.41715555555555556, 0.05795080922010826], "INO": [-0.21075, 0.05795080922010826], "INVA": [-0.5994, 0.05795080922010826], "IONS": [0.0529125, 0.05795080922010826], "ISIS": [0.00797540983606557, 0.05795080922010826], "ISTA": [0.0, 0.05795080922010826], "ITMN": [0.0449, 0.05795080922010826], "JAZZ": [0.01366666666666668, 0.05795080922010826], "KERX": [0.34323333333333333, 0.05795080922010826], "LBIO": [-0.14985, 0.05795080922010826], "LGND": [0.0, 0.05795080922010826], "LIFE": [0.0, 0.05795080922010826], "MACK": [-0.0516, 0.05795080922010826], "MAPP": [0.1550111111111111, 0.05795080922010826], "MDVN": [0.25, 0.05795080922010826], "MEDI": [0.12973333333333334, 0.05795080922010826], "MITI": [-0.775, 0.05795080922010826], "MNK": [0.0, 0.05795080922010826], "MNKD": [0.0, 0.05795080922010826], "MNOV": [0.10445882352941177, 0.05795080922010826], "MYL": [-0.0734, 0.05795080922010826], "NBIX": [0.0872, 0.05795080922010826], "NEOS": [0.0, 0.05795080922010826], "NH": [0.018739999999999996, 0.05795080922010826], "NK": [-0.021449999999999997, 0.05795080922010826], "NPSP": [0.0, 0.05795080922010826], "NVAX": [0.25129285714285715, 0.05795080922010826], "OMED": [-0.2023, 0.05795080922010826], "OMER": [0.048319999999999995, 0.05795080922010826], "OMPI": [0.0, 0.05795080922010826], "ONCE": [0.071825, 0.05795080922010826], "ONXX": [0.17385869565217393, 0.05795080922010826], "OPK": [0.06603999999999999, 0.05795080922010826], "OREX": [-0.13873684210526316, 0.05795080922010826], "OSCI": [0.09547142857142857, 0.05795080922010826], "OTIC": [0.1065, 0.05795080922010826], "OVAS": [0.0, 0.05795080922010826], "PACB": [-0.5267, 0.05795080922010826], "PCRX": [0.0, 0.05795080922010826], "PRGO": [0.0, 0.05795080922010826], "QCOR": [-0.6486, 0.05795080922010826], "REGN": [0.0069800000000000036, 0.05795080922010826], "RNAI": [-0.25723333333333337, 0.05795080922010826], "SAGE": [0.041956666666666656, 0.05795080922010826], "SGYP": [-0.49324999999999997, 0.05795080922010826], "SLXP": [0.0, 0.05795080922010826], "SNTA": [0.4019, 0.05795080922010826], "SNTS": [0.5438666666666666, 0.05795080922010826], "SPPI": [0.012866666666666667, 0.05795080922010826], "SQNM": [0.16531538461538464, 0.05795080922010826], "STEM": [0.20095, 0.05795080922010826], "SUPN": [0.0, 0.05795080922010826], "SVNT": [0.0, 0.05795080922010826], "TARO": [0.0, 0.05795080922010826], "TECH": [0.1290209523809523, 0.05795080922010826], "TEVA": [0.026416666666666668, 0.05795080922010826], "THLD": [0.0, 0.05795080922010826], "USD": [0.03277317073170732, 0.05795080922010826], "UTHR": [0.0, 0.05795080922010826], "VICL": [0.0, 0.05795080922010826], "VPHM": [0.0, 0.05795080922010826], "VRTX": [0.0, 0.05795080922010826], "VVUS": [0.14300454545454533, 0.05795080922010826], "WCRX": [0.010863157894736844, 0.05795080922010826], "XNPT": [0.22217719298245595, 0.05795080922010826], "XOMA": [0.09844166666666666, 0.05795080922010826], "ZLCS": [0.11148, 0.05795080922010826]}