{"AAVL": [0.0, 0.08736614862209603], "ACAD": [0.06890588235294116, 0.08736614862209603], "ACHN": [0.011238888888888889, 0.08736614862209603], "ACOR": [0.2227764705882353, 0.08736614862209603], "ACRX": [0.41035, 0.08736614862209603], "ADHD": [0.11086307692307691, 0.08736614862209603], "ADRO": [0.3164, 0.08736614862209603], "AEGR": [0.2953230769230769, 0.08736614862209603], "AFFX": [0.0, 0.08736614862209603], "AFFY": [0.0, 0.08736614862209603], "AGEN": [-0.06692307692307693, 0.08736614862209603], "AGIO": [0.016164285714285714, 0.08736614862209603], "AKBA": [0.0, 0.08736614862209603], "AKRX": [0.07249285714285714, 0.08736614862209603], "ALDR": [0.050575, 0.08736614862209603], "ALIM": [0.18156923076923076, 0.08736614862209603], "ALKS": [0.1042086956521739, 0.08736614862209603], "ALNY": [0.0, 0.08736614862209603], "ALTH": [0.022999999999999993, 0.08736614862209603], "ALTU": [0.0, 0.08736614862209603], "ALXN": [0.162025, 0.08736614862209603], "AMAG": [0.38628, 0.08736614862209603], "AMGN": [0.0, 0.08736614862209603], "AMRN": [0.014670000000000002, 0.08736614862209603], "ANAC": [0.2507931034482759, 0.08736614862209603], "ANDS": [0.08069285714285714, 0.08736614862209603], "ANIP": [0.15586666666666665, 0.08736614862209603], "ANTH": [0.019733333333333332, 0.08736614862209603], "AQXP": [0.0, 0.08736614862209603], "ARIA": [0.24637777777777778, 0.08736614862209603], "ARNA": [0.11668275862068964, 0.08736614862209603], "ARQL": [-0.33, 0.08736614862209603], "ARRY": [0.3593333333333333, 0.08736614862209603], "ARWR": [0.1511465909090909, 0.08736614862209603], "ASPX": [-0.1307769230769231, 0.08736614862209603], "AST": [0.013857333333333333, 0.08736614862209603], "ASTX": [0.0, 0.08736614862209603], "AUXL": [-0.02786351351351351, 0.08736614862209603], "AVEO": [0.3221533333333333, 0.08736614862209603], "AVNR": [0.09587956989247312, 0.08736614862209603], "AXCA": [-0.23835, 0.08736614862209603], "BCRX": [0.1102764705882353, 0.08736614862209603], "BIIB": [0.2179470588235294, 0.08736614862209603], "BIOD": [0.0, 0.08736614862209603], "BLUE": [0.07829210526315789, 0.08736614862209603], "BMRN": [0.0, 0.08736614862209603], "CADX": [0.0, 0.08736614862209603], "CARA": [0.0, 0.08736614862209603], "CBPO": [0.21075, 0.08736614862209603], "CBST": [0.022999999999999993, 0.08736614862209603], "CCXI": [0.2813133333333333, 0.08736614862209603], "CELG": [0.06380408163265304, 0.08736614862209603], "CEMP": [0.5106, 0.08736614862209603], "CEPH": [0.0, 0.08736614862209603], "CERS": [0.12971363636363636, 0.08736614862209603], "CGEN": [0.0, 0.08736614862209603], "CGPI": [0.0, 0.08736614862209603], "CLCD": [0.34, 0.08736614862209603], "CLDN": [0.0, 0.08736614862209603], "CLDX": [0.5977333333333332, 0.08736614862209603], "CLVS": [-0.17640909090909093, 0.08736614862209603], "CMRX": [0.0, 0.08736614862209603], "CNCE": [0.08052307692307692, 0.08736614862209603], "CNCT": [0.0, 0.08736614862209603], "COLL": [0.41806666666666664, 0.08736614862209603], "CRA": [-0.03452857142857142, 0.08736614862209603], "CRIS": [-0.07459999999999999, 0.08736614862209603], "CRME": [0.3427, 0.08736614862209603], "CTIC": [-0.0317, 0.08736614862209603], "CTRX": [0.40993333333333326, 0.08736614862209603], "CYTK": [0.09866666666666667, 0.08736614862209603], "CYTX": [0.0, 0.08736614862209603], "DBVT": [0.0, 0.08736614862209603], "DEPO": [0.40968333333333323, 0.08736614862209603], "DERM": [0.296, 0.08736614862209603], "DIGE": [0.08558333333333333, 0.08736614862209603], "DNDN": [0.17008333333333336, 0.08736614862209603], "DRNA": [-0.12685714285714284, 0.08736614862209603], "DRRX": [0.45879999999999993, 0.08736614862209603], "DVAX": [0.0785076923076923, 0.08736614862209603], "DYAX": [0.29573333333333335, 0.08736614862209603], "ECYT": [0.15367105263157893, 0.08736614862209603], "EDIT": [0.44849999999999995, 0.08736614862209603], "EGRX": [0.0, 0.08736614862209603], "EMIS": [0.0, 0.08736614862209603], "ENCY": [-0.51275, 0.08736614862209603], "ENDP": [-0.06435892857142858, 0.08736614862209603], "ENTA": [-0.0011038461538461497, 0.08736614862209603], "ENZN": [0.0, 0.08736614862209603], "EPZM": [0.17204999999999998, 0.08736614862209603], "ESPR": [0.0, 0.08736614862209603], "EXEL": [-0.1331, 0.08736614862209603], "FACT": [0.06743333333333335, 0.08736614862209603], "FLKS": [0.0, 0.08736614862209603], "FLXN": [0.0, 0.08736614862209603], "FMI": [-0.27631428571428573, 0.08736614862209603], "FOLD": [-0.49992000000000003, 0.08736614862209603], "FOMX": [0.18517857142857144, 0.08736614862209603], "FPRX": [0.3427, 0.08736614862209603], "FURX": [0.0, 0.08736614862209603], "GBT": [0.2023, 0.08736614862209603], "GENZ": [0.0, 0.08736614862209603], "GEVA": [0.29710000000000003, 0.08736614862209603], "GILD": [0.0807343137254902, 0.08736614862209603], "GNVC": [0.371375, 0.08736614862209603], "GPRO": [0.07997721518987341, 0.08736614862209603], "GWPH": [0.2133, 0.08736614862209603], "HALO": [0.11262727272727274, 0.08736614862209603], "HBIO": [0.0, 0.08736614862209603], "HPTX": [0.0, 0.08736614862209603], "HZNP": [0.3331117647058825, 0.08736614862209603], "ICEL": [0.1942, 0.08736614862209603], "ICPT": [0.30811000000000005, 0.08736614862209603], "ICY": [0.025733333333333334, 0.08736614862209603], "ILMN": [0.14725, 0.08736614862209603], "ILU": [0.4040333333333333, 0.08736614862209603], "IMGN": [0.1468, 0.08736614862209603], "IMMU": [0.06602142857142856, 0.08736614862209603], "INCR": [0.23406000000000002, 0.08736614862209603], "INCY": [0.025733333333333334, 0.08736614862209603], "INFI": [0.074, 0.08736614862209603], "INGN": [-0.6597, 0.08736614862209603], "INO": [0.10594999999999999, 0.08736614862209603], "INSM": [0.0, 0.08736614862209603], "INSY": [0.3456545454545454, 0.08736614862209603], "INVA": [0.0, 0.08736614862209603], "IONS": [0.09789014084507044, 0.08736614862209603], "IPXL": [0.41124, 0.08736614862209603], "IRWD": [0.2463, 0.08736614862209603], "ISIS": [0.106525, 0.08736614862209603], "ISPH": [0.0, 0.08736614862209603], "ISTA": [0.024874999999999994, 0.08736614862209603], "ITMN": [0.09137894736842105, 0.08736614862209603], "JAZZ": [0.04115500000000001, 0.08736614862209603], "KERX": [-0.005255555555555554, 0.08736614862209603], "KPTI": [0.148, 0.08736614862209603], "KYTH": [0.0, 0.08736614862209603], "LBIO": [0.04164444444444445, 0.08736614862209603], "LGND": [0.23394999999999996, 0.08736614862209603], "LIFE": [0.1747125, 0.08736614862209603], "LOXO": [-0.2732, 0.08736614862209603], "MACK": [0.13055, 0.08736614862209603], "MDVN": [-0.03564285714285714, 0.08736614862209603], "MEDI": [0.2739563685636875, 0.08736614862209603], "MITI": [0.0, 0.08736614862209603], "MNK": [-0.04335000000000001, 0.08736614862209603], "MNKD": [-0.053428571428571436, 0.08736614862209603], "MNTA": [0.4019, 0.08736614862209603], "MRNA": [0.0, 0.08736614862209603], "MYGN": [0.0, 0.08736614862209603], "MYL": [0.2109722222222222, 0.08736614862209603], "NBIX": [-0.15169999999999997, 0.08736614862209603], "NEOS": [0.2202, 0.08736614862209603], "NERV": [0.0, 0.08736614862209603], "NH": [-0.13371176470588234, 0.08736614862209603], "NK": [0.02948172043010752, 0.08736614862209603], "NKTR": [-0.06661666666666667, 0.08736614862209603], "NLNK": [0.0, 0.08736614862209603], "NOVN": [0.0, 0.08736614862209603], "NPSP": [0.15368235294117644, 0.08736614862209603], "NVAX": [0.0, 0.08736614862209603], "OMED": [0.15443571428571426, 0.08736614862209603], "OMER": [0.21671999999999997, 0.08736614862209603], "OMPI": [0.1779, 0.08736614862209603], "ONCE": [0.5138101265822786, 0.08736614862209603], "ONTX": [0.0, 0.08736614862209603], "ONTY": [0.0, 0.08736614862209603], "ONVO": [0.09117142857142857, 0.08736614862209603], "OPHT": [0.0, 0.08736614862209603], "OPK": [0.2823210526315789, 0.08736614862209603], "OREX": [0.008821212121212122, 0.08736614862209603], "OSCI": [-0.08457142857142856, 0.08736614862209603], "OTIC": [0.0, 0.08736614862209603], "OVAS": [0.0, 0.08736614862209603], "PACB": [0.0, 0.08736614862209603], "PANC": [-0.3613666666666666, 0.08736614862209603], "PCYC": [0.10115, 0.08736614862209603],