{"ACAD": [0.15166538461538465, 0.09290599856427582], "ACHN": [0.3192142857142857, 0.09290599856427582], "ACOR": [0.0, 0.09290599856427582], "ACRX": [-0.045533333333333335, 0.09290599856427582], "ADHD": [0.13684166666666667, 0.09290599856427582], "ADMS": [0.2202, 0.09290599856427582], "ADRO": [0.0, 0.09290599856427582], "ADVM": [0.1319, 0.09290599856427582], "AEGR": [0.0, 0.09290599856427582], "AERI": [0.0, 0.09290599856427582], "AFMD": [0.3913, 0.09290599856427582], "AGEN": [0.0, 0.09290599856427582], "AGIO": [0.04981304347826087, 0.09290599856427582], "AGTC": [0.0, 0.09290599856427582], "AIMT": [0.6696, 0.09290599856427582], "AKRX": [0.15437499999999998, 0.09290599856427582], "ALDR": [0.20536666666666664, 0.09290599856427582], "ALIM": [0.0, 0.09290599856427582], "ALKS": [0.29762142857142854, 0.09290599856427582], "ALNY": [0.055296000000000005, 0.09290599856427582], "ALTH": [0.24337397260273963, 0.09290599856427582], "ALXN": [0.05236129032258064, 0.09290599856427582], "AMAG": [0.045533333333333335, 0.09290599856427582], "AMGN": [0.08864718309859158, 0.09290599856427582], "AMPH": [0.1559, 0.09290599856427582], "AMRI": [0.22199999999999998, 0.09290599856427582], "AMRN": [0.11334000000000002, 0.09290599856427582], "ANAC": [0.0, 0.09290599856427582], "ANDS": [0.28216874999999997, 0.09290599856427582], "ANIP": [-0.25453333333333333, 0.09290599856427582], "ANTH": [0.11829135802469133, 0.09290599856427582], "AQXP": [0.2542285714285714, 0.09290599856427582], "ARIA": [0.03514999999999999, 0.09290599856427582], "ARNA": [0.04759166666666669, 0.09290599856427582], "ARQL": [0.0, 0.09290599856427582], "ARRY": [0.14280833333333334, 0.09290599856427582], "ARWR": [0.0, 0.09290599856427582], "ASPX": [0.055760000000000004, 0.09290599856427582], "AST": [0.08964329896907218, 0.09290599856427582], "ATRA": [0.0, 0.09290599856427582], "AVXS": [0.044475, 0.09290599856427582], "BGNE": [-0.17958, 0.09290599856427582], "BIIB": [0.09546193181818183, 0.09290599856427582], "BIOD": [0.13992, 0.09290599856427582], "BIOV": [0.743, 0.09290599856427582], "BLCM": [0.16400434782608697, 0.09290599856427582], "BLUE": [0.02674552845528456, 0.09290599856427582], "BMRN": [0.12931428571428574, 0.09290599856427582], "BOLD": [0.0, 0.09290599856427582], "BPMC": [0.09605555555555557, 0.09290599856427582], "CALP": [-0.059500000000000004, 0.09290599856427582], "CARA": [0.19394500000000003, 0.09290599856427582], "CASC": [0.0037947368421052717, 0.09290599856427582], "CBPO": [0.0772, 0.09290599856427582], "CCXI": [0.0, 0.09290599856427582], "CELG": [0.08682937499999996, 0.09290599856427582], "CEMP": [-0.021180000000000015, 0.09290599856427582], "CERS": [0.4019, 0.09290599856427582], "CGEN": [0.0, 0.09290599856427582], "CHRS": [0.1866, 0.09290599856427582], "CLCD": [0.3389, 0.09290599856427582], "CLDN": [0.46176666666666666, 0.09290599856427582], "CLDX": [-0.22307777777777776, 0.09290599856427582], "CLSD": [-0.046433333333333326, 0.09290599856427582], "CLVS": [0.07422857142857144, 0.09290599856427582], "CMRX": [-0.28595, 0.09290599856427582], "CNCE": [0.0, 0.09290599856427582], "CNCT": [0.06874, 0.09290599856427582], "COLL": [-0.03867999999999998, 0.09290599856427582], "CRA": [0.02581200000000001, 0.09290599856427582], "CRIS": [0.1687125, 0.09290599856427582], "CRME": [0.0, 0.09290599856427582], "CTIC": [0.2497, 0.09290599856427582], "CTRX": [0.6458, 0.09290599856427582], "CXRX": [0.11966000000000002, 0.09290599856427582], "CYTX": [0.0, 0.09290599856427582], "DEPO": [0.31149230769230773, 0.09290599856427582], "DERM": [0.043906249999999994, 0.09290599856427582], "DIGE": [0.23668, 0.09290599856427582], "DNAI": [0.015479999999999999, 0.09290599856427582], "DNDN": [0.4767, 0.09290599856427582], "DRNA": [0.1799666666666667, 0.09290599856427582], "DRRX": [0.0, 0.09290599856427582], "DSCO": [0.0, 0.09290599856427582], "DVAX": [0.06863749999999999, 0.09290599856427582], "ECYT": [0.0, 0.09290599856427582], "EDIT": [-0.02428823529411764, 0.09290599856427582], "EGLT": [0.013577272727272726, 0.09290599856427582], "EGRX": [0.5233, 0.09290599856427582], "ENCY": [-0.149, 0.09290599856427582], "ENDP": [0.022494166666666655, 0.09290599856427582], "ENTA": [0.13416999999999998, 0.09290599856427582], "ENZN": [0.1852125, 0.09290599856427582], "EPIX": [0.2023, 0.09290599856427582], "EPZM": [0.17020000000000002, 0.09290599856427582], "ESPR": [0.4215, 0.09290599856427582], "EXEL": [0.148275, 0.09290599856427582], "FACT": [0.04522, 0.09290599856427582], "FGEN": [0.57245, 0.09290599856427582], "FLKS": [0.06994999999999998, 0.09290599856427582], "FLML": [0.296, 0.09290599856427582], "FLXN": [0.07733333333333332, 0.09290599856427582], "FMI": [0.074, 0.09290599856427582], "FOLD": [0.11049199999999999, 0.09290599856427582], "FOMX": [-0.296, 0.09290599856427582], "FPRX": [0.0, 0.09290599856427582], "GBT": [0.06645555555555555, 0.09290599856427582], "GERN": [0.0, 0.09290599856427582], "GEVA": [0.0, 0.09290599856427582], "GHDX": [-0.107725, 0.09290599856427582], "GILD": [0.09854983277591974, 0.09290599856427582], "GNVC": [0.0, 0.09290599856427582], "GPRO": [0.1334966666666667, 0.09290599856427582], "GRFS": [0.0, 0.09290599856427582], "GTXI": [-0.007080952380952378, 0.09290599856427582], "GWPH": [0.021142424242424244, 0.09290599856427582], "HALO": [0.24082307692307692, 0.09290599856427582], "HBIO": [0.28700000000000003, 0.09290599856427582], "HZNP": [-0.0877113402061856, 0.09290599856427582], "ICEL": [0.41739999999999994, 0.09290599856427582], "ICPT": [0.31538571428571427, 0.09290599856427582], "ICY": [0.17429285714285717, 0.09290599856427582], "IDEV": [0.1779, 0.09290599856427582], "ILMN": [0.04081296296296297, 0.09290599856427582], "ILU": [-0.3404181818181819, 0.09290599856427582], "IMDZ": [0.0, 0.09290599856427582], "IMGN": [0.0, 0.09290599856427582], "IMMU": [-0.04815079365079364, 0.09290599856427582], "INCR": [0.09221739130434785, 0.09290599856427582], "INCY": [-0.09971599999999999, 0.09290599856427582], "INFI": [0.1897333333333333, 0.09290599856427582], "INGN": [0.0, 0.09290599856427582], "INO": [0.2898277777777778, 0.09290599856427582], "INSM": [0.0, 0.09290599856427582], "INSY": [-0.05596325301204818, 0.09290599856427582], "INVA": [0.0, 0.09290599856427582], "IONS": [0.11592203389830516, 0.09290599856427582], "IPXL": [-0.11038571428571428, 0.09290599856427582], "IRWD": [0.09963, 0.09290599856427582], "ISIS": [0.059199999999999996, 0.09290599856427582], "ISPH": [0.0, 0.09290599856427582], "ISTA": [0.2686954545454546, 0.09290599856427582], "ITCI": [0.1465642857142857, 0.09290599856427582], "JAZZ": [0.286, 0.09290599856427582], "JUNO": [-0.06748172043010756, 0.09290599856427582], "KERX": [0.38136000000000003, 0.09290599856427582], "KITE": [0.017614925373134326, 0.09290599856427582], "KMPH": [0.0, 0.09290599856427582], "KPTI": [0.23835, 0.09290599856427582], "LBIO": [0.087175, 0.09290599856427582], "LGND": [0.0, 0.09290599856427582], "LIFE": [0.14065, 0.09290599856427582], "LMNX": [0.06183076923076922, 0.09290599856427582], "LXRX": [0.0, 0.09290599856427582], "MACK": [0.04597, 0.09290599856427582], "MAPP": [0.5033666666666666, 0.09290599856427582], "MCRB": [0.0, 0.09290599856427582], "MDCO": [0.04228571428571428, 0.09290599856427582], "MEDI": [0.11388670520231205, 0.09290599856427582], "MGNX": [0.0927, 0.09290599856427582], "MNK": [0.0476237288135593, 0.09290599856427582], "MNKD": [0.06624736842105261, 0.09290599856427582], "MNTA": [0.0, 0.09290599856427582], "MRNA": [0.0, 0.09290599856427582], "MYGN": [0.3934, 0.09290599856427582], "MYL": [0.03563627906976744, 0.09290599856427582], "NABI": [0.05674285714285714, 0.09290599856427582], "NBIX": [-0.15285714285714286, 0.09290599856427582], "NDRM": [0.033716666666666666, 0.09290599856427582], "NEOS": [0.45752, 0.09290599856427582], "NERV": [-0.7236, 0.09290599856427582], "NH": [-0.0001055555555555643, 0.09290599856427582], "NK": [0.030529707112970726, 0.09290599856427582], "NKTR": [0.0, 0.09290599856427582], "NLNK": [0.0, 0.09290599856427582],