{"AAVL": [0.2462, 0.13218008371554923], "ACAD": [0.12954736842105263, 0.13218008371554923], "ACHN": [0.0336, 0.13218008371554923], "ACOR": [0.10115, 0.13218008371554923], "ACRX": [0.2023, 0.13218008371554923], "ADHD": [0.12206249999999999, 0.13218008371554923], "ADMS": [-0.28174999999999994, 0.13218008371554923], "ADRO": [0.09966, 0.13218008371554923], "ADVM": [0.128, 0.13218008371554923], "AEGR": [0.2023, 0.13218008371554923], "AERI": [0.19981666666666664, 0.13218008371554923], "AFFX": [0.24914999999999998, 0.13218008371554923], "AFFY": [0.2023, 0.13218008371554923], "AFMD": [0.1892375, 0.13218008371554923], "AGEN": [0.15154594594594595, 0.13218008371554923], "AGIO": [-0.00039000000000000146, 0.13218008371554923], "AGTC": [-0.3580249999999999, 0.13218008371554923], "AIMT": [0.0, 0.13218008371554923], "AKBA": [0.1435318181818182, 0.13218008371554923], "AKRX": [0.20599677419354845, 0.13218008371554923], "ALDR": [0.22880000000000003, 0.13218008371554923], "ALIM": [0.4052142857142858, 0.13218008371554923], "ALKS": [0.02236470588235294, 0.13218008371554923], "ALNY": [0.02788846153846155, 0.13218008371554923], "ALTH": [0.017858695652173916, 0.13218008371554923], "ALXA": [0.2023, 0.13218008371554923], "ALXN": [-0.05904166666666664, 0.13218008371554923], "AMAG": [0.03322, 0.13218008371554923], "AMGN": [0.1527724770642202, 0.13218008371554923], "AMPH": [0.043375, 0.13218008371554923], "AMRN": [0.0008909090909090887, 0.13218008371554923], "ANAC": [0.24914999999999998, 0.13218008371554923], "ANDS": [0.4318666666666666, 0.13218008371554923], "ANIP": [-0.018739999999999996, 0.13218008371554923], "ANPI": [0.0, 0.13218008371554923], "ANTH": [-0.036838461538461535, 0.13218008371554923], "AQXP": [0.2023, 0.13218008371554923], "ARDX": [0.3804, 0.13218008371554923], "ARIA": [-0.004517857142857132, 0.13218008371554923], "ARLZ": [-0.16392, 0.13218008371554923], "ARNA": [0.02487272727272727, 0.13218008371554923], "ARQL": [0.13486666666666666, 0.13218008371554923], "ARRY": [0.13445783132530117, 0.13218008371554923], "ARWR": [0.27105, 0.13218008371554923], "ASPX": [0.18241315789473686, 0.13218008371554923], "AST": [0.08558620689655162, 0.13218008371554923], "ASTX": [0.24914999999999998, 0.13218008371554923], "AUXL": [0.24914999999999998, 0.13218008371554923], "AVDL": [0.29599999999999993, 0.13218008371554923], "AVEO": [0.2023, 0.13218008371554923], "AVNR": [0.2023, 0.13218008371554923], "AVXS": [0.0, 0.13218008371554923], "BCRX": [0.21422857142857146, 0.13218008371554923], "BGNE": [-0.0386, 0.13218008371554923], "BIIB": [0.18776562500000005, 0.13218008371554923], "BIOD": [0.6996, 0.13218008371554923], "BLCM": [0.23421428571428574, 0.13218008371554923], "BLUE": [0.2373277777777778, 0.13218008371554923], "BLUS": [0.0, 0.13218008371554923], "BMRN": [0.033885714285714276, 0.13218008371554923], "BPMC": [0.0, 0.13218008371554923], "CADX": [-0.2263, 0.13218008371554923], "CALP": [-0.2023, 0.13218008371554923], "CARA": [0.2508976190476191, 0.13218008371554923], "CASC": [0.2203045454545455, 0.13218008371554923], "CBPO": [0.09603333333333332, 0.13218008371554923], "CCXI": [0.231275, 0.13218008371554923], "CELG": [0.08877000000000002, 0.13218008371554923], "CEMP": [0.07462142857142859, 0.13218008371554923], "CEPH": [0.40116666666666667, 0.13218008371554923], "CERS": [0.144075, 0.13218008371554923], "CGEN": [0.050575, 0.13218008371554923], "CHMA": [0.296, 0.13218008371554923], "CHRS": [0.29963333333333336, 0.13218008371554923], "CLCD": [0.0, 0.13218008371554923], "CLDN": [0.3088666666666667, 0.13218008371554923], "CLDX": [0.018390909090909093, 0.13218008371554923], "CLVS": [-0.06360588235294118, 0.13218008371554923], "CMRX": [0.10115, 0.13218008371554923], "CNCE": [0.0, 0.13218008371554923], "COLL": [0.06958222222222221, 0.13218008371554923], "CRA": [0.011546666666666676, 0.13218008371554923], "CRIS": [0.2023, 0.13218008371554923], "CRME": [0.296, 0.13218008371554923], "CTIC": [-0.013194444444444444, 0.13218008371554923], "CTRX": [0.2023, 0.13218008371554923], "CXRX": [0.12457499999999999, 0.13218008371554923], "CYTK": [0.0, 0.13218008371554923], "CYTX": [0.24914999999999998, 0.13218008371554923], "DBVT": [0.0, 0.13218008371554923], "DEPO": [0.4074714285714286, 0.13218008371554923], "DERM": [-0.2732, 0.13218008371554923], "DIGE": [0.0, 0.13218008371554923], "DRNA": [-0.017909090909090906, 0.13218008371554923], "DRRX": [-0.1665285714285714, 0.13218008371554923], "DVAX": [0.1957727272727273, 0.13218008371554923], "DYAX": [0.10115, 0.13218008371554923], "ECYT": [0.028900000000000002, 0.13218008371554923], "EDIT": [-0.1934583333333333, 0.13218008371554923], "EGLT": [0.07674761904761904, 0.13218008371554923], "EGRX": [0.24738, 0.13218008371554923], "ENCY": [0.17423636363636366, 0.13218008371554923], "ENDP": [0.06741309523809526, 0.13218008371554923], "ENTA": [0.05397, 0.13218008371554923], "ENZN": [0.151725, 0.13218008371554923], "EPIX": [-0.16284444444444443, 0.13218008371554923], "EPZM": [0.41206000000000004, 0.13218008371554923], "ESPR": [0.1661, 0.13218008371554923], "EXEL": [0.10578172043010753, 0.13218008371554923], "FACT": [0.1757423076923077, 0.13218008371554923], "FGEN": [0.20186693548387102, 0.13218008371554923], "FLKS": [0.10866666666666665, 0.13218008371554923], "FLML": [0.1661, 0.13218008371554923], "FLXN": [0.148, 0.13218008371554923], "FMI": [0.11733750000000001, 0.13218008371554923], "FOLD": [0.08000666666666666, 0.13218008371554923], "FPRX": [0.2023, 0.13218008371554923], "GBT": [-0.27267499999999995, 0.13218008371554923], "GERN": [0.3267, 0.13218008371554923], "GEVA": [0.21230000000000002, 0.13218008371554923], "GHDX": [0.14534285714285713, 0.13218008371554923], "GILD": [0.13623533834586465, 0.13218008371554923], "GNVC": [0.5822799999999999, 0.13218008371554923], "GPRO": [0.1416855172413793, 0.13218008371554923], "GRFS": [0.0, 0.13218008371554923], "GTXI": [0.033716666666666666, 0.13218008371554923], "GWPH": [0.23978800000000003, 0.13218008371554923], "HALO": [0.2968, 0.13218008371554923], "HZNP": [0.20147837837837843, 0.13218008371554923], "ICPT": [0.050575, 0.13218008371554923], "ICY": [-0.12726666666666667, 0.13218008371554923], "IDIX": [0.24914999999999998, 0.13218008371554923], "ILMN": [0.16928518518518518, 0.13218008371554923], "ILU": [-0.05673333333333334, 0.13218008371554923], "IMGN": [0.24914999999999998, 0.13218008371554923], "IMMU": [0.1762093023255814, 0.13218008371554923], "INCR": [0.20649512195121947, 0.13218008371554923], "INCY": [0.10843703703703697, 0.13218008371554923], "INFI": [0.09663076923076923, 0.13218008371554923], "INO": [0.14302083333333337, 0.13218008371554923], "INSM": [0.1661, 0.13218008371554923], "INSY": [0.0332, 0.13218008371554923], "INVA": [0.04970625000000001, 0.13218008371554923], "IONS": [-0.001322340425531908, 0.13218008371554923], "IPXL": [0.16025624999999996, 0.13218008371554923], "IRWD": [0.2569699999999999, 0.13218008371554923], "ISIS": [0.296, 0.13218008371554923], "ISTA": [-0.12191111111111111, 0.13218008371554923], "ITCI": [0.04228571428571428, 0.13218008371554923], "ITEK": [-0.03819545454545454, 0.13218008371554923], "ITMN": [0.24914999999999998, 0.13218008371554923], "JAZZ": [-0.02307, 0.13218008371554923], "JUNO": [0.11592083333333335, 0.13218008371554923], "KERX": [0.12114444444444444, 0.13218008371554923], "KITE": [0.08267894736842105, 0.13218008371554923], "LBIO": [0.180441935483871, 0.13218008371554923], "LGND": [0.10985714285714286, 0.13218008371554923], "LIFE": [0.21824736842105263, 0.13218008371554923], "LMNX": [0.0008999999999999934, 0.13218008371554923], "LOXO": [0.15355, 0.13218008371554923], "LXRX": [0.0816, 0.13218008371554923], "MACK": [-0.17677941176470585, 0.13218008371554923], "MAPP": [0.34179090909090903, 0.13218008371554923], "MCRB": [0.10115, 0.13218008371554923], "MDCO": [0.19981666666666667, 0.13218008371554923], "MDVN": [0.24914999999999998, 0.13218008371554923], "MEDI": [0.18483302752293557, 0.13218008371554923], "MGNX": [0.08399999999999999, 0.13218008371554923],