{"ALXN": [0.4404, 0.2085763888888889], "ARNA": [0.755, 0.2085763888888889], "AST": [0.1806, 0.2085763888888889], "CRA": [0.0, 0.2085763888888889], "CVTX": [0.0, 0.2085763888888889], "CYPB": [0.38155, 0.2085763888888889], "GERN": [0.046237499999999994, 0.2085763888888889], "OSIP": [0.0, 0.2085763888888889], "STEM": [0.0734, 0.2085763888888889]}