{"AAVL": [0.18465, 0.19408472203249016], "ACAD": [0.4463258064516129, 0.19408472203249016], "ACHN": [0.3254458333333334, 0.19408472203249016], "ACOR": [0.034338095238095244, 0.19408472203249016], "ACRX": [0.43311578947368423, 0.19408472203249016], "ADHD": [0.11675, 0.19408472203249016], "ADMS": [0.0, 0.19408472203249016], "ADRO": [-0.12936551724137932, 0.19408472203249016], "AEGR": [0.559475, 0.19408472203249016], "AERI": [0.0, 0.19408472203249016], "AFFX": [0.463476, 0.19408472203249016], "AFFY": [0.5241043478260868, 0.19408472203249016], "AFMD": [0.07718888888888889, 0.19408472203249016], "AGEN": [-0.00024625000000000065, 0.19408472203249016], "AGIO": [0.24338461538461537, 0.19408472203249016], "AGIX": [0.0, 0.19408472203249016], "AGTC": [0.296, 0.19408472203249016], "AKBA": [0.4357054054054055, 0.19408472203249016], "AKRX": [0.1600388888888889, 0.19408472203249016], "ALDR": [-0.00564238410596026, 0.19408472203249016], "ALIM": [0.4639473684210527, 0.19408472203249016], "ALKS": [0.1483857142857143, 0.19408472203249016], "ALNY": [0.09640769230769232, 0.19408472203249016], "ALTH": [0.1169274193548387, 0.19408472203249016], "ALTU": [0.6704523809523809, 0.19408472203249016], "ALXA": [0.3703, 0.19408472203249016], "ALXN": [0.3902515151515152, 0.19408472203249016], "AMAG": [0.442842105263158, 0.19408472203249016], "AMGN": [0.16887985074626846, 0.19408472203249016], "AMPH": [0.1806, 0.19408472203249016], "AMRN": [0.13216779661016956, 0.19408472203249016], "ANAC": [0.2933876404494382, 0.19408472203249016], "ANDS": [0.302185, 0.19408472203249016], "ANIP": [0.05402424242424242, 0.19408472203249016], "ANPI": [0.0, 0.19408472203249016], "ANTH": [0.34552025316455676, 0.19408472203249016], "ARDX": [0.296, 0.19408472203249016], "ARIA": [0.15302421875, 0.19408472203249016], "ARNA": [0.15834948453608247, 0.19408472203249016], "ARQL": [0.14049999999999999, 0.19408472203249016], "ARRY": [0.6329652173913043, 0.19408472203249016], "ARWR": [0.34676086956521746, 0.19408472203249016], "ASPX": [-0.07966190476190478, 0.19408472203249016], "AST": [0.39452285318559727, 0.19408472203249016], "ASTX": [0.6690333333333335, 0.19408472203249016], "ATRA": [0.11383333333333334, 0.19408472203249016], "AUXL": [0.0, 0.19408472203249016], "AVEO": [0.4685735294117646, 0.19408472203249016], "AVNR": [0.6036692307692308, 0.19408472203249016], "BCRX": [0.2078734693877551, 0.19408472203249016], "BIIB": [0.17415375000000002, 0.19408472203249016], "BIOD": [-0.28295, 0.19408472203249016], "BLCM": [0.11308157894736844, 0.19408472203249016], "BLUE": [0.04671408045977012, 0.19408472203249016], "BMRN": [0.029805555555555554, 0.19408472203249016], "CADX": [0.6164357142857143, 0.19408472203249016], "CALP": [0.26721428571428574, 0.19408472203249016], "CARA": [0.4471346153846152, 0.19408472203249016], "CASC": [0.01102857142857143, 0.19408472203249016], "CBPO": [0.468675, 0.19408472203249016], "CCXI": [0.5264944444444445, 0.19408472203249016], "CELG": [0.1126873777777776, 0.19408472203249016], "CEMP": [0.035595238095238096, 0.19408472203249016], "CEPH": [-0.06164000000000001, 0.19408472203249016], "CERS": [0.24625000000000002, 0.19408472203249016], "CGEN": [0.0, 0.19408472203249016], "CHRS": [0.6696, 0.19408472203249016], "CLDN": [0.10365714285714285, 0.19408472203249016], "CLDX": [0.11532428571428566, 0.19408472203249016], "CLVS": [0.05872553191489361, 0.19408472203249016], "CMRX": [0.0, 0.19408472203249016], "CNCE": [0.0, 0.19408472203249016], "COLL": [0.1521602739726027, 0.19408472203249016], "CRA": [0.2800404255319149, 0.19408472203249016], "CRIS": [-0.3114733333333335, 0.19408472203249016], "CRME": [0.6640727272727274, 0.19408472203249016], "CTIC": [0.34708333333333335, 0.19408472203249016], "CTRX": [0.5280857142857143, 0.19408472203249016], "CVTX": [0.0, 0.19408472203249016], "CXRX": [0.074, 0.19408472203249016], "CYTK": [0.3182, 0.19408472203249016], "DBVT": [0.31152857142857143, 0.19408472203249016], "DEPO": [0.2824032258064516, 0.19408472203249016], "DERM": [0.2848111111111111, 0.19408472203249016], "DIGE": [-0.17571666666666666, 0.19408472203249016], "DRNA": [0.26995, 0.19408472203249016], "DRRX": [-0.004139393939393939, 0.19408472203249016], "DSCO": [-0.38409999999999994, 0.19408472203249016], "DVAX": [-0.02401111111111111, 0.19408472203249016], "DYAX": [0.1850267441860465, 0.19408472203249016], "ECYT": [0.5040625, 0.19408472203249016], "EDIT": [0.40161176470588233, 0.19408472203249016], "EGLT": [-0.4566555555555556, 0.19408472203249016], "EGRX": [0.05392615384615385, 0.19408472203249016], "EMIS": [0.0, 0.19408472203249016], "ENCY": [0.6178607142857142, 0.19408472203249016], "ENDP": [0.34652857142857146, 0.19408472203249016], "ENTA": [0.07812045454545455, 0.19408472203249016], "ENZN": [0.5004124999999999, 0.19408472203249016], "EPZM": [-0.009349999999999992, 0.19408472203249016], "ESPR": [0.04684074074074074, 0.19408472203249016], "EXEL": [0.2756, 0.19408472203249016], "FACT": [0.0, 0.19408472203249016], "FGEN": [0.0605037037037037, 0.19408472203249016], "FLKS": [0.07275714285714285, 0.19408472203249016], "FLML": [0.0781125, 0.19408472203249016], "FLXN": [0.0, 0.19408472203249016], "FMI": [0.059437500000000004, 0.19408472203249016], "FOLD": [-0.12882000000000002, 0.19408472203249016], "FOMX": [0.05135, 0.19408472203249016], "FPRX": [0.54715625, 0.19408472203249016], "GBT": [0.0, 0.19408472203249016], "GENZ": [0.383325, 0.19408472203249016], "GERN": [0.053152, 0.19408472203249016], "GEVA": [0.6006538461538462, 0.19408472203249016], "GILD": [0.10326441441441432, 0.19408472203249016], "GNVC": [0.6682461538461539, 0.19408472203249016], "GPRO": [0.05422710280373832, 0.19408472203249016], "GTXI": [0.2023, 0.19408472203249016], "GWPH": [-0.06116129032258065, 0.19408472203249016], "HALO": [0.21308938053097343, 0.19408472203249016], "HBIO": [0.085, 0.19408472203249016], "HZNP": [0.07695598705501622, 0.19408472203249016], "ICEL": [0.6127684210526315, 0.19408472203249016], "ICPT": [0.2669735294117647, 0.19408472203249016], "ICY": [0.08327272727272728, 0.19408472203249016], "ILMN": [0.0983925, 0.19408472203249016], "ILU": [-0.6790999999999999, 0.19408472203249016], "IMCL": [0.0, 0.19408472203249016], "IMGN": [-0.148, 0.19408472203249016], "IMMU": [-0.02396860465116278, 0.19408472203249016], "INCR": [0.299485, 0.19408472203249016], "INCY": [-0.03408620689655172, 0.19408472203249016], "INFI": [0.49690526315789474, 0.19408472203249016], "INGN": [0.4730666666666667, 0.19408472203249016], "INO": [0.46370000000000006, 0.19408472203249016], "INSM": [-0.05882941176470588, 0.19408472203249016], "INSY": [0.44839857142857154, 0.19408472203249016], "INVA": [0.3535, 0.19408472203249016], "IONS": [0.15887579908675795, 0.19408472203249016], "IPXL": [0.48636111111111113, 0.19408472203249016], "IRWD": [0.4655916666666666, 0.19408472203249016], "ISIS": [0.09767321428571422, 0.19408472203249016], "ISTA": [0.07395714285714286, 0.19408472203249016], "ITCI": [0.2732, 0.19408472203249016], "ITMN": [-0.0772, 0.19408472203249016], "JAZZ": [0.14049999999999999, 0.19408472203249016], "JUNO": [0.07823367571533382, 0.19408472203249016], "KERX": [0.3535180327868853, 0.19408472203249016], "KITE": [0.09317981651376148, 0.19408472203249016], "KPTI": [0.1242, 0.19408472203249016], "KYTH": [0.04933333333333333, 0.19408472203249016], "LBIO": [0.20816328125000008, 0.19408472203249016], "LGND": [0.2948473684210527, 0.19408472203249016], "LIFE": [0.4707190476190476, 0.19408472203249016], "MACK": [0.20706842105263154, 0.19408472203249016], "MAPP": [0.0, 0.19408472203249016], "MCRB": [0.106208, 0.19408472203249016], "MDCO": [0.1659, 0.19408472203249016], "MDVN": [0.20413333333333336, 0.19408472203249016], "MEDI": [0.26320526315789555, 0.19408472203249016], "MEDX": [0.0, 0.19408472203249016], "MGNX": [0.6218, 0.19408472203249016], "MITI": [0.43942499999999995, 0.19408472203249016], "MNK": [0.00799270833333333, 0.19408472203249016], "MNKD": [0.0158, 0.19408472203249016], "MNOV": [0.0, 0.19408472203249016], "MNTA": [0.04019, 0.19408472203249016],