{"ACAD": [-0.29886666666666667, 0.12569445182343728], "ACOR": [0.45831666666666665, 0.12569445182343728], "AEGR": [-0.2298545454545455, 0.12569445182343728], "AFFX": [0.5574, 0.12569445182343728], "AFFY": [0.0, 0.12569445182343728], "AKRX": [0.14817, 0.12569445182343728], "ALKS": [0.17036666666666667, 0.12569445182343728], "ALNY": [0.05715384615384615, 0.12569445182343728], "ALTH": [0.2080192307692307, 0.12569445182343728], "ALXA": [0.12665555555555555, 0.12569445182343728], "ALXN": [0.39474666666666663, 0.12569445182343728], "AMGN": [0.05362105263157896, 0.12569445182343728], "AMLN": [0.16810714285714284, 0.12569445182343728], "AMRN": [0.05452352941176469, 0.12569445182343728], "ANAC": [0.0, 0.12569445182343728], "ANDS": [0.0, 0.12569445182343728], "ANIP": [0.0, 0.12569445182343728], "ANTH": [0.3715, 0.12569445182343728], "ARIA": [0.23, 0.12569445182343728], "ARNA": [0.17219285714285718, 0.12569445182343728], "ARQL": [0.4237333333333334, 0.12569445182343728], "ARRY": [0.4332000000000001, 0.12569445182343728], "ASPX": [0.08099368421052633, 0.12569445182343728], "AST": [0.13087348484848485, 0.12569445182343728], "ASTX": [0.47670000000000007, 0.12569445182343728], "AUXL": [0.4203666666666667, 0.12569445182343728], "AVNR": [0.0, 0.12569445182343728], "BCRX": [0.2394666666666667, 0.12569445182343728], "BIIB": [0.55243, 0.12569445182343728], "BIOD": [0.08555833333333333, 0.12569445182343728], "BLUE": [0.1874, 0.12569445182343728], "BMRN": [0.2014903846153845, 0.12569445182343728], "BPAX": [-0.09976923076923076, 0.12569445182343728], "CADX": [-0.296, 0.12569445182343728], "CALP": [0.09874285714285715, 0.12569445182343728], "CARA": [-0.1027, 0.12569445182343728], "CASC": [0.0, 0.12569445182343728], "CBRX": [0.0, 0.12569445182343728], "CBST": [0.0, 0.12569445182343728], "CCXI": [0.0, 0.12569445182343728], "CELG": [0.23366785714285718, 0.12569445182343728], "CEMP": [0.0, 0.12569445182343728], "CERS": [0.0, 0.12569445182343728], "CGEN": [0.0, 0.12569445182343728], "CHRS": [0.5574, 0.12569445182343728], "CLDX": [0.46003333333333335, 0.12569445182343728], "COLL": [0.0, 0.12569445182343728], "CRA": [-0.06517692307692309, 0.12569445182343728], "CRIS": [0.23835000000000003, 0.12569445182343728], "CRME": [0.5945, 0.12569445182343728], "CTIC": [0.296, 0.12569445182343728], "CYTK": [0.10115, 0.12569445182343728], "DEPO": [0.212, 0.12569445182343728], "DIGE": [0.0, 0.12569445182343728], "DNDN": [0.0, 0.12569445182343728], "DSCO": [0.0, 0.12569445182343728], "DVAX": [0.0, 0.12569445182343728], "ECYT": [0.025433333333333325, 0.12569445182343728], "EDIT": [0.25479999999999997, 0.12569445182343728], "ENCY": [0.010974999999999985, 0.12569445182343728], "ENDP": [0.15162499999999998, 0.12569445182343728], "ENTA": [0.0, 0.12569445182343728], "ENZN": [0.0, 0.12569445182343728], "EXEL": [0.29356250000000006, 0.12569445182343728], "FACT": [0.0, 0.12569445182343728], "FOLD": [0.3105, 0.12569445182343728], "FURX": [0.0, 0.12569445182343728], "GERN": [0.18598181818181816, 0.12569445182343728], "GEVA": [-0.3818, 0.12569445182343728], "GHDX": [-0.31605000000000005, 0.12569445182343728], "GILD": [0.22254285714285715, 0.12569445182343728], "HALO": [0.1942857142857143, 0.12569445182343728], "HGSI": [0.03978, 0.12569445182343728], "HITK": [-0.3548, 0.12569445182343728], "HZNP": [0.1533351851851852, 0.12569445182343728], "ICEL": [0.4404, 0.12569445182343728], "ICY": [0.024900000000000002, 0.12569445182343728], "IDIX": [0.1211625, 0.12569445182343728], "ILMN": [0.7845, 0.12569445182343728], "ILU": [-0.723, 0.12569445182343728], "IMGN": [0.4237333333333334, 0.12569445182343728], "IMMU": [0.0, 0.12569445182343728], "INCR": [0.34387500000000004, 0.12569445182343728], "INCY": [0.449, 0.12569445182343728], "INFI": [0.0, 0.12569445182343728], "INHX": [0.34, 0.12569445182343728], "INO": [-0.3612, 0.12569445182343728], "INSM": [0.3592, 0.12569445182343728], "IONS": [0.18854347826086956, 0.12569445182343728], "IPXL": [0.6368999999999999, 0.12569445182343728], "ISIS": [-0.23105384615384622, 0.12569445182343728], "ISTA": [0.04215, 0.12569445182343728], "ITMN": [-0.1366, 0.12569445182343728], "KERX": [0.0, 0.12569445182343728], "KYTH": [-0.1027, 0.12569445182343728], "LBIO": [0.05199090909090909, 0.12569445182343728], "LGND": [0.0, 0.12569445182343728], "LIFE": [0.0, 0.12569445182343728], "LMNX": [0.148, 0.12569445182343728], "LXRX": [0.10262857142857143, 0.12569445182343728], "MACK": [0.0, 0.12569445182343728], "MAPP": [0.0, 0.12569445182343728], "MAXY": [0.0, 0.12569445182343728], "MDCO": [0.0, 0.12569445182343728], "MDVN": [-0.0191375, 0.12569445182343728], "MEDI": [-0.11922857142857143, 0.12569445182343728], "MNK": [0.17200000000000001, 0.12569445182343728], "MNKD": [0.17200000000000001, 0.12569445182343728], "MRNA": [0.7184, 0.12569445182343728], "MYGN": [0.24695, 0.12569445182343728], "MYL": [0.0, 0.12569445182343728], "NBIX": [0.0, 0.12569445182343728], "NH": [0.29563333333333336, 0.12569445182343728], "NK": [0.11573513513513513, 0.12569445182343728], "NKTR": [0.0, 0.12569445182343728], "NLNK": [0.3182, 0.12569445182343728], "NPSP": [0.3553727272727273, 0.12569445182343728], "NVAX": [0.0516, 0.12569445182343728], "OMER": [-0.18829333333333334, 0.12569445182343728], "OMPI": [0.2968571428571429, 0.12569445182343728], "ONCE": [0.3556166666666667, 0.12569445182343728], "ONTY": [0.0, 0.12569445182343728], "ONVO": [0.2263, 0.12569445182343728], "ONXX": [0.21238, 0.12569445182343728], "OPK": [0.1837829787234041, 0.12569445182343728], "OREX": [0.05190555555555556, 0.12569445182343728], "OSCI": [0.0, 0.12569445182343728], "OSIR": [-0.3612000000000001, 0.12569445182343728], "OTIC": [-0.10115, 0.12569445182343728], "PCRX": [0.29164444444444443, 0.12569445182343728], "PCYC": [0.0329888888888889, 0.12569445182343728], "PGNX": [0.0, 0.12569445182343728], "PHRM": [0.0, 0.12569445182343728], "PTIE": [0.7184, 0.12569445182343728], "QCOR": [0.1795076923076923, 0.12569445182343728], "RARE": [0.46530000000000005, 0.12569445182343728], "RNAI": [0.0, 0.12569445182343728], "RPTP": [0.6486, 0.12569445182343728], "SAGE": [0.1276203125, 0.12569445182343728], "SCLN": [0.0, 0.12569445182343728], "SGEN": [0.3639818181818182, 0.12569445182343728], "SGYP": [0.059199999999999996, 0.12569445182343728], "SHPG": [0.0, 0.12569445182343728], "SIGA": [0.0972, 0.12569445182343728], "SLXP": [-0.03996, 0.12569445182343728], "SNTA": [0.42540000000000006, 0.12569445182343728], "SNTS": [0.0, 0.12569445182343728], "SPPI": [0.08104545454545455, 0.12569445182343728], "STEM": [0.0, 0.12569445182343728], "SUPN": [0.0, 0.12569445182343728], "SVA": [0.296, 0.12569445182343728], "TECH": [0.16869402985074627, 0.12569445182343728], "TEVA": [0.0, 0.12569445182343728], "THLD": [0.10230666666666668, 0.12569445182343728], "TSRX": [0.0, 0.12569445182343728], "USD": [0.06816435643564353, 0.12569445182343728], "VPHM": [0.3396799999999999, 0.12569445182343728], "VRTX": [-0.20092727272727273, 0.12569445182343728], "VRUS": [0.34, 0.12569445182343728], "VVUS": [0.15323076923076925, 0.12569445182343728], "WCRX": [0.0, 0.12569445182343728], "XNPT": [0.15746000000000002, 0.12569445182343728], "XOMA": [0.695025, 0.12569445182343728], "ZLCS": [0.26454000000000005, 0.12569445182343728]}