{"ACHN": [0.0, 0.07537994536861391], "AFFX": [0.34, 0.07537994536861391], "AFFY": [0.34, 0.07537994536861391], "ALTH": [0.056999999999999995, 0.07537994536861391], "AMAG": [0.0, 0.07537994536861391], "AMGN": [0.0, 0.07537994536861391], "AMLN": [0.0, 0.07537994536861391], "AMRN": [0.13396666666666665, 0.07537994536861391], "ANDS": [0.0, 0.07537994536861391], "ARIA": [0.0, 0.07537994536861391], "ARRY": [0.0, 0.07537994536861391], "ASPX": [0.05666666666666667, 0.07537994536861391], "AST": [0.03676666666666666, 0.07537994536861391], "AVNR": [0.22011600000000006, 0.07537994536861391], "BCRX": [0.0, 0.07537994536861391], "BIIB": [0.0, 0.07537994536861391], "BMRN": [0.0, 0.07537994536861391], "CADX": [0.117375, 0.07537994536861391], "CALP": [0.0, 0.07537994536861391], "CBST": [0.7717, 0.07537994536861391], "CGPI": [0.0, 0.07537994536861391], "CHRS": [0.04046, 0.07537994536861391], "CLDX": [0.0, 0.07537994536861391], "COLL": [0.0, 0.07537994536861391], "CRA": [-0.6808, 0.07537994536861391], "CRME": [0.0, 0.07537994536861391], "CSKI": [0.08895, 0.07537994536861391], "CTIC": [-0.2732, 0.07537994536861391], "CYTX": [0.34, 0.07537994536861391], "DEPO": [0.121, 0.07537994536861391], "DNDN": [-0.03423333333333333, 0.07537994536861391], "DVAX": [0.0, 0.07537994536861391], "ENDP": [0.0, 0.07537994536861391], "EURX": [0.0, 0.07537994536861391], "GENZ": [0.0, 0.07537994536861391], "GERN": [0.0, 0.07537994536861391], "GHDX": [0.0, 0.07537994536861391], "GILD": [0.043899999999999995, 0.07537994536861391], "HGSI": [0.08642500000000002, 0.07537994536861391], "HITK": [0.0, 0.07537994536861391], "ICEL": [0.0376, 0.07537994536861391], "ILU": [0.014900000000000024, 0.07537994536861391], "IMGN": [0.5719, 0.07537994536861391], "INFI": [0.0, 0.07537994536861391], "INO": [0.0, 0.07537994536861391], "IONS": [0.12854000000000002, 0.07537994536861391], "IRWD": [0.0, 0.07537994536861391], "ISIS": [0.0, 0.07537994536861391], "ISTA": [-0.21075, 0.07537994536861391], "JAZZ": [0.24373333333333336, 0.07537994536861391], "KERX": [0.2023, 0.07537994536861391], "LBIO": [0.0, 0.07537994536861391], "LGND": [0.0, 0.07537994536861391], "LIFE": [0.0, 0.07537994536861391], "MACK": [-0.5789, 0.07537994536861391], "MDVN": [-0.4767, 0.07537994536861391], "MEDI": [0.0, 0.07537994536861391], "MNK": [0.5106, 0.07537994536861391], "MNKD": [0.5106, 0.07537994536861391], "MTXX": [0.1901, 0.07537994536861391], "MYGN": [0.3818, 0.07537994536861391], "MYL": [0.0, 0.07537994536861391], "MYRX": [0.0, 0.07537994536861391], "NK": [0.10582857142857142, 0.07537994536861391], "OMED": [0.39225, 0.07537994536861391], "OMPI": [0.12138, 0.07537994536861391], "ONXX": [0.5106, 0.07537994536861391], "OREX": [-0.1382, 0.07537994536861391], "PARD": [0.0, 0.07537994536861391], "PRGO": [0.4588, 0.07537994536861391], "QCOR": [0.1909, 0.07537994536861391], "RDEA": [0.2787, 0.07537994536861391], "RPTP": [0.0, 0.07537994536861391], "SAGE": [0.14237142857142857, 0.07537994536861391], "SGEN": [0.0, 0.07537994536861391], "SIGA": [0.003023809523809508, 0.07537994536861391], "SNTS": [0.027035714285714284, 0.07537994536861391], "SQNM": [0.0, 0.07537994536861391], "STEM": [0.0, 0.07537994536861391], "SVNT": [-0.1027, 0.07537994536861391], "TECH": [0.059525, 0.07537994536861391], "TEVA": [-0.04228571428571428, 0.07537994536861391], "USD": [-0.05724444444444443, 0.07537994536861391], "VPHM": [0.4404, 0.07537994536861391], "VRTX": [0.7717, 0.07537994536861391], "VVUS": [0.21075, 0.07537994536861391], "WCRX": [-0.05757272727272728, 0.07537994536861391], "XNPT": [0.0617375, 0.07537994536861391], "XOMA": [0.0, 0.07537994536861391]}