{"ACAD": [0.0, 0.10970649676304092], "ACHN": [0.5574, 0.10970649676304092], "AFFX": [0.6908, 0.10970649676304092], "AFFY": [0.0, 0.10970649676304092], "ALIM": [-0.3818, 0.10970649676304092], "ALTH": [0.0, 0.10970649676304092], "ALXA": [0.0, 0.10970649676304092], "AMGN": [0.0, 0.10970649676304092], "ANDS": [0.0, 0.10970649676304092], "ARIA": [0.0, 0.10970649676304092], "AST": [0.39054999999999995, 0.10970649676304092], "BCRX": [0.0, 0.10970649676304092], "BIIB": [-0.20095, 0.10970649676304092], "BIOD": [0.2732, 0.10970649676304092], "BOLD": [0.6575666666666666, 0.10970649676304092], "BPAX": [0.0, 0.10970649676304092], "CALP": [0.0, 0.10970649676304092], "CBST": [0.4939, 0.10970649676304092], "CEGE": [0.0, 0.10970649676304092], "CELG": [0.01206666666666667, 0.10970649676304092], "CGEN": [-0.29455, 0.10970649676304092], "CLDX": [0.0, 0.10970649676304092], "CRA": [-0.3595, 0.10970649676304092], "CRIS": [0.3612, 0.10970649676304092], "CTIC": [0.4588, 0.10970649676304092], "DNDN": [0.6407499999999999, 0.10970649676304092], "DSCO": [0.3595, 0.10970649676304092], "DYAX": [0.16118333333333332, 0.10970649676304092], "ENTA": [0.24695, 0.10970649676304092], "GENZ": [0.0, 0.10970649676304092], "GERN": [-0.02551666666666667, 0.10970649676304092], "GILD": [0.08278571428571428, 0.10970649676304092], "GNVC": [0.4967, 0.10970649676304092], "HALO": [0.0, 0.10970649676304092], "HITK": [0.30405, 0.10970649676304092], "ICEL": [0.4404, 0.10970649676304092], "INCY": [0.06743333333333333, 0.10970649676304092], "INO": [0.21075, 0.10970649676304092], "IONS": [0.44036666666666663, 0.10970649676304092], "ISIS": [0.0, 0.10970649676304092], "ISTA": [0.0, 0.10970649676304092], "JAZZ": [0.2202, 0.10970649676304092], "KERX": [0.13486666666666666, 0.10970649676304092], "LBIO": [0.2023, 0.10970649676304092], "MDVN": [0.0, 0.10970649676304092], "MNK": [0.20211428571428572, 0.10970649676304092], "MNKD": [0.20211428571428572, 0.10970649676304092], "NABI": [0.0, 0.10970649676304092], "NH": [-0.3818, 0.10970649676304092], "NK": [0.1580846153846154, 0.10970649676304092], "ONXX": [0.0, 0.10970649676304092], "OREX": [0.24503333333333333, 0.10970649676304092], "PARD": [0.0, 0.10970649676304092], "RARE": [-0.4019, 0.10970649676304092], "SAGE": [0.06743333333333333, 0.10970649676304092], "SCLN": [0.0, 0.10970649676304092], "SIGA": [0.0, 0.10970649676304092], "SLXP": [0.023233333333333328, 0.10970649676304092], "SQNM": [0.123475, 0.10970649676304092], "STEM": [-0.1531, 0.10970649676304092], "SVA": [0.0, 0.10970649676304092], "TECH": [0.06698000000000001, 0.10970649676304092], "THLD": [0.21075, 0.10970649676304092], "TRGT": [0.0, 0.10970649676304092], "USD": [0.19935454545454545, 0.10970649676304092], "VRNM": [0.0, 0.10970649676304092], "VVUS": [-0.039133333333333346, 0.10970649676304092], "ZGEN": [0.296, 0.10970649676304092]}