{"ACAD": [0.0, 0.08290641403078133], "ACHN": [0.013576363636363631, 0.08290641403078133], "ACOR": [0.0, 0.08290641403078133], "ACRX": [0.0, 0.08290641403078133], "AEGR": [0.0, 0.08290641403078133], "AFFX": [0.5106, 0.08290641403078133], "AFFY": [0.0, 0.08290641403078133], "AGEN": [0.09603333333333336, 0.08290641403078133], "ALKS": [0.0, 0.08290641403078133], "ALNY": [0.0621125, 0.08290641403078133], "ALTH": [-0.028278571428571406, 0.08290641403078133], "ALXN": [0.0, 0.08290641403078133], "AMGN": [0.007948214285714286, 0.08290641403078133], "AMLN": [0.20385, 0.08290641403078133], "AMRN": [0.17048125000000003, 0.08290641403078133], "ANDS": [0.35667777777777776, 0.08290641403078133], "ANTH": [0.0, 0.08290641403078133], "ARIA": [0.0, 0.08290641403078133], "ARNA": [-0.009336363636363636, 0.08290641403078133], "ARQL": [0.0, 0.08290641403078133], "ARRY": [0.4376571428571429, 0.08290641403078133], "ASPX": [0.1155, 0.08290641403078133], "AST": [0.10572820512820506, 0.08290641403078133], "ASTX": [0.0, 0.08290641403078133], "AVEO": [0.0, 0.08290641403078133], "AVNR": [0.17994000000000004, 0.08290641403078133], "BCRX": [0.0, 0.08290641403078133], "BIIB": [0.23210000000000003, 0.08290641403078133], "BIOD": [0.007543333333333333, 0.08290641403078133], "BLUE": [0.0, 0.08290641403078133], "BMTI": [0.0, 0.08290641403078133], "BPAX": [0.11093472222222224, 0.08290641403078133], "CALP": [0.07364375000000001, 0.08290641403078133], "CBRX": [0.04278869565217391, 0.08290641403078133], "CBST": [0.22331000000000004, 0.08290641403078133], "CELG": [0.12029411764705882, 0.08290641403078133], "CHRS": [0.146475, 0.08290641403078133], "CLDX": [0.105595, 0.08290641403078133], "CLVS": [0.0, 0.08290641403078133], "COLL": [0.0693, 0.08290641403078133], "CRA": [0.07569999999999999, 0.08290641403078133], "CRIS": [-0.3295, 0.08290641403078133], "CSKI": [0.0, 0.08290641403078133], "CTIC": [-0.01054745762711864, 0.08290641403078133], "CYTX": [0.5106, 0.08290641403078133], "DEPO": [0.5106, 0.08290641403078133], "DIGE": [0.5994, 0.08290641403078133], "DNDN": [0.02936, 0.08290641403078133], "DVAX": [0.0, 0.08290641403078133], "DYAX": [0.5106, 0.08290641403078133], "ENCY": [0.04872000000000003, 0.08290641403078133], "ENTA": [-0.37929999999999997, 0.08290641403078133], "ENZN": [0.0, 0.08290641403078133], "EXEL": [0.1444625, 0.08290641403078133], "FLKS": [0.296, 0.08290641403078133], "FOLD": [0.1710666666666667, 0.08290641403078133], "FURX": [0.0, 0.08290641403078133], "GENZ": [0.4939, 0.08290641403078133], "GERN": [0.0, 0.08290641403078133], "GEVA": [0.0, 0.08290641403078133], "GHDX": [-0.3062, 0.08290641403078133], "GILD": [0.118575, 0.08290641403078133], "GNTA": [-0.17, 0.08290641403078133], "GRFS": [0.2732, 0.08290641403078133], "HALO": [0.0, 0.08290641403078133], "HGSI": [0.03870799999999999, 0.08290641403078133], "ICEL": [0.5500499999999999, 0.08290641403078133], "ICY": [0.012450000000000001, 0.08290641403078133], "IDIX": [0.12096354166666666, 0.08290641403078133], "ILMN": [0.0, 0.08290641403078133], "ILU": [-0.5566, 0.08290641403078133], "IMGN": [0.08935500000000002, 0.08290641403078133], "IMMU": [0.6209, 0.08290641403078133], "INCR": [0.6603, 0.08290641403078133], "INCY": [0.024146874999999998, 0.08290641403078133], "INFI": [-0.6158399999999999, 0.08290641403078133], "INHX": [0.16712692307692306, 0.08290641403078133], "INO": [0.25, 0.08290641403078133], "INSM": [0.07983411764705883, 0.08290641403078133], "IONS": [0.042333333333333334, 0.08290641403078133], "IPXL": [0.0, 0.08290641403078133], "ISIS": [-0.784, 0.08290641403078133], "ISTA": [0.15755, 0.08290641403078133], "ITMN": [0.0, 0.08290641403078133], "JAZZ": [0.27801, 0.08290641403078133], "KERX": [0.27542000000000005, 0.08290641403078133], "LBIO": [0.0, 0.08290641403078133], "LIFE": [0.11333333333333334, 0.08290641403078133], "LXRX": [-0.5423, 0.08290641403078133], "MACK": [0.0, 0.08290641403078133], "MAPP": [0.0, 0.08290641403078133], "MDCO": [0.2023, 0.08290641403078133], "MDVN": [0.11147, 0.08290641403078133], "MEDI": [0.022508000000000007, 0.08290641403078133], "MITI": [-0.6808, 0.08290641403078133], "MNK": [0.2588555555555556, 0.08290641403078133], "MNKD": [0.2588555555555556, 0.08290641403078133], "MNTA": [0.032, 0.08290641403078133], "MYGN": [0.0, 0.08290641403078133], "MYL": [0.0, 0.08290641403078133], "NBIX": [0.0, 0.08290641403078133], "NH": [0.1452340425531915, 0.08290641403078133], "NK": [0.08155714285714287, 0.08290641403078133], "NKTR": [-0.032, 0.08290641403078133], "NOVN": [0.4082666666666667, 0.08290641403078133], "NPSP": [0.0, 0.08290641403078133], "NVAX": [0.00516, 0.08290641403078133], "OMED": [0.0, 0.08290641403078133], "OMER": [0.1101, 0.08290641403078133], "ONCE": [0.141575, 0.08290641403078133], "ONTY": [0.0, 0.08290641403078133], "ONXX": [0.0, 0.08290641403078133], "OREX": [0.28236470588235296, 0.08290641403078133], "OSIR": [0.5106, 0.08290641403078133], "PACB": [0.5106, 0.08290641403078133], "PANC": [-0.6158399999999999, 0.08290641403078133], "PARD": [0.0, 0.08290641403078133], "PDLI": [0.0, 0.08290641403078133], "QCOR": [0.2023, 0.08290641403078133], "RARE": [0.0, 0.08290641403078133], "REGN": [-0.2732, 0.08290641403078133], "RIGL": [0.0, 0.08290641403078133], "RNAI": [-0.128, 0.08290641403078133], "RPTP": [0.11482857142857142, 0.08290641403078133], "SAGE": [0.0704235294117647, 0.08290641403078133], "SCMP": [0.0, 0.08290641403078133], "SGYP": [0.0, 0.08290641403078133], "SIGA": [0.17119565217391305, 0.08290641403078133], "SLXP": [0.050575, 0.08290641403078133], "SNTA": [-0.6486, 0.08290641403078133], "SNTS": [0.5106, 0.08290641403078133], "SPPI": [0.1468, 0.08290641403078133], "SQNM": [0.08564347826086957, 0.08290641403078133], "STEM": [0.0, 0.08290641403078133], "TECH": [0.06878536585365852, 0.08290641403078133], "TEVA": [0.29634, 0.08290641403078133], "THLD": [0.26648333333333335, 0.08290641403078133], "TSRX": [0.296, 0.08290641403078133], "USD": [0.09664678714859422, 0.08290641403078133], "UTHR": [0.064, 0.08290641403078133], "VICL": [0.4911666666666667, 0.08290641403078133], "VPHM": [0.2553, 0.08290641403078133], "VRTX": [0.0, 0.08290641403078133], "VRUS": [0.15505833333333335, 0.08290641403078133], "VVUS": [0.4019, 0.08290641403078133], "XNPT": [0.5106, 0.08290641403078133], "XOMA": [-0.17020000000000002, 0.08290641403078133], "ZGNX": [0.52235, 0.08290641403078133], "ZLCS": [0.12040000000000001, 0.08290641403078133]}