{"ACAD": [0.09427887323943662, 0.08173595020204663], "ACHN": [-0.06322222222222222, 0.08173595020204663], "ACOR": [-0.14467777777777777, 0.08173595020204663], "ACRX": [0.0, 0.08173595020204663], "ADHD": [-0.10296666666666666, 0.08173595020204663], "AEGR": [0.0, 0.08173595020204663], "ALIM": [0.3349166666666667, 0.08173595020204663], "ALNY": [-0.03992, 0.08173595020204663], "ALTH": [0.21534444444444445, 0.08173595020204663], "AMGN": [0.10540227272727272, 0.08173595020204663], "AMRI": [0.0, 0.08173595020204663], "AMRN": [0.12384752475247525, 0.08173595020204663], "ANAC": [0.053818181818181814, 0.08173595020204663], "ANDS": [0.8658, 0.08173595020204663], "ARIA": [-0.21989999999999998, 0.08173595020204663], "ARNA": [0.12943, 0.08173595020204663], "ARRY": [0.0, 0.08173595020204663], "ASPX": [0.10184117647058824, 0.08173595020204663], "AST": [0.09207285714285715, 0.08173595020204663], "ASTX": [0.10936875, 0.08173595020204663], "ATRA": [0.0, 0.08173595020204663], "AUXL": [0.40190000000000003, 0.08173595020204663], "AVEO": [0.0, 0.08173595020204663], "AXCA": [0.6589, 0.08173595020204663], "BCRX": [0.0, 0.08173595020204663], "BIIB": [0.5859, 0.08173595020204663], "BIOD": [0.10792500000000001, 0.08173595020204663], "BLCM": [-0.6597, 0.08173595020204663], "BLUE": [0.0, 0.08173595020204663], "CALP": [-0.29675, 0.08173595020204663], "CBRX": [0.0, 0.08173595020204663], "CBST": [-0.6124, 0.08173595020204663], "CELG": [0.038660714285714284, 0.08173595020204663], "CEMP": [0.0, 0.08173595020204663], "CEPH": [0.2997, 0.08173595020204663], "CERS": [0.24209999999999998, 0.08173595020204663], "CLDX": [0.009989285714285716, 0.08173595020204663], "CLVS": [0.04925, 0.08173595020204663], "COLL": [0.15274444444444446, 0.08173595020204663], "CRA": [0.15458333333333332, 0.08173595020204663], "CTIC": [0.233, 0.08173595020204663], "CTRX": [0.0, 0.08173595020204663], "CYTK": [0.019006666666666668, 0.08173595020204663], "CYTX": [0.0, 0.08173595020204663], "DEPO": [-0.47436666666666677, 0.08173595020204663], "DNDN": [-0.0129, 0.08173595020204663], "DRRX": [0.1357, 0.08173595020204663], "DVAX": [0.12013898305084746, 0.08173595020204663], "ECYT": [-0.07780000000000001, 0.08173595020204663], "ENCY": [0.376525, 0.08173595020204663], "ENDP": [0.08092, 0.08173595020204663], "ENTA": [0.13941666666666663, 0.08173595020204663], "ENZN": [0.0, 0.08173595020204663], "EPZM": [0.0, 0.08173595020204663], "FACT": [-0.05764999999999998, 0.08173595020204663], "GERN": [-0.4404, 0.08173595020204663], "GILD": [0.08, 0.08173595020204663], "HALO": [0.11818333333333332, 0.08173595020204663], "HBIO": [0.0, 0.08173595020204663], "HITK": [0.03265, 0.08173595020204663], "HZNP": [0.25427999999999995, 0.08173595020204663], "ICEL": [0.2784, 0.08173595020204663], "ICPT": [0.2796, 0.08173595020204663], "ICY": [-0.5719, 0.08173595020204663], "ILMN": [0.10115, 0.08173595020204663], "ILU": [0.06743333333333333, 0.08173595020204663], "IMMU": [-0.164925, 0.08173595020204663], "INCR": [0.19773999999999997, 0.08173595020204663], "INCY": [0.0, 0.08173595020204663], "INFI": [0.10396666666666667, 0.08173595020204663], "INO": [0.16129459459459464, 0.08173595020204663], "IONS": [0.1242060606060606, 0.08173595020204663], "IPXL": [0.100475, 0.08173595020204663], "IRWD": [0.0, 0.08173595020204663], "ISIS": [0.0963, 0.08173595020204663], "ISTA": [0.07941000000000001, 0.08173595020204663], "ITMN": [0.11347142857142857, 0.08173595020204663], "JAZZ": [0.3344666666666667, 0.08173595020204663], "KERX": [0.13396666666666665, 0.08173595020204663], "LBIO": [0.19752307692307694, 0.08173595020204663], "LGND": [0.40190000000000003, 0.08173595020204663], "LIFE": [0.10441249999999999, 0.08173595020204663], "MACK": [0.0, 0.08173595020204663], "MDCO": [0.0, 0.08173595020204663], "MDVN": [0.0, 0.08173595020204663], "MEDI": [0.02915, 0.08173595020204663], "MNK": [0.0714875, 0.08173595020204663], "MNKD": [0.0714875, 0.08173595020204663], "MNTA": [0.0, 0.08173595020204663], "MYL": [0.07008571428571428, 0.08173595020204663], "NH": [0.2952, 0.08173595020204663], "NK": [0.163238, 0.08173595020204663], "NKTR": [0.0, 0.08173595020204663], "NLNK": [0.69, 0.08173595020204663], "NVAX": [0.012063636363636358, 0.08173595020204663], "OMER": [-0.044425000000000006, 0.08173595020204663], "ONCE": [0.5719, 0.08173595020204663], "ONVO": [0.05079298245614034, 0.08173595020204663], "ONXX": [-0.015013636363636363, 0.08173595020204663], "OPK": [0.0, 0.08173595020204663], "OREX": [0.09181818181818181, 0.08173595020204663], "OSCI": [0.18575, 0.08173595020204663], "OSIR": [-0.0172, 0.08173595020204663], "OTIC": [0.0, 0.08173595020204663], "OVAS": [0.19964, 0.08173595020204663], "PCYC": [0.0, 0.08173595020204663], "PDLI": [0.0, 0.08173595020204663], "PGNX": [0.09866666666666667, 0.08173595020204663], "PRGO": [0.296, 0.08173595020204663], "PTCT": [0.0, 0.08173595020204663], "PTLA": [0.0, 0.08173595020204663], "QCOR": [-0.2263, 0.08173595020204663], "RARE": [0.0, 0.08173595020204663], "RCPT": [0.0, 0.08173595020204663], "RNAI": [-0.4019, 0.08173595020204663], "SAGE": [0.14175263157894735, 0.08173595020204663], "SGEN": [0.3349166666666667, 0.08173595020204663], "SGYP": [0.06344615384615383, 0.08173595020204663], "SHPG": [-0.3089, 0.08173595020204663], "SIGA": [0.0, 0.08173595020204663], "SLXP": [0.3056, 0.08173595020204663], "SNTA": [0.2518315789473684, 0.08173595020204663], "SNTS": [0.06494375, 0.08173595020204663], "SPPI": [0.3182, 0.08173595020204663], "SQNM": [0.0, 0.08173595020204663], "SRPT": [0.19321428571428573, 0.08173595020204663], "STEM": [0.04637142857142857, 0.08173595020204663], "SVNT": [0.0, 0.08173595020204663], "TARO": [0.296, 0.08173595020204663], "TECH": [0.0700897058823529, 0.08173595020204663], "TELK": [0.4588, 0.08173595020204663], "TEVA": [-0.16463333333333333, 0.08173595020204663], "TSRO": [0.07294285714285716, 0.08173595020204663], "TSRX": [0.2554272727272728, 0.08173595020204663], "TTPH": [0.2023, 0.08173595020204663], "USD": [-0.012293023255813938, 0.08173595020204663], "UTHR": [0.2023, 0.08173595020204663], "VICL": [0.06397272727272728, 0.08173595020204663], "VPHM": [0.1779, 0.08173595020204663], "VRTX": [0.229275, 0.08173595020204663], "VSTM": [0.10350000000000001, 0.08173595020204663], "VVUS": [0.24751764705882356, 0.08173595020204663], "WCRX": [-0.25, 0.08173595020204663], "XOMA": [0.37634999999999996, 0.08173595020204663], "ZGNX": [0.273175, 0.08173595020204663], "ZLCS": [0.273175, 0.08173595020204663]}