{"ACAD": [0.3612, 0.11867168925796001], "ACHN": [0.36376000000000003, 0.11867168925796001], "ACOR": [0.0, 0.11867168925796001], "ADHD": [0.6369, 0.11867168925796001], "ADRO": [0.3569333333333333, 0.11867168925796001], "AEGR": [0.5411, 0.11867168925796001], "AFFX": [0.6369, 0.11867168925796001], "AFFY": [0.0, 0.11867168925796001], "AFMD": [0.2732, 0.11867168925796001], "AGEN": [0.208175, 0.11867168925796001], "AGIO": [0.46045, 0.11867168925796001], "AGTC": [0.0, 0.11867168925796001], "AKRX": [-0.038275, 0.11867168925796001], "ALDR": [0.296, 0.11867168925796001], "ALIM": [0.18036666666666668, 0.11867168925796001], "ALKS": [0.296, 0.11867168925796001], "ALNY": [-0.128, 0.11867168925796001], "ALTH": [0.0, 0.11867168925796001], "AMGN": [0.02645897435897437, 0.11867168925796001], "AMPH": [0.0, 0.11867168925796001], "AMRI": [0.296, 0.11867168925796001], "AMRN": [0.27463750000000003, 0.11867168925796001], "ANAC": [0.0, 0.11867168925796001], "ANDS": [-0.7351, 0.11867168925796001], "ANIP": [0.296, 0.11867168925796001], "ANTH": [0.0, 0.11867168925796001], "APPX": [0.3956, 0.11867168925796001], "AQXP": [0.0, 0.11867168925796001], "ARDX": [-0.1366, 0.11867168925796001], "ARIA": [0.1149, 0.11867168925796001], "ARNA": [-0.1573529411764706, 0.11867168925796001], "ARRY": [0.0, 0.11867168925796001], "ARWR": [0.3214888888888889, 0.11867168925796001], "ASPX": [0.13566666666666663, 0.11867168925796001], "AST": [0.09522250000000002, 0.11867168925796001], "ATRA": [0.296, 0.11867168925796001], "AVEO": [0.5411, 0.11867168925796001], "BCRX": [-0.15820000000000004, 0.11867168925796001], "BIIB": [-0.06909047619047616, 0.11867168925796001], "BIOD": [0.0, 0.11867168925796001], "BLUE": [0.03827000000000001, 0.11867168925796001], "BMRN": [0.0, 0.11867168925796001], "BPMC": [0.0, 0.11867168925796001], "CBPO": [0.38645, 0.11867168925796001], "CCXI": [0.3625, 0.11867168925796001], "CELG": [-0.008582926829268292, 0.11867168925796001], "CEMP": [0.0, 0.11867168925796001], "CERS": [0.0, 0.11867168925796001], "CGEN": [0.0, 0.11867168925796001], "CHRS": [0.0, 0.11867168925796001], "CLCD": [0.0, 0.11867168925796001], "CLDN": [0.0030000000000000027, 0.11867168925796001], "CLDX": [-0.064, 0.11867168925796001], "CLVS": [0.0, 0.11867168925796001], "CMRX": [0.148, 0.11867168925796001], "CTIC": [0.34, 0.11867168925796001], "CTRX": [0.2023, 0.11867168925796001], "CYTX": [0.34, 0.11867168925796001], "DEPO": [-0.001766666666666657, 0.11867168925796001], "DERM": [0.3489375, 0.11867168925796001], "DNAI": [0.0, 0.11867168925796001], "DRRX": [0.296, 0.11867168925796001], "DSCO": [0.296, 0.11867168925796001], "ECYT": [0.36073333333333335, 0.11867168925796001], "EDIT": [0.21259999999999998, 0.11867168925796001], "EGLT": [-0.6249, 0.11867168925796001], "EGRX": [-0.31020000000000003, 0.11867168925796001], "ENCY": [-0.24838, 0.11867168925796001], "ENDP": [0.0, 0.11867168925796001], "ENTA": [0.20656875000000005, 0.11867168925796001], "ENZN": [0.5764833333333333, 0.11867168925796001], "EPZM": [0.0, 0.11867168925796001], "ESPR": [0.2526833333333333, 0.11867168925796001], "EXEL": [0.0, 0.11867168925796001], "FACT": [0.06846666666666666, 0.11867168925796001], "FLKS": [0.2023, 0.11867168925796001], "FLXN": [0.270775, 0.11867168925796001], "FMI": [-0.3415, 0.11867168925796001], "FOLD": [0.36778333333333335, 0.11867168925796001], "FOMX": [0.0, 0.11867168925796001], "FPRX": [0.5411, 0.11867168925796001], "GERN": [0.34, 0.11867168925796001], "GILD": [0.05940588235294115, 0.11867168925796001], "GPRO": [-0.09403333333333334, 0.11867168925796001], "HALO": [0.04051538461538461, 0.11867168925796001], "HZNP": [-0.2732, 0.11867168925796001], "ICPT": [0.0, 0.11867168925796001], "ICY": [0.0, 0.11867168925796001], "ILMN": [-0.0683, 0.11867168925796001], "IMGN": [0.296, 0.11867168925796001], "IMMU": [-0.014150000000000003, 0.11867168925796001], "INCR": [0.1712125, 0.11867168925796001], "INCY": [-0.3182, 0.11867168925796001], "INFI": [0.22666666666666668, 0.11867168925796001], "INO": [0.19135, 0.11867168925796001], "INSM": [0.296, 0.11867168925796001], "INSY": [0.5886800000000001, 0.11867168925796001], "IONS": [-0.0805375, 0.11867168925796001], "IPXL": [0.5411, 0.11867168925796001], "ISIS": [0.22504, 0.11867168925796001], "ISTA": [0.0, 0.11867168925796001], "ITCI": [0.296, 0.11867168925796001], "ITEK": [0.3818, 0.11867168925796001], "JAZZ": [0.156225, 0.11867168925796001], "JUNO": [0.22435833333333333, 0.11867168925796001], "KERX": [0.5411, 0.11867168925796001], "KITE": [0.26060526315789473, 0.11867168925796001], "KPTI": [-0.04655, 0.11867168925796001], "LBIO": [0.13935, 0.11867168925796001], "LGND": [0.5411, 0.11867168925796001], "LIFE": [0.477675, 0.11867168925796001], "LMNX": [0.296, 0.11867168925796001], "MACK": [-0.1998, 0.11867168925796001], "MCRB": [0.296, 0.11867168925796001], "MDCO": [-0.2628, 0.11867168925796001], "MDVN": [-0.3906, 0.11867168925796001], "MEDI": [0.260375, 0.11867168925796001], "MGNX": [-0.5232, 0.11867168925796001], "MNK": [0.11677777777777777, 0.11867168925796001], "MNKD": [0.26275, 0.11867168925796001], "MNTA": [0.0, 0.11867168925796001], "MYL": [0.03948461538461538, 0.11867168925796001], "NABI": [0.0, 0.11867168925796001], "NBIX": [0.3784, 0.11867168925796001], "NDRM": [0.3498285714285715, 0.11867168925796001], "NERV": [0.099, 0.11867168925796001], "NH": [0.1428333333333333, 0.11867168925796001], "NK": [0.14708444444444446, 0.11867168925796001], "NKTR": [0.0, 0.11867168925796001], "NLNK": [-0.12123333333333332, 0.11867168925796001], "OMED": [0.029070000000000002, 0.11867168925796001], "OMER": [0.12040000000000001, 0.11867168925796001], "ONCE": [-0.07221666666666667, 0.11867168925796001], "ONTX": [0.296, 0.11867168925796001], "ONVO": [0.2914285714285714, 0.11867168925796001], "OPHT": [0.148, 0.11867168925796001], "OPK": [0.0795, 0.11867168925796001], "OREX": [-0.173875, 0.11867168925796001], "OSCI": [0.148, 0.11867168925796001], "OVAS": [0.0, 0.11867168925796001], "PACB": [0.0, 0.11867168925796001], "PDLI": [0.0, 0.11867168925796001], "PGNX": [0.40703333333333336, 0.11867168925796001], "PRGO": [0.0, 0.11867168925796001], "PRTA": [-0.11383333333333334, 0.11867168925796001], "RARE": [-0.4767, 0.11867168925796001], "REGN": [-0.1758142857142857, 0.11867168925796001], "SAGE": [0.5255, 0.11867168925796001], "SCLN": [0.296, 0.11867168925796001], "SCMP": [0.0, 0.11867168925796001], "SGEN": [0.0, 0.11867168925796001], "SGMO": [0.0, 0.11867168925796001], "SGYP": [0.7579, 0.11867168925796001], "SHPG": [0.0, 0.11867168925796001], "SLXP": [0.0, 0.11867168925796001], "SNTA": [0.33371428571428574, 0.11867168925796001], "SPPI": [0.4215, 0.11867168925796001], "SRPT": [0.12346363636363634, 0.11867168925796001], "STEM": [-0.04517500000000001, 0.11867168925796001], "TECH": [0.06398863636363637, 0.11867168925796001], "TEVA": [0.17159999999999997, 0.11867168925796001], "THRX": [0.0, 0.11867168925796001], "TKAI": [0.0, 0.11867168925796001], "TTPH": [0.09018333333333334, 0.11867168925796001], "USD": [0.07328666666666667, 0.11867168925796001], "VSAR": [0.3818, 0.11867168925796001], "VSTM": [0.6597, 0.11867168925796001], "VTAE": [0.08725000000000002, 0.11867168925796001], "VTL": [0.11839999999999999, 0.11867168925796001], "VVUS": [-0.34775, 0.11867168925796001], "XLRN": [0.0, 0.11867168925796001], "XNPT": [0.0, 0.11867168925796001]}