{"ACAD": [-0.03090000000000001, 0.1584195194992692], "ACHN": [0.36978, 0.1584195194992692], "ACOR": [0.468675, 0.1584195194992692], "ACRX": [0.2916333333333333, 0.1584195194992692], "ADHD": [0.6249, 0.1584195194992692], "AEGR": [0.01157083333333333, 0.1584195194992692], "AERI": [-0.030355555555555556, 0.1584195194992692], "AFFX": [0.24914999999999998, 0.1584195194992692], "AFFY": [0.296, 0.1584195194992692], "AGEN": [0.07968333333333334, 0.1584195194992692], "AKRX": [0.0, 0.1584195194992692], "ALIM": [0.17085, 0.1584195194992692], "ALKS": [0.0, 0.1584195194992692], "ALNY": [0.0, 0.1584195194992692], "ALTH": [0.18530000000000005, 0.1584195194992692], "ALXA": [0.14745000000000003, 0.1584195194992692], "ALXN": [0.4019, 0.1584195194992692], "AMGN": [0.0864530612244898, 0.1584195194992692], "AMRI": [0.24996000000000002, 0.1584195194992692], "AMRN": [0.07916754385964912, 0.1584195194992692], "ANAC": [0.12498000000000001, 0.1584195194992692], "ANDS": [-0.224525, 0.1584195194992692], "ANIP": [-0.4201, 0.1584195194992692], "ANTH": [-0.04271052631578948, 0.1584195194992692], "ARIA": [0.07646444444444443, 0.1584195194992692], "ARNA": [0.06954473684210527, 0.1584195194992692], "ARQL": [0.41111666666666663, 0.1584195194992692], "ARRY": [0.6249, 0.1584195194992692], "ARWR": [0.0, 0.1584195194992692], "ASPX": [0.355225, 0.1584195194992692], "AST": [0.023017999999999993, 0.1584195194992692], "ATRA": [0.0, 0.1584195194992692], "AUXL": [-0.6908, 0.1584195194992692], "AVEO": [0.0, 0.1584195194992692], "AVNR": [0.0, 0.1584195194992692], "AXCA": [0.2202, 0.1584195194992692], "BCRX": [0.1786, 0.1584195194992692], "BIIB": [0.10411025641025641, 0.1584195194992692], "BIOD": [0.6249, 0.1584195194992692], "BLUE": [0.2771, 0.1584195194992692], "BMRN": [0.14995256410256416, 0.1584195194992692], "CADX": [-0.0007521739130434799, 0.1584195194992692], "CALP": [0.18575, 0.1584195194992692], "CBPO": [0.6249, 0.1584195194992692], "CBRX": [0.468675, 0.1584195194992692], "CCXI": [0.17585, 0.1584195194992692], "CELG": [0.11289347826086957, 0.1584195194992692], "CEMP": [0.14532, 0.1584195194992692], "CERS": [0.0, 0.1584195194992692], "CLDX": [0.032889473684210524, 0.1584195194992692], "CLVS": [0.14164117647058821, 0.1584195194992692], "CMRX": [-8.00000000000023e-05, 0.1584195194992692], "COLL": [-0.36888, 0.1584195194992692], "COLY": [0.45745, 0.1584195194992692], "CRA": [-0.02537142857142857, 0.1584195194992692], "CRIS": [0.14752500000000002, 0.1584195194992692], "CRME": [0.23015384615384615, 0.1584195194992692], "CTIC": [0.15127058823529413, 0.1584195194992692], "CYTK": [-0.2732, 0.1584195194992692], "CYTX": [0.5994, 0.1584195194992692], "DEPO": [0.2083, 0.1584195194992692], "DNDN": [-0.009047058823529412, 0.1584195194992692], "DRRX": [-0.4019, 0.1584195194992692], "DSCO": [0.06465714285714286, 0.1584195194992692], "DVAX": [0.10503823529411763, 0.1584195194992692], "DYAX": [0.2083, 0.1584195194992692], "ECYT": [-0.2732, 0.1584195194992692], "EDIT": [0.0644, 0.1584195194992692], "ENCY": [0.10115, 0.1584195194992692], "ENDP": [0.21444545454545452, 0.1584195194992692], "ENTA": [0.10424166666666668, 0.1584195194992692], "ENZN": [0.0, 0.1584195194992692], "EPZM": [0.0, 0.1584195194992692], "EXEL": [0.2083, 0.1584195194992692], "FACT": [0.5106, 0.1584195194992692], "FGEN": [-0.20223333333333335, 0.1584195194992692], "FLKS": [0.31245, 0.1584195194992692], "FLML": [0.6249, 0.1584195194992692], "FOLD": [0.0, 0.1584195194992692], "FPRX": [0.6249, 0.1584195194992692], "FURX": [0.5326500000000001, 0.1584195194992692], "GERN": [0.6057750000000001, 0.1584195194992692], "GEVA": [0.0, 0.1584195194992692], "GHDX": [0.0, 0.1584195194992692], "GILD": [0.10902500000000001, 0.1584195194992692], "GRFS": [0.2113, 0.1584195194992692], "GWPH": [0.26741666666666664, 0.1584195194992692], "HALO": [-0.020241666666666668, 0.1584195194992692], "HITK": [0.6249, 0.1584195194992692], "HPTX": [0.08927142857142857, 0.1584195194992692], "HZNP": [0.15005494505494504, 0.1584195194992692], "ICEL": [0.587475, 0.1584195194992692], "ICPT": [0.4166, 0.1584195194992692], "ICY": [0.20484999999999998, 0.1584195194992692], "ILMN": [0.0, 0.1584195194992692], "ILU": [0.1924, 0.1584195194992692], "IMMU": [-0.2732, 0.1584195194992692], "INCR": [0.1354733333333333, 0.1584195194992692], "INCY": [0.33472500000000005, 0.1584195194992692], "INFI": [0.15312, 0.1584195194992692], "INGN": [-0.2023, 0.1584195194992692], "INO": [0.08341818181818182, 0.1584195194992692], "INSM": [0.6249, 0.1584195194992692], "INSY": [0.2752833333333333, 0.1584195194992692], "INVA": [0.0, 0.1584195194992692], "IONS": [0.08879999999999999, 0.1584195194992692], "IRWD": [0.5634, 0.1584195194992692], "ISIS": [0.13609117647058822, 0.1584195194992692], "ISTA": [-0.02246666666666665, 0.1584195194992692], "ITEK": [0.4767, 0.1584195194992692], "ITMN": [0.6249, 0.1584195194992692], "JAZZ": [0.22376000000000001, 0.1584195194992692], "KERX": [-0.054877777777777775, 0.1584195194992692], "KYTH": [0.296, 0.1584195194992692], "LBIO": [0.1100952380952381, 0.1584195194992692], "LGND": [0.6249, 0.1584195194992692], "LIFE": [0.18333125, 0.1584195194992692], "LMNX": [0.6249, 0.1584195194992692], "LXRX": [-0.024476923076923077, 0.1584195194992692], "MACK": [0.006038461538461539, 0.1584195194992692], "MAPP": [0.2023, 0.1584195194992692], "MDVN": [0.31245, 0.1584195194992692], "MEDI": [0.007318749999999999, 0.1584195194992692], "MGNX": [0.0, 0.1584195194992692], "MNK": [0.1341, 0.1584195194992692], "MNKD": [0.09866666666666667, 0.1584195194992692], "MNTA": [0.09866666666666667, 0.1584195194992692], "MYGN": [0.0, 0.1584195194992692], "MYL": [0.039080000000000004, 0.1584195194992692], "NBIX": [0.6249, 0.1584195194992692], "NH": [0.42293333333333333, 0.1584195194992692], "NK": [0.08902656250000002, 0.1584195194992692], "NKTR": [0.12856190476190477, 0.1584195194992692], "NLNK": [0.0, 0.1584195194992692], "NOVN": [0.0772, 0.1584195194992692], "NPSP": [0.0, 0.1584195194992692], "NSTG": [0.0, 0.1584195194992692], "NVAX": [0.2679333333333333, 0.1584195194992692], "OMED": [0.17585, 0.1584195194992692], "OMER": [0.0930090909090909, 0.1584195194992692], "OMPI": [-0.4215, 0.1584195194992692], "ONCE": [0.2522888888888889, 0.1584195194992692], "ONTX": [0.2948045454545454, 0.1584195194992692], "ONTY": [0.1505764705882353, 0.1584195194992692], "ONVO": [0.03419963768115943, 0.1584195194992692], "ONXX": [0.0, 0.1584195194992692], "OPHT": [0.468675, 0.1584195194992692], "OPK": [0.25835, 0.1584195194992692], "OPTR": [-0.3182, 0.1584195194992692], "OREX": [0.0492032258064516, 0.1584195194992692], "OSIR": [0.1631, 0.1584195194992692], "OTIC": [0.1953, 0.1584195194992692], "OVAS": [0.193275, 0.1584195194992692], "PACB": [0.6249, 0.1584195194992692], "PANC": [-0.2263, 0.1584195194992692], "PCRX": [0.0, 0.1584195194992692], "PCYC": [0.0354, 0.1584195194992692], "PDLI": [0.0817, 0.1584195194992692], "PGNX": [-0.3182, 0.1584195194992692], "POZN": [0.17161428571428575, 0.1584195194992692], "PTCT": [0.54125, 0.1584195194992692], "PTIE": [0.28263333333333335, 0.1584195194992692], "PTLA": [0.6249, 0.1584195194992692], "PTX": [0.156225, 0.1584195194992692], "QCOR": [0.298, 0.1584195194992692], "RARE": [0.09120769230769231, 0.1584195194992692], "REGN": [0.49265000000000003, 0.1584195194992692], "RPTP": [0.0, 0.1584195194992692], "SAGE": [0.19583333333333333, 0.1584195194992692], "SCLN": [0.6249, 0.1584195194992692], "SCMP": [0.4166, 0.1584195194992692], "SGEN": [0.0, 0.1584195194992692], "SGMO": [0.0, 0.1584195194992692], "SGNT": [0.2023, 0.1584195194992692], "SGYP": [-0.06468, 0.1584195194992692], "SHPG": [0.0, 0.1584195194992692], "SLXP": [0.31566, 0.1584195194992692], "SNTA": [0.13394888888888887, 0.1584195194992692], "SNTS": [0.36713999999999997, 0.1584195194992692], "SQNM": [0.0502375, 0.1584195194992692], "SRPT": [0.15380000000000002, 0.1584195194992692], "STEM": [0.019625000000000004, 0.1584195194992692], "SVNT": [0.0, 0.1584195194992692], "TECH": [0.18583766233766227, 0.1584195194992692],