{"ACOR": [0.5262666666666667, 0.10256493296672874], "AGEN": [0.5270666666666667, 0.10256493296672874], "AKRX": [0.0, 0.10256493296672874], "ALKS": [0.27186000000000005, 0.10256493296672874], "ALTH": [0.048416666666666684, 0.10256493296672874], "ALXA": [0.22375000000000003, 0.10256493296672874], "ALXN": [0.11970000000000001, 0.10256493296672874], "AMGN": [0.01531, 0.10256493296672874], "AMLN": [0.1806, 0.10256493296672874], "AMRN": [0.14438823529411765, 0.10256493296672874], "ANDS": [0.0, 0.10256493296672874], "ANTH": [0.2394666666666667, 0.10256493296672874], "ARIA": [-0.014490909090909089, 0.10256493296672874], "ARNA": [0.1137813559322034, 0.10256493296672874], "ARQL": [0.28099999999999997, 0.10256493296672874], "ARRY": [0.07294285714285716, 0.10256493296672874], "ASPX": [0.03057872340425533, 0.10256493296672874], "AST": [0.07310573770491804, 0.10256493296672874], "ASTX": [0.5267, 0.10256493296672874], "AVEO": [0.3291166666666667, 0.10256493296672874], "AVII": [-0.23835, 0.10256493296672874], "AXCA": [0.4019, 0.10256493296672874], "BCRX": [0.09159999999999999, 0.10256493296672874], "BIIB": [0.15575384615384616, 0.10256493296672874], "BIOD": [0.51312, 0.10256493296672874], "BLUE": [0.146475, 0.10256493296672874], "BPAX": [-0.03423333333333333, 0.10256493296672874], "BPMC": [0.0, 0.10256493296672874], "CADX": [0.0, 0.10256493296672874], "CALP": [0.1478, 0.10256493296672874], "CASC": [0.296, 0.10256493296672874], "CBRX": [0.0, 0.10256493296672874], "CELG": [0.1444777777777778, 0.10256493296672874], "CHRS": [0.23787872340425525, 0.10256493296672874], "CLDX": [0.11089743589743588, 0.10256493296672874], "CRA": [-0.11333333333333334, 0.10256493296672874], "CTIC": [0.0, 0.10256493296672874], "CYTX": [0.37665000000000004, 0.10256493296672874], "DIGE": [0.4588, 0.10256493296672874], "DNDN": [0.024476923076923077, 0.10256493296672874], "DSCO": [0.0, 0.10256493296672874], "DVAX": [0.09569090909090909, 0.10256493296672874], "ECYT": [-0.4404, 0.10256493296672874], "ENCY": [0.7906, 0.10256493296672874], "ENDP": [-0.03947272727272727, 0.10256493296672874], "ENTA": [-0.06328, 0.10256493296672874], "ENZN": [0.0, 0.10256493296672874], "EXEL": [0.5835833333333333, 0.10256493296672874], "FACT": [-0.0927, 0.10256493296672874], "FLML": [0.0, 0.10256493296672874], "FURX": [-0.2095, 0.10256493296672874], "GERN": [0.05957142857142856, 0.10256493296672874], "GHDX": [-0.3487333333333333, 0.10256493296672874], "GILD": [0.1089, 0.10256493296672874], "GPRO": [-0.2591, 0.10256493296672874], "GTXI": [0.3455600000000001, 0.10256493296672874], "HALO": [0.0, 0.10256493296672874], "HGSI": [0.26229, 0.10256493296672874], "HZNP": [0.19733333333333333, 0.10256493296672874], "ICEL": [0.6260428571428571, 0.10256493296672874], "ICY": [0.100075, 0.10256493296672874], "IDIX": [0.0, 0.10256493296672874], "ILMN": [-0.50952, 0.10256493296672874], "INCR": [0.20573333333333332, 0.10256493296672874], "INCY": [0.2394666666666667, 0.10256493296672874], "INFI": [0.0, 0.10256493296672874], "INO": [0.0, 0.10256493296672874], "INSM": [0.23287142857142853, 0.10256493296672874], "IONS": [0.13527619047619047, 0.10256493296672874], "IPXL": [-0.07258, 0.10256493296672874], "ISIS": [0.0, 0.10256493296672874], "ISTA": [0.0, 0.10256493296672874], "ITMN": [0.04188571428571428, 0.10256493296672874], "JAZZ": [0.2755666666666667, 0.10256493296672874], "KERX": [-0.21619999999999998, 0.10256493296672874], "LBIO": [0.4517666666666667, 0.10256493296672874], "LGND": [0.05519230769230769, 0.10256493296672874], "LIFE": [0.1591, 0.10256493296672874], "LMNX": [0.3182, 0.10256493296672874], "LXRX": [0.47669999999999996, 0.10256493296672874], "MACK": [0.0, 0.10256493296672874], "MAPP": [-0.10115, 0.10256493296672874], "MAXY": [0.0, 0.10256493296672874], "MDVN": [0.0, 0.10256493296672874], "MEDI": [0.05886666666666666, 0.10256493296672874], "MNK": [0.0, 0.10256493296672874], "MNKD": [0.0, 0.10256493296672874], "MNOV": [0.2913833333333333, 0.10256493296672874], "MNTA": [0.0, 0.10256493296672874], "MYGN": [0.094675, 0.10256493296672874], "MYL": [0.23117500000000002, 0.10256493296672874], "NBIX": [0.05628888888888888, 0.10256493296672874], "NH": [0.41858181818181817, 0.10256493296672874], "NK": [0.0902576923076923, 0.10256493296672874], "NKTR": [0.0, 0.10256493296672874], "NVAX": [0.12400000000000001, 0.10256493296672874], "OMED": [-0.6597, 0.10256493296672874], "OMER": [0.38634999999999997, 0.10256493296672874], "ONCE": [0.28595, 0.10256493296672874], "ONVO": [0.0, 0.10256493296672874], "ONXX": [-0.02263, 0.10256493296672874], "OPK": [0.09866666666666667, 0.10256493296672874], "OREX": [-0.05266, 0.10256493296672874], "OSCI": [-0.07655, 0.10256493296672874], "OTIC": [-0.2235, 0.10256493296672874], "PARD": [0.3182, 0.10256493296672874], "PCRX": [0.0129, 0.10256493296672874], "PCYC": [0.55575, 0.10256493296672874], "POZN": [0.0, 0.10256493296672874], "QCOR": [0.3182, 0.10256493296672874], "RARE": [0.0, 0.10256493296672874], "REGN": [0.041728571428571434, 0.10256493296672874], "RIGL": [0.0, 0.10256493296672874], "SAGE": [0.10185483870967742, 0.10256493296672874], "SCLN": [0.0, 0.10256493296672874], "SCMP": [0.0, 0.10256493296672874], "SGMO": [0.0, 0.10256493296672874], "SGYP": [0.23835, 0.10256493296672874], "SIGA": [0.0, 0.10256493296672874], "SLXP": [0.0, 0.10256493296672874], "SNTA": [0.22104615384615386, 0.10256493296672874], "SNTS": [0.3680666666666667, 0.10256493296672874], "SPPI": [0.34686666666666666, 0.10256493296672874], "SQNM": [0.10681538461538462, 0.10256493296672874], "SVA": [0.0, 0.10256493296672874], "SVNT": [-0.08519, 0.10256493296672874], "TBPH": [0.0, 0.10256493296672874], "TECH": [0.06464358974358973, 0.10256493296672874], "TEVA": [0.0, 0.10256493296672874], "THLD": [0.131675, 0.10256493296672874], "THRX": [0.0, 0.10256493296672874], "TRGT": [0.0, 0.10256493296672874], "USD": [0.01847423312883437, 0.10256493296672874], "VICL": [0.10242, 0.10256493296672874], "VPHM": [0.0, 0.10256493296672874], "VRTX": [0.021799999999999993, 0.10256493296672874], "VVUS": [0.09304333333333333, 0.10256493296672874], "WCRX": [0.15964444444444445, 0.10256493296672874], "XNPT": [0.15690666666666667, 0.10256493296672874], "XOMA": [0.1478625, 0.10256493296672874], "ZGNX": [0.08886521739130435, 0.10256493296672874], "ZLCS": [0.09489999999999998, 0.10256493296672874]}