{"ACHN": [0.0, 0.06106689610224921], "AFFY": [0.0, 0.06106689610224921], "AGEN": [0.0, 0.06106689610224921], "AKRX": [0.0, 0.06106689610224921], "ALIM": [0.0, 0.06106689610224921], "ALKS": [0.11354999999999998, 0.06106689610224921], "ALTH": [0.1661, 0.06106689610224921], "AMRN": [0.2886, 0.06106689610224921], "ANDS": [0.0, 0.06106689610224921], "ANTH": [0.0, 0.06106689610224921], "ARNA": [0.04857142857142858, 0.06106689610224921], "ARQL": [0.0, 0.06106689610224921], "ARRY": [0.10928, 0.06106689610224921], "ASPX": [0.0714029411764706, 0.06106689610224921], "AST": [0.036923648648648666, 0.06106689610224921], "ASTX": [0.08333333333333333, 0.06106689610224921], "AVEO": [0.0, 0.06106689610224921], "AVNR": [0.4574, 0.06106689610224921], "AXCA": [-0.3182, 0.06106689610224921], "BCRX": [0.4486, 0.06106689610224921], "BIIB": [-0.076325, 0.06106689610224921], "BLUE": [0.034022222222222225, 0.06106689610224921], "BPAX": [0.3612, 0.06106689610224921], "CASC": [0.0, 0.06106689610224921], "CBPO": [0.0, 0.06106689610224921], "CELG": [0.03255000000000001, 0.06106689610224921], "COLL": [0.2732, 0.06106689610224921], "CRA": [0.0, 0.06106689610224921], "CRIS": [0.0, 0.06106689610224921], "CTIC": [0.0, 0.06106689610224921], "DIGE": [0.2263, 0.06106689610224921], "DNDN": [0.0, 0.06106689610224921], "DRRX": [0.0, 0.06106689610224921], "DSCO": [0.0, 0.06106689610224921], "DVAX": [0.0, 0.06106689610224921], "DYAX": [0.0, 0.06106689610224921], "EDIT": [0.35946666666666666, 0.06106689610224921], "ENCY": [-0.3394, 0.06106689610224921], "ENDP": [0.1186, 0.06106689610224921], "ENTA": [0.0, 0.06106689610224921], "FACT": [0.4939, 0.06106689610224921], "FLKS": [0.0, 0.06106689610224921], "FOLD": [0.0, 0.06106689610224921], "FURX": [0.2634375, 0.06106689610224921], "GERN": [0.1806, 0.06106689610224921], "GHDX": [0.0, 0.06106689610224921], "GILD": [-0.0042142857142857025, 0.06106689610224921], "GTXI": [0.0, 0.06106689610224921], "HALO": [0.0, 0.06106689610224921], "HGSI": [0.8957, 0.06106689610224921], "HITK": [0.0, 0.06106689610224921], "HZNP": [0.08808, 0.06106689610224921], "ICEL": [0.4404, 0.06106689610224921], "ICPT": [0.0, 0.06106689610224921], "ICY": [-0.008558333333333333, 0.06106689610224921], "ILMN": [-0.08503750000000002, 0.06106689610224921], "IMMU": [0.0, 0.06106689610224921], "INCR": [0.0, 0.06106689610224921], "INCY": [0.0, 0.06106689610224921], "INFI": [-0.10606666666666666, 0.06106689610224921], "INGN": [-0.3802, 0.06106689610224921], "INO": [0.0, 0.06106689610224921], "IONS": [0.04526, 0.06106689610224921], "IPXL": [-0.063825, 0.06106689610224921], "ISIS": [-0.27115, 0.06106689610224921], "ISTA": [-0.039725, 0.06106689610224921], "JAZZ": [0.6369, 0.06106689610224921], "KERX": [0.2202, 0.06106689610224921], "LBIO": [0.0, 0.06106689610224921], "LIFE": [0.0, 0.06106689610224921], "MACK": [-0.5319499999999999, 0.06106689610224921], "MAPP": [0.0, 0.06106689610224921], "MDVN": [0.0, 0.06106689610224921], "MEDI": [0.07655, 0.06106689610224921], "MNTA": [0.0, 0.06106689610224921], "MYL": [0.050575, 0.06106689610224921], "MYRX": [0.25, 0.06106689610224921], "NBIX": [0.0, 0.06106689610224921], "NH": [0.00772, 0.06106689610224921], "NK": [-0.006599999999999984, 0.06106689610224921], "NPSP": [0.2023, 0.06106689610224921], "OMED": [0.0, 0.06106689610224921], "OMER": [0.8957, 0.06106689610224921], "ONCE": [0.0, 0.06106689610224921], "ONXX": [0.0, 0.06106689610224921], "OPK": [0.0, 0.06106689610224921], "OREX": [0.0, 0.06106689610224921], "OSCI": [0.0, 0.06106689610224921], "PACB": [0.0, 0.06106689610224921], "PCYC": [0.0, 0.06106689610224921], "PGNX": [0.0, 0.06106689610224921], "PRGO": [0.0, 0.06106689610224921], "SAGE": [0.08918979591836736, 0.06106689610224921], "SCLN": [0.0, 0.06106689610224921], "SGEN": [0.0, 0.06106689610224921], "SGMO": [0.0, 0.06106689610224921], "SGYP": [0.2263, 0.06106689610224921], "SHPG": [0.0, 0.06106689610224921], "SLXP": [0.0, 0.06106689610224921], "SNTA": [0.05680909090909091, 0.06106689610224921], "SNTS": [0.1875, 0.06106689610224921], "SPPI": [0.10115, 0.06106689610224921], "SQNM": [0.2732, 0.06106689610224921], "STEM": [0.123475, 0.06106689610224921], "SVA": [0.0, 0.06106689610224921], "TECH": [0.031599999999999996, 0.06106689610224921], "TEVA": [0.21126666666666666, 0.06106689610224921], "THLD": [0.0, 0.06106689610224921], "TSRX": [0.0, 0.06106689610224921], "USD": [0.03817354497354499, 0.06106689610224921], "UTHR": [0.0, 0.06106689610224921], "VNDA": [-0.6705, 0.06106689610224921], "VPHM": [0.0, 0.06106689610224921], "VRTX": [0.2023, 0.06106689610224921], "VSTM": [0.1531, 0.06106689610224921], "VVUS": [0.14985, 0.06106689610224921], "WCRX": [0.16858333333333334, 0.06106689610224921], "XOMA": [0.138959375, 0.06106689610224921], "ZGEN": [0.0, 0.06106689610224921], "ZGNX": [0.0, 0.06106689610224921], "ZLCS": [0.16296666666666668, 0.06106689610224921]}