{"AAVL": [0.16119999999999998, 0.1873181253612238], "ACAD": [0.1856, 0.1873181253612238], "ACHN": [0.07598235294117646, 0.1873181253612238], "ACOR": [0.06892105263157894, 0.1873181253612238], "ACRX": [0.2926, 0.1873181253612238], "ADHD": [0.0386, 0.1873181253612238], "ADMS": [0.2202, 0.1873181253612238], "ADRO": [0.6124, 0.1873181253612238], "AEGR": [0.18175833333333336, 0.1873181253612238], "AERI": [0.074, 0.1873181253612238], "AFFX": [0.3383, 0.1873181253612238], "AFFY": [0.45715, 0.1873181253612238], "AFMD": [0.17445666666666668, 0.1873181253612238], "AGEN": [0.03316666666666666, 0.1873181253612238], "AGIO": [0.21569843750000003, 0.1873181253612238], "AKRX": [0.17085, 0.1873181253612238], "ALDR": [0.07947499999999999, 0.1873181253612238], "ALIM": [0.1854176470588235, 0.1873181253612238], "ALKS": [0.18334551282051287, 0.1873181253612238], "ALNY": [0.1174, 0.1873181253612238], "ALTH": [0.09996260162601624, 0.1873181253612238], "ALTU": [0.4389, 0.1873181253612238], "ALXN": [0.06812857142857141, 0.1873181253612238], "AMAG": [0.16870000000000002, 0.1873181253612238], "AMGN": [0.08155510204081637, 0.1873181253612238], "AMRI": [0.04933333333333333, 0.1873181253612238], "AMRN": [0.18828333333333333, 0.1873181253612238], "ANAC": [0.1171037037037037, 0.1873181253612238], "ANDS": [0.37148000000000003, 0.1873181253612238], "ANIP": [0.0, 0.1873181253612238], "ANTH": [0.029208108108108123, 0.1873181253612238], "APCVZ&": [0.5362, 0.1873181253612238], "APPX": [0.5362, 0.1873181253612238], "ARDX": [0.19733333333333333, 0.1873181253612238], "ARIA": [0.11159999999999999, 0.1873181253612238], "ARNA": [0.11633157894736837, 0.1873181253612238], "ARQL": [0.0, 0.1873181253612238], "ARRY": [0.3093888888888889, 0.1873181253612238], "ARWR": [0.0883235294117647, 0.1873181253612238], "ARXT": [0.5362, 0.1873181253612238], "ASPX": [-0.08381111111111111, 0.1873181253612238], "AST": [0.2147816993464052, 0.1873181253612238], "ASTX": [0.2926, 0.1873181253612238], "ATRA": [-0.2732, 0.1873181253612238], "AUXL": [0.07646666666666667, 0.1873181253612238], "AVEO": [0.043891304347826086, 0.1873181253612238], "AVNR": [0.0627, 0.1873181253612238], "AXCA": [0.5362, 0.1873181253612238], "BCRX": [0.1254, 0.1873181253612238], "BGIXX": [0.5362, 0.1873181253612238], "BIIB": [0.17928750000000002, 0.1873181253612238], "BIOD": [0.15130714285714283, 0.1873181253612238], "BIOV": [0.48534285714285724, 0.1873181253612238], "BIVN": [0.5362, 0.1873181253612238], "BLCM": [0.1895857142857143, 0.1873181253612238], "BLKFDS": [0.5362, 0.1873181253612238], "BLUE": [0.22634883720930218, 0.1873181253612238], "BLUS": [0.5362, 0.1873181253612238], "BMRN": [0.17867826086956523, 0.1873181253612238], "BPMC": [0.4767, 0.1873181253612238], "BRIXX": [0.5362, 0.1873181253612238], "BTRX": [0.5362, 0.1873181253612238], "CADX": [0.4389, 0.1873181253612238], "CALP": [0.11005833333333333, 0.1873181253612238], "CARA": [0.2926, 0.1873181253612238], "CBST": [0.0, 0.1873181253612238], "CCXI": [0.1463, 0.1873181253612238], "CELG": [0.09013902439024386, 0.1873181253612238], "CEMP": [0.1593725, 0.1873181253612238], "CEPH": [0.02930000000000002, 0.1873181253612238], "CERS": [0.09617868852459016, 0.1873181253612238], "CHRS": [0.1650695652173913, 0.1873181253612238], "CLDN": [0.09973333333333334, 0.1873181253612238], "CLDX": [0.20888437500000004, 0.1873181253612238], "CLVS": [0.051250000000000004, 0.1873181253612238], "CMRX": [0.1052875, 0.1873181253612238], "CNCE": [0.0, 0.1873181253612238], "CNCT": [0.0, 0.1873181253612238], "COLL": [-0.123475, 0.1873181253612238], "COLY": [0.5362, 0.1873181253612238], "CRA": [0.3025121621621624, 0.1873181253612238], "CRIS": [0.10081666666666667, 0.1873181253612238], "CRME": [0.0548625, 0.1873181253612238], "CTIC": [0.13380857142857144, 0.1873181253612238], "CTRX": [0.167075, 0.1873181253612238], "CYTK": [0.0, 0.1873181253612238], "CYTX": [0.36661666666666665, 0.1873181253612238], "DEPO": [0.21945, 0.1873181253612238], "DERM": [0.09866666666666667, 0.1873181253612238], "DNDN": [0.49983333333333335, 0.1873181253612238], "DRAX": [0.5362, 0.1873181253612238], "DRNA": [0.083871875, 0.1873181253612238], "DSCO": [0.0, 0.1873181253612238], "DVAX": [0.14414, 0.1873181253612238], "DYAX": [0.26160909090909096, 0.1873181253612238], "ECYT": [0.21945, 0.1873181253612238], "EDIT": [0.10246, 0.1873181253612238], "EGLT": [0.0, 0.1873181253612238], "EGRX": [0.32262142857142867, 0.1873181253612238], "EMIS": [0.05656666666666666, 0.1873181253612238], "ENCY": [0.11866666666666674, 0.1873181253612238], "ENDP": [0.16056190476190477, 0.1873181253612238], "ENTA": [0.11450508474576272, 0.1873181253612238], "EPZM": [0.296, 0.1873181253612238], "ESPR": [0.047113043478260876, 0.1873181253612238], "EURX": [0.5362, 0.1873181253612238], "EXEL": [0.40228181818181824, 0.1873181253612238], "FACT": [0.3585, 0.1873181253612238], "FGEN": [0.19581999999999997, 0.1873181253612238], "FLKS": [0.0, 0.1873181253612238], "FLML": [0.09524615384615384, 0.1873181253612238], "FMI": [-0.20448181818181818, 0.1873181253612238], "FOLD": [0.3153349999999999, 0.1873181253612238], "FOMX": [-0.014619999999999996, 0.1873181253612238], "FPRX": [0.08653333333333334, 0.1873181253612238], "GENZ": [0.1101, 0.1873181253612238], "GERN": [-0.019765217391304334, 0.1873181253612238], "GEVA": [0.1757673913043479, 0.1873181253612238], "GILD": [0.12386057692307699, 0.1873181253612238], "GNVC": [0.10242608695652175, 0.1873181253612238], "GPRO": [0.0824694117647059, 0.1873181253612238], "GWPH": [0.05803529411764705, 0.1873181253612238], "HALO": [0.10176975945017186, 0.1873181253612238], "HBIO": [0.0, 0.1873181253612238], "HZNP": [0.09428076923076922, 0.1873181253612238], "ICEL": [0.4707583333333334, 0.1873181253612238], "ICPT": [0.10148125000000001, 0.1873181253612238], "ICY": [0.13405, 0.1873181253612238], "IDIX": [0.0, 0.1873181253612238], "ILMN": [0.21742608695652177, 0.1873181253612238], "ILU": [0.008533333333333318, 0.1873181253612238], "IMDZ": [0.32856, 0.1873181253612238], "IMGN": [0.06871666666666666, 0.1873181253612238], "IMMU": [0.16535862068965518, 0.1873181253612238], "INCR": [0.2803727272727273, 0.1873181253612238], "INCY": [0.04189166666666666, 0.1873181253612238], "INFI": [0.24731428571428568, 0.1873181253612238], "INGN": [-0.5514, 0.1873181253612238], "INO": [0.15718461538461537, 0.1873181253612238], "INSY": [0.20686666666666664, 0.1873181253612238], "IONS": [0.0785329411764706, 0.1873181253612238], "IPXL": [0.07315, 0.1873181253612238], "IRWD": [0.4006125, 0.1873181253612238], "ISIS": [0.1695681415929203, 0.1873181253612238], "ISTA": [0.041249999999999995, 0.1873181253612238], "JAZZ": [0.2996833333333333, 0.1873181253612238], "JUNO": [0.009806122448979599, 0.1873181253612238], "KERX": [0.11826285714285714, 0.1873181253612238], "KITE": [0.031115079365079373, 0.1873181253612238], "KPTI": [0.12928947368421054, 0.1873181253612238], "KYTH": [0.148, 0.1873181253612238], "LBIO": [0.18797910447761193, 0.1873181253612238], "LGND": [0.2926, 0.1873181253612238], "LIFE": [0.2668950000000001, 0.1873181253612238], "LXRX": [0.2639833333333333, 0.1873181253612238], "MACK": [0.0, 0.1873181253612238], "MAPP": [-0.1366, 0.1873181253612238], "MDCO": [0.10814210526315789, 0.1873181253612238], "MDVN": [-0.02735, 0.1873181253612238], "MEDI": [0.27073962264151175, 0.1873181253612238], "MGNX": [0.0, 0.1873181253612238], "MITI": [0.8316, 0.1873181253612238], "MNK": [0.3452130434782598, 0.1873181253612238], "MNKD": [0.0988139534883721, 0.1873181253612238], "MNOV": [0.0, 0.1873181253612238], "MNTA": [0.09694615384615385, 0.1873181253612238], "MRNA": [0.36674999999999996, 0.1873181253612238], "MYGN": [0.11600526315789476, 0.1873181253612238], "MYL": [0.0013700000000000027, 0.1873181253612238], "NABI": [0.0, 0.1873181253612238], "NBIX": [0.17295238095238094, 0.1873181253612238], "NDRM": [0.02454693877551021, 0.1873181253612238], "NEOS": [0.12961666666666666, 0.1873181253612238], "NERV": [0.20225744680851057, 0.1873181253612238], "NFLD": [0.5362, 0.1873181253612238],