{"ACAD": [0.05098333333333333, 0.03289491797354244], "ACHN": [0.20552499999999999, 0.03289491797354244], "AEGR": [0.0, 0.03289491797354244], "AFFX": [0.17020000000000002, 0.03289491797354244], "AFFY": [0.0, 0.03289491797354244], "AGEN": [0.07732857142857141, 0.03289491797354244], "AKRX": [0.0, 0.03289491797354244], "ALIM": [0.02319473684210526, 0.03289491797354244], "ALKS": [0.05296666666666667, 0.03289491797354244], "ALTH": [0.07598461538461539, 0.03289491797354244], "ALXA": [0.3592, 0.03289491797354244], "ALXN": [0.22584444444444443, 0.03289491797354244], "AMAG": [0.0, 0.03289491797354244], "AMGN": [-0.3104470588235294, 0.03289491797354244], "AMLN": [0.0, 0.03289491797354244], "AMRN": [0.07280333333333333, 0.03289491797354244], "ANAC": [0.0, 0.03289491797354244], "ANDS": [0.10283999999999997, 0.03289491797354244], "ANTH": [0.05726428571428572, 0.03289491797354244], "ARIA": [0.0, 0.03289491797354244], "ARNA": [0.0758625, 0.03289491797354244], "ARQL": [0.0, 0.03289491797354244], "ARRY": [-0.5863999999999999, 0.03289491797354244], "ARWR": [0.0, 0.03289491797354244], "ASPX": [0.08859910714285713, 0.03289491797354244], "AST": [0.06250075187969927, 0.03289491797354244], "ASTX": [0.018833333333333334, 0.03289491797354244], "AVNR": [0.0, 0.03289491797354244], "BCRX": [0.013908108108108103, 0.03289491797354244], "BIIB": [0.0, 0.03289491797354244], "BLUE": [-0.1698333333333333, 0.03289491797354244], "BMRN": [0.0, 0.03289491797354244], "BMTI": [0.0, 0.03289491797354244], "BPAX": [0.09896206896551725, 0.03289491797354244], "CALP": [-0.0025454545454545352, 0.03289491797354244], "CEGE": [0.4926, 0.03289491797354244], "CELG": [0.020459090909090916, 0.03289491797354244], "CEPH": [0.0, 0.03289491797354244], "CERS": [0.5574, 0.03289491797354244], "CLDX": [0.25, 0.03289491797354244], "COLL": [0.13118, 0.03289491797354244], "CRA": [0.03820000000000001, 0.03289491797354244], "CSKI": [-0.5267, 0.03289491797354244], "CTIC": [0.107775, 0.03289491797354244], "CYTK": [0.0, 0.03289491797354244], "CYTX": [0.5267, 0.03289491797354244], "DEPO": [-0.20797142857142856, 0.03289491797354244], "DIGE": [-0.48246666666666665, 0.03289491797354244], "DNDN": [0.35752500000000004, 0.03289491797354244], "DSCO": [0.08588918918918918, 0.03289491797354244], "DYAX": [0.08895, 0.03289491797354244], "ECYT": [0.19270833333333334, 0.03289491797354244], "EDIT": [0.784, 0.03289491797354244], "EGRX": [0.0, 0.03289491797354244], "ENCY": [0.0, 0.03289491797354244], "ENDP": [0.0, 0.03289491797354244], "ENTA": [0.1719222222222222, 0.03289491797354244], "ENZN": [0.0, 0.03289491797354244], "EXEL": [-0.02349999999999999, 0.03289491797354244], "FACT": [-0.016, 0.03289491797354244], "FOLD": [0.1101, 0.03289491797354244], "FURX": [0.0, 0.03289491797354244], "GENZ": [0.07945, 0.03289491797354244], "GERN": [-0.5067833333333333, 0.03289491797354244], "GHDX": [0.7003, 0.03289491797354244], "GILD": [-0.005233333333333338, 0.03289491797354244], "GPRO": [0.0, 0.03289491797354244], "GTXI": [0.31937499999999996, 0.03289491797354244], "HALO": [-0.2732, 0.03289491797354244], "HGSI": [0.03225714285714286, 0.03289491797354244], "ICEL": [0.7003, 0.03289491797354244], "ICY": [0.050575, 0.03289491797354244], "IDIX": [0.15835, 0.03289491797354244], "ILMN": [0.05302857142857144, 0.03289491797354244], "ILU": [0.3452, 0.03289491797354244], "IMGN": [0.4939, 0.03289491797354244], "IMMU": [0.4889375, 0.03289491797354244], "INCR": [0.0, 0.03289491797354244], "INCY": [0.0, 0.03289491797354244], "INFI": [-0.6597, 0.03289491797354244], "INO": [0.07123333333333333, 0.03289491797354244], "IONS": [0.007263636363636358, 0.03289491797354244], "IPXL": [-0.4767, 0.03289491797354244], "IRWD": [0.002533333333333332, 0.03289491797354244], "ISIS": [0.0, 0.03289491797354244], "ISTA": [0.099275, 0.03289491797354244], "ITMN": [0.0, 0.03289491797354244], "JAZZ": [-0.014222222222222223, 0.03289491797354244], "KERX": [0.07251097560975611, 0.03289491797354244], "LBIO": [0.21718333333333337, 0.03289491797354244], "LGND": [0.015300000000000005, 0.03289491797354244], "LIFE": [-0.24123333333333333, 0.03289491797354244], "LXRX": [0.6908, 0.03289491797354244], "MACK": [0.0, 0.03289491797354244], "MAPP": [0.27663333333333334, 0.03289491797354244], "MAXY": [0.0, 0.03289491797354244], "MEDI": [0.07369285714285713, 0.03289491797354244], "MITI": [-0.5863999999999999, 0.03289491797354244], "MYL": [0.0, 0.03289491797354244], "NABI": [0.0, 0.03289491797354244], "NH": [-0.0506, 0.03289491797354244], "NK": [0.045903448275862076, 0.03289491797354244], "NKTR": [0.24695, 0.03289491797354244], "NVAX": [-0.09283636363636365, 0.03289491797354244], "OMED": [-0.27430000000000004, 0.03289491797354244], "OMER": [0.4088, 0.03289491797354244], "ONCE": [0.27967142857142857, 0.03289491797354244], "ONTY": [0.37410000000000004, 0.03289491797354244], "ONVO": [0.0, 0.03289491797354244], "ONXX": [0.24767499999999998, 0.03289491797354244], "OPHT": [0.1779, 0.03289491797354244], "OPK": [0.0, 0.03289491797354244], "OPTR": [0.0, 0.03289491797354244], "OREX": [-0.04155238095238095, 0.03289491797354244], "PACB": [0.0, 0.03289491797354244], "PANC": [-0.6597, 0.03289491797354244], "PARD": [0.3818, 0.03289491797354244], "PCYC": [-0.52776, 0.03289491797354244], "QCOR": [0.0, 0.03289491797354244], "RARE": [0.0, 0.03289491797354244], "REGN": [0.06625, 0.03289491797354244], "RIGL": [0.0, 0.03289491797354244], "SAGE": [0.1065029411764706, 0.03289491797354244], "SCLN": [-0.7184, 0.03289491797354244], "SGEN": [-0.1799181818181818, 0.03289491797354244], "SLXP": [0.1366, 0.03289491797354244], "SNTA": [0.0, 0.03289491797354244], "SNTS": [0.0, 0.03289491797354244], "SPPI": [-0.03264375, 0.03289491797354244], "SQNM": [0.028900000000000002, 0.03289491797354244], "STEM": [-0.34829999999999994, 0.03289491797354244], "TECH": [-0.04329285714285713, 0.03289491797354244], "TELK": [-0.04398, 0.03289491797354244], "TEVA": [0.36048, 0.03289491797354244], "THLD": [-0.55508, 0.03289491797354244], "THRX": [0.0, 0.03289491797354244], "TRGT": [-0.2202, 0.03289491797354244], "TSRX": [-0.296, 0.03289491797354244], "USD": [0.03659860139860141, 0.03289491797354244], "VICL": [0.0, 0.03289491797354244], "VPHM": [0.0, 0.03289491797354244], "VRNM": [0.14065, 0.03289491797354244], "VRTX": [0.148, 0.03289491797354244], "VSTM": [-0.4012222222222222, 0.03289491797354244], "VVUS": [0.15059047619047616, 0.03289491797354244], "WCRX": [0.0, 0.03289491797354244], "XNPT": [0.0, 0.03289491797354244], "XOMA": [0.18318571428571429, 0.03289491797354244], "ZGNX": [0.0759391304347826, 0.03289491797354244], "ZLCS": [0.21655416666666671, 0.03289491797354244]}