{"AAVL": [0.16413333333333335, 0.1091202279853501], "ACAD": [-0.01221818181818182, 0.1091202279853501], "ACHN": [0.24093333333333333, 0.1091202279853501], "ACOR": [-0.054900000000000004, 0.1091202279853501], "ACRX": [0.0, 0.1091202279853501], "ADHD": [0.05303333333333333, 0.1091202279853501], "ADMS": [0.0, 0.1091202279853501], "ADRO": [0.2153, 0.1091202279853501], "ADVM": [0.0, 0.1091202279853501], "AEGR": [0.5719, 0.1091202279853501], "AERI": [0.0, 0.1091202279853501], "AFFX": [0.042666666666666665, 0.1091202279853501], "AFFY": [0.064, 0.1091202279853501], "AFMD": [0.0, 0.1091202279853501], "AGEN": [0.13888571428571428, 0.1091202279853501], "AGIO": [0.12771714285714286, 0.1091202279853501], "AIMT": [-0.2732, 0.1091202279853501], "AKRX": [0.68725, 0.1091202279853501], "ALDR": [0.1580625, 0.1091202279853501], "ALIM": [0.0, 0.1091202279853501], "ALKS": [0.3802, 0.1091202279853501], "ALNY": [0.06764615384615386, 0.1091202279853501], "ALTH": [0.31935833333333324, 0.1091202279853501], "ALXN": [-0.38782, 0.1091202279853501], "AMGN": [0.19553725490196075, 0.1091202279853501], "AMPH": [0.0, 0.1091202279853501], "AMRI": [0.0, 0.1091202279853501], "AMRN": [0.12686363636363637, 0.1091202279853501], "ANAC": [-0.03062, 0.1091202279853501], "ANDS": [0.5267, 0.1091202279853501], "ANIP": [0.4215, 0.1091202279853501], "ANTH": [0.1868, 0.1091202279853501], "AQXP": [0.0, 0.1091202279853501], "ARIA": [0.19349999999999998, 0.1091202279853501], "ARLZ": [0.2341714285714286, 0.1091202279853501], "ARNA": [0.135575, 0.1091202279853501], "ARQL": [-0.05103333333333334, 0.1091202279853501], "ARRY": [0.022477777777777777, 0.1091202279853501], "ARWR": [0.09056363636363636, 0.1091202279853501], "ASPX": [-0.06480000000000001, 0.1091202279853501], "AST": [0.22674888888888892, 0.1091202279853501], "ATRA": [0.0, 0.1091202279853501], "AVEO": [0.0, 0.1091202279853501], "AVNR": [0.0, 0.1091202279853501], "AVXS": [0.0, 0.1091202279853501], "BCRX": [0.47765454545454555, 0.1091202279853501], "BIIB": [0.1870947368421052, 0.1091202279853501], "BIOD": [0.0, 0.1091202279853501], "BLUE": [0.10038333333333334, 0.1091202279853501], "BMRN": [-0.20447272727272725, 0.1091202279853501], "CALP": [-0.33525, 0.1091202279853501], "CARA": [-0.09077333333333334, 0.1091202279853501], "CASC": [0.0, 0.1091202279853501], "CBPO": [0.0, 0.1091202279853501], "CBRX": [0.0, 0.1091202279853501], "CBST": [0.296, 0.1091202279853501], "CELG": [0.2817103448275861, 0.1091202279853501], "CEMP": [0.296, 0.1091202279853501], "CERS": [0.4730666666666667, 0.1091202279853501], "CGPI": [0.0, 0.1091202279853501], "CHMA": [0.0, 0.1091202279853501], "CHRS": [0.20473333333333332, 0.1091202279853501], "CLDN": [0.45326666666666665, 0.1091202279853501], "CLDX": [0.2023, 0.1091202279853501], "CLSD": [0.0, 0.1091202279853501], "CLVS": [0.16673333333333332, 0.1091202279853501], "CMRX": [0.8016, 0.1091202279853501], "CNCE": [-0.123475, 0.1091202279853501], "COLL": [0.12040000000000001, 0.1091202279853501], "CRA": [0.0595875, 0.1091202279853501], "CRIS": [0.12051818181818183, 0.1091202279853501], "CRME": [0.0, 0.1091202279853501], "CTIC": [0.0, 0.1091202279853501], "CTRX": [0.1591, 0.1091202279853501], "CXRX": [0.0720642857142857, 0.1091202279853501], "CYTX": [0.0, 0.1091202279853501], "DBVT": [0.0, 0.1091202279853501], "DEPO": [-0.05464, 0.1091202279853501], "DNAI": [0.296, 0.1091202279853501], "DRNA": [0.4565000000000001, 0.1091202279853501], "DRRX": [0.1940833333333333, 0.1091202279853501], "DSCO": [0.0, 0.1091202279853501], "DVAX": [0.17651538461538463, 0.1091202279853501], "EDIT": [0.2702833333333333, 0.1091202279853501], "EGLT": [0.0, 0.1091202279853501], "EGRX": [0.10674482758620689, 0.1091202279853501], "ENCY": [0.22585000000000002, 0.1091202279853501], "ENDP": [0.22194166666666656, 0.1091202279853501], "ENTA": [-0.0437875, 0.1091202279853501], "ENZN": [0.0, 0.1091202279853501], "EPZM": [0.19092000000000003, 0.1091202279853501], "ESPR": [0.0, 0.1091202279853501], "EXEL": [0.1877904761904762, 0.1091202279853501], "FACT": [0.1796, 0.1091202279853501], "FGEN": [-0.15272, 0.1091202279853501], "FLKS": [0.16914285714285712, 0.1091202279853501], "FLXN": [0.1832090909090909, 0.1091202279853501], "FMI": [0.3612, 0.1091202279853501], "FOLD": [0.18497083333333333, 0.1091202279853501], "FPRX": [0.0, 0.1091202279853501], "FURX": [0.0, 0.1091202279853501], "GBT": [0.13425, 0.1091202279853501], "GENZ": [0.0, 0.1091202279853501], "GERN": [0.13238333333333333, 0.1091202279853501], "GEVA": [0.6369, 0.1091202279853501], "GHDX": [0.127325, 0.1091202279853501], "GILD": [0.11194727272727273, 0.1091202279853501], "GPRO": [0.26013749999999997, 0.1091202279853501], "GRFS": [-0.6597, 0.1091202279853501], "GTXI": [0.0, 0.1091202279853501], "GWPH": [0.0, 0.1091202279853501], "HALO": [0.2578375, 0.1091202279853501], "HZNP": [-0.032, 0.1091202279853501], "ICOS": [0.2023, 0.1091202279853501], "ICPT": [0.1998, 0.1091202279853501], "ICY": [0.34, 0.1091202279853501], "ILMN": [0.06503846153846154, 0.1091202279853501], "ILU": [-0.2553, 0.1091202279853501], "IMDZ": [0.24666666666666667, 0.1091202279853501], "IMGN": [0.4269384615384616, 0.1091202279853501], "IMMU": [0.019832000000000002, 0.1091202279853501], "INCR": [0.10429333333333334, 0.1091202279853501], "INCY": [0.12440833333333334, 0.1091202279853501], "INFI": [0.16392, 0.1091202279853501], "INO": [0.03571428571428571, 0.1091202279853501], "INSM": [0.23899999999999996, 0.1091202279853501], "INSY": [-0.11813, 0.1091202279853501], "INVA": [0.059199999999999996, 0.1091202279853501], "IONS": [0.11751785714285712, 0.1091202279853501], "IRWD": [0.2732, 0.1091202279853501], "ISIS": [0.0, 0.1091202279853501], "ISTA": [0.192425, 0.1091202279853501], "ITCI": [0.0, 0.1091202279853501], "ITEK": [0.0, 0.1091202279853501], "JAZZ": [0.5236999999999999, 0.1091202279853501], "JUNO": [0.04507499999999999, 0.1091202279853501], "KERX": [-0.0838125, 0.1091202279853501], "KITE": [-0.04301428571428572, 0.1091202279853501], "KMPH": [0.10606666666666666, 0.1091202279853501], "KPTI": [0.0, 0.1091202279853501], "KYTH": [0.21960000000000002, 0.1091202279853501], "LBIO": [0.1958608695652174, 0.1091202279853501], "LIFE": [0.20004, 0.1091202279853501], "LOXO": [0.0, 0.1091202279853501], "LXRX": [0.0, 0.1091202279853501], "MACK": [0.08902499999999999, 0.1091202279853501], "MAPP": [0.6497333333333334, 0.1091202279853501], "MCRB": [0.28384, 0.1091202279853501], "MDCO": [0.019941666666666663, 0.1091202279853501], "MDVN": [0.024666666666666667, 0.1091202279853501], "MEDI": [-0.024289361702127657, 0.1091202279853501], "MNK": [0.057499999999999996, 0.1091202279853501], "MNKD": [0.027727272727272725, 0.1091202279853501], "MNOV": [0.0, 0.1091202279853501], "MYGN": [0.1299, 0.1091202279853501], "MYL": [0.09236666666666665, 0.1091202279853501], "NABI": [0.0, 0.1091202279853501], "NDRM": [0.12763333333333335, 0.1091202279853501], "NEOS": [0.4767, 0.1091202279853501], "NERV": [0.43242499999999995, 0.1091202279853501], "NH": [-0.030374999999999996, 0.1091202279853501], "NK": [0.07532222222222222, 0.1091202279853501], "NKTR": [0.21953333333333336, 0.1091202279853501], "NLNK": [0.148, 0.1091202279853501], "NPSP": [0.0, 0.1091202279853501], "NSTG": [0.19733333333333333, 0.1091202279853501], "NTLA": [0.4419, 0.1091202279853501], "NVAX": [0.12586, 0.1091202279853501], "NVCR": [0.6268800000000001, 0.1091202279853501], "OCUL": [0.26429523809523814, 0.1091202279853501], "OMED": [0.2412181818181819, 0.1091202279853501], "ONCE": [0.10427826086956522, 0.1091202279853501], "ONTX": [-0.09106666666666667, 0.1091202279853501], "ONTY": [0.0, 0.1091202279853501], "ONVO": [0.0, 0.1091202279853501], "OPK": [0.13486666666666666, 0.1091202279853501], "OREX": [0.08639166666666669, 0.1091202279853501], "OSCI": [0.1056, 0.1091202279853501], "OTIC": [0.14772000000000002, 0.1091202279853501], "OVAS": [0.148, 0.1091202279853501], "PACB": [0.036781818181818186, 0.1091202279853501], "PGNX": [0.0, 0.1091202279853501], "PTCT": [-0.152, 0.1091202279853501],