{"ACAD": [0.10358333333333333, 0.1400012356927123], "ACHN": [0.0, 0.1400012356927123], "ACOR": [0.04558571428571429, 0.1400012356927123], "ACRX": [0.8894, 0.1400012356927123], "ADVM": [0.4215, 0.1400012356927123], "AERI": [0.0, 0.1400012356927123], "AFMD": [0.2135384615384615, 0.1400012356927123], "AGEN": [0.13038571428571427, 0.1400012356927123], "AGIO": [-0.2732, 0.1400012356927123], "AGTC": [0.11790000000000002, 0.1400012356927123], "AKRX": [0.29915, 0.1400012356927123], "ALKS": [0.4767, 0.1400012356927123], "ALNY": [0.11915, 0.1400012356927123], "ALTH": [0.2533166666666667, 0.1400012356927123], "ALXN": [0.10166666666666664, 0.1400012356927123], "AMAG": [0.6369, 0.1400012356927123], "AMGN": [0.11362142857142855, 0.1400012356927123], "AMPH": [0.3612, 0.1400012356927123], "AMRI": [0.0, 0.1400012356927123], "AMRN": [0.0, 0.1400012356927123], "ANDS": [-0.4215, 0.1400012356927123], "ANTH": [0.2939, 0.1400012356927123], "ARIA": [0.49658888888888897, 0.1400012356927123], "ARNA": [0.0, 0.1400012356927123], "ARQL": [0.0, 0.1400012356927123], "ARRY": [0.16335000000000002, 0.1400012356927123], "ARWR": [0.0, 0.1400012356927123], "ASPX": [0.08892666666666667, 0.1400012356927123], "AST": [0.20321499999999992, 0.1400012356927123], "ATRA": [0.296, 0.1400012356927123], "AVEO": [0.24559999999999998, 0.1400012356927123], "BCRX": [0.112725, 0.1400012356927123], "BIIB": [-0.018213333333333335, 0.1400012356927123], "BLUE": [0.27352499999999996, 0.1400012356927123], "BMRN": [0.21482222222222222, 0.1400012356927123], "BOLD": [0.0, 0.1400012356927123], "CARA": [0.11927333333333333, 0.1400012356927123], "CASC": [0.296, 0.1400012356927123], "CBPO": [0.3612, 0.1400012356927123], "CELG": [-0.0019560975609756084, 0.1400012356927123], "CEMP": [0.0, 0.1400012356927123], "CERS": [0.0, 0.1400012356927123], "CGEN": [0.4939, 0.1400012356927123], "CHRS": [0.21989999999999998, 0.1400012356927123], "CLCD": [0.0, 0.1400012356927123], "CLDX": [0.0, 0.1400012356927123], "CLSD": [0.0, 0.1400012356927123], "CLVS": [0.1127857142857143, 0.1400012356927123], "CMRX": [0.27115, 0.1400012356927123], "CNCE": [0.0, 0.1400012356927123], "COLL": [0.5357999999999999, 0.1400012356927123], "CRA": [0.20375555555555555, 0.1400012356927123], "CRIS": [0.0, 0.1400012356927123], "CXRX": [0.24041428571428572, 0.1400012356927123], "DBVT": [0.0, 0.1400012356927123], "DEPO": [0.16550000000000004, 0.1400012356927123], "DERM": [0.0, 0.1400012356927123], "DIGE": [0.0, 0.1400012356927123], "DRNA": [0.2395, 0.1400012356927123], "DRRX": [0.0, 0.1400012356927123], "DVAX": [0.0, 0.1400012356927123], "EDIT": [0.0, 0.1400012356927123], "EGLT": [0.0, 0.1400012356927123], "EGRX": [0.2011285714285714, 0.1400012356927123], "ENCY": [-0.11605000000000003, 0.1400012356927123], "ENDP": [0.3857166666666667, 0.1400012356927123], "ENTA": [0.14066666666666666, 0.1400012356927123], "ENZN": [0.0, 0.1400012356927123], "EPIX": [0.0, 0.1400012356927123], "EPZM": [0.22433333333333336, 0.1400012356927123], "ESPR": [0.4553, 0.1400012356927123], "EXEL": [0.0010142857142857137, 0.1400012356927123], "FACT": [0.19733333333333333, 0.1400012356927123], "FGEN": [0.222, 0.1400012356927123], "FLKS": [0.8478, 0.1400012356927123], "FMI": [0.3891, 0.1400012356927123], "FOLD": [0.45386666666666664, 0.1400012356927123], "FPRX": [0.3612, 0.1400012356927123], "FURX": [0.0772, 0.1400012356927123], "GERN": [0.11611, 0.1400012356927123], "GHDX": [0.148, 0.1400012356927123], "GILD": [0.1052767441860465, 0.1400012356927123], "GNVC": [0.0, 0.1400012356927123], "GPRO": [0.19543333333333335, 0.1400012356927123], "GRFS": [0.1511, 0.1400012356927123], "GWPH": [0.05594761904761904, 0.1400012356927123], "HALO": [0.0086, 0.1400012356927123], "HZNP": [0.09866666666666667, 0.1400012356927123], "ICPT": [0.06011153846153846, 0.1400012356927123], "ICY": [0.13486666666666666, 0.1400012356927123], "ILMN": [0.13813333333333333, 0.1400012356927123], "ILU": [-0.17, 0.1400012356927123], "IMMU": [0.19117454545454543, 0.1400012356927123], "INCR": [0.21338823529411768, 0.1400012356927123], "INCY": [-0.013892307692307693, 0.1400012356927123], "INFI": [0.10632, 0.1400012356927123], "INO": [0.1628333333333333, 0.1400012356927123], "INSM": [0.0, 0.1400012356927123], "INSY": [-0.12582857142857143, 0.1400012356927123], "INVA": [0.19272727272727277, 0.1400012356927123], "IONS": [0.14422000000000001, 0.1400012356927123], "IPXL": [-0.06519999999999998, 0.1400012356927123], "IRWD": [0.1719, 0.1400012356927123], "ISIS": [0.3612, 0.1400012356927123], "ISTA": [0.0, 0.1400012356927123], "ITEK": [0.3928333333333333, 0.1400012356927123], "JAZZ": [0.10250000000000001, 0.1400012356927123], "JUNO": [-0.08916666666666667, 0.1400012356927123], "KERX": [0.0, 0.1400012356927123], "KITE": [0.3365, 0.1400012356927123], "KYTH": [0.6588, 0.1400012356927123], "LBIO": [0.09213809523809524, 0.1400012356927123], "LGND": [0.26647499999999996, 0.1400012356927123], "LIFE": [0.2116, 0.1400012356927123], "LMNX": [0.1439333333333333, 0.1400012356927123], "LOXO": [0.0, 0.1400012356927123], "LXRX": [0.20793333333333333, 0.1400012356927123], "MACK": [0.11121764705882353, 0.1400012356927123], "MAPP": [0.0, 0.1400012356927123], "MDCO": [0.10495999999999998, 0.1400012356927123], "MEDI": [0.11883720930232557, 0.1400012356927123], "MGNX": [0.24962, 0.1400012356927123], "MNK": [0.19242777777777778, 0.1400012356927123], "MNKD": [0.14517777777777777, 0.1400012356927123], "MNTA": [-0.018285714285714287, 0.1400012356927123], "MYGN": [0.08025185185185187, 0.1400012356927123], "MYL": [0.0075076923076922986, 0.1400012356927123], "NABI": [-0.1430857142857143, 0.1400012356927123], "NBIX": [0.32787777777777777, 0.1400012356927123], "NDRM": [0.10115, 0.1400012356927123], "NEOS": [-0.003520000000000001, 0.1400012356927123], "NH": [0.15230714285714284, 0.1400012356927123], "NK": [0.12312465753424659, 0.1400012356927123], "NKTR": [0.11926428571428571, 0.1400012356927123], "OCUL": [0.18521428571428572, 0.1400012356927123], "OMED": [0.03065833333333334, 0.1400012356927123], "OMER": [-0.4019, 0.1400012356927123], "ONCE": [0.119175, 0.1400012356927123], "ONVO": [0.15188333333333334, 0.1400012356927123], "OPK": [0.20985454545454543, 0.1400012356927123], "OREX": [0.11202000000000001, 0.1400012356927123], "OSCI": [0.2486909090909091, 0.1400012356927123], "OSIR": [0.0, 0.1400012356927123], "OTIC": [0.0, 0.1400012356927123], "PACB": [0.023400000000000015, 0.1400012356927123], "PANC": [0.0129, 0.1400012356927123], "PCRX": [0.6124, 0.1400012356927123], "PETX": [0.5525333333333333, 0.1400012356927123], "PGNX": [0.08804999999999999, 0.1400012356927123], "PRAH": [0.24983999999999998, 0.1400012356927123], "PRGO": [0.3729, 0.1400012356927123], "PRTA": [0.0, 0.1400012356927123], "PRTK": [0.09866666666666667, 0.1400012356927123], "PTCT": [0.7263999999999999, 0.1400012356927123], "PTIE": [-0.5106, 0.1400012356927123], "PTLA": [0.09528, 0.1400012356927123], "PTX": [0.0, 0.1400012356927123], "QGEN": [0.29295, 0.1400012356927123], "QURE": [0.1779, 0.1400012356927123], "RARE": [0.0697142857142857, 0.1400012356927123], "RDUS": [0.0, 0.1400012356927123], "REGN": [0.3612, 0.1400012356927123], "RGLS": [-0.20095, 0.1400012356927123], "RLYP": [0.7901, 0.1400012356927123], "RNAI": [-0.08945, 0.1400012356927123], "RTRX": [0.41711666666666664, 0.1400012356927123], "RVNC": [0.0, 0.1400012356927123], "SAGE": [0.22455, 0.1400012356927123], "SCLN": [0.0, 0.1400012356927123], "SGEN": [0.09529444444444445, 0.1400012356927123], "SGNT": [0.0, 0.1400012356927123], "SGYP": [0.11390666666666664, 0.1400012356927123], "SHPG": [0.057999999999999996, 0.1400012356927123], "SLXP": [0.0, 0.1400012356927123], "SNTA": [0.0, 0.1400012356927123], "SPPI": [0.10212000000000002, 0.1400012356927123], "SQNM": [0.0, 0.1400012356927123], "SRPT": [0.026249999999999985, 0.1400012356927123], "STEM": [0.09866666666666667, 0.1400012356927123], "SUPN": [0.1806, 0.1400012356927123], "SVA": [0.0, 0.1400012356927123], "TECH": [0.08822168674698795, 0.1400012356927123],