{"ACAD": [0.4072307692307693, 0.119086184252013], "ACHN": [0.0, 0.119086184252013], "ACOR": [0.0, 0.119086184252013], "ACRX": [0.13212000000000002, 0.119086184252013], "AEGR": [0.12035, 0.119086184252013], "AFFY": [-0.1431, 0.119086184252013], "AGEN": [0.09354615384615385, 0.119086184252013], "ALKS": [0.23046250000000001, 0.119086184252013], "ALTH": [0.15375882352941175, 0.119086184252013], "ALXA": [0.0, 0.119086184252013], "ALXN": [0.7780285714285713, 0.119086184252013], "AMGN": [0.08162162162162163, 0.119086184252013], "AMRI": [0.3377666666666667, 0.119086184252013], "AMRN": [0.13316818181818182, 0.119086184252013], "ANAC": [-0.02423199999999999, 0.119086184252013], "ANDS": [-0.4243, 0.119086184252013], "ANIP": [-0.23459999999999998, 0.119086184252013], "ARIA": [0.16522142857142857, 0.119086184252013], "ARNA": [0.179682, 0.119086184252013], "ARRY": [0.24914999999999998, 0.119086184252013], "ARWR": [0.743, 0.119086184252013], "ASPX": [0.08757688172043011, 0.119086184252013], "AST": [0.16544250000000002, 0.119086184252013], "ASTX": [0.31245000000000006, 0.119086184252013], "AUXL": [0.24695, 0.119086184252013], "AVEO": [0.07078695652173915, 0.119086184252013], "AVNR": [0.13396666666666665, 0.119086184252013], "AXCA": [0.3825, 0.119086184252013], "BCRX": [-0.037494594594594595, 0.119086184252013], "BIIB": [0.2294720588235294, 0.119086184252013], "BIOD": [0.15846666666666667, 0.119086184252013], "BLUE": [0.16045, 0.119086184252013], "BMRN": [0.16935357142857144, 0.119086184252013], "BOLD": [0.3818, 0.119086184252013], "CADX": [0.0, 0.119086184252013], "CALP": [0.91, 0.119086184252013], "CBPO": [0.0, 0.119086184252013], "CBRX": [0.0, 0.119086184252013], "CBST": [0.18575, 0.119086184252013], "CELG": [0.20314657534246572, 0.119086184252013], "CEMP": [-0.056575, 0.119086184252013], "CERS": [0.3784615384615385, 0.119086184252013], "CGEN": [0.0, 0.119086184252013], "CHRS": [0.0, 0.119086184252013], "CLDX": [0.4639733333333334, 0.119086184252013], "COLL": [0.743, 0.119086184252013], "CRA": [0.10933999999999999, 0.119086184252013], "CRIS": [0.029054545454545454, 0.119086184252013], "CRME": [0.046125, 0.119086184252013], "CSKI": [0.4389, 0.119086184252013], "CTIC": [0.4754, 0.119086184252013], "CTRX": [0.10115, 0.119086184252013], "CYTK": [0.45738, 0.119086184252013], "CYTX": [0.6249000000000001, 0.119086184252013], "DEPO": [0.0, 0.119086184252013], "DERM": [0.04517500000000001, 0.119086184252013], "DIGE": [0.5106, 0.119086184252013], "DNDN": [-0.5309333333333334, 0.119086184252013], "DRRX": [0.11682857142857142, 0.119086184252013], "DSCO": [0.0, 0.119086184252013], "DVAX": [0.5106, 0.119086184252013], "DYAX": [0.0682090909090909, 0.119086184252013], "ECYT": [0.22614615384615386, 0.119086184252013], "EDIT": [0.3818, 0.119086184252013], "EMIS": [-0.1431, 0.119086184252013], "ENCY": [-0.04193333333333332, 0.119086184252013], "ENDP": [0.0, 0.119086184252013], "ENTA": [0.08585, 0.119086184252013], "ENZN": [-0.016858333333333333, 0.119086184252013], "EXEL": [0.2083, 0.119086184252013], "FACT": [-0.035775, 0.119086184252013], "FGEN": [0.1531, 0.119086184252013], "FMI": [-0.06885000000000001, 0.119086184252013], "FOLD": [0.07034, 0.119086184252013], "FURX": [0.0, 0.119086184252013], "GERN": [-0.0432, 0.119086184252013], "GHDX": [0.0, 0.119086184252013], "GILD": [0.11312222222222222, 0.119086184252013], "GTXI": [0.0, 0.119086184252013], "HALO": [0.24695, 0.119086184252013], "HZNP": [0.2095384615384615, 0.119086184252013], "ICY": [-0.41785, 0.119086184252013], "IDIX": [0.5719, 0.119086184252013], "ILMN": [0.1664, 0.119086184252013], "ILU": [0.2924857142857143, 0.119086184252013], "IMGN": [0.0, 0.119086184252013], "IMMU": [0.46867500000000006, 0.119086184252013], "INCR": [0.2772625000000001, 0.119086184252013], "INCY": [0.0, 0.119086184252013], "INO": [0.10353800000000002, 0.119086184252013], "INSM": [0.19575000000000004, 0.119086184252013], "INVA": [0.11993195876288658, 0.119086184252013], "IONS": [0.14040540540540547, 0.119086184252013], "IPXL": [0.0, 0.119086184252013], "IRWD": [0.024494736842105243, 0.119086184252013], "ISIS": [0.025458333333333336, 0.119086184252013], "ISTA": [0.021745454545454547, 0.119086184252013], "ITMN": [0.2767533333333334, 0.119086184252013], "KERX": [0.31620000000000004, 0.119086184252013], "KITE": [0.0, 0.119086184252013], "LBIO": [0.110408, 0.119086184252013], "LIFE": [0.220525, 0.119086184252013], "LXRX": [0.12676666666666667, 0.119086184252013], "MACK": [-0.10115, 0.119086184252013], "MDCO": [-0.03577142857142857, 0.119086184252013], "MDVN": [0.0, 0.119086184252013], "MEDI": [-0.04085, 0.119086184252013], "MITI": [-0.3089, 0.119086184252013], "MNK": [0.0, 0.119086184252013], "MNKD": [0.0, 0.119086184252013], "MNTA": [0.132475, 0.119086184252013], "MYGN": [0.0, 0.119086184252013], "MYL": [0.175075, 0.119086184252013], "MYRX": [0.0, 0.119086184252013], "NBIX": [0.0, 0.119086184252013], "NERV": [-0.5267, 0.119086184252013], "NH": [0.041375, 0.119086184252013], "NK": [0.1989833333333334, 0.119086184252013], "NOVN": [0.128, 0.119086184252013], "NPSP": [0.0, 0.119086184252013], "NVAX": [-0.015771428571428568, 0.119086184252013], "OMED": [0.0, 0.119086184252013], "OMER": [0.31845, 0.119086184252013], "OMPI": [0.0, 0.119086184252013], "ONCE": [0.324525, 0.119086184252013], "ONTY": [0.08671363636363635, 0.119086184252013], "ONVO": [0.0, 0.119086184252013], "ONXX": [0.1702, 0.119086184252013], "OPK": [0.21121818181818186, 0.119086184252013], "OREX": [0.08259117647058822, 0.119086184252013], "OSCI": [0.45671999999999996, 0.119086184252013], "OSIR": [0.0, 0.119086184252013], "OTIC": [0.743, 0.119086184252013], "OVAS": [0.0, 0.119086184252013], "PACB": [0.0541125, 0.119086184252013], "PCYC": [0.3612, 0.119086184252013], "PDLI": [0.0, 0.119086184252013], "PHRM": [0.0, 0.119086184252013], "POZN": [0.44040000000000007, 0.119086184252013], "PRTK": [0.0, 0.119086184252013], "PTIE": [0.28841538461538463, 0.119086184252013], "RARE": [0.12315, 0.119086184252013], "REGN": [0.0, 0.119086184252013], "RIGL": [0.7096, 0.119086184252013], "RPTP": [0.0, 0.119086184252013], "RTRX": [0.5994, 0.119086184252013], "SAGE": [0.10632088607594938, 0.119086184252013], "SCMP": [0.04365714285714285, 0.119086184252013], "SGEN": [-0.1591, 0.119086184252013], "SGMO": [0.2023, 0.119086184252013], "SGYP": [0.152192, 0.119086184252013], "SHPG": [0.29116, 0.119086184252013], "SIGA": [0.18248333333333333, 0.119086184252013], "SLXP": [0.1486, 0.119086184252013], "SNTS": [0.0, 0.119086184252013], "SPPI": [0.13476666666666667, 0.119086184252013], "SQNM": [0.0, 0.119086184252013], "SRPT": [0.1316860759493671, 0.119086184252013], "STEM": [-0.7964, 0.119086184252013], "SUPN": [-0.1390416666666667, 0.119086184252013], "SVA": [0.0, 0.119086184252013], "TARO": [-0.2608, 0.119086184252013], "TBPH": [0.03075714285714286, 0.119086184252013], "TECH": [0.23352020202020196, 0.119086184252013], "TEVA": [0.23690000000000003, 0.119086184252013], "THLD": [0.0, 0.119086184252013], "THRX": [0.02419629629629629, 0.119086184252013], "TSRO": [0.0, 0.119086184252013], "TSRX": [0.0, 0.119086184252013], "USD": [-0.025677272727272712, 0.119086184252013], "UTHR": [0.279204, 0.119086184252013], "VICL": [0.1327285714285714, 0.119086184252013], "VNDA": [-0.07543333333333334, 0.119086184252013], "VPHM": [0.0, 0.119086184252013], "VRTX": [0.1325263157894737, 0.119086184252013], "VRUS": [0.0, 0.119086184252013], "VSTM": [0.0, 0.119086184252013], "VTL": [0.0, 0.119086184252013], "VVUS": [0.22302631578947368, 0.119086184252013], "WCRX": [0.0, 0.119086184252013], "XNPT": [0.3245266666666667, 0.119086184252013], "XOMA": [0.0, 0.119086184252013], "ZLCS": [-0.03515, 0.119086184252013]}