{"AAVL": [0.2462, 0.11492949365351612], "ACAD": [0.1867791666666667, 0.11492949365351612], "ACHN": [0.0, 0.11492949365351612], "ACOR": [0.11522857142857143, 0.11492949365351612], "ACRX": [0.0, 0.11492949365351612], "ADHD": [0.0, 0.11492949365351612], "ADMS": [0.296, 0.11492949365351612], "ADRO": [0.0, 0.11492949365351612], "AFFX": [0.0, 0.11492949365351612], "AFMD": [0.198875, 0.11492949365351612], "AGEN": [0.045894444444444446, 0.11492949365351612], "AGIO": [0.2553, 0.11492949365351612], "AIMT": [0.3218666666666667, 0.11492949365351612], "AKBA": [0.0, 0.11492949365351612], "AKRX": [0.11973333333333334, 0.11492949365351612], "ALDR": [0.059199999999999996, 0.11492949365351612], "ALKS": [0.2534666666666667, 0.11492949365351612], "ALNY": [0.2589916666666667, 0.11492949365351612], "ALTH": [0.2598458333333333, 0.11492949365351612], "ALXN": [0.26282000000000005, 0.11492949365351612], "AMGN": [0.1727584905660377, 0.11492949365351612], "AMRI": [0.0, 0.11492949365351612], "AMRN": [-0.010753124999999999, 0.11492949365351612], "ANAC": [0.0, 0.11492949365351612], "ANDS": [0.1371, 0.11492949365351612], "ANIP": [0.0, 0.11492949365351612], "ANTH": [0.0, 0.11492949365351612], "AQXP": [0.13391999999999998, 0.11492949365351612], "ARIA": [0.05432307692307691, 0.11492949365351612], "ARLZ": [0.0, 0.11492949365351612], "ARNA": [0.16816666666666666, 0.11492949365351612], "ARRY": [0.069675, 0.11492949365351612], "ARWR": [0.0, 0.11492949365351612], "ASPX": [0.0129, 0.11492949365351612], "AST": [0.15263939393939396, 0.11492949365351612], "AVXS": [-0.08864, 0.11492949365351612], "BCRX": [0.148, 0.11492949365351612], "BIIB": [0.3668576923076922, 0.11492949365351612], "BIOD": [0.0, 0.11492949365351612], "BLCM": [0.0, 0.11492949365351612], "BLUE": [-0.02571111111111111, 0.11492949365351612], "BMRN": [0.09921499999999998, 0.11492949365351612], "CARA": [0.0, 0.11492949365351612], "CASC": [0.2202, 0.11492949365351612], "CELG": [0.2311156862745098, 0.11492949365351612], "CEMP": [0.0, 0.11492949365351612], "CEPH": [0.5267, 0.11492949365351612], "CERS": [0.5798666666666668, 0.11492949365351612], "CHMA": [0.0, 0.11492949365351612], "CHRS": [0.09565714285714286, 0.11492949365351612], "CLDN": [0.49617500000000003, 0.11492949365351612], "CLDX": [0.17490000000000003, 0.11492949365351612], "CLVS": [0.0, 0.11492949365351612], "CMRX": [-0.09355714285714287, 0.11492949365351612], "CNCE": [0.296, 0.11492949365351612], "COLL": [0.0, 0.11492949365351612], "CRA": [-0.2716, 0.11492949365351612], "CRIS": [-0.13185, 0.11492949365351612], "CTIC": [0.37382, 0.11492949365351612], "CXRX": [0.06237619047619047, 0.11492949365351612], "CYTK": [0.0, 0.11492949365351612], "CYTX": [0.4767, 0.11492949365351612], "DBVT": [0.3182, 0.11492949365351612], "DEPO": [0.0, 0.11492949365351612], "DERM": [0.05464, 0.11492949365351612], "DRNA": [0.26995, 0.11492949365351612], "DSCO": [0.12765, 0.11492949365351612], "DVAX": [0.7845, 0.11492949365351612], "DYAX": [0.296, 0.11492949365351612], "ECYT": [0.0, 0.11492949365351612], "EDIT": [-0.059199999999999996, 0.11492949365351612], "EGRX": [0.07197058823529412, 0.11492949365351612], "EMIS": [0.0, 0.11492949365351612], "ENCY": [0.47669999999999996, 0.11492949365351612], "ENDP": [0.00064545454545454, 0.11492949365351612], "ENTA": [0.04806923076923077, 0.11492949365351612], "EPZM": [0.2083, 0.11492949365351612], "ESPR": [0.0, 0.11492949365351612], "EXEL": [-0.0553375, 0.11492949365351612], "FACT": [0.0, 0.11492949365351612], "FGEN": [0.01846666666666667, 0.11492949365351612], "FLKS": [0.08333333333333333, 0.11492949365351612], "FLXN": [0.22738, 0.11492949365351612], "FMI": [0.0, 0.11492949365351612], "FOLD": [-0.100075, 0.11492949365351612], "FPRX": [0.0, 0.11492949365351612], "GBT": [0.25068, 0.11492949365351612], "GERN": [0.2294, 0.11492949365351612], "GEVA": [0.0, 0.11492949365351612], "GHDX": [0.0, 0.11492949365351612], "GILD": [0.18140869565217388, 0.11492949365351612], "GPRO": [0.17596666666666666, 0.11492949365351612], "GRFS": [0.0, 0.11492949365351612], "HALO": [0.32321428571428573, 0.11492949365351612], "HBIO": [0.40848000000000007, 0.11492949365351612], "HPTX": [0.0, 0.11492949365351612], "HZNP": [0.25815, 0.11492949365351612], "ICEL": [0.4939, 0.11492949365351612], "ICOS": [0.2023, 0.11492949365351612], "ILMN": [0.13108124999999998, 0.11492949365351612], "ILU": [0.0, 0.11492949365351612], "IMDZ": [0.148, 0.11492949365351612], "IMGN": [-0.064, 0.11492949365351612], "IMMU": [0.24459999999999996, 0.11492949365351612], "INCR": [0.3442, 0.11492949365351612], "INCY": [0.11712105263157895, 0.11492949365351612], "INFI": [0.38214000000000004, 0.11492949365351612], "INGN": [0.0, 0.11492949365351612], "INO": [0.09283636363636365, 0.11492949365351612], "INSM": [0.296, 0.11492949365351612], "INSY": [0.013254545454545451, 0.11492949365351612], "IONS": [0.1198111111111111, 0.11492949365351612], "IPXL": [0.09852, 0.11492949365351612], "IRWD": [0.42145, 0.11492949365351612], "ISIS": [0.6113000000000001, 0.11492949365351612], "ISTA": [0.0737923076923077, 0.11492949365351612], "ITCI": [-0.017724999999999998, 0.11492949365351612], "ITEK": [0.0, 0.11492949365351612], "JAZZ": [0.37085833333333323, 0.11492949365351612], "JUNO": [0.004690909090909091, 0.11492949365351612], "KERX": [0.131675, 0.11492949365351612], "KITE": [0.0172, 0.11492949365351612], "KMPH": [0.47846666666666665, 0.11492949365351612], "KPTI": [0.296, 0.11492949365351612], "LBIO": [0.27942105263157896, 0.11492949365351612], "LIFE": [0.19342222222222222, 0.11492949365351612], "LMNX": [0.33755, 0.11492949365351612], "LOXO": [0.0, 0.11492949365351612], "LXRX": [0.074, 0.11492949365351612], "MACK": [0.0, 0.11492949365351612], "MAPP": [0.7088, 0.11492949365351612], "MDCO": [0.0, 0.11492949365351612], "MDVN": [0.14007222222222224, 0.11492949365351612], "MEDI": [0.059455, 0.11492949365351612], "MGNX": [0.0, 0.11492949365351612], "MNK": [0.053543999999999994, 0.11492949365351612], "MNKD": [0.05577499999999999, 0.11492949365351612], "MNTA": [0.0, 0.11492949365351612], "MYGN": [0.0, 0.11492949365351612], "MYL": [0.21290000000000006, 0.11492949365351612], "NBIX": [0.19733333333333333, 0.11492949365351612], "NDRM": [0.0, 0.11492949365351612], "NEOS": [0.2235, 0.11492949365351612], "NERV": [0.09437777777777778, 0.11492949365351612], "NH": [0.10367894736842104, 0.11492949365351612], "NK": [0.08578245614035089, 0.11492949365351612], "NLNK": [0.0, 0.11492949365351612], "NSTG": [0.0, 0.11492949365351612], "NTLA": [0.148, 0.11492949365351612], "NVAX": [-0.0019947368421052657, 0.11492949365351612], "NVCR": [-0.5106, 0.11492949365351612], "OCUL": [-0.296, 0.11492949365351612], "OMED": [0.5787, 0.11492949365351612], "OMER": [0.19130000000000003, 0.11492949365351612], "ONCE": [0.0036352941176470634, 0.11492949365351612], "ONTX": [0.3997, 0.11492949365351612], "ONVO": [0.07048275862068966, 0.11492949365351612], "OPHT": [0.0, 0.11492949365351612], "OPK": [0.11578888888888889, 0.11492949365351612], "OREX": [-0.05464, 0.11492949365351612], "OSCI": [0.20931428571428576, 0.11492949365351612], "OTIC": [0.1231, 0.11492949365351612], "OVAS": [0.056575, 0.11492949365351612], "PACB": [0.0013411764705882345, 0.11492949365351612], "PGNX": [0.0, 0.11492949365351612], "PRTA": [0.0, 0.11492949365351612], "PTCT": [0.5454, 0.11492949365351612], "PTIE": [-0.2732, 0.11492949365351612], "PTX": [0.0, 0.11492949365351612], "QURE": [0.05870909090909091, 0.11492949365351612], "RARE": [0.1953, 0.11492949365351612], "RDEA": [0.0, 0.11492949365351612], "RGNX": [0.0, 0.11492949365351612], "RLYP": [0.09149999999999998, 0.11492949365351612], "RNAI": [0.6108, 0.11492949365351612], "RTRX": [0.2463, 0.11492949365351612], "SAGE": [-0.0020391304347826085, 0.11492949365351612], "SCLN": [0.074, 0.11492949365351612], "SCMP": [0.0, 0.11492949365351612], "SGEN": [0.0, 0.11492949365351612], "SGYP": [0.0, 0.11492949365351612], "SHPG": [0.0, 0.11492949365351612], "SPPI": [0.0, 0.11492949365351612], "SQNM": [-0.6124, 0.11492949365351612], "SRPT": [0.03397808219178082, 0.11492949365351612],