{"AAVL": [0.6369, 0.17430205205255012], "ACAD": [0.045457142857142856, 0.17430205205255012], "ACHN": [0.07047761194029852, 0.17430205205255012], "ACOR": [0.0, 0.17430205205255012], "ACRX": [0.0129, 0.17430205205255012], "ADHD": [0.40407777777777776, 0.17430205205255012], "AEGR": [0.37249999999999994, 0.17430205205255012], "AERI": [0.4019, 0.17430205205255012], "AGEN": [0.0, 0.17430205205255012], "AKRX": [0.0, 0.17430205205255012], "ALIM": [0.38986666666666664, 0.17430205205255012], "ALNY": [0.23142173913043482, 0.17430205205255012], "ALTH": [0.198575, 0.17430205205255012], "ALXA": [0.0, 0.17430205205255012], "ALXN": [0.0, 0.17430205205255012], "AMAG": [0.5848, 0.17430205205255012], "AMGN": [-0.06810000000000001, 0.17430205205255012], "AMPH": [0.0, 0.17430205205255012], "AMRN": [0.2924, 0.17430205205255012], "ANAC": [0.3047176470588236, 0.17430205205255012], "ANDS": [0.26335, 0.17430205205255012], "ANTH": [0.0, 0.17430205205255012], "ARIA": [0.18780000000000002, 0.17430205205255012], "ARNA": [0.36707142857142855, 0.17430205205255012], "ARQL": [-0.5796, 0.17430205205255012], "ARRY": [0.5848, 0.17430205205255012], "ARWR": [0.28037380952380947, 0.17430205205255012], "ASPX": [-0.20518181818181824, 0.17430205205255012], "AST": [0.03138, 0.17430205205255012], "ASTX": [0.0, 0.17430205205255012], "AUXL": [0.41917777777777776, 0.17430205205255012], "AVEO": [0.5848, 0.17430205205255012], "AVNR": [0.48190769230769237, 0.17430205205255012], "BCRX": [0.0, 0.17430205205255012], "BIIB": [0.0746142857142857, 0.17430205205255012], "BLUE": [0.250775, 0.17430205205255012], "BMRN": [0.0, 0.17430205205255012], "CBST": [0.0, 0.17430205205255012], "CCXI": [0.5848, 0.17430205205255012], "CELG": [0.004215625000000004, 0.17430205205255012], "CEMP": [0.8176, 0.17430205205255012], "CERS": [0.0, 0.17430205205255012], "CGEN": [0.0, 0.17430205205255012], "CHMA": [0.0, 0.17430205205255012], "CLDN": [-0.0516, 0.17430205205255012], "CLDX": [0.5848, 0.17430205205255012], "CLVS": [0.4019, 0.17430205205255012], "CNCT": [0.09866666666666667, 0.17430205205255012], "COLL": [0.342925, 0.17430205205255012], "CRA": [0.32152, 0.17430205205255012], "CRIS": [0.4215, 0.17430205205255012], "CRME": [0.5848, 0.17430205205255012], "DEPO": [0.41735, 0.17430205205255012], "DNDN": [0.0, 0.17430205205255012], "DRNA": [0.4215, 0.17430205205255012], "DYAX": [0.5848, 0.17430205205255012], "ECYT": [0.11428749999999999, 0.17430205205255012], "EGRX": [0.0, 0.17430205205255012], "EMIS": [0.0, 0.17430205205255012], "ENCY": [0.4019, 0.17430205205255012], "ENDP": [-0.21989999999999998, 0.17430205205255012], "ENTA": [0.4177, 0.17430205205255012], "ENZN": [0.022477777777777777, 0.17430205205255012], "EPZM": [0.296, 0.17430205205255012], "EXEL": [-0.2603162790697675, 0.17430205205255012], "FLML": [0.0, 0.17430205205255012], "FOLD": [0.20795714285714292, 0.17430205205255012], "FPRX": [0.5848, 0.17430205205255012], "GBT": [0.0, 0.17430205205255012], "GERN": [0.6013333333333333, 0.17430205205255012], "GEVA": [0.5848, 0.17430205205255012], "GILD": [-0.004165060240963857, 0.17430205205255012], "GNVC": [0.5848, 0.17430205205255012], "GPRO": [0.011151162790697675, 0.17430205205255012], "GWPH": [0.37455714285714287, 0.17430205205255012], "HALO": [0.26785714285714285, 0.17430205205255012], "HPTX": [0.0, 0.17430205205255012], "HZNP": [0.1462, 0.17430205205255012], "ICPT": [0.008164705882352942, 0.17430205205255012], "ILMN": [0.0, 0.17430205205255012], "ILU": [-0.4089692307692308, 0.17430205205255012], "IMGN": [0.0, 0.17430205205255012], "IMMU": [0.2294, 0.17430205205255012], "INCR": [0.079, 0.17430205205255012], "INCY": [0.15846666666666667, 0.17430205205255012], "INGN": [0.0, 0.17430205205255012], "INO": [0.16624999999999998, 0.17430205205255012], "INSM": [0.0, 0.17430205205255012], "INSY": [0.3421, 0.17430205205255012], "IONS": [0.030031034482758637, 0.17430205205255012], "IPXL": [0.144425, 0.17430205205255012], "IRWD": [0.4926, 0.17430205205255012], "ISIS": [0.21411249999999998, 0.17430205205255012], "ISTA": [-0.24402, 0.17430205205255012], "ITMN": [0.037345614035087724, 0.17430205205255012], "JAZZ": [0.04093750000000001, 0.17430205205255012], "KERX": [0.19255652173913043, 0.17430205205255012], "KITE": [0.11377777777777778, 0.17430205205255012], "LBIO": [0.47490967741935525, 0.17430205205255012], "LGND": [0.5848, 0.17430205205255012], "MDVN": [0.05844375, 0.17430205205255012], "MEDI": [0.2875452599388396, 0.17430205205255012], "MGNX": [0.4215, 0.17430205205255012], "MNK": [0.021185185185185182, 0.17430205205255012], "MNKD": [0.04766666666666666, 0.17430205205255012], "MNOV": [0.0, 0.17430205205255012], "MRNA": [0.002533333333333332, 0.17430205205255012], "MYL": [0.0599888888888889, 0.17430205205255012], "NABI": [0.69, 0.17430205205255012], "NEOS": [0.3445666666666667, 0.17430205205255012], "NERV": [-0.3384, 0.17430205205255012], "NH": [-0.07621818181818181, 0.17430205205255012], "NK": [0.10119508196721314, 0.17430205205255012], "NKTR": [0.3331533333333334, 0.17430205205255012], "NOVN": [0.08754444444444445, 0.17430205205255012], "NPSP": [0.4316833333333334, 0.17430205205255012], "OCUL": [0.0, 0.17430205205255012], "OMED": [0.38986666666666664, 0.17430205205255012], "OMER": [0.19493333333333332, 0.17430205205255012], "ONVO": [0.015499999999999998, 0.17430205205255012], "OPHT": [0.0, 0.17430205205255012], "OPK": [0.2202, 0.17430205205255012], "OREX": [0.06591, 0.17430205205255012], "OSCI": [0.296, 0.17430205205255012], "OTIC": [0.345, 0.17430205205255012], "OVAS": [0.0, 0.17430205205255012], "PCRX": [0.0, 0.17430205205255012], "PCYC": [0.0625, 0.17430205205255012], "PGNX": [0.5848, 0.17430205205255012], "POZN": [0.0, 0.17430205205255012], "PTCT": [0.0, 0.17430205205255012], "PTX": [0.09866666666666667, 0.17430205205255012], "QCOR": [0.0, 0.17430205205255012], "RCPT": [0.0, 0.17430205205255012], "REGN": [-0.011970588235294118, 0.17430205205255012], "RNAI": [0.35125, 0.17430205205255012], "RPTP": [0.5848, 0.17430205205255012], "SAGE": [0.04046, 0.17430205205255012], "SCLN": [0.0, 0.17430205205255012], "SGEN": [0.2707333333333333, 0.17430205205255012], "SGMO": [0.296, 0.17430205205255012], "SGNT": [0.0, 0.17430205205255012], "SHPG": [0.3612, 0.17430205205255012], "SIGA": [0.0, 0.17430205205255012], "SLXP": [-0.03488235294117647, 0.17430205205255012], "SPPI": [0.0, 0.17430205205255012], "SRPT": [0.0, 0.17430205205255012], "SVA": [0.5848, 0.17430205205255012], "TECH": [0.013859701492537319, 0.17430205205255012], "TEVA": [-0.18369999999999997, 0.17430205205255012], "THLD": [0.0, 0.17430205205255012], "TRGT": [0.5848, 0.17430205205255012], "TTPH": [0.38986666666666664, 0.17430205205255012], "USD": [0.24123041237113546, 0.17430205205255012], "UTHR": [0.1114818181818182, 0.17430205205255012], "VNDA": [-0.5719, 0.17430205205255012], "VRTX": [0.074, 0.17430205205255012], "VVUS": [0.19751249999999998, 0.17430205205255012], "XLRN": [0.37748, 0.17430205205255012], "XOMA": [0.5848, 0.17430205205255012], "ZSPH": [0.11377777777777778, 0.17430205205255012]}