{"AAVL": [0.1231, 0.11708246621622838], "ACAD": [0.16229865125240836, 0.11708246621622838], "ACHN": [0.11686666666666667, 0.11708246621622838], "ACOR": [0.01291276595744681, 0.11708246621622838], "ACRX": [0.04498421052631579, 0.11708246621622838], "ADHD": [-0.03439999999999999, 0.11708246621622838], "ADMS": [0.2679333333333333, 0.11708246621622838], "ADRO": [-0.042293333333333336, 0.11708246621622838], "AEGR": [0.18130625000000003, 0.11708246621622838], "AERI": [0.148, 0.11708246621622838], "AFFX": [0.10547, 0.11708246621622838], "AFFY": [-0.006537500000000002, 0.11708246621622838], "AFMD": [0.12735555555555556, 0.11708246621622838], "AGEN": [0.10628028169014088, 0.11708246621622838], "AGIO": [0.1736342105263158, 0.11708246621622838], "AIMT": [0.11333333333333334, 0.11708246621622838], "AKBA": [0.41454, 0.11708246621622838], "AKRX": [0.0, 0.11708246621622838], "ALDR": [0.11337424242424243, 0.11708246621622838], "ALKS": [0.18865555555555558, 0.11708246621622838], "ALNY": [0.0, 0.11708246621622838], "ALTH": [0.07067733333333334, 0.11708246621622838], "ALXA": [0.0, 0.11708246621622838], "ALXN": [0.1745625, 0.11708246621622838], "AMAG": [0.18036666666666668, 0.11708246621622838], "AMGN": [0.1685576470588235, 0.11708246621622838], "AMLN": [0.0, 0.11708246621622838], "AMRI": [0.1388625, 0.11708246621622838], "AMRN": [0.10501428571428571, 0.11708246621622838], "ANAC": [0.10807647058823532, 0.11708246621622838], "ANDS": [0.020540000000000003, 0.11708246621622838], "ANIP": [-0.16471111111111114, 0.11708246621622838], "ANPI": [0.05345555555555556, 0.11708246621622838], "ANTH": [0.34248823529411765, 0.11708246621622838], "APCVZ&": [0.0, 0.11708246621622838], "APPX": [0.0, 0.11708246621622838], "AQXP": [0.03777777777777778, 0.11708246621622838], "ARDX": [0.2936533333333333, 0.11708246621622838], "ARIA": [0.25157096774193544, 0.11708246621622838], "ARLZ": [0.07109374999999998, 0.11708246621622838], "ARNA": [0.1344857142857143, 0.11708246621622838], "ARQL": [0.0, 0.11708246621622838], "ARRY": [0.23850416666666663, 0.11708246621622838], "ARWR": [0.12674285714285713, 0.11708246621622838], "ARXT": [0.0, 0.11708246621622838], "ASPX": [0.01760384615384614, 0.11708246621622838], "AST": [0.16033930635838137, 0.11708246621622838], "ATRA": [0.0, 0.11708246621622838], "AVEO": [-0.49134800000000006, 0.11708246621622838], "AVNR": [0.4003, 0.11708246621622838], "AVXS": [0.054450000000000005, 0.11708246621622838], "AXCA": [0.0, 0.11708246621622838], "BCRX": [0.3016133333333333, 0.11708246621622838], "BGIXX": [0.0, 0.11708246621622838], "BGNE": [-0.07071875, 0.11708246621622838], "BIIB": [0.1062, 0.11708246621622838], "BIOD": [0.0, 0.11708246621622838], "BIVN": [0.0, 0.11708246621622838], "BLCM": [0.20312307692307693, 0.11708246621622838], "BLKFDS": [0.0, 0.11708246621622838], "BLUE": [0.17025625000000003, 0.11708246621622838], "BLUS": [0.1909, 0.11708246621622838], "BMRN": [0.09294642857142855, 0.11708246621622838], "BPMC": [-0.085, 0.11708246621622838], "BRIXX": [0.0, 0.11708246621622838], "BTRX": [0.0, 0.11708246621622838], "CADX": [0.335425, 0.11708246621622838], "CALP": [-0.1655, 0.11708246621622838], "CARA": [0.034, 0.11708246621622838], "CBPO": [0.0, 0.11708246621622838], "CBST": [0.0193, 0.11708246621622838], "CCXI": [0.13494, 0.11708246621622838], "CELG": [0.09836527777777777, 0.11708246621622838], "CEMP": [0.138484, 0.11708246621622838], "CEPH": [-0.14515, 0.11708246621622838], "CERS": [0.1613923076923077, 0.11708246621622838], "CGEN": [0.32930000000000004, 0.11708246621622838], "CHMA": [-0.016, 0.11708246621622838], "CHRS": [0.30894, 0.11708246621622838], "CLCD": [-0.128, 0.11708246621622838], "CLDN": [0.2671333333333333, 0.11708246621622838], "CLDX": [0.04945294117647059, 0.11708246621622838], "CLVS": [-0.03746666666666667, 0.11708246621622838], "CMRX": [0.140225, 0.11708246621622838], "COLL": [0.0, 0.11708246621622838], "COLY": [0.0, 0.11708246621622838], "CRA": [-0.024346938775510207, 0.11708246621622838], "CRIS": [0.10076666666666666, 0.11708246621622838], "CRME": [-0.11094285714285712, 0.11708246621622838], "CTIC": [0.21047777777777776, 0.11708246621622838], "CXRX": [0.07811875, 0.11708246621622838], "CYTK": [0.23773333333333335, 0.11708246621622838], "CYTX": [0.068, 0.11708246621622838], "DBVT": [0.0, 0.11708246621622838], "DEPO": [0.025525925925925924, 0.11708246621622838], "DERM": [0.05966363636363637, 0.11708246621622838], "DIGE": [0.24254, 0.11708246621622838], "DNAI": [0.186275, 0.11708246621622838], "DRAX": [0.0, 0.11708246621622838], "DRNA": [0.3786333333333334, 0.11708246621622838], "DRRX": [0.0, 0.11708246621622838], "DSCO": [0.07076666666666667, 0.11708246621622838], "DVAX": [0.2294, 0.11708246621622838], "DYAX": [0.13343333333333332, 0.11708246621622838], "EDIT": [0.03465740740740743, 0.11708246621622838], "EGLT": [0.0, 0.11708246621622838], "EGRX": [0.043447058823529415, 0.11708246621622838], "EMIS": [0.0, 0.11708246621622838], "ENCY": [0.3025, 0.11708246621622838], "ENDP": [0.09099230769230768, 0.11708246621622838], "ENTA": [0.1339350877192982, 0.11708246621622838], "ENZN": [0.5719, 0.11708246621622838], "EPZM": [0.31245, 0.11708246621622838], "ESPR": [0.054542857142857136, 0.11708246621622838], "EURX": [0.0, 0.11708246621622838], "EXEL": [0.0, 0.11708246621622838], "FACT": [0.10970000000000002, 0.11708246621622838], "FGEN": [0.058244444444444446, 0.11708246621622838], "FLKS": [0.148, 0.11708246621622838], "FLML": [-0.028787096774193548, 0.11708246621622838], "FMI": [0.12496, 0.11708246621622838], "FOLD": [0.10995294117647063, 0.11708246621622838], "FOMX": [0.09866666666666667, 0.11708246621622838], "FPRX": [0.10937692307692307, 0.11708246621622838], "GBT": [-0.07794999999999999, 0.11708246621622838], "GERN": [0.0, 0.11708246621622838], "GEVA": [0.13343333333333332, 0.11708246621622838], "GHDX": [0.0, 0.11708246621622838], "GILD": [0.0806484375, 0.11708246621622838], "GNVC": [0.20171666666666666, 0.11708246621622838], "GPRO": [0.09500476190476188, 0.11708246621622838], "GRFS": [0.16714, 0.11708246621622838], "GTXI": [0.0, 0.11708246621622838], "GWPH": [0.6369, 0.11708246621622838], "HALO": [0.11159655172413792, 0.11708246621622838], "HBIO": [0.17498, 0.11708246621622838], "HPTX": [0.0, 0.11708246621622838], "HZNP": [0.0663, 0.11708246621622838], "ICEL": [0.6369, 0.11708246621622838], "ICPT": [0.17060430107526878, 0.11708246621622838], "ICY": [0.00043636363636363876, 0.11708246621622838], "IDIX": [0.5423, 0.11708246621622838], "ILMN": [0.10660769230769232, 0.11708246621622838], "ILU": [0.0, 0.11708246621622838], "IMGN": [0.04228571428571428, 0.11708246621622838], "IMMU": [0.21164399999999994, 0.11708246621622838], "INCR": [0.1628368421052632, 0.11708246621622838], "INCY": [0.08495945945945942, 0.11708246621622838], "INFI": [0.12179, 0.11708246621622838], "INGN": [0.7772, 0.11708246621622838], "INO": [0.2027202247191011, 0.11708246621622838], "INSM": [0.304225, 0.11708246621622838], "INSY": [0.22887222222222225, 0.11708246621622838], "INVA": [0.13577999999999998, 0.11708246621622838], "IONS": [0.10080803571428575, 0.11708246621622838], "IPXL": [0.12088181818181817, 0.11708246621622838], "IRWD": [0.04857142857142858, 0.11708246621622838], "ISPH": [0.0, 0.11708246621622838], "ISTA": [0.22081428571428569, 0.11708246621622838], "ITCI": [0.02428571428571429, 0.11708246621622838], "ITEK": [0.0, 0.11708246621622838], "ITMN": [0.34, 0.11708246621622838], "JAZZ": [0.3347413793103449, 0.11708246621622838], "JUNO": [0.20719523809523807, 0.11708246621622838], "KERX": [0.2031652173913043, 0.11708246621622838], "KITE": [0.2071214285714286, 0.11708246621622838], "KMPH": [0.12685714285714284, 0.11708246621622838], "KPTI": [0.53755, 0.11708246621622838], "LBIO": [0.21040277777777783, 0.11708246621622838], "LGND": [0.28773333333333334, 0.11708246621622838], "LIFE": [0.0767, 0.11708246621622838], "LMNX": [0.3919, 0.11708246621622838], "LOXO": [0.09106666666666667, 0.11708246621622838], "LXRX": [0.085, 0.11708246621622838],