{"ACAD": [0.07287272727272728, 0.08377077300400974], "ACHN": [0.296, 0.08377077300400974], "ACOR": [0.0, 0.08377077300400974], "ADHD": [-0.01032, 0.08377077300400974], "ADMS": [0.30295, 0.08377077300400974], "ADVM": [0.0772, 0.08377077300400974], "AERI": [0.215325, 0.08377077300400974], "AFFY": [0.0, 0.08377077300400974], "AFMD": [0.32222, 0.08377077300400974], "AGEN": [0.11099999999999999, 0.08377077300400974], "AGIO": [0.296, 0.08377077300400974], "AGTC": [0.0, 0.08377077300400974], "AKBA": [0.0, 0.08377077300400974], "AKRX": [0.3341, 0.08377077300400974], "ALDR": [0.3058666666666667, 0.08377077300400974], "ALKS": [0.1901, 0.08377077300400974], "ALNY": [0.09866666666666667, 0.08377077300400974], "ALTH": [-0.004819999999999995, 0.08377077300400974], "ALXN": [0.0, 0.08377077300400974], "AMAG": [-0.23338571428571428, 0.08377077300400974], "AMGN": [0.08094155844155848, 0.08377077300400974], "AMPH": [0.0, 0.08377077300400974], "AMRN": [-0.2553, 0.08377077300400974], "ANDS": [0.4939, 0.08377077300400974], "ANIP": [0.0, 0.08377077300400974], "ANPI": [0.20095, 0.08377077300400974], "ANTH": [0.058699999999999995, 0.08377077300400974], "AQXP": [0.0, 0.08377077300400974], "ARDX": [-0.0254, 0.08377077300400974], "ARIA": [0.008930769230769232, 0.08377077300400974], "ARNA": [-0.0032227272727272725, 0.08377077300400974], "ARRY": [0.03270909090909091, 0.08377077300400974], "ARWR": [0.18993333333333332, 0.08377077300400974], "ASPX": [0.21948333333333336, 0.08377077300400974], "AST": [0.0997134328358209, 0.08377077300400974], "ATRA": [0.0, 0.08377077300400974], "AVDL": [0.0, 0.08377077300400974], "AVXS": [0.0, 0.08377077300400974], "BCRX": [0.0, 0.08377077300400974], "BIIB": [-0.1466777777777778, 0.08377077300400974], "BIOV": [0.296, 0.08377077300400974], "BLCM": [0.0, 0.08377077300400974], "BLUE": [0.036907142857142854, 0.08377077300400974], "BMRN": [-0.1006913043478261, 0.08377077300400974], "BOLD": [0.0, 0.08377077300400974], "BPMC": [0.0, 0.08377077300400974], "CALP": [0.0, 0.08377077300400974], "CARA": [0.15208888888888888, 0.08377077300400974], "CASC": [-0.0099, 0.08377077300400974], "CCXI": [0.0, 0.08377077300400974], "CELG": [-0.03739999999999999, 0.08377077300400974], "CEMP": [0.029200000000000004, 0.08377077300400974], "CERS": [0.0, 0.08377077300400974], "CHMA": [0.0, 0.08377077300400974], "CHRS": [0.6696, 0.08377077300400974], "CLCD": [0.29295, 0.08377077300400974], "CLDN": [0.46176666666666666, 0.08377077300400974], "CLDX": [-0.2463, 0.08377077300400974], "CLSD": [-0.128, 0.08377077300400974], "CLVS": [0.11721666666666665, 0.08377077300400974], "CMRX": [0.025733333333333334, 0.08377077300400974], "CNCT": [0.0, 0.08377077300400974], "COLL": [0.0, 0.08377077300400974], "CRA": [0.24741666666666665, 0.08377077300400974], "CTIC": [0.0, 0.08377077300400974], "CTRX": [0.0772, 0.08377077300400974], "CXRX": [0.0, 0.08377077300400974], "DEPO": [0.0, 0.08377077300400974], "DERM": [0.20526666666666663, 0.08377077300400974], "DIGE": [0.1909, 0.08377077300400974], "DRNA": [0.40725, 0.08377077300400974], "DVAX": [0.07189999999999999, 0.08377077300400974], "DYAX": [0.0, 0.08377077300400974], "EDIT": [-0.01608125, 0.08377077300400974], "EGLT": [0.0049999999999999975, 0.08377077300400974], "EGRX": [0.04013333333333333, 0.08377077300400974], "ENCY": [-0.17356, 0.08377077300400974], "ENDP": [-0.07082000000000001, 0.08377077300400974], "ENTA": [0.1156173913043478, 0.08377077300400974], "ESPR": [0.0, 0.08377077300400974], "EXEL": [0.0632375, 0.08377077300400974], "FACT": [0.0945, 0.08377077300400974], "FGEN": [0.25814000000000004, 0.08377077300400974], "FLKS": [-0.036571428571428574, 0.08377077300400974], "FLML": [0.0, 0.08377077300400974], "FLXN": [-0.036571428571428574, 0.08377077300400974], "FMI": [0.4404, 0.08377077300400974], "FOLD": [0.13194, 0.08377077300400974], "FPRX": [0.0, 0.08377077300400974], "GBT": [0.0, 0.08377077300400974], "GERN": [0.4588, 0.08377077300400974], "GEVA": [0.0, 0.08377077300400974], "GHDX": [0.296, 0.08377077300400974], "GILD": [0.035779032258064516, 0.08377077300400974], "GNVC": [0.15235555555555555, 0.08377077300400974], "GPRO": [0.01484166666666667, 0.08377077300400974], "GRFS": [0.189475, 0.08377077300400974], "GWPH": [0.02661212121212121, 0.08377077300400974], "HALO": [0.0, 0.08377077300400974], "HPTX": [0.0772, 0.08377077300400974], "HZNP": [0.30683333333333335, 0.08377077300400974], "ICPT": [0.033745454545454544, 0.08377077300400974], "ICY": [-0.18148000000000003, 0.08377077300400974], "ILMN": [0.0635346153846154, 0.08377077300400974], "ILU": [-0.10730000000000003, 0.08377077300400974], "IMDZ": [-0.02054, 0.08377077300400974], "IMMU": [0.0, 0.08377077300400974], "INCR": [0.23284482758620698, 0.08377077300400974], "INCY": [0.09222592592592595, 0.08377077300400974], "INFI": [0.0, 0.08377077300400974], "INGN": [0.2023, 0.08377077300400974], "INO": [0.038, 0.08377077300400974], "INSM": [-0.064, 0.08377077300400974], "INSY": [0.0, 0.08377077300400974], "IONS": [0.10328181818181816, 0.08377077300400974], "IPXL": [0.10606666666666666, 0.08377077300400974], "IRWD": [-0.042666666666666665, 0.08377077300400974], "ISIS": [0.7363500000000001, 0.08377077300400974], "ISTA": [0.3929666666666667, 0.08377077300400974], "ITCI": [0.0, 0.08377077300400974], "ITEK": [0.037987499999999993, 0.08377077300400974], "JAZZ": [0.0031692307692307575, 0.08377077300400974], "JUNO": [0.1252285714285714, 0.08377077300400974], "KERX": [0.0, 0.08377077300400974], "KITE": [0.12091333333333334, 0.08377077300400974], "KMPH": [0.5106, 0.08377077300400974], "LBIO": [0.26266500000000004, 0.08377077300400974], "LIFE": [0.3065083333333333, 0.08377077300400974], "LMNX": [-0.14999, 0.08377077300400974], "LOXO": [0.04228571428571428, 0.08377077300400974], "LXRX": [0.5106, 0.08377077300400974], "MACK": [-0.18192, 0.08377077300400974], "MAPP": [0.3881, 0.08377077300400974], "MCRB": [0.0, 0.08377077300400974], "MDCO": [0.0, 0.08377077300400974], "MEDI": [0.09468690476190475, 0.08377077300400974], "MGNX": [0.0, 0.08377077300400974], "MNK": [0.045070000000000006, 0.08377077300400974], "MNKD": [0.015776666666666668, 0.08377077300400974], "MNOV": [0.0, 0.08377077300400974], "MNTA": [0.0683076923076923, 0.08377077300400974], "MOGN": [0.2023, 0.08377077300400974], "MRNA": [0.0, 0.08377077300400974], "MYGN": [0.029591666666666665, 0.08377077300400974], "MYL": [0.062265909090909094, 0.08377077300400974], "NABI": [0.07940000000000001, 0.08377077300400974], "NBIX": [-0.025500000000000002, 0.08377077300400974], "NDRM": [0.06743333333333333, 0.08377077300400974], "NEOS": [0.1858, 0.08377077300400974], "NERV": [0.0, 0.08377077300400974], "NH": [-0.047838888888888896, 0.08377077300400974], "NK": [0.06593693693693696, 0.08377077300400974], "NKTR": [0.2023, 0.08377077300400974], "NLNK": [0.0, 0.08377077300400974], "NOVN": [-0.02196666666666665, 0.08377077300400974], "NSTG": [0.0, 0.08377077300400974], "NTLA": [0.0, 0.08377077300400974], "NVAX": [0.233275, 0.08377077300400974], "NVCR": [-0.17906, 0.08377077300400974], "OCUL": [0.0, 0.08377077300400974], "OMED": [0.12253684210526317, 0.08377077300400974], "OMER": [0.19733333333333333, 0.08377077300400974], "OMPI": [0.3612, 0.08377077300400974], "ONCE": [-0.23775000000000002, 0.08377077300400974], "ONTX": [0.15293333333333334, 0.08377077300400974], "ONVO": [0.3013, 0.08377077300400974], "ONXX": [0.0, 0.08377077300400974], "OPHT": [0.09106666666666667, 0.08377077300400974], "OREX": [0.04547428571428572, 0.08377077300400974], "OSCI": [0.13238333333333333, 0.08377077300400974], "OSIR": [-0.36945, 0.08377077300400974], "OTIC": [0.10843333333333333, 0.08377077300400974], "OVAS": [-0.038318181818181814, 0.08377077300400974], "PACB": [0.1634375, 0.08377077300400974], "PCRX": [0.056544444444444446, 0.08377077300400974], "PETX": [-0.05485714285714286, 0.08377077300400974], "PGNX": [0.0, 0.08377077300400974], "POZN": [0.296, 0.08377077300400974], "PRGO": [0.08066, 0.08377077300400974], "PRTA": [0.04605714285714285, 0.08377077300400974],