{"ACAD": [0.7351, 0.06364191694730248], "ACOR": [0.06291428571428571, 0.06364191694730248], "AFFX": [0.4082666666666667, 0.06364191694730248], "AGEN": [-0.6597, 0.06364191694730248], "ALTH": [0.0, 0.06364191694730248], "AMLN": [0.0, 0.06364191694730248], "ANDS": [0.6908, 0.06364191694730248], "ARIA": [0.03752222222222222, 0.06364191694730248], "ARNA": [0.215475, 0.06364191694730248], "ARRY": [0.0, 0.06364191694730248], "ASPX": [0.4404, 0.06364191694730248], "AST": [0.03459444444444445, 0.06364191694730248], "AVNR": [0.0, 0.06364191694730248], "BCRX": [0.17614000000000002, 0.06364191694730248], "BIIB": [0.0, 0.06364191694730248], "BPAX": [0.4019, 0.06364191694730248], "CBRX": [0.0, 0.06364191694730248], "CELG": [0.2355, 0.06364191694730248], "CEPH": [-0.025675, 0.06364191694730248], "CLDX": [0.3087055555555556, 0.06364191694730248], "COLL": [-0.296, 0.06364191694730248], "CRA": [-0.3968666666666667, 0.06364191694730248], "CRIS": [-0.007537499999999996, 0.06364191694730248], "CTIC": [0.26314000000000004, 0.06364191694730248], "CYTX": [0.0, 0.06364191694730248], "DEPO": [0.142975, 0.06364191694730248], "DERM": [-0.4019, 0.06364191694730248], "DNDN": [-0.0657, 0.06364191694730248], "EDIT": [0.3171333333333333, 0.06364191694730248], "ENDP": [-0.25120000000000003, 0.06364191694730248], "ENTA": [0.20095, 0.06364191694730248], "GENZ": [-0.1589, 0.06364191694730248], "GERN": [0.3182, 0.06364191694730248], "GILD": [0.080525, 0.06364191694730248], "GNVC": [0.3269625, 0.06364191694730248], "HALO": [0.0, 0.06364191694730248], "HGSI": [-0.053818181818181814, 0.06364191694730248], "HITK": [0.2787, 0.06364191694730248], "ICEL": [0.34265, 0.06364191694730248], "ICY": [-0.296, 0.06364191694730248], "ILU": [-0.10710000000000001, 0.06364191694730248], "INCY": [0.4588, 0.06364191694730248], "INO": [0.578775, 0.06364191694730248], "IONS": [0.1521, 0.06364191694730248], "IPXL": [0.1468, 0.06364191694730248], "ISTA": [0.1389, 0.06364191694730248], "ITMN": [0.0, 0.06364191694730248], "JAZZ": [0.20636666666666667, 0.06364191694730248], "KERX": [0.1101, 0.06364191694730248], "LBIO": [-0.14846666666666666, 0.06364191694730248], "MACK": [-0.27115, 0.06364191694730248], "MDVN": [-0.01408636363636364, 0.06364191694730248], "MEDI": [-0.06338918918918919, 0.06364191694730248], "MNTA": [0.4019, 0.06364191694730248], "MRNA": [0.42650000000000005, 0.06364191694730248], "MYGN": [-0.5106, 0.06364191694730248], "MYL": [0.15253333333333333, 0.06364191694730248], "NERV": [0.2732, 0.06364191694730248], "NH": [0.32455, 0.06364191694730248], "NK": [0.1955, 0.06364191694730248], "NRMX": [-0.5106, 0.06364191694730248], "ONCE": [0.20095, 0.06364191694730248], "OREX": [0.0, 0.06364191694730248], "OSIP": [0.15248, 0.06364191694730248], "PARD": [-0.601, 0.06364191694730248], "PTCT": [-0.0191, 0.06364191694730248], "RARE": [0.0, 0.06364191694730248], "SAGE": [0.099675, 0.06364191694730248], "SCLN": [0.0, 0.06364191694730248], "SGEN": [0.0, 0.06364191694730248], "SLXP": [0.0, 0.06364191694730248], "SNTA": [0.0, 0.06364191694730248], "SNTS": [0.5423, 0.06364191694730248], "SPPI": [0.2202, 0.06364191694730248], "SQNM": [0.017732000000000005, 0.06364191694730248], "STEM": [0.10606666666666666, 0.06364191694730248], "TECH": [-0.024924000000000005, 0.06364191694730248], "TEVA": [0.0, 0.06364191694730248], "USD": [0.12057, 0.06364191694730248], "VRTX": [0.0, 0.06364191694730248], "VVUS": [0.13334000000000001, 0.06364191694730248], "XNPT": [-0.5423, 0.06364191694730248], "XOMA": [-0.4696, 0.06364191694730248]}