{"AAVL": [0.0, 0.10405008903195001], "ACAD": [-0.017044736842105262, 0.10405008903195001], "ACHN": [0.039276923076923084, 0.10405008903195001], "ACOR": [-0.030417073170731706, 0.10405008903195001], "ACRX": [-0.10876000000000001, 0.10405008903195001], "ADHD": [0.05735, 0.10405008903195001], "ADMS": [0.4939, 0.10405008903195001], "ADRO": [0.0772, 0.10405008903195001], "ADVM": [-0.22693333333333332, 0.10405008903195001], "AEGR": [0.0, 0.10405008903195001], "AERI": [0.12380833333333334, 0.10405008903195001], "AFFX": [0.0, 0.10405008903195001], "AFMD": [0.0, 0.10405008903195001], "AGEN": [0.11066666666666666, 0.10405008903195001], "AGIO": [0.10543999999999999, 0.10405008903195001], "AGTC": [-0.008862499999999999, 0.10405008903195001], "AIMT": [-0.2889600000000001, 0.10405008903195001], "AKBA": [0.23282941176470587, 0.10405008903195001], "AKRX": [0.117625, 0.10405008903195001], "ALDR": [0.0, 0.10405008903195001], "ALIM": [0.25676666666666664, 0.10405008903195001], "ALKS": [0.12938461538461538, 0.10405008903195001], "ALNY": [0.11919166666666665, 0.10405008903195001], "ALTH": [0.08343522727272729, 0.10405008903195001], "ALXA": [0.0772, 0.10405008903195001], "ALXN": [0.09959534883720927, 0.10405008903195001], "AMAG": [0.026437837837837833, 0.10405008903195001], "AMGN": [0.02861075268817204, 0.10405008903195001], "AMPH": [0.3538333333333334, 0.10405008903195001], "AMRI": [0.0, 0.10405008903195001], "AMRN": [0.1335, 0.10405008903195001], "ANDS": [0.49306, 0.10405008903195001], "ANIP": [-0.059600000000000014, 0.10405008903195001], "ANPI": [0.30546666666666666, 0.10405008903195001], "ANTH": [0.015338709677419352, 0.10405008903195001], "AQXP": [-0.2924, 0.10405008903195001], "ARDX": [0.04228571428571428, 0.10405008903195001], "ARIA": [-0.06442142857142855, 0.10405008903195001], "ARLZ": [-0.16244444444444445, 0.10405008903195001], "ARNA": [-0.017811111111111107, 0.10405008903195001], "ARQL": [0.0, 0.10405008903195001], "ARRY": [0.102164, 0.10405008903195001], "ARWR": [0.18746666666666667, 0.10405008903195001], "ASPX": [0.20429999999999995, 0.10405008903195001], "AST": [0.08507377049180329, 0.10405008903195001], "ATRA": [0.09866666666666667, 0.10405008903195001], "AVEO": [0.0, 0.10405008903195001], "AVXS": [0.0, 0.10405008903195001], "BCRX": [-0.2778461538461539, 0.10405008903195001], "BIIB": [0.12805, 0.10405008903195001], "BIOD": [0.4664, 0.10405008903195001], "BIOV": [0.21075, 0.10405008903195001], "BLCM": [0.19056666666666666, 0.10405008903195001], "BLUE": [0.06585641025641024, 0.10405008903195001], "BMRN": [0.07319166666666665, 0.10405008903195001], "BOLD": [0.0, 0.10405008903195001], "BPMC": [0.24323636363636367, 0.10405008903195001], "CALP": [-0.005749999999999998, 0.10405008903195001], "CARA": [0.05323134328358209, 0.10405008903195001], "CASC": [0.0, 0.10405008903195001], "CBPO": [0.30443333333333333, 0.10405008903195001], "CCXI": [0.21308571428571427, 0.10405008903195001], "CELG": [0.08220757575757576, 0.10405008903195001], "CEMP": [0.015177777777777778, 0.10405008903195001], "CERS": [0.14661818181818181, 0.10405008903195001], "CGEN": [0.0, 0.10405008903195001], "CHMA": [-0.050575, 0.10405008903195001], "CHRS": [0.30715000000000003, 0.10405008903195001], "CLCD": [0.44225555555555546, 0.10405008903195001], "CLDN": [0.50255, 0.10405008903195001], "CLDX": [0.08765238095238094, 0.10405008903195001], "CLSD": [0.0, 0.10405008903195001], "CLVS": [0.09656296296296298, 0.10405008903195001], "CMRX": [0.0, 0.10405008903195001], "CNCE": [0.19131428571428574, 0.10405008903195001], "COLL": [0.2065157894736842, 0.10405008903195001], "CRA": [-0.15218571428571429, 0.10405008903195001], "CRIS": [0.02451666666666667, 0.10405008903195001], "CTIC": [0.21725454545454542, 0.10405008903195001], "CXRX": [0.10472307692307693, 0.10405008903195001], "CYTK": [0.0, 0.10405008903195001], "CYTX": [0.22973333333333334, 0.10405008903195001], "DBVT": [-0.09176, 0.10405008903195001], "DEPO": [0.08072727272727272, 0.10405008903195001], "DERM": [0.0, 0.10405008903195001], "DIGE": [0.5106, 0.10405008903195001], "DNAI": [0.0, 0.10405008903195001], "DRNA": [0.06865, 0.10405008903195001], "DRRX": [0.0, 0.10405008903195001], "DSCO": [0.3818, 0.10405008903195001], "DVAX": [0.0683, 0.10405008903195001], "ECYT": [0.296, 0.10405008903195001], "EDIT": [0.31816400000000006, 0.10405008903195001], "EGLT": [0.2500789473684211, 0.10405008903195001], "EGRX": [0.1661, 0.10405008903195001], "EMIS": [0.20015, 0.10405008903195001], "ENCY": [0.01532727272727273, 0.10405008903195001], "ENDP": [0.029012195121951204, 0.10405008903195001], "ENTA": [0.048251351351351335, 0.10405008903195001], "EPIX": [0.1806, 0.10405008903195001], "ESPR": [0.1638571428571429, 0.10405008903195001], "EXEL": [0.1795416666666667, 0.10405008903195001], "FACT": [0.018000000000000006, 0.10405008903195001], "FGEN": [0.2386857142857143, 0.10405008903195001], "FLKS": [0.11148, 0.10405008903195001], "FLXN": [0.00935999999999999, 0.10405008903195001], "FMI": [0.06413870967741936, 0.10405008903195001], "FOLD": [0.28993636363636366, 0.10405008903195001], "FPRX": [0.09106666666666667, 0.10405008903195001], "GBT": [0.007447222222222224, 0.10405008903195001], "GERN": [0.1471, 0.10405008903195001], "GHDX": [0.5106, 0.10405008903195001], "GILD": [0.06419817351598175, 0.10405008903195001], "GNVC": [0.0, 0.10405008903195001], "GPRO": [0.09193050847457628, 0.10405008903195001], "GRFS": [0.21215, 0.10405008903195001], "GTXI": [-0.128, 0.10405008903195001], "GWPH": [0.11611690140845071, 0.10405008903195001], "HALO": [0.0222037037037037, 0.10405008903195001], "HGSI": [0.5574, 0.10405008903195001], "HZNP": [0.13886666666666667, 0.10405008903195001], "ICEL": [0.4404, 0.10405008903195001], "ICPT": [0.1303318181818182, 0.10405008903195001], "ICY": [0.1779, 0.10405008903195001], "ILMN": [0.23149230769230772, 0.10405008903195001], "ILU": [0.13784000000000002, 0.10405008903195001], "IMGN": [0.0, 0.10405008903195001], "IMMU": [0.047273061224489786, 0.10405008903195001], "INCR": [0.25554857142857146, 0.10405008903195001], "INCY": [0.0753822916666667, 0.10405008903195001], "INFI": [0.05729090909090909, 0.10405008903195001], "INO": [0.08575460992907799, 0.10405008903195001], "INSM": [0.148, 0.10405008903195001], "INSY": [-0.07636, 0.10405008903195001], "INVA": [0.0, 0.10405008903195001], "IONS": [0.12887311827956993, 0.10405008903195001], "IPXL": [0.003739999999999999, 0.10405008903195001], "IRWD": [0.1757125, 0.10405008903195001], "ISIS": [0.2383, 0.10405008903195001], "ISPH": [0.0, 0.10405008903195001], "ISTA": [0.09436774193548386, 0.10405008903195001], "ITCI": [0.22306666666666666, 0.10405008903195001], "ITEK": [0.13284545454545454, 0.10405008903195001], "JAZZ": [0.1451318181818182, 0.10405008903195001], "JUNO": [0.09066363636363638, 0.10405008903195001], "KERX": [0.14748571428571428, 0.10405008903195001], "KITE": [0.1327111111111111, 0.10405008903195001], "KMPH": [0.0772, 0.10405008903195001], "LBIO": [0.08456901408450705, 0.10405008903195001], "LGND": [0.059199999999999996, 0.10405008903195001], "LIFC": [0.0, 0.10405008903195001], "LIFE": [0.08745, 0.10405008903195001], "LMNX": [0.04816000000000001, 0.10405008903195001], "LOXO": [0.07646666666666667, 0.10405008903195001], "LXRX": [0.19063076923076924, 0.10405008903195001], "MACK": [0.19251666666666667, 0.10405008903195001], "MAPP": [0.055425000000000016, 0.10405008903195001], "MCRB": [0.09866666666666667, 0.10405008903195001], "MDCO": [0.06577777777777777, 0.10405008903195001], "MEDI": [0.08151813725490187, 0.10405008903195001], "MGNX": [0.0, 0.10405008903195001], "MITI": [-0.2263, 0.10405008903195001], "MNK": [0.039381250000000007, 0.10405008903195001], "MNKD": [0.12476000000000001, 0.10405008903195001], "MNTA": [0.13364285714285715, 0.10405008903195001], "MRNA": [0.41152000000000005, 0.10405008903195001], "MYGN": [0.06039863013698629, 0.10405008903195001], "MYL": [0.13152499999999998, 0.10405008903195001], "NABI": [0.1261241379310345, 0.10405008903195001], "NBIX": [-0.028686111111111117, 0.10405008903195001],