{"ACAD": [0.0, 0.07052251535597814], "ACHN": [0.02950555555555555, 0.07052251535597814], "ACOR": [0.18076666666666666, 0.07052251535597814], "ADHD": [0.0, 0.07052251535597814], "ADLR": [0.0, 0.07052251535597814], "ADRO": [0.0, 0.07052251535597814], "AFFX": [-0.32985, 0.07052251535597814], "AFFY": [0.120825, 0.07052251535597814], "AGEN": [0.24666666666666667, 0.07052251535597814], "AKRX": [0.4799, 0.07052251535597814], "ALIM": [0.0, 0.07052251535597814], "ALKS": [0.0, 0.07052251535597814], "ALNY": [0.0, 0.07052251535597814], "ALTH": [0.44505000000000006, 0.07052251535597814], "ALTU": [0.0, 0.07052251535597814], "ALXA": [0.26895, 0.07052251535597814], "ALXN": [0.2732, 0.07052251535597814], "AMGN": [-0.06012631578947369, 0.07052251535597814], "AMLN": [-0.6249, 0.07052251535597814], "AMPH": [0.0, 0.07052251535597814], "AMRI": [0.4215, 0.07052251535597814], "AMRN": [0.12369999999999999, 0.07052251535597814], "ANAC": [0.07747142857142857, 0.07052251535597814], "ANDS": [0.07747142857142857, 0.07052251535597814], "ANIP": [-0.28595, 0.07052251535597814], "ANTH": [0.069675, 0.07052251535597814], "ARIA": [0.0, 0.07052251535597814], "ARNA": [0.5106, 0.07052251535597814], "ARRY": [0.0, 0.07052251535597814], "ASPX": [0.09734512195121951, 0.07052251535597814], "AST": [0.060714388489208654, 0.07052251535597814], "AUXL": [0.0, 0.07052251535597814], "AVEO": [0.24695, 0.07052251535597814], "BCRX": [0.0, 0.07052251535597814], "BIIB": [0.1896, 0.07052251535597814], "BIOD": [0.100475, 0.07052251535597814], "BLUE": [0.052976, 0.07052251535597814], "BMRN": [0.5994, 0.07052251535597814], "BMTI": [0.131675, 0.07052251535597814], "BOLD": [0.3769, 0.07052251535597814], "BPAX": [0.07307272727272728, 0.07052251535597814], "BPMC": [0.0, 0.07052251535597814], "CADX": [0.0, 0.07052251535597814], "CALP": [0.022042307692307687, 0.07052251535597814], "CELG": [-0.3208571428571429, 0.07052251535597814], "CEPH": [0.4881666666666667, 0.07052251535597814], "CHRS": [0.16436521739130433, 0.07052251535597814], "CLDN": [0.09866666666666667, 0.07052251535597814], "CLDX": [0.11855714285714287, 0.07052251535597814], "COLL": [0.0, 0.07052251535597814], "CRA": [0.06495000000000001, 0.07052251535597814], "CRIS": [0.30636, 0.07052251535597814], "CTIC": [0.25, 0.07052251535597814], "CYTX": [-0.042666666666666665, 0.07052251535597814], "DEPO": [0.0, 0.07052251535597814], "DERM": [0.3769, 0.07052251535597814], "DIGE": [-0.2732, 0.07052251535597814], "DNDN": [0.0, 0.07052251535597814], "DRRX": [-0.6145750000000001, 0.07052251535597814], "DVAX": [0.037083333333333336, 0.07052251535597814], "DYAX": [0.5106, 0.07052251535597814], "ENCY": [0.0, 0.07052251535597814], "ENDP": [-0.6145750000000001, 0.07052251535597814], "ENTA": [0.16743571428571433, 0.07052251535597814], "ENZN": [0.0, 0.07052251535597814], "EXEL": [0.17196315789473687, 0.07052251535597814], "FACT": [0.4853, 0.07052251535597814], "FLKS": [0.09375, 0.07052251535597814], "FOLD": [0.08622, 0.07052251535597814], "FURX": [0.0, 0.07052251535597814], "GENZ": [-0.2263, 0.07052251535597814], "GERN": [0.4939, 0.07052251535597814], "GHDX": [-0.6597, 0.07052251535597814], "GILD": [-0.03016000000000001, 0.07052251535597814], "GPRO": [0.0, 0.07052251535597814], "HALO": [0.32135, 0.07052251535597814], "HGSI": [-0.03401666666666666, 0.07052251535597814], "HITK": [0.18130000000000002, 0.07052251535597814], "HZNP": [-0.6311857142857143, 0.07052251535597814], "ICEL": [0.4404, 0.07052251535597814], "ICY": [0.0, 0.07052251535597814], "IDIX": [0.0, 0.07052251535597814], "ILMN": [0.37343333333333334, 0.07052251535597814], "ILU": [0.0, 0.07052251535597814], "IMGN": [0.0, 0.07052251535597814], "IMMU": [0.38295, 0.07052251535597814], "INCR": [0.2502714285714286, 0.07052251535597814], "INCY": [0.10250000000000001, 0.07052251535597814], "INFI": [0.13964000000000001, 0.07052251535597814], "INHX": [0.04669541984732826, 0.07052251535597814], "INO": [0.09204999999999999, 0.07052251535597814], "IONS": [-0.013177777777777781, 0.07052251535597814], "ISIS": [-0.5994, 0.07052251535597814], "ISTA": [-0.2045, 0.07052251535597814], "ITMN": [-0.5106, 0.07052251535597814], "JAZZ": [0.6705, 0.07052251535597814], "KERX": [0.07555, 0.07052251535597814], "LBIO": [0.3377666666666667, 0.07052251535597814], "LGND": [0.4939, 0.07052251535597814], "LIFE": [0.1526666666666667, 0.07052251535597814], "LMNX": [0.47669999999999996, 0.07052251535597814], "LXRX": [0.5106, 0.07052251535597814], "MACK": [0.0, 0.07052251535597814], "MDCO": [0.0, 0.07052251535597814], "MDVN": [0.17098750000000001, 0.07052251535597814], "MEDI": [0.20879999999999999, 0.07052251535597814], "MITI": [0.0, 0.07052251535597814], "MNK": [0.11017499999999998, 0.07052251535597814], "MNKD": [0.11017499999999998, 0.07052251535597814], "MNTA": [0.0921, 0.07052251535597814], "MRNA": [0.3372285714285715, 0.07052251535597814], "MYGN": [0.357525, 0.07052251535597814], "MYL": [0.21729999999999997, 0.07052251535597814], "NBIX": [0.3612, 0.07052251535597814], "NH": [0.049319580419580435, 0.07052251535597814], "NK": [0.05112758620689655, 0.07052251535597814], "NOVN": [0.2732, 0.07052251535597814], "NPSP": [0.08598461538461538, 0.07052251535597814], "OMPI": [0.2023, 0.07052251535597814], "ONCE": [0.07024999999999999, 0.07052251535597814], "ONTY": [0.195675, 0.07052251535597814], "ONXX": [0.0691076923076923, 0.07052251535597814], "OPK": [-0.18130000000000002, 0.07052251535597814], "OPTR": [0.07543333333333334, 0.07052251535597814], "OREX": [0.08038, 0.07052251535597814], "OSCI": [-0.6597, 0.07052251535597814], "OTIC": [0.0, 0.07052251535597814], "PACB": [0.34213750000000004, 0.07052251535597814], "PCRX": [-0.4330888888888889, 0.07052251535597814], "PCYC": [0.15748333333333334, 0.07052251535597814], "PDLI": [0.0, 0.07052251535597814], "PGNX": [0.0, 0.07052251535597814], "POZN": [0.5106, 0.07052251535597814], "PRGO": [0.0, 0.07052251535597814], "PTIE": [-0.7701000000000001, 0.07052251535597814], "PTX": [0.5106, 0.07052251535597814], "QGEN": [0.47669999999999996, 0.07052251535597814], "RARE": [0.0, 0.07052251535597814], "REGN": [0.301425, 0.07052251535597814], "SAGE": [0.09250588235294119, 0.07052251535597814], "SGEN": [-0.11467142857142856, 0.07052251535597814], "SGMO": [0.1813, 0.07052251535597814], "SGNT": [0.5106, 0.07052251535597814], "SHPG": [0.0, 0.07052251535597814], "SLXP": [0.2202, 0.07052251535597814], "SNTA": [0.0, 0.07052251535597814], "SNTS": [0.0, 0.07052251535597814], "SPPI": [0.35115, 0.07052251535597814], "SQNM": [0.0, 0.07052251535597814], "STEM": [0.0, 0.07052251535597814], "TECH": [0.10695833333333332, 0.07052251535597814], "TEVA": [0.21079666666666666, 0.07052251535597814], "THLD": [0.0, 0.07052251535597814], "THRX": [0.30636, 0.07052251535597814], "TRGT": [-0.34040000000000004, 0.07052251535597814], "USD": [0.03140801687763712, 0.07052251535597814], "VICL": [0.17103749999999998, 0.07052251535597814], "VPHM": [0.0, 0.07052251535597814], "VRTX": [0.05793333333333334, 0.07052251535597814], "VRUS": [0.12003076923076923, 0.07052251535597814], "VVUS": [0.08396923076923078, 0.07052251535597814], "WCRX": [-0.12765, 0.07052251535597814], "XNPT": [-0.296, 0.07052251535597814], "XOMA": [-0.6249, 0.07052251535597814], "ZGNX": [-0.7701000000000001, 0.07052251535597814], "ZLCS": [0.0, 0.07052251535597814]}