{"ACAD": [0.050531818181818185, 0.05933036363640226], "ACHN": [-0.073075, 0.05933036363640226], "ACOR": [0.4939, 0.05933036363640226], "ACRX": [0.0, 0.05933036363640226], "ADHD": [0.0, 0.05933036363640226], "AEGR": [0.0812, 0.05933036363640226], "AFFX": [0.08808, 0.05933036363640226], "AFFY": [0.0, 0.05933036363640226], "AGEN": [0.0, 0.05933036363640226], "ALKS": [0.20082499999999998, 0.05933036363640226], "ALNY": [0.2294, 0.05933036363640226], "ALTH": [0.008643589743589742, 0.05933036363640226], "ALXA": [0.06665, 0.05933036363640226], "ALXN": [0.0258, 0.05933036363640226], "AMAG": [0.0, 0.05933036363640226], "AMGN": [0.026789075630252106, 0.05933036363640226], "AMRN": [0.01643478260869565, 0.05933036363640226], "ANAC": [0.04840833333333333, 0.05933036363640226], "ANDS": [-0.10329999999999999, 0.05933036363640226], "ANIP": [-0.4215, 0.05933036363640226], "ANTH": [-0.14046666666666666, 0.05933036363640226], "ARIA": [0.11774499999999999, 0.05933036363640226], "ARNA": [-0.04726363636363637, 0.05933036363640226], "ARQL": [-0.061894117647058815, 0.05933036363640226], "ARRY": [-0.1658, 0.05933036363640226], "ARWR": [0.4588, 0.05933036363640226], "ASPX": [0.13361, 0.05933036363640226], "AST": [0.10822950819672134, 0.05933036363640226], "ASTX": [0.005322222222222222, 0.05933036363640226], "AUXL": [0.0, 0.05933036363640226], "AVEO": [-0.2023, 0.05933036363640226], "AVNR": [0.029249999999999998, 0.05933036363640226], "BCRX": [0.13455652173913044, 0.05933036363640226], "BIIB": [0.24867619047619047, 0.05933036363640226], "BIOD": [0.05339166666666667, 0.05933036363640226], "BLUE": [0.09791666666666667, 0.05933036363640226], "BMRN": [0.17330000000000004, 0.05933036363640226], "CADX": [-0.1909, 0.05933036363640226], "CBST": [0.04515, 0.05933036363640226], "CCXI": [-0.2023, 0.05933036363640226], "CELG": [0.06525555555555555, 0.05933036363640226], "CEMP": [0.44966666666666666, 0.05933036363640226], "CERS": [0.11560000000000001, 0.05933036363640226], "CHRS": [0.0, 0.05933036363640226], "CLDX": [0.0, 0.05933036363640226], "COLL": [0.296, 0.05933036363640226], "CRA": [0.06171999999999998, 0.05933036363640226], "CRIS": [0.0, 0.05933036363640226], "CTRX": [0.0, 0.05933036363640226], "CYTK": [0.010264423076923077, 0.05933036363640226], "CYTX": [0.5106, 0.05933036363640226], "DNDN": [0.0, 0.05933036363640226], "DRRX": [0.0, 0.05933036363640226], "DSCO": [0.0, 0.05933036363640226], "DVAX": [0.0, 0.05933036363640226], "DYAX": [0.36819999999999997, 0.05933036363640226], "EDIT": [0.3818, 0.05933036363640226], "ENCY": [0.0, 0.05933036363640226], "ENDP": [0.05514000000000001, 0.05933036363640226], "ENTA": [0.18137, 0.05933036363640226], "ENZN": [0.037, 0.05933036363640226], "EPZM": [0.15, 0.05933036363640226], "ESPR": [0.3248653846153846, 0.05933036363640226], "EXEL": [0.28929999999999995, 0.05933036363640226], "FACT": [-0.11560588235294117, 0.05933036363640226], "FLML": [0.0, 0.05933036363640226], "FMI": [0.445875, 0.05933036363640226], "FOLD": [0.0, 0.05933036363640226], "FPRX": [0.5945, 0.05933036363640226], "FURX": [0.28099999999999997, 0.05933036363640226], "GEVA": [0.0, 0.05933036363640226], "GHDX": [-0.6597, 0.05933036363640226], "GILD": [0.07032564102564103, 0.05933036363640226], "GTXI": [0.050145833333333334, 0.05933036363640226], "GWPH": [0.0, 0.05933036363640226], "HALO": [0.18538260869565212, 0.05933036363640226], "HITK": [0.212, 0.05933036363640226], "HPTX": [0.0, 0.05933036363640226], "HZNP": [0.148, 0.05933036363640226], "ICEL": [0.4404, 0.05933036363640226], "ICPT": [0.12738, 0.05933036363640226], "ICY": [-0.24391666666666664, 0.05933036363640226], "IDIX": [0.13396666666666665, 0.05933036363640226], "ILMN": [0.10075, 0.05933036363640226], "ILU": [-0.4524555555555556, 0.05933036363640226], "IMMU": [0.0, 0.05933036363640226], "INCR": [0.22931428571428572, 0.05933036363640226], "INCY": [0.03661111111111111, 0.05933036363640226], "INFI": [0.12138000000000002, 0.05933036363640226], "INO": [0.061406153846153846, 0.05933036363640226], "INSM": [0.0, 0.05933036363640226], "IONS": [-0.015402173913043481, 0.05933036363640226], "IPXL": [0.1101, 0.05933036363640226], "IRWD": [-0.14049999999999999, 0.05933036363640226], "ISIS": [0.12833921568627452, 0.05933036363640226], "ISTA": [0.047725, 0.05933036363640226], "ITMN": [0.012755555555555555, 0.05933036363640226], "JAZZ": [0.03558, 0.05933036363640226], "KERX": [0.12464444444444446, 0.05933036363640226], "KYTH": [0.4767, 0.05933036363640226], "LBIO": [0.06112857142857143, 0.05933036363640226], "LGND": [0.7184, 0.05933036363640226], "LIFE": [0.4939, 0.05933036363640226], "MACK": [0.049485714285714286, 0.05933036363640226], "MDCO": [0.0, 0.05933036363640226], "MDVN": [0.054360000000000006, 0.05933036363640226], "MEDI": [0.11186, 0.05933036363640226], "MNK": [-0.0005789473684210531, 0.05933036363640226], "MNKD": [-0.0006111111111111116, 0.05933036363640226], "MNTA": [0.23864999999999997, 0.05933036363640226], "MYGN": [-0.6597, 0.05933036363640226], "MYL": [0.24814000000000003, 0.05933036363640226], "NBIX": [0.09132272727272726, 0.05933036363640226], "NERV": [-0.5423, 0.05933036363640226], "NH": [0.031395454545454546, 0.05933036363640226], "NK": [0.07387656250000003, 0.05933036363640226], "NKTR": [-0.03499999999999999, 0.05933036363640226], "NLNK": [0.2263, 0.05933036363640226], "NPSP": [0.0, 0.05933036363640226], "NVAX": [0.06434571428571428, 0.05933036363640226], "OMED": [-0.10056666666666667, 0.05933036363640226], "OMER": [-0.4404, 0.05933036363640226], "OMPI": [0.0, 0.05933036363640226], "ONCE": [0.049693749999999995, 0.05933036363640226], "ONTY": [0.0, 0.05933036363640226], "ONVO": [-0.02200909090909091, 0.05933036363640226], "ONXX": [0.11009655172413794, 0.05933036363640226], "OPK": [-0.01907916666666665, 0.05933036363640226], "OPTR": [0.0, 0.05933036363640226], "OREX": [-0.017236111111111105, 0.05933036363640226], "OSCI": [-0.059199999999999996, 0.05933036363640226], "OSIR": [0.0, 0.05933036363640226], "OTIC": [0.10714285714285714, 0.05933036363640226], "OVAS": [0.28099999999999997, 0.05933036363640226], "PACB": [-0.061099999999999995, 0.05933036363640226], "PANC": [-0.6597, 0.05933036363640226], "PCYC": [0.02064, 0.05933036363640226], "PRGO": [0.0, 0.05933036363640226], "PTX": [0.0, 0.05933036363640226], "QCOR": [0.18133749999999998, 0.05933036363640226], "RARE": [-0.040883333333333334, 0.05933036363640226], "REGN": [0.27037619047619055, 0.05933036363640226], "RIGL": [0.5574, 0.05933036363640226], "RNAI": [0.4588, 0.05933036363640226], "SAGE": [-0.013588888888888888, 0.05933036363640226], "SCMP": [0.030716666666666666, 0.05933036363640226], "SGEN": [0.0258, 0.05933036363640226], "SGYP": [0.06183076923076923, 0.05933036363640226], "SHPG": [0.1148, 0.05933036363640226], "SNTA": [0.08615833333333334, 0.05933036363640226], "SNTS": [0.14505, 0.05933036363640226], "SPPI": [-0.06307499999999999, 0.05933036363640226], "SRPT": [0.0547125, 0.05933036363640226], "STEM": [0.14985, 0.05933036363640226], "SUPN": [-0.5719, 0.05933036363640226], "SVA": [-0.0677875, 0.05933036363640226], "TARO": [0.2215666666666667, 0.05933036363640226], "TECH": [0.06967413793103451, 0.05933036363640226], "TELK": [0.25, 0.05933036363640226], "TEVA": [0.016124999999999987, 0.05933036363640226], "TSRX": [0.0, 0.05933036363640226], "TTPH": [0.0, 0.05933036363640226], "USD": [0.014004761904761905, 0.05933036363640226], "VICL": [0.2498375, 0.05933036363640226], "VNDA": [0.0, 0.05933036363640226], "VPHM": [-0.22666666666666668, 0.05933036363640226], "VRTX": [0.072525, 0.05933036363640226], "VSTM": [0.0, 0.05933036363640226], "VVUS": [-0.09502894736842105, 0.05933036363640226], "XLRN": [0.5945, 0.05933036363640226], "XOMA": [0.0, 0.05933036363640226], "ZGNX": [0.04390000000000001, 0.05933036363640226], "ZLCS": [0.08256718750000001, 0.05933036363640226]}