{"ACAD": [0.283, 0.04280028314110132], "ACHN": [0.0, 0.04280028314110132], "ACOR": [0.0, 0.04280028314110132], "AEGR": [0.6486, 0.04280028314110132], "AFFX": [0.0, 0.04280028314110132], "AFFY": [0.0, 0.04280028314110132], "AKRX": [0.0, 0.04280028314110132], "ALIM": [0.0, 0.04280028314110132], "ALKS": [0.15457500000000002, 0.04280028314110132], "ALTH": [0.20383333333333334, 0.04280028314110132], "ALXN": [0.0, 0.04280028314110132], "AMAG": [-0.4939, 0.04280028314110132], "AMGN": [0.039725, 0.04280028314110132], "AMLN": [0.0, 0.04280028314110132], "AMRN": [0.1101, 0.04280028314110132], "ANAC": [0.0, 0.04280028314110132], "ANTH": [0.7096, 0.04280028314110132], "ARNA": [-0.077025, 0.04280028314110132], "ARQL": [0.0, 0.04280028314110132], "ASPX": [-0.003988571428571427, 0.04280028314110132], "AST": [0.004669565217391297, 0.04280028314110132], "AVII": [0.0, 0.04280028314110132], "AVNR": [0.0, 0.04280028314110132], "BIIB": [-0.296, 0.04280028314110132], "BIOD": [0.17556666666666665, 0.04280028314110132], "BMRN": [0.17, 0.04280028314110132], "BPAX": [0.16284285714285712, 0.04280028314110132], "CALP": [0.4767, 0.04280028314110132], "CBPO": [0.0, 0.04280028314110132], "CBST": [0.0, 0.04280028314110132], "CELG": [0.06690681818181818, 0.04280028314110132], "CEPH": [-0.01766666666666667, 0.04280028314110132], "CLDX": [0.0, 0.04280028314110132], "COLL": [-0.4939, 0.04280028314110132], "CRA": [-0.07603333333333333, 0.04280028314110132], "CRIS": [0.0, 0.04280028314110132], "CRME": [-0.2732, 0.04280028314110132], "CYTK": [-0.10115, 0.04280028314110132], "DEPO": [0.27003076923076924, 0.04280028314110132], "DNDN": [0.0, 0.04280028314110132], "DRNA": [0.0, 0.04280028314110132], "DSCO": [0.0, 0.04280028314110132], "DVAX": [0.0, 0.04280028314110132], "DYAX": [0.0, 0.04280028314110132], "ECYT": [-0.04759999999999999, 0.04280028314110132], "ENCY": [0.0, 0.04280028314110132], "ENDP": [0.0, 0.04280028314110132], "ENTA": [0.1852, 0.04280028314110132], "ENZN": [0.011907692307692307, 0.04280028314110132], "EXEL": [0.26353333333333334, 0.04280028314110132], "FOLD": [0.4133, 0.04280028314110132], "GENZ": [-0.029860000000000008, 0.04280028314110132], "GERN": [0.0, 0.04280028314110132], "GILD": [-0.19756, 0.04280028314110132], "GNVC": [-0.2732, 0.04280028314110132], "GPRO": [0.0, 0.04280028314110132], "HALO": [-0.2997, 0.04280028314110132], "HBIO": [0.0, 0.04280028314110132], "HGSI": [0.05758181818181818, 0.04280028314110132], "ICEL": [0.3529, 0.04280028314110132], "IMMU": [0.0, 0.04280028314110132], "INCR": [0.3182, 0.04280028314110132], "INCY": [0.45760000000000006, 0.04280028314110132], "INO": [0.2703, 0.04280028314110132], "INSM": [-0.2732, 0.04280028314110132], "IONS": [0.07121428571428572, 0.04280028314110132], "ISIS": [0.24336666666666665, 0.04280028314110132], "JAZZ": [-0.6249, 0.04280028314110132], "KERX": [0.0, 0.04280028314110132], "LBIO": [-0.09106666666666667, 0.04280028314110132], "LGND": [0.3182, 0.04280028314110132], "LIFE": [0.22583999999999999, 0.04280028314110132], "MAPP": [0.0, 0.04280028314110132], "MAXY": [0.16858333333333334, 0.04280028314110132], "MDCO": [0.0, 0.04280028314110132], "MDVN": [0.0, 0.04280028314110132], "MEDI": [-0.03423333333333333, 0.04280028314110132], "MITI": [-0.41575000000000006, 0.04280028314110132], "MNK": [0.04789999999999999, 0.04280028314110132], "MNKD": [0.04789999999999999, 0.04280028314110132], "MNTA": [0.37895, 0.04280028314110132], "MRNA": [0.0, 0.04280028314110132], "MYL": [0.0, 0.04280028314110132], "MYRX": [0.0, 0.04280028314110132], "NK": [0.023411111111111105, 0.04280028314110132], "NKTR": [-0.5106, 0.04280028314110132], "NOVN": [-0.0258, 0.04280028314110132], "NPSP": [0.182875, 0.04280028314110132], "OMED": [0.0, 0.04280028314110132], "ONCE": [0.4588, 0.04280028314110132], "ONXX": [0.4404, 0.04280028314110132], "OPTR": [0.0, 0.04280028314110132], "OREX": [0.09408043478260872, 0.04280028314110132], "OSIR": [0.4215, 0.04280028314110132], "PCRX": [-0.19733333333333333, 0.04280028314110132], "REGN": [0.4404, 0.04280028314110132], "SGEN": [0.1779, 0.04280028314110132], "SLXP": [-0.34040000000000004, 0.04280028314110132], "SNTA": [-0.4215, 0.04280028314110132], "SPPI": [0.42669999999999997, 0.04280028314110132], "STEM": [0.0, 0.04280028314110132], "TBPH": [0.0, 0.04280028314110132], "TECH": [0.027333333333333328, 0.04280028314110132], "TEVA": [0.16153333333333333, 0.04280028314110132], "THRX": [0.0, 0.04280028314110132], "USD": [-0.14824285714285715, 0.04280028314110132], "VNDA": [0.10775, 0.04280028314110132], "VVUS": [-0.077025, 0.04280028314110132], "XNPT": [0.27755555555555556, 0.04280028314110132], "XOMA": [0.0, 0.04280028314110132]}