{"ALKS": [0.0, -0.31805], "AST": [-0.6361, -0.31805], "CELG": [-0.6361, -0.31805], "MDCO": [0.0, -0.31805]}