{"AAVL": [0.447, 0.13172352385493483], "ACAD": [0.19689999999999996, 0.13172352385493483], "ACHN": [0.04286530612244898, 0.13172352385493483], "ACOR": [0.1662904761904762, 0.13172352385493483], "ACRX": [0.20811333333333334, 0.13172352385493483], "ADHD": [0.06639090909090908, 0.13172352385493483], "ADMS": [0.25880000000000003, 0.13172352385493483], "ADRO": [-0.1366, 0.13172352385493483], "AEGR": [0.20013333333333339, 0.13172352385493483], "AERI": [0.030107142857142857, 0.13172352385493483], "AFFX": [0.7069, 0.13172352385493483], "AFFY": [0.7069, 0.13172352385493483], "AGEN": [0.12123333333333335, 0.13172352385493483], "AGIO": [-0.3716428571428572, 0.13172352385493483], "AGIX": [0.0, 0.13172352385493483], "AGTC": [0.2682, 0.13172352385493483], "AKBA": [0.2787, 0.13172352385493483], "AKRX": [0.17759999999999998, 0.13172352385493483], "ALIM": [0.28124999999999994, 0.13172352385493483], "ALKS": [0.31306666666666666, 0.13172352385493483], "ALNY": [-0.19604999999999997, 0.13172352385493483], "ALTH": [-0.02047027027027028, 0.13172352385493483], "ALTU": [0.7069, 0.13172352385493483], "ALXA": [0.4404, 0.13172352385493483], "ALXN": [0.07778333333333333, 0.13172352385493483], "AMAG": [0.35345, 0.13172352385493483], "AMGN": [0.12346923076923076, 0.13172352385493483], "AMPH": [0.0, 0.13172352385493483], "AMRI": [-0.1223, 0.13172352385493483], "AMRN": [0.0971, 0.13172352385493483], "ANAC": [0.1001121212121212, 0.13172352385493483], "ANDS": [0.14032, 0.13172352385493483], "ANIP": [0.2999, 0.13172352385493483], "ANTH": [0.0, 0.13172352385493483], "ARDX": [0.4939, 0.13172352385493483], "ARIA": [0.10452399999999999, 0.13172352385493483], "ARNA": [-0.058854545454545444, 0.13172352385493483], "ARRY": [-0.05, 0.13172352385493483], "ARWR": [0.07721818181818182, 0.13172352385493483], "ASPX": [0.1254085106382979, 0.13172352385493483], "AST": [0.12953499999999998, 0.13172352385493483], "ASTX": [0.7069, 0.13172352385493483], "AUXL": [0.05402307692307692, 0.13172352385493483], "AVEO": [0.23563333333333333, 0.13172352385493483], "AVNR": [0.10271, 0.13172352385493483], "BCRX": [0.07099411764705883, 0.13172352385493483], "BIIB": [0.1597, 0.13172352385493483], "BIOD": [0.0, 0.13172352385493483], "BLUE": [0.02193939393939394, 0.13172352385493483], "BMRN": [0.3119, 0.13172352385493483], "BPAX": [0.0, 0.13172352385493483], "CADX": [0.35345, 0.13172352385493483], "CALP": [-0.148, 0.13172352385493483], "CARA": [0.176725, 0.13172352385493483], "CBST": [0.0, 0.13172352385493483], "CCXI": [0.24281666666666668, 0.13172352385493483], "CELG": [0.09216296296296296, 0.13172352385493483], "CEMP": [0.17863333333333334, 0.13172352385493483], "CEPH": [-0.0697375, 0.13172352385493483], "CERS": [0.11337272727272728, 0.13172352385493483], "CHMA": [0.0, 0.13172352385493483], "CLDX": [0.19756999999999997, 0.13172352385493483], "CLVS": [0.10570769230769231, 0.13172352385493483], "CMRX": [0.21999375, 0.13172352385493483], "CNCE": [0.0772, 0.13172352385493483], "COLL": [0.08857142857142859, 0.13172352385493483], "CRA": [-0.13303823529411762, 0.13172352385493483], "CRIS": [0.0, 0.13172352385493483], "CRME": [0.23563333333333333, 0.13172352385493483], "CTIC": [0.006017777777777775, 0.13172352385493483], "CTRX": [0.170275, 0.13172352385493483], "CYTX": [0.4588, 0.13172352385493483], "DEPO": [0.17389333333333334, 0.13172352385493483], "DRNA": [0.19395, 0.13172352385493483], "DSCO": [0.03423333333333333, 0.13172352385493483], "DYAX": [0.09545, 0.13172352385493483], "ECYT": [0.13457894736842108, 0.13172352385493483], "EDIT": [0.21357777777777778, 0.13172352385493483], "EGLT": [0.4404, 0.13172352385493483], "EGRX": [0.059199999999999996, 0.13172352385493483], "ENCY": [-0.006199999999999961, 0.13172352385493483], "ENDP": [0.1954090909090909, 0.13172352385493483], "ENTA": [0.17508055555555557, 0.13172352385493483], "ENZN": [0.0, 0.13172352385493483], "EPZM": [0.1700875, 0.13172352385493483], "ESPR": [0.24707500000000002, 0.13172352385493483], "EXEL": [0.15994545454545456, 0.13172352385493483], "FACT": [0.36160000000000003, 0.13172352385493483], "FLKS": [0.14909999999999998, 0.13172352385493483], "FLML": [0.0, 0.13172352385493483], "FLXN": [0.025750000000000002, 0.13172352385493483], "FMI": [0.03088, 0.13172352385493483], "FOLD": [0.032237037037037036, 0.13172352385493483], "FOMX": [0.0, 0.13172352385493483], "FPRX": [0.1618777777777778, 0.13172352385493483], "GENZ": [0.0, 0.13172352385493483], "GERN": [0.1, 0.13172352385493483], "GEVA": [0.0, 0.13172352385493483], "GHDX": [-0.13082857142857143, 0.13172352385493483], "GILD": [0.12201538461538462, 0.13172352385493483], "GNVC": [0.176725, 0.13172352385493483], "GPRO": [0.06826654804270463, 0.13172352385493483], "GTXI": [0.3802, 0.13172352385493483], "GWPH": [0.0, 0.13172352385493483], "HALO": [0.28876363636363633, 0.13172352385493483], "HPTX": [0.045426315789473676, 0.13172352385493483], "HZNP": [0.02529782608695652, 0.13172352385493483], "ICEL": [0.58864, 0.13172352385493483], "ICPT": [0.022735714285714283, 0.13172352385493483], "ICY": [-0.11692857142857142, 0.13172352385493483], "IDIX": [0.4215, 0.13172352385493483], "ILMN": [0.216925, 0.13172352385493483], "ILU": [0.288, 0.13172352385493483], "IMMU": [0.16279999999999997, 0.13172352385493483], "INCR": [0.23045555555555558, 0.13172352385493483], "INCY": [-0.30456, 0.13172352385493483], "INFI": [0.14228181818181818, 0.13172352385493483], "INGN": [0.1866, 0.13172352385493483], "INO": [0.197575, 0.13172352385493483], "INSY": [0.213725, 0.13172352385493483], "INVA": [0.08530000000000001, 0.13172352385493483], "IONS": [0.07897159090909091, 0.13172352385493483], "IPXL": [0.23563333333333333, 0.13172352385493483], "IRWD": [0.0, 0.13172352385493483], "ISIS": [0.19324285714285713, 0.13172352385493483], "ISTA": [0.05656250000000003, 0.13172352385493483], "ITMN": [0.007944444444444441, 0.13172352385493483], "JAZZ": [0.05691142857142858, 0.13172352385493483], "KERX": [0.09447457627118645, 0.13172352385493483], "KITE": [0.1806, 0.13172352385493483], "KPTI": [0.39707499999999996, 0.13172352385493483], "LBIO": [0.1736305555555556, 0.13172352385493483], "LGND": [0.21700000000000003, 0.13172352385493483], "LIFE": [0.32661250000000003, 0.13172352385493483], "LMNX": [0.296, 0.13172352385493483], "LOXO": [0.0, 0.13172352385493483], "MACK": [0.036345, 0.13172352385493483], "MDVN": [0.02061785714285714, 0.13172352385493483], "MEDI": [0.2833741596638679, 0.13172352385493483], "MGNX": [0.0772, 0.13172352385493483], "MITI": [0.2023, 0.13172352385493483], "MNK": [0.1250425, 0.13172352385493483], "MNKD": [0.08895652173913042, 0.13172352385493483], "MNTA": [-0.06489999999999999, 0.13172352385493483], "MRNA": [0.0883625, 0.13172352385493483], "MYGN": [0.07069, 0.13172352385493483], "MYL": [0.0958846153846154, 0.13172352385493483], "NABI": [0.0, 0.13172352385493483], "NEOS": [0.241775, 0.13172352385493483], "NH": [0.09263124999999998, 0.13172352385493483], "NK": [0.12409237288135587, 0.13172352385493483], "NKTR": [0.2517833333333333, 0.13172352385493483], "NLNK": [-0.02203333333333331, 0.13172352385493483], "NPSP": [0.05400400000000001, 0.13172352385493483], "NSTG": [0.25415, 0.13172352385493483], "NUVO": [0.5994, 0.13172352385493483], "NVAX": [0.17, 0.13172352385493483], "OMED": [-0.046727777777777764, 0.13172352385493483], "OMER": [0.11885, 0.13172352385493483], "OMPI": [0.09356666666666669, 0.13172352385493483], "ONCE": [-0.0771, 0.13172352385493483], "ONTX": [0.3612, 0.13172352385493483], "ONTY": [0.35345, 0.13172352385493483], "ONVO": [0.12169285714285714, 0.13172352385493483], "ONXX": [0.2023, 0.13172352385493483], "OPHT": [-0.03886250000000001, 0.13172352385493483], "OPK": [0.03456363636363636, 0.13172352385493483], "ORCH": [0.1909, 0.13172352385493483], "OREX": [0.04006363636363637, 0.13172352385493483], "OSCI": [0.0, 0.13172352385493483], "OTIC": [-0.03873571428571428, 0.13172352385493483], "PACB": [0.0, 0.13172352385493483], "PANC": [0.03168571428571431, 0.13172352385493483], "PETX": [0.0, 0.13172352385493483],