{"AAVL": [0.2462, 0.18630991197124838], "ACAD": [0.25239999999999996, 0.18630991197124838], "ACHN": [0.18145499999999998, 0.18630991197124838], "ACOR": [0.05343846153846154, 0.18630991197124838], "ACRX": [0.39540000000000003, 0.18630991197124838], "ADHD": [0.0, 0.18630991197124838], "ADRO": [0.030477272727272728, 0.18630991197124838], "AEGR": [0.3218375, 0.18630991197124838], "AERI": [0.6012480000000002, 0.18630991197124838], "AFFX": [0.19770000000000001, 0.18630991197124838], "AFFY": [0.38670000000000004, 0.18630991197124838], "AFMD": [-0.11681428571428569, 0.18630991197124838], "AGEN": [0.10958571428571429, 0.18630991197124838], "AGIO": [0.0, 0.18630991197124838], "AGIX": [0.0, 0.18630991197124838], "AKBA": [0.0, 0.18630991197124838], "AKRX": [0.08205925925925926, 0.18630991197124838], "ALDR": [0.05841, 0.18630991197124838], "ALIM": [0.3389142857142858, 0.18630991197124838], "ALKS": [0.0806409090909091, 0.18630991197124838], "ALNY": [0.0, 0.18630991197124838], "ALTH": [0.07615909090909093, 0.18630991197124838], "ALTU": [0.37695454545454543, 0.18630991197124838], "ALXN": [0.11305185185185185, 0.18630991197124838], "AMAG": [0.203325, 0.18630991197124838], "AMGN": [0.20131403508771942, 0.18630991197124838], "AMRN": [0.45214634146341454, 0.18630991197124838], "ANAC": [0.12817358490566041, 0.18630991197124838], "ANDS": [0.0028666666666666667, 0.18630991197124838], "ANIP": [0.09845405405405407, 0.18630991197124838], "ANTH": [0.0932625, 0.18630991197124838], "AQXP": [0.0, 0.18630991197124838], "ARDX": [0.23435999999999998, 0.18630991197124838], "ARIA": [0.07170709677419357, 0.18630991197124838], "ARNA": [0.39540000000000003, 0.18630991197124838], "ARQL": [0.0, 0.18630991197124838], "ARRY": [0.17432307692307691, 0.18630991197124838], "ARWR": [0.15525, 0.18630991197124838], "ASPX": [0.1589, 0.18630991197124838], "AST": [0.36826619385342885, 0.18630991197124838], "ASTX": [0.39540000000000003, 0.18630991197124838], "ATRA": [0.5855907894736847, 0.18630991197124838], "AVEO": [0.26360000000000006, 0.18630991197124838], "AVNR": [0.4389, 0.18630991197124838], "BCRX": [0.17090400000000003, 0.18630991197124838], "BIIB": [0.09770625000000002, 0.18630991197124838], "BIOD": [-0.008278787878787879, 0.18630991197124838], "BLCM": [0.0843, 0.18630991197124838], "BLUE": [0.16958813559322042, 0.18630991197124838], "BMRN": [0.19443846153846156, 0.18630991197124838], "BSTE": [-0.2732, 0.18630991197124838], "CADX": [0.3954, 0.18630991197124838], "CARA": [0.36883333333333335, 0.18630991197124838], "CASC": [0.0, 0.18630991197124838], "CBPO": [0.0, 0.18630991197124838], "CBRX": [0.0, 0.18630991197124838], "CBST": [0.0, 0.18630991197124838], "CCXI": [0.39540000000000003, 0.18630991197124838], "CELG": [0.27348181818181827, 0.18630991197124838], "CEMP": [0.06698333333333333, 0.18630991197124838], "CERS": [0.4070142857142857, 0.18630991197124838], "CGEN": [0.15293333333333334, 0.18630991197124838], "CHMA": [0.0, 0.18630991197124838], "CHRS": [0.12499333333333332, 0.18630991197124838], "CLDN": [0.2580041095890411, 0.18630991197124838], "CLDX": [0.224026923076923, 0.18630991197124838], "CLVS": [0.5800693877551023, 0.18630991197124838], "CMRX": [0.0, 0.18630991197124838], "CNCT": [0.0, 0.18630991197124838], "CRA": [0.15285833333333335, 0.18630991197124838], "CRIS": [0.19698953488372092, 0.18630991197124838], "CRME": [0.26334, 0.18630991197124838], "CTIC": [0.21142857142857144, 0.18630991197124838], "CTRX": [0.35481999999999997, 0.18630991197124838], "CYTX": [-0.007113333333333327, 0.18630991197124838], "DEPO": [0.1852214285714286, 0.18630991197124838], "DRNA": [0.15599375000000001, 0.18630991197124838], "DRRX": [0.06021428571428571, 0.18630991197124838], "DVAX": [0.11027619047619049, 0.18630991197124838], "DYAX": [0.14535952380952383, 0.18630991197124838], "ECYT": [0.2951764705882353, 0.18630991197124838], "EDIT": [0.2727142857142857, 0.18630991197124838], "EGLT": [0.0, 0.18630991197124838], "EGRX": [-0.038132283464566936, 0.18630991197124838], "EMIS": [0.0, 0.18630991197124838], "ENCY": [0.5024124999999999, 0.18630991197124838], "ENDP": [0.18258, 0.18630991197124838], "ENTA": [0.022327777777777776, 0.18630991197124838], "ENZN": [0.43748867924528334, 0.18630991197124838], "EPZM": [0.5106, 0.18630991197124838], "ESPR": [0.03824468085106382, 0.18630991197124838], "EXEL": [0.0779128205128205, 0.18630991197124838], "FACT": [0.21764, 0.18630991197124838], "FGEN": [0.10142499999999999, 0.18630991197124838], "FLKS": [0.4588, 0.18630991197124838], "FLXN": [0.4588, 0.18630991197124838], "FMI": [0.17343999999999998, 0.18630991197124838], "FOLD": [0.15091428571428572, 0.18630991197124838], "FOMX": [0.4588, 0.18630991197124838], "FPRX": [0.39540000000000003, 0.18630991197124838], "GBT": [0.1779, 0.18630991197124838], "GERN": [0.34676666666666667, 0.18630991197124838], "GEVA": [0.21706666666666669, 0.18630991197124838], "GILD": [0.14100588235294093, 0.18630991197124838], "GNVC": [0.39540000000000003, 0.18630991197124838], "GPRO": [0.20092660550458719, 0.18630991197124838], "GRFS": [0.0, 0.18630991197124838], "GTOP": [0.0, 0.18630991197124838], "GTXI": [0.0, 0.18630991197124838], "GWPH": [0.057066666666666675, 0.18630991197124838], "HALO": [0.1905145161290323, 0.18630991197124838], "HBIO": [0.2294, 0.18630991197124838], "HZNP": [0.24153047619047616, 0.18630991197124838], "ICEL": [0.35481999999999997, 0.18630991197124838], "ICPT": [0.5366333333333334, 0.18630991197124838], "ICY": [0.20095, 0.18630991197124838], "ILMN": [0.084059756097561, 0.18630991197124838], "ILU": [0.0, 0.18630991197124838], "IMCL": [0.0, 0.18630991197124838], "IMGN": [0.5590461538461537, 0.18630991197124838], "IMMU": [-0.26303333333333334, 0.18630991197124838], "INCR": [0.2509437500000001, 0.18630991197124838], "INCY": [0.032013333333333324, 0.18630991197124838], "INFI": [0.3738294117647059, 0.18630991197124838], "INO": [0.3442973333333333, 0.18630991197124838], "INSM": [0.09866666666666667, 0.18630991197124838], "INSY": [0.012101162790697681, 0.18630991197124838], "IONS": [0.1131549019607843, 0.18630991197124838], "IPXL": [0.1694571428571429, 0.18630991197124838], "IRWD": [0.4215, 0.18630991197124838], "ISIS": [0.10544210526315792, 0.18630991197124838], "ISTA": [0.08038, 0.18630991197124838], "JAZZ": [0.004369444444444445, 0.18630991197124838], "JUNO": [0.05005818181818182, 0.18630991197124838], "KERX": [0.2164083333333333, 0.18630991197124838], "KITE": [0.0746729411764706, 0.18630991197124838], "KYTH": [0.0, 0.18630991197124838], "LBIO": [0.2215645833333333, 0.18630991197124838], "LGND": [0.27747272727272726, 0.18630991197124838], "LIFE": [0.18020333333333335, 0.18630991197124838], "LOXO": [0.4019, 0.18630991197124838], "LXRX": [0.0, 0.18630991197124838], "MACK": [0.043525, 0.18630991197124838], "MAPP": [0.085, 0.18630991197124838], "MCRB": [0.24182837837837826, 0.18630991197124838], "MDCO": [0.20264000000000001, 0.18630991197124838], "MDVN": [0.0, 0.18630991197124838], "MEDI": [0.10186213592233008, 0.18630991197124838], "MGNX": [0.1806, 0.18630991197124838], "MITI": [0.0, 0.18630991197124838], "MNK": [0.15195999999999998, 0.18630991197124838], "MNKD": [0.16848141592920354, 0.18630991197124838], "MNTA": [0.06810000000000001, 0.18630991197124838], "MRNA": [0.38670000000000004, 0.18630991197124838], "MYGN": [0.285575, 0.18630991197124838], "MYL": [0.136935, 0.18630991197124838], "NABI": [0.0, 0.18630991197124838], "NBIX": [0.45453684210526346, 0.18630991197124838], "NDRM": [0.2023, 0.18630991197124838], "NEOS": [0.007371428571428571, 0.18630991197124838], "NERV": [0.018390909090909093, 0.18630991197124838], "NH": [0.04903723404255319, 0.18630991197124838], "NK": [0.08772830188679255, 0.18630991197124838], "NKTR": [0.3189615384615384, 0.18630991197124838], "NPSP": [0.4041, 0.18630991197124838], "NSTG": [0.0, 0.18630991197124838], "NVAX": [0.02031442307692308, 0.18630991197124838], "OCUL": [0.4588, 0.18630991197124838], "OMED": [0.34126666666666666, 0.18630991197124838], "OMER": [0.30445, 0.18630991197124838],