{"ACAD": [0.2433021739130435, 0.11216031169974275], "ACHN": [0.0, 0.11216031169974275], "ACRX": [0.0, 0.11216031169974275], "AEGR": [0.128, 0.11216031169974275], "AFFY": [0.100475, 0.11216031169974275], "AGEN": [0.2256, 0.11216031169974275], "ALIM": [0.0, 0.11216031169974275], "ALKS": [0.47769999999999996, 0.11216031169974275], "ALNY": [-0.1531, 0.11216031169974275], "ALTH": [0.30345, 0.11216031169974275], "ALTU": [0.0, 0.11216031169974275], "ALXN": [0.28012380952380955, 0.11216031169974275], "AMGN": [0.22152962962962966, 0.11216031169974275], "AMLN": [0.37510666666666675, 0.11216031169974275], "AMRN": [0.025553225806451623, 0.11216031169974275], "ANAC": [-0.1027, 0.11216031169974275], "ANDS": [0.15293333333333334, 0.11216031169974275], "ANIP": [-0.3818, 0.11216031169974275], "ANTH": [-0.03768717948717948, 0.11216031169974275], "ARIA": [0.0, 0.11216031169974275], "ARNA": [0.14469651474530829, 0.11216031169974275], "ARRY": [0.7203333333333334, 0.11216031169974275], "ARWR": [0.3612, 0.11216031169974275], "ASPX": [0.12672439024390245, 0.11216031169974275], "AST": [0.0655452380952381, 0.11216031169974275], "ATRA": [0.0, 0.11216031169974275], "AUXL": [0.0, 0.11216031169974275], "AXCA": [0.0, 0.11216031169974275], "BCRX": [0.14566153846153845, 0.11216031169974275], "BIIB": [0.25777200000000006, 0.11216031169974275], "BIOD": [0.0, 0.11216031169974275], "BLUE": [0.0, 0.11216031169974275], "BMRN": [-0.017159999999999998, 0.11216031169974275], "BMTI": [0.0, 0.11216031169974275], "BPAX": [0.0, 0.11216031169974275], "CADX": [0.6662, 0.11216031169974275], "CASC": [0.0, 0.11216031169974275], "CBRX": [0.10115, 0.11216031169974275], "CBST": [0.0, 0.11216031169974275], "CELG": [-0.07698333333333333, 0.11216031169974275], "CHRS": [0.5859, 0.11216031169974275], "CLDX": [0.3158857142857143, 0.11216031169974275], "COLL": [-0.339775, 0.11216031169974275], "CRA": [0.0030642857142857177, 0.11216031169974275], "CRIS": [0.0, 0.11216031169974275], "CRME": [0.0, 0.11216031169974275], "CTIC": [0.0, 0.11216031169974275], "CYTX": [0.24695, 0.11216031169974275], "DEPO": [0.1806, 0.11216031169974275], "DERM": [0.0, 0.11216031169974275], "DIGE": [0.0, 0.11216031169974275], "DNDN": [0.0, 0.11216031169974275], "DRRX": [0.0, 0.11216031169974275], "DSCO": [0.123475, 0.11216031169974275], "DVAX": [0.4215, 0.11216031169974275], "DYAX": [0.0, 0.11216031169974275], "ECYT": [0.5238272727272727, 0.11216031169974275], "EDIT": [0.0, 0.11216031169974275], "ENCY": [0.12726666666666667, 0.11216031169974275], "ENDP": [-0.006471428571428572, 0.11216031169974275], "ENTA": [0.1307857142857143, 0.11216031169974275], "ENZN": [0.0, 0.11216031169974275], "EXEL": [0.45841818181818184, 0.11216031169974275], "FACT": [-0.27328, 0.11216031169974275], "FLKS": [0.0, 0.11216031169974275], "FLML": [0.0, 0.11216031169974275], "FOLD": [0.1453, 0.11216031169974275], "GERN": [0.19733333333333333, 0.11216031169974275], "GEVA": [0.4588, 0.11216031169974275], "GILD": [0.02035714285714285, 0.11216031169974275], "GPRO": [0.25, 0.11216031169974275], "GTXI": [0.1784, 0.11216031169974275], "HBIO": [0.0, 0.11216031169974275], "HGSI": [0.285975, 0.11216031169974275], "HITK": [0.296, 0.11216031169974275], "HZNP": [0.2911235294117647, 0.11216031169974275], "ICEL": [0.4404, 0.11216031169974275], "ICY": [0.0, 0.11216031169974275], "IDIX": [-0.12726666666666667, 0.11216031169974275], "ILMN": [0.4019, 0.11216031169974275], "ILU": [0.0, 0.11216031169974275], "IMGN": [0.0, 0.11216031169974275], "IMMU": [0.2083, 0.11216031169974275], "INCR": [0.09106666666666667, 0.11216031169974275], "INFI": [0.0, 0.11216031169974275], "INHX": [0.0, 0.11216031169974275], "INO": [0.0, 0.11216031169974275], "INSM": [0.0, 0.11216031169974275], "INVA": [-0.5994, 0.11216031169974275], "IONS": [0.09192142857142856, 0.11216031169974275], "IRWD": [0.0, 0.11216031169974275], "ISIS": [0.26920000000000005, 0.11216031169974275], "ISTA": [-0.08004615384615385, 0.11216031169974275], "ITMN": [0.3205142857142857, 0.11216031169974275], "KERX": [0.2908, 0.11216031169974275], "LBIO": [-0.04609473684210527, 0.11216031169974275], "LGND": [0.0, 0.11216031169974275], "LIFE": [-0.1106, 0.11216031169974275], "LXRX": [0.0, 0.11216031169974275], "MACK": [-0.2083875, 0.11216031169974275], "MAPP": [-0.1027, 0.11216031169974275], "MDCO": [0.5267, 0.11216031169974275], "MDVN": [0.27434285714285717, 0.11216031169974275], "MEDI": [-0.08546, 0.11216031169974275], "MNK": [0.24666666666666667, 0.11216031169974275], "MNKD": [0.24666666666666667, 0.11216031169974275], "MYL": [0.03308571428571429, 0.11216031169974275], "NABI": [0.0, 0.11216031169974275], "NBIX": [0.34, 0.11216031169974275], "NERV": [0.0, 0.11216031169974275], "NH": [0.14791739130434783, 0.11216031169974275], "NK": [0.3297019607843137, 0.11216031169974275], "NKTR": [0.4019, 0.11216031169974275], "NPSP": [0.2812, 0.11216031169974275], "NVAX": [-0.4215, 0.11216031169974275], "OMED": [0.0, 0.11216031169974275], "OMER": [0.0, 0.11216031169974275], "ONCE": [0.0663, 0.11216031169974275], "ONTY": [0.18925, 0.11216031169974275], "ONVO": [0.13015000000000002, 0.11216031169974275], "ONXX": [0.18818750000000004, 0.11216031169974275], "OPK": [0.11280000000000001, 0.11216031169974275], "OREX": [0.057716309012875514, 0.11216031169974275], "OSCI": [0.0, 0.11216031169974275], "OSIR": [-0.24801428571428571, 0.11216031169974275], "OTIC": [0.0, 0.11216031169974275], "PCRX": [-0.02054, 0.11216031169974275], "PCYC": [0.24216666666666667, 0.11216031169974275], "PGNX": [0.25943333333333335, 0.11216031169974275], "PRGO": [0.4767, 0.11216031169974275], "PTIE": [0.2263, 0.11216031169974275], "RARE": [0.2553, 0.11216031169974275], "RDEA": [0.5267, 0.11216031169974275], "REGN": [0.030475000000000002, 0.11216031169974275], "RIGL": [0.2023, 0.11216031169974275], "SAGE": [0.13011489361702125, 0.11216031169974275], "SCLN": [0.0, 0.11216031169974275], "SCMP": [0.0, 0.11216031169974275], "SGEN": [0.12738, 0.11216031169974275], "SGNT": [0.0, 0.11216031169974275], "SGYP": [0.0, 0.11216031169974275], "SHPG": [-0.3818, 0.11216031169974275], "SLXP": [0.0, 0.11216031169974275], "SNTA": [0.18385106382978728, 0.11216031169974275], "SNTS": [0.0, 0.11216031169974275], "SPPI": [0.16240714285714283, 0.11216031169974275], "SQNM": [0.2732, 0.11216031169974275], "STEM": [0.0410625, 0.11216031169974275], "SUPN": [0.1525111111111111, 0.11216031169974275], "TBPH": [0.0, 0.11216031169974275], "TECH": [0.2055666666666666, 0.11216031169974275], "TELK": [-0.0516, 0.11216031169974275], "TEVA": [0.04085, 0.11216031169974275], "THLD": [0.19504166666666667, 0.11216031169974275], "THRX": [0.0, 0.11216031169974275], "TRGT": [0.0, 0.11216031169974275], "TSRO": [0.248275, 0.11216031169974275], "TSRX": [0.5992375, 0.11216031169974275], "USD": [0.018170744680851073, 0.11216031169974275], "UTHR": [0.54825, 0.11216031169974275], "VPHM": [0.0, 0.11216031169974275], "VRTX": [0.11748936170212765, 0.11216031169974275], "VSTM": [0.0, 0.11216031169974275], "VVUS": [0.1362311475409836, 0.11216031169974275], "WCRX": [0.4404, 0.11216031169974275], "XNPT": [0.504, 0.11216031169974275], "XOMA": [0.08163870967741936, 0.11216031169974275], "ZLCS": [0.23954, 0.11216031169974275]}