{"ACAD": [0.13, 0.1226325820112092], "ACRX": [0.42360000000000003, 0.1226325820112092], "AEGR": [0.4939, 0.1226325820112092], "AFFY": [0.8625, 0.1226325820112092], "ALIM": [0.0, 0.1226325820112092], "ALNY": [0.0, 0.1226325820112092], "ALTH": [0.06698333333333333, 0.1226325820112092], "ALXA": [0.40696000000000004, 0.1226325820112092], "AMGN": [0.0, 0.1226325820112092], "AMRI": [0.4019, 0.1226325820112092], "AMRN": [0.07392857142857143, 0.1226325820112092], "ANAC": [0.04526, 0.1226325820112092], "ANIP": [-0.2732, 0.1226325820112092], "ARNA": [0.09941666666666667, 0.1226325820112092], "ARRY": [0.0, 0.1226325820112092], "ARWR": [0.0, 0.1226325820112092], "ASPX": [0.0, 0.1226325820112092], "AST": [0.1891483870967742, 0.1226325820112092], "ASTX": [0.08445333333333332, 0.1226325820112092], "AVEO": [0.0, 0.1226325820112092], "AVNR": [0.0, 0.1226325820112092], "AXCA": [0.0, 0.1226325820112092], "BCRX": [0.0, 0.1226325820112092], "BIIB": [0.0386, 0.1226325820112092], "BMRN": [0.105375, 0.1226325820112092], "BPAX": [0.5244, 0.1226325820112092], "CADX": [0.3167, 0.1226325820112092], "CALP": [0.0, 0.1226325820112092], "CBRX": [0.0, 0.1226325820112092], "CELG": [0.0, 0.1226325820112092], "CGEN": [0.0, 0.1226325820112092], "CLDX": [0.77895, 0.1226325820112092], "CRA": [0.88, 0.1226325820112092], "CTRX": [0.0, 0.1226325820112092], "CYTK": [0.8625, 0.1226325820112092], "DEPO": [0.0, 0.1226325820112092], "DSCO": [0.88, 0.1226325820112092], "DVAX": [0.875, 0.1226325820112092], "EDIT": [0.3818, 0.1226325820112092], "ENTA": [0.3167, 0.1226325820112092], "FACT": [0.0, 0.1226325820112092], "FLKS": [0.2732, 0.1226325820112092], "FMI": [0.0, 0.1226325820112092], "FOLD": [0.8625, 0.1226325820112092], "GERN": [0.20095, 0.1226325820112092], "GEVA": [0.3612, 0.1226325820112092], "GNTA": [-0.8225, 0.1226325820112092], "GTXI": [0.0, 0.1226325820112092], "GWPH": [0.0, 0.1226325820112092], "HZNP": [0.0, 0.1226325820112092], "ICEL": [0.0, 0.1226325820112092], "IDIX": [0.0, 0.1226325820112092], "ILMN": [0.0, 0.1226325820112092], "ILU": [0.0, 0.1226325820112092], "IMMU": [0.3612, 0.1226325820112092], "INCY": [0.0, 0.1226325820112092], "INO": [-0.008216666666666669, 0.1226325820112092], "INVA": [0.0, 0.1226325820112092], "IONS": [-0.049185714285714284, 0.1226325820112092], "ISIS": [0.0, 0.1226325820112092], "ISTA": [0.0, 0.1226325820112092], "ITMN": [0.0, 0.1226325820112092], "KERX": [0.0, 0.1226325820112092], "LBIO": [0.148, 0.1226325820112092], "LIFE": [0.4404, 0.1226325820112092], "MACK": [0.10143529411764705, 0.1226325820112092], "MDVN": [0.3818, 0.1226325820112092], "MEDI": [0.0, 0.1226325820112092], "MNK": [0.0, 0.1226325820112092], "MNKD": [0.0, 0.1226325820112092], "MYL": [0.2263, 0.1226325820112092], "NH": [0.0, 0.1226325820112092], "NK": [-0.018660000000000003, 0.1226325820112092], "NKTR": [0.0, 0.1226325820112092], "NLNK": [0.0, 0.1226325820112092], "NPSP": [0.100825, 0.1226325820112092], "NVAX": [0.0, 0.1226325820112092], "OMER": [-0.296, 0.1226325820112092], "ONTX": [0.0, 0.1226325820112092], "ONVO": [-0.23067499999999996, 0.1226325820112092], "ONXX": [0.0, 0.1226325820112092], "OREX": [0.2023, 0.1226325820112092], "OSCI": [0.0, 0.1226325820112092], "PCRX": [0.0, 0.1226325820112092], "PCYC": [0.0, 0.1226325820112092], "PDLI": [0.0, 0.1226325820112092], "POZN": [0.0, 0.1226325820112092], "REGN": [0.0, 0.1226325820112092], "SAGE": [0.0, 0.1226325820112092], "SCLN": [0.0, 0.1226325820112092], "SGMO": [0.0, 0.1226325820112092], "SGYP": [0.0, 0.1226325820112092], "SIGA": [0.0, 0.1226325820112092], "SLXP": [0.0, 0.1226325820112092], "SNTS": [0.0, 0.1226325820112092], "SPPI": [0.2263, 0.1226325820112092], "SQNM": [0.0, 0.1226325820112092], "SRPT": [0.6336499999999999, 0.1226325820112092], "STEM": [0.0, 0.1226325820112092], "SVA": [0.0, 0.1226325820112092], "TECH": [0.17349473684210528, 0.1226325820112092], "TEVA": [0.41056, 0.1226325820112092], "USD": [0.06743333333333333, 0.1226325820112092], "UTHR": [0.0, 0.1226325820112092], "VICL": [-0.0434, 0.1226325820112092], "VRTX": [0.6808, 0.1226325820112092], "VVUS": [-0.2269, 0.1226325820112092]}