{"ACAD": [0.0, 0.10436797619446542], "ACOR": [0.033716666666666666, 0.10436797619446542], "AGEN": [0.11988000000000001, 0.10436797619446542], "ALTH": [0.22326666666666664, 0.10436797619446542], "ALXA": [0.0, 0.10436797619446542], "ALXN": [0.12295714285714286, 0.10436797619446542], "AMLN": [0.6369, 0.10436797619446542], "AMRN": [0.22635833333333333, 0.10436797619446542], "ANDS": [0.0, 0.10436797619446542], "ANTH": [0.4215, 0.10436797619446542], "ARNA": [0.29045806451612904, 0.10436797619446542], "ARQL": [0.0, 0.10436797619446542], "ARRY": [0.0, 0.10436797619446542], "ASPX": [0.12561509433962265, 0.10436797619446542], "AST": [0.04461632653061225, 0.10436797619446542], "ASTX": [0.0, 0.10436797619446542], "AUXL": [0.0, 0.10436797619446542], "AVII": [0.0, 0.10436797619446542], "BLUE": [0.0502375, 0.10436797619446542], "BMRN": [0.0, 0.10436797619446542], "BOLD": [0.3818, 0.10436797619446542], "BPAX": [-0.06465714285714286, 0.10436797619446542], "BPMC": [0.0, 0.10436797619446542], "CADX": [0.4939, 0.10436797619446542], "CBST": [0.0, 0.10436797619446542], "CELG": [0.042666666666666665, 0.10436797619446542], "COLL": [-0.006616666666666669, 0.10436797619446542], "CRA": [0.0, 0.10436797619446542], "CRIS": [0.0258, 0.10436797619446542], "CTIC": [0.0, 0.10436797619446542], "DSCO": [0.0, 0.10436797619446542], "EGRX": [0.0, 0.10436797619446542], "ENCY": [-0.0258, 0.10436797619446542], "ENTA": [0.0, 0.10436797619446542], "ENZN": [0.0, 0.10436797619446542], "FACT": [0.084, 0.10436797619446542], "FLML": [0.0, 0.10436797619446542], "FOLD": [0.07531111111111112, 0.10436797619446542], "FURX": [0.0, 0.10436797619446542], "GILD": [0.0, 0.10436797619446542], "GRFS": [-0.07555, 0.10436797619446542], "HBIO": [0.0, 0.10436797619446542], "HGSI": [0.13175714285714285, 0.10436797619446542], "ICY": [0.0, 0.10436797619446542], "ILMN": [0.0, 0.10436797619446542], "INCR": [0.3836333333333333, 0.10436797619446542], "INO": [0.0, 0.10436797619446542], "INSM": [0.0, 0.10436797619446542], "IONS": [0.34127142857142856, 0.10436797619446542], "ISIS": [0.0258, 0.10436797619446542], "ISTA": [0.0, 0.10436797619446542], "ITMN": [0.59755, 0.10436797619446542], "JAZZ": [0.3612, 0.10436797619446542], "KERX": [0.0, 0.10436797619446542], "LGND": [0.2023, 0.10436797619446542], "LIFE": [0.0, 0.10436797619446542], "LXRX": [0.0, 0.10436797619446542], "MAPP": [0.13486666666666666, 0.10436797619446542], "MDCO": [0.0, 0.10436797619446542], "MEDI": [0.041666666666666664, 0.10436797619446542], "MITI": [0.0, 0.10436797619446542], "MYL": [0.31845, 0.10436797619446542], "NH": [-0.11333333333333334, 0.10436797619446542], "NK": [0.11756666666666667, 0.10436797619446542], "NKTR": [0.0, 0.10436797619446542], "NLNK": [0.296, 0.10436797619446542], "NVAX": [0.4926, 0.10436797619446542], "OMED": [0.0, 0.10436797619446542], "OMPI": [0.0, 0.10436797619446542], "ONCE": [0.2023, 0.10436797619446542], "ONVO": [0.4404, 0.10436797619446542], "OPK": [0.0, 0.10436797619446542], "OREX": [0.31418999999999997, 0.10436797619446542], "OSCI": [0.0, 0.10436797619446542], "OSIR": [-0.2023, 0.10436797619446542], "OVAS": [0.0, 0.10436797619446542], "PARD": [0.0, 0.10436797619446542], "PCYC": [0.6368999999999999, 0.10436797619446542], "QGEN": [0.5994, 0.10436797619446542], "RARE": [0.09765, 0.10436797619446542], "REGN": [0.0, 0.10436797619446542], "RPTP": [0.0, 0.10436797619446542], "SAGE": [0.19834074074074073, 0.10436797619446542], "SCLN": [0.0, 0.10436797619446542], "SCMP": [0.10115, 0.10436797619446542], "SGYP": [0.2732, 0.10436797619446542], "SHPG": [0.2023, 0.10436797619446542], "SNTA": [0.06743333333333333, 0.10436797619446542], "SNTS": [0.0, 0.10436797619446542], "SPPI": [0.4526428571428571, 0.10436797619446542], "SQNM": [0.251, 0.10436797619446542], "STEM": [0.0, 0.10436797619446542], "SUPN": [0.13935, 0.10436797619446542], "TBPH": [0.2023, 0.10436797619446542], "TECH": [0.09615, 0.10436797619446542], "TEVA": [0.0, 0.10436797619446542], "THLD": [0.0, 0.10436797619446542], "THRX": [0.2023, 0.10436797619446542], "TSRO": [0.0, 0.10436797619446542], "USD": [0.03720869565217391, 0.10436797619446542], "VRNM": [0.2023, 0.10436797619446542], "VRTX": [0.0, 0.10436797619446542], "VVUS": [0.26191818181818183, 0.10436797619446542], "XNPT": [-0.4767, 0.10436797619446542], "XOMA": [0.11481666666666668, 0.10436797619446542], "ZLCS": [0.09106666666666667, 0.10436797619446542]}