{"AAVL": [0.0, 0.1105009513927029], "ACAD": [0.071872, 0.1105009513927029], "ACHN": [0.1625478260869565, 0.1105009513927029], "ACOR": [0.126275, 0.1105009513927029], "ACRX": [0.0796125, 0.1105009513927029], "ADHD": [0.1603181818181818, 0.1105009513927029], "ADRO": [0.24445000000000003, 0.1105009513927029], "AEGR": [0.011657142857142856, 0.1105009513927029], "AFFX": [0.0, 0.1105009513927029], "AFFY": [-0.10533999999999999, 0.1105009513927029], "AGEN": [0.150125, 0.1105009513927029], "AGIO": [0.2202, 0.1105009513927029], "AKRX": [0.059199999999999996, 0.1105009513927029], "ALIM": [0.07045333333333333, 0.1105009513927029], "ALKS": [0.09920000000000001, 0.1105009513927029], "ALNY": [0.0, 0.1105009513927029], "ALTH": [0.26241794871794877, 0.1105009513927029], "ALTU": [0.0, 0.1105009513927029], "ALXN": [0.14861304347826082, 0.1105009513927029], "AMAG": [-0.012166666666666678, 0.1105009513927029], "AMGN": [0.1769909090909091, 0.1105009513927029], "AMRI": [0.0, 0.1105009513927029], "AMRN": [0.10278000000000001, 0.1105009513927029], "ANAC": [0.2784142857142857, 0.1105009513927029], "ANDS": [0.4404, 0.1105009513927029], "AQXP": [-0.035066666666666656, 0.1105009513927029], "ARIA": [0.05141, 0.1105009513927029], "ARNA": [0.07127647058823529, 0.1105009513927029], "ARRY": [0.1971, 0.1105009513927029], "ARWR": [0.12329764705882353, 0.1105009513927029], "ASPX": [0.21345454545454545, 0.1105009513927029], "AST": [0.09759210526315791, 0.1105009513927029], "ASTX": [0.0, 0.1105009513927029], "AUXL": [0.09866666666666667, 0.1105009513927029], "AVEO": [0.1197, 0.1105009513927029], "AVNR": [0.05589999999999999, 0.1105009513927029], "BCRX": [-0.018504166666666665, 0.1105009513927029], "BIIB": [-0.007300000000000006, 0.1105009513927029], "BIOD": [0.045533333333333335, 0.1105009513927029], "BLUE": [0.42097499999999993, 0.1105009513927029], "BMRN": [-0.25, 0.1105009513927029], "BMTI": [0.296, 0.1105009513927029], "CADX": [0.0, 0.1105009513927029], "CALP": [-0.4215, 0.1105009513927029], "CARA": [0.0, 0.1105009513927029], "CBPO": [0.4404, 0.1105009513927029], "CBST": [0.0, 0.1105009513927029], "CCXI": [0.11435, 0.1105009513927029], "CELG": [0.18550476190476192, 0.1105009513927029], "CEMP": [0.3612, 0.1105009513927029], "CEPH": [-0.14182, 0.1105009513927029], "CERS": [0.51083, 0.1105009513927029], "CHMA": [0.0, 0.1105009513927029], "CLDX": [0.15246666666666667, 0.1105009513927029], "CLVS": [0.068, 0.1105009513927029], "CMRX": [0.296, 0.1105009513927029], "CNCE": [0.0, 0.1105009513927029], "CNCT": [0.0683076923076923, 0.1105009513927029], "COLL": [-0.6597, 0.1105009513927029], "CRA": [0.27513571428571426, 0.1105009513927029], "CRIS": [0.06444594594594594, 0.1105009513927029], "CRME": [0.09147999999999999, 0.1105009513927029], "CTIC": [0.0010363636363636358, 0.1105009513927029], "CTRX": [0.14682727272727272, 0.1105009513927029], "CYTK": [0.0, 0.1105009513927029], "DEPO": [0.0968, 0.1105009513927029], "DRRX": [0.0, 0.1105009513927029], "DVAX": [0.15793333333333334, 0.1105009513927029], "DYAX": [0.26234999999999997, 0.1105009513927029], "ECYT": [0.19742272727272725, 0.1105009513927029], "EDIT": [0.2083, 0.1105009513927029], "EGRX": [0.0, 0.1105009513927029], "EMIS": [-0.0772, 0.1105009513927029], "ENCY": [0.42878333333333335, 0.1105009513927029], "ENDP": [0.105925, 0.1105009513927029], "ENTA": [-0.025295238095238086, 0.1105009513927029], "ENZN": [0.040265, 0.1105009513927029], "EPZM": [0.3690333333333333, 0.1105009513927029], "ESPR": [0.4939, 0.1105009513927029], "EXEL": [0.0, 0.1105009513927029], "FACT": [0.0, 0.1105009513927029], "FGEN": [0.0, 0.1105009513927029], "FLML": [0.148, 0.1105009513927029], "FOLD": [0.09181730769230767, 0.1105009513927029], "FPRX": [0.11435, 0.1105009513927029], "GERN": [0.0, 0.1105009513927029], "GEVA": [0.2287, 0.1105009513927029], "GILD": [0.16431692307692305, 0.1105009513927029], "GNVC": [-0.03816666666666666, 0.1105009513927029], "GPRO": [0.09235190476190476, 0.1105009513927029], "GRFS": [0.4588, 0.1105009513927029], "GWPH": [0.031065, 0.1105009513927029], "HALO": [0.15904999999999997, 0.1105009513927029], "HZNP": [0.1503209302325582, 0.1105009513927029], "ICEL": [0.4291666666666667, 0.1105009513927029], "ICPT": [0.12505348837209304, 0.1105009513927029], "ICY": [-0.296, 0.1105009513927029], "ILMN": [0.09662000000000001, 0.1105009513927029], "ILU": [-0.2294, 0.1105009513927029], "IMGN": [0.0, 0.1105009513927029], "IMMU": [0.15796666666666667, 0.1105009513927029], "INCR": [0.36125999999999997, 0.1105009513927029], "INCY": [0.01767777777777778, 0.1105009513927029], "INFI": [0.1897333333333333, 0.1105009513927029], "INO": [0.059026086956521735, 0.1105009513927029], "INSM": [-0.11839999999999999, 0.1105009513927029], "INSY": [0.07745294117647059, 0.1105009513927029], "IONS": [0.10278703703703705, 0.1105009513927029], "IPXL": [0.11435, 0.1105009513927029], "ISIS": [0.05876380952380952, 0.1105009513927029], "ISTA": [0.24733846153846153, 0.1105009513927029], "ITMN": [0.1371732142857143, 0.1105009513927029], "JAZZ": [0.0, 0.1105009513927029], "KERX": [0.15229259259259262, 0.1105009513927029], "KITE": [0.25468125, 0.1105009513927029], "KPTI": [0.296, 0.1105009513927029], "LBIO": [0.16606111111111108, 0.1105009513927029], "LGND": [0.11435, 0.1105009513927029], "LIFE": [0.24536666666666665, 0.1105009513927029], "LOXO": [0.296, 0.1105009513927029], "MACK": [0.14964444444444444, 0.1105009513927029], "MAPP": [0.10606666666666666, 0.1105009513927029], "MDVN": [0.02375, 0.1105009513927029], "MEDI": [0.2803287531806639, 0.1105009513927029], "MGNX": [0.41912000000000005, 0.1105009513927029], "MNK": [0.10352564102564102, 0.1105009513927029], "MNKD": [0.039731034482758616, 0.1105009513927029], "MNOV": [0.4019, 0.1105009513927029], "MNTA": [-0.05752272727272725, 0.1105009513927029], "MRNA": [0.14661428571428572, 0.1105009513927029], "MYGN": [0.026909090909090907, 0.1105009513927029], "MYL": [-0.0185083333333333, 0.1105009513927029], "NABI": [0.0, 0.1105009513927029], "NEOS": [0.45985, 0.1105009513927029], "NERV": [0.4939, 0.1105009513927029], "NH": [0.07440000000000001, 0.1105009513927029], "NK": [0.0670623931623932, 0.1105009513927029], "NKTR": [0.11148, 0.1105009513927029], "NLNK": [0.050103448275862064, 0.1105009513927029], "NPSP": [0.10186428571428573, 0.1105009513927029], "NSTG": [-0.5994, 0.1105009513927029], "NVAX": [0.0, 0.1105009513927029], "OMED": [-0.01013157894736842, 0.1105009513927029], "OMER": [0.4574, 0.1105009513927029], "OMPI": [0.1779, 0.1105009513927029], "ONCE": [-0.15293333333333334, 0.1105009513927029], "ONTX": [-0.2294, 0.1105009513927029], "ONTY": [0.0, 0.1105009513927029], "ONVO": [0.078703125, 0.1105009513927029], "ONXX": [0.24695, 0.1105009513927029], "OPK": [0.13009333333333334, 0.1105009513927029], "OREX": [0.08733902439024394, 0.1105009513927029], "OSCI": [0.4939, 0.1105009513927029], "OTIC": [-0.031233333333333325, 0.1105009513927029], "OVAS": [0.0734, 0.1105009513927029], "PANC": [-0.0006249999999999867, 0.1105009513927029], "PCYC": [0.5610999999999999, 0.1105009513927029], "PGNX": [0.23524999999999996, 0.1105009513927029], "POZN": [0.296, 0.1105009513927029], "PRGO": [0.2287, 0.1105009513927029], "PTIE": [-0.2263, 0.1105009513927029], "REGN": [0.10575, 0.1105009513927029], "RLYP": [0.296, 0.1105009513927029], "RNAI": [0.0, 0.1105009513927029], "RPTP": [0.2287, 0.1105009513927029], "SAGE": [0.08116470588235293, 0.1105009513927029], "SCLN": [0.13520000000000001, 0.1105009513927029], "SGEN": [0.26489999999999997, 0.1105009513927029], "SGMO": [0.0516, 0.1105009513927029], "SGYP": [0.35203333333333336, 0.1105009513927029], "SHPG": [0.09386000000000001, 0.1105009513927029], "SLXP": [0.07391428571428572, 0.1105009513927029], "SNTA": [0.0, 0.1105009513927029], "SNTS": [0.0, 0.1105009513927029], "SPPI": [-0.10606666666666666, 0.1105009513927029], "SQNM": [0.296, 0.1105009513927029], "SRPT": [0.09886538461538462, 0.1105009513927029], "STEM": [0.3255, 0.1105009513927029], "SUPN": [-0.1779, 0.1105009513927029], "SVA": [0.2287, 0.1105009513927029],