{"ACAD": [0.05313333333333333, 0.14540802216002774], "ACHN": [0.08451594202898552, 0.14540802216002774], "ACOR": [0.0, 0.14540802216002774], "ACRX": [0.11634583333333333, 0.14540802216002774], "ADHD": [0.4291, 0.14540802216002774], "ADMS": [0.0, 0.14540802216002774], "AEGR": [0.41505454545454545, 0.14540802216002774], "AFFX": [0.142675, 0.14540802216002774], "AFFY": [0.13298666666666667, 0.14540802216002774], "AGEN": [0.21468333333333334, 0.14540802216002774], "AGIO": [-0.005551282051282049, 0.14540802216002774], "AGTC": [0.0, 0.14540802216002774], "AKBA": [0.6369, 0.14540802216002774], "AKRX": [0.17616, 0.14540802216002774], "ALDR": [0.04494, 0.14540802216002774], "ALIM": [0.5707, 0.14540802216002774], "ALKS": [0.22249999999999998, 0.14540802216002774], "ALNY": [-0.054895652173913026, 0.14540802216002774], "ALTH": [0.18364411764705885, 0.14540802216002774], "ALTU": [0.5707, 0.14540802216002774], "ALXN": [0.29885833333333334, 0.14540802216002774], "AMAG": [0.5707, 0.14540802216002774], "AMGN": [0.2202, 0.14540802216002774], "AMRN": [0.1462166666666667, 0.14540802216002774], "ANAC": [0.5707, 0.14540802216002774], "ANDS": [0.1059, 0.14540802216002774], "ANIP": [0.004228571428571423, 0.14540802216002774], "ANTH": [0.05097692307692308, 0.14540802216002774], "ARIA": [0.11086774193548386, 0.14540802216002774], "ARNA": [0.16633333333333333, 0.14540802216002774], "ARQL": [-0.2884, 0.14540802216002774], "ARRY": [0.5401777777777776, 0.14540802216002774], "ARWR": [-0.04771597222222221, 0.14540802216002774], "ASPX": [0.04393636363636363, 0.14540802216002774], "AST": [0.0296625, 0.14540802216002774], "ASTX": [0.5707, 0.14540802216002774], "AUXL": [-0.43239999999999995, 0.14540802216002774], "AVEO": [0.3472571428571428, 0.14540802216002774], "AVNR": [0.36711111111111117, 0.14540802216002774], "AXCA": [0.296, 0.14540802216002774], "BCRX": [0.057069999999999996, 0.14540802216002774], "BIIB": [0.13532222222222223, 0.14540802216002774], "BIOD": [0.0, 0.14540802216002774], "BLUE": [-0.04098421052631579, 0.14540802216002774], "BMRN": [0.0, 0.14540802216002774], "CADX": [0.5306333333333334, 0.14540802216002774], "CALP": [0.7406999999999999, 0.14540802216002774], "CARA": [0.5707, 0.14540802216002774], "CBST": [0.09328333333333333, 0.14540802216002774], "CCXI": [0.5707, 0.14540802216002774], "CELG": [-0.02027575757575757, 0.14540802216002774], "CEMP": [0.0660625, 0.14540802216002774], "CEPH": [-0.5184714285714287, 0.14540802216002774], "CERS": [0.19883333333333333, 0.14540802216002774], "CLDN": [0.10115, 0.14540802216002774], "CLDX": [0.1844142857142857, 0.14540802216002774], "CLVS": [0.024878947368421053, 0.14540802216002774], "CMRX": [0.0, 0.14540802216002774], "CNCT": [0.0, 0.14540802216002774], "COLL": [0.09536666666666667, 0.14540802216002774], "CRA": [0.0900875, 0.14540802216002774], "CRIS": [0.023116666666666685, 0.14540802216002774], "CRME": [0.5707, 0.14540802216002774], "CTIC": [-0.07186999999999999, 0.14540802216002774], "CTRX": [0.28975, 0.14540802216002774], "CYTK": [0.10144, 0.14540802216002774], "CYTX": [0.15105, 0.14540802216002774], "DEPO": [0.45655999999999997, 0.14540802216002774], "DNDN": [-0.27090000000000003, 0.14540802216002774], "DRRX": [0.0, 0.14540802216002774], "DSCO": [0.07331428571428573, 0.14540802216002774], "DYAX": [0.5707, 0.14540802216002774], "ECYT": [0.49056, 0.14540802216002774], "EDIT": [-0.2263, 0.14540802216002774], "EMIS": [0.0, 0.14540802216002774], "ENDP": [0.13274545454545453, 0.14540802216002774], "ENTA": [0.15953714285714285, 0.14540802216002774], "ENZN": [0.041892, 0.14540802216002774], "EPZM": [0.0, 0.14540802216002774], "ESPR": [0.0, 0.14540802216002774], "EXEL": [0.10336071428571428, 0.14540802216002774], "FACT": [0.3911, 0.14540802216002774], "FLKS": [0.0, 0.14540802216002774], "FLXN": [0.2202, 0.14540802216002774], "FMI": [0.7845, 0.14540802216002774], "FOLD": [0.0, 0.14540802216002774], "FPRX": [0.5707, 0.14540802216002774], "FURX": [0.296, 0.14540802216002774], "GENZ": [0.0, 0.14540802216002774], "GERN": [0.05002666666666667, 0.14540802216002774], "GEVA": [0.5707, 0.14540802216002774], "GHDX": [-0.8555, 0.14540802216002774], "GILD": [0.05501076923076924, 0.14540802216002774], "GNVC": [0.428025, 0.14540802216002774], "GPRO": [0.3066333333333333, 0.14540802216002774], "GRFS": [-0.064, 0.14540802216002774], "GTXI": [0.28573333333333334, 0.14540802216002774], "GWPH": [0.014599999999999998, 0.14540802216002774], "HALO": [0.14064693877551024, 0.14540802216002774], "HBIO": [0.0, 0.14540802216002774], "HGSI": [0.0, 0.14540802216002774], "HPTX": [0.02965, 0.14540802216002774], "HZNP": [0.17523793103448274, 0.14540802216002774], "ICEL": [0.4938, 0.14540802216002774], "ICPT": [0.21805, 0.14540802216002774], "ICY": [0.0, 0.14540802216002774], "IDIX": [0.12315161290322581, 0.14540802216002774], "ILMN": [0.10212000000000002, 0.14540802216002774], "ILU": [-0.1806, 0.14540802216002774], "IMGN": [0.0, 0.14540802216002774], "IMMU": [-0.2521, 0.14540802216002774], "INCR": [0.16085, 0.14540802216002774], "INCY": [0.09835454545454546, 0.14540802216002774], "INFI": [0.42765, 0.14540802216002774], "INGN": [-0.2626, 0.14540802216002774], "INO": [0.22566333333333335, 0.14540802216002774], "INSY": [0.30848333333333344, 0.14540802216002774], "INVA": [0.0, 0.14540802216002774], "IONS": [-0.00046304347826086684, 0.14540802216002774], "IPXL": [0.51576, 0.14540802216002774], "IRWD": [0.04526, 0.14540802216002774], "ISIS": [0.12292456140350873, 0.14540802216002774], "ISPH": [0.0, 0.14540802216002774], "ISTA": [0.17651666666666666, 0.14540802216002774], "ITCI": [0.296, 0.14540802216002774], "ITMN": [0.1697909090909091, 0.14540802216002774], "JAZZ": [0.056942857142857135, 0.14540802216002774], "KERX": [0.45655999999999997, 0.14540802216002774], "KPTI": [0.0933105882352941, 0.14540802216002774], "LBIO": [0.063875, 0.14540802216002774], "LGND": [0.3068291666666667, 0.14540802216002774], "LIFE": [0.37201999999999996, 0.14540802216002774], "MACK": [0.10395833333333333, 0.14540802216002774], "MDVN": [-0.13634000000000004, 0.14540802216002774], "MEDI": [0.28708054711246367, 0.14540802216002774], "MNK": [0.05937971014492754, 0.14540802216002774], "MNKD": [0.05421875, 0.14540802216002774], "MNOV": [0.296, 0.14540802216002774], "MNTA": [0.3202909090909092, 0.14540802216002774], "MRNA": [0.3731555555555556, 0.14540802216002774], "MYGN": [0.18534444444444442, 0.14540802216002774], "MYL": [0.23358999999999996, 0.14540802216002774], "NABI": [0.0, 0.14540802216002774], "NH": [-0.034825, 0.14540802216002774], "NK": [0.0474065326633166, 0.14540802216002774], "NKTR": [0.05412151898734177, 0.14540802216002774], "NPSP": [0.40149090909090906, 0.14540802216002774], "NVAX": [0.296, 0.14540802216002774], "OMED": [-0.04377682926829269, 0.14540802216002774], "OMER": [0.05125918367346936, 0.14540802216002774], "ONCE": [0.105375, 0.14540802216002774], "ONTX": [0.0, 0.14540802216002774], "ONTY": [0.11413999999999999, 0.14540802216002774], "ONVO": [0.33195, 0.14540802216002774], "ONXX": [0.4404, 0.14540802216002774], "OPHT": [0.296, 0.14540802216002774], "OPK": [0.1865176470588235, 0.14540802216002774], "OREX": [0.03360740740740739, 0.14540802216002774], "OSCI": [0.0, 0.14540802216002774], "OSIR": [0.0, 0.14540802216002774], "OTIC": [0.0, 0.14540802216002774], "OVAS": [-0.11748666666666664, 0.14540802216002774], "PANC": [0.0, 0.14540802216002774], "PCYC": [0.0, 0.14540802216002774], "PETX": [-0.2406, 0.14540802216002774], "PGNX": [0.10617105263157893, 0.14540802216002774], "PHRM": [-0.0516, 0.14540802216002774], "PRGO": [0.34242, 0.14540802216002774], "PTIE": [-0.05246666666666667, 0.14540802216002774], "PTLA": [0.0, 0.14540802216002774], "PTX": [0.02965, 0.14540802216002774], "QCOR": [-0.0084375, 0.14540802216002774], "RARE": [0.21075, 0.14540802216002774], "RCPT": [0.0, 0.14540802216002774], "RDEA": [0.0, 0.14540802216002774], "REGN": [0.5707, 0.14540802216002774], "RNAI": [-0.017172222222222207, 0.14540802216002774], "RPTP": [0.5707, 0.14540802216002774],