{"ACAD": [0.02448571428571428, 0.09178963983430272], "ACHN": [-0.125, 0.09178963983430272], "ACOR": [-0.04394999999999999, 0.09178963983430272], "ACRX": [0.05780625, 0.09178963983430272], "ADHD": [0.10928, 0.09178963983430272], "ADMS": [0.0, 0.09178963983430272], "AEGR": [0.13804545454545455, 0.09178963983430272], "AERI": [0.2732, 0.09178963983430272], "AGEN": [0.0, 0.09178963983430272], "AGIO": [-0.22751428571428572, 0.09178963983430272], "AKRX": [0.0593, 0.09178963983430272], "ALDR": [0.0, 0.09178963983430272], "ALKS": [-0.005237142857142856, 0.09178963983430272], "ALNY": [0.15588611111111114, 0.09178963983430272], "ALTH": [0.13112272727272725, 0.09178963983430272], "ALXA": [0.2952, 0.09178963983430272], "ALXN": [0.1785428571428572, 0.09178963983430272], "AMAG": [0.3113666666666666, 0.09178963983430272], "AMGN": [0.05094666666666667, 0.09178963983430272], "AMRI": [0.06724999999999999, 0.09178963983430272], "AMRN": [-0.0909625, 0.09178963983430272], "ANAC": [0.3862666666666667, 0.09178963983430272], "ANDS": [0.021159999999999995, 0.09178963983430272], "ANTH": [0.0, 0.09178963983430272], "APCVZ&": [0.0, 0.09178963983430272], "APPX": [0.0, 0.09178963983430272], "ARDX": [0.09866666666666667, 0.09178963983430272], "ARIA": [0.06407872340425531, 0.09178963983430272], "ARNA": [0.14406590909090908, 0.09178963983430272], "ARRY": [0.09664999999999999, 0.09178963983430272], "ARWR": [0.08701052631578947, 0.09178963983430272], "ARXT": [0.0, 0.09178963983430272], "ASPX": [0.005829999999999997, 0.09178963983430272], "AST": [0.02668235294117647, 0.09178963983430272], "AUXL": [0.0, 0.09178963983430272], "AVEO": [-0.10383999999999997, 0.09178963983430272], "AVNR": [0.3783388888888889, 0.09178963983430272], "AXCA": [0.0, 0.09178963983430272], "BCRX": [0.0, 0.09178963983430272], "BGIXX": [0.0, 0.09178963983430272], "BIIB": [0.03223333333333333, 0.09178963983430272], "BIOD": [0.0, 0.09178963983430272], "BIVN": [0.0, 0.09178963983430272], "BLKFDS": [0.0, 0.09178963983430272], "BLUE": [0.101464, 0.09178963983430272], "BLUS": [0.0, 0.09178963983430272], "BMRN": [0.3322083333333334, 0.09178963983430272], "BRIXX": [0.0, 0.09178963983430272], "BTRX": [0.0, 0.09178963983430272], "CADX": [0.0, 0.09178963983430272], "CALP": [0.296, 0.09178963983430272], "CARA": [-0.04242666666666666, 0.09178963983430272], "CBST": [0.0, 0.09178963983430272], "CCXI": [0.0, 0.09178963983430272], "CELG": [0.04169272727272727, 0.09178963983430272], "CEMP": [-0.026099999999999984, 0.09178963983430272], "CEPH": [0.0, 0.09178963983430272], "CERS": [0.0, 0.09178963983430272], "CGEN": [0.4939, 0.09178963983430272], "CHMA": [0.0, 0.09178963983430272], "CLDN": [0.148, 0.09178963983430272], "CLDX": [0.3176758620689656, 0.09178963983430272], "CLVS": [0.49193750000000014, 0.09178963983430272], "CMRX": [0.0, 0.09178963983430272], "CNCE": [0.16819583333333332, 0.09178963983430272], "CNCT": [0.0, 0.09178963983430272], "COLL": [0.12123333333333335, 0.09178963983430272], "COLY": [0.0, 0.09178963983430272], "CRA": [0.1986375, 0.09178963983430272], "CRIS": [0.3058666666666667, 0.09178963983430272], "CSKI": [0.0, 0.09178963983430272], "CTIC": [-0.09966, 0.09178963983430272], "CTRX": [0.12273333333333332, 0.09178963983430272], "CYTK": [0.0, 0.09178963983430272], "CYTX": [0.0, 0.09178963983430272], "DEPO": [0.02114285714285714, 0.09178963983430272], "DNDN": [0.0, 0.09178963983430272], "DRAX": [0.0, 0.09178963983430272], "DRNA": [0.255, 0.09178963983430272], "DSCO": [0.0, 0.09178963983430272], "DVAX": [0.12089999999999998, 0.09178963983430272], "DYAX": [0.0, 0.09178963983430272], "EDIT": [0.28963333333333335, 0.09178963983430272], "EGLT": [-0.6369, 0.09178963983430272], "EGRX": [0.14448, 0.09178963983430272], "EMIS": [0.1588, 0.09178963983430272], "ENCY": [0.09306666666666667, 0.09178963983430272], "ENDP": [-0.04228571428571428, 0.09178963983430272], "ENTA": [0.3946842105263159, 0.09178963983430272], "ENZN": [0.0, 0.09178963983430272], "EPZM": [0.19577, 0.09178963983430272], "ESPR": [0.030550000000000008, 0.09178963983430272], "EURX": [0.0, 0.09178963983430272], "EXEL": [0.0012239130434782612, 0.09178963983430272], "FACT": [-0.212, 0.09178963983430272], "FGEN": [0.0, 0.09178963983430272], "FLKS": [-0.296, 0.09178963983430272], "FLXN": [0.0, 0.09178963983430272], "FMI": [0.0, 0.09178963983430272], "FOLD": [-0.05852222222222222, 0.09178963983430272], "FPRX": [0.5106, 0.09178963983430272], "GBT": [0.0, 0.09178963983430272], "GENZ": [0.1589, 0.09178963983430272], "GERN": [0.0801625, 0.09178963983430272], "GEVA": [0.0, 0.09178963983430272], "GHDX": [0.20648, 0.09178963983430272], "GILD": [0.16112714285714275, 0.09178963983430272], "GPRO": [0.1272766917293233, 0.09178963983430272], "GWPH": [0.10717272727272728, 0.09178963983430272], "HALO": [0.019902941176470592, 0.09178963983430272], "HBIO": [0.0, 0.09178963983430272], "HZNP": [-0.07100526315789474, 0.09178963983430272], "ICEL": [0.4404, 0.09178963983430272], "ICPT": [0.09176, 0.09178963983430272], "ICY": [0.0, 0.09178963983430272], "IDIX": [0.00716, 0.09178963983430272], "ILMN": [-0.0029064516129032243, 0.09178963983430272], "ILU": [0.13215555555555555, 0.09178963983430272], "IMDZ": [0.296, 0.09178963983430272], "IMGN": [-0.004971428571428563, 0.09178963983430272], "IMMU": [0.12464285714285715, 0.09178963983430272], "INCR": [0.32367222222222225, 0.09178963983430272], "INCY": [0.25760000000000005, 0.09178963983430272], "INFI": [0.02188, 0.09178963983430272], "INO": [0.04690714285714286, 0.09178963983430272], "INSM": [0.0, 0.09178963983430272], "INSY": [0.0, 0.09178963983430272], "IONS": [0.09970454545454546, 0.09178963983430272], "IPXL": [0.15966666666666668, 0.09178963983430272], "IRWD": [0.0, 0.09178963983430272], "ISIS": [0.03504545454545454, 0.09178963983430272], "ISPH": [0.0, 0.09178963983430272], "ISTA": [-0.0409909090909091, 0.09178963983430272], "ITMN": [0.017973684210526315, 0.09178963983430272], "JAZZ": [0.18436249999999998, 0.09178963983430272], "KERX": [0.0, 0.09178963983430272], "KITE": [0.11247777777777777, 0.09178963983430272], "KPTI": [0.0, 0.09178963983430272], "LBIO": [0.11779565217391305, 0.09178963983430272], "LGND": [-0.009593548387096775, 0.09178963983430272], "LMNX": [0.0, 0.09178963983430272], "LXRX": [0.0, 0.09178963983430272], "MACK": [0.0, 0.09178963983430272], "MDCO": [-0.13396666666666665, 0.09178963983430272], "MDVN": [-0.04491764705882353, 0.09178963983430272], "MEDI": [0.26918578680203253, 0.09178963983430272], "MGNX": [0.0, 0.09178963983430272], "MITI": [-0.2732, 0.09178963983430272], "MNK": [0.06664647887323943, 0.09178963983430272], "MNKD": [0.050685454545454554, 0.09178963983430272], "MYGN": [0.4400166666666668, 0.09178963983430272], "MYL": [0.12850227272727274, 0.09178963983430272], "NABI": [0.17556666666666665, 0.09178963983430272], "NERV": [0.4224, 0.09178963983430272], "NFLD": [0.0, 0.09178963983430272], "NH": [0.04424615384615385, 0.09178963983430272], "NK": [0.08101016949152542, 0.09178963983430272], "NKTR": [0.0, 0.09178963983430272], "NOVN": [0.2014, 0.09178963983430272], "NPSP": [0.2604928571428572, 0.09178963983430272], "NRMX": [0.0, 0.09178963983430272], "NVAX": [0.0, 0.09178963983430272], "OMED": [-0.02139411764705882, 0.09178963983430272], "OMER": [0.0, 0.09178963983430272], "ONCE": [0.16490666666666665, 0.09178963983430272], "ONTY": [0.4404, 0.09178963983430272], "ONVO": [0.02286521739130435, 0.09178963983430272], "OPHT": [0.6249000000000001, 0.09178963983430272], "OPK": [0.3444178571428571, 0.09178963983430272], "OREX": [0.026907407407407397, 0.09178963983430272], "OSCI": [0.0, 0.09178963983430272], "OSIR": [0.1824, 0.09178963983430272], "OTIC": [-0.09852, 0.09178963983430272], "OVAS": [0.1101, 0.09178963983430272], "PANC": [-0.32985, 0.09178963983430272], "PCRX": [0.0, 0.09178963983430272], "PCYC": [0.0734, 0.09178963983430272], "PGNX": [0.5369333333333333, 0.09178963983430272], "POZN": [0.1760793103448276, 0.09178963983430272], "PRGO": [0.07957500000000003, 0.09178963983430272],