{"ACAD": [0.0, 0.14024999999999999], "ARQL": [0.0, 0.14024999999999999], "AST": [0.4019, 0.14024999999999999], "CELG": [0.0, 0.14024999999999999], "MNK": [0.13396666666666665, 0.14024999999999999], "MNKD": [0.13396666666666665, 0.14024999999999999], "NK": [0.13396666666666665, 0.14024999999999999], "SQNM": [0.3182, 0.14024999999999999]}