{"ACAD": [0.0, 0.13803255698782183], "ACHN": [-0.148, 0.13803255698782183], "ACOR": [0.296, 0.13803255698782183], "ACRX": [0.11839999999999999, 0.13803255698782183], "ADMS": [0.0, 0.13803255698782183], "ADRO": [0.28675, 0.13803255698782183], "AERI": [0.0, 0.13803255698782183], "AFFX": [0.0, 0.13803255698782183], "AFFY": [0.0, 0.13803255698782183], "AFMD": [0.09280833333333333, 0.13803255698782183], "AGEN": [0.16266875, 0.13803255698782183], "AKBA": [0.0, 0.13803255698782183], "AKRX": [0.44947499999999996, 0.13803255698782183], "ALDR": [0.631, 0.13803255698782183], "ALKS": [0.2534666666666667, 0.13803255698782183], "ALNY": [0.27055, 0.13803255698782183], "ALTH": [0.11732941176470588, 0.13803255698782183], "ALXA": [0.0, 0.13803255698782183], "AMGN": [0.19238636363636363, 0.13803255698782183], "AMPH": [0.0, 0.13803255698782183], "AMRN": [-0.20095, 0.13803255698782183], "ANAC": [0.4574, 0.13803255698782183], "ANDS": [0.1027, 0.13803255698782183], "ANPI": [0.09, 0.13803255698782183], "ANTH": [0.09878, 0.13803255698782183], "ARIA": [0.2294, 0.13803255698782183], "ARQL": [0.0, 0.13803255698782183], "ARRY": [-0.07511249999999998, 0.13803255698782183], "ARWR": [0.12315, 0.13803255698782183], "ASPX": [-0.033162500000000004, 0.13803255698782183], "AST": [0.16540752688172042, 0.13803255698782183], "ATRA": [0.2023, 0.13803255698782183], "AVDL": [0.296, 0.13803255698782183], "AVXS": [0.2023, 0.13803255698782183], "BCRX": [0.12777777777777777, 0.13803255698782183], "BIIB": [0.30660526315789477, 0.13803255698782183], "BLCM": [-0.4215, 0.13803255698782183], "BLUE": [0.11886666666666666, 0.13803255698782183], "BMRN": [-0.058633333333333336, 0.13803255698782183], "BPMC": [0.03666923076923077, 0.13803255698782183], "CARA": [0.1659217391304348, 0.13803255698782183], "CASC": [0.296, 0.13803255698782183], "CBPO": [0.14448, 0.13803255698782183], "CELG": [0.28759791666666673, 0.13803255698782183], "CEMP": [0.09549999999999999, 0.13803255698782183], "CERS": [0.24695, 0.13803255698782183], "CHRS": [0.6696, 0.13803255698782183], "CLCD": [0.0, 0.13803255698782183], "CLDN": [0.46176666666666666, 0.13803255698782183], "CLDX": [0.0, 0.13803255698782183], "CLSD": [0.0, 0.13803255698782183], "CLVS": [-0.05051999999999998, 0.13803255698782183], "CMRX": [0.09978000000000001, 0.13803255698782183], "CNCE": [0.2787, 0.13803255698782183], "COLL": [-0.1807285714285714, 0.13803255698782183], "CRA": [-0.17148666666666665, 0.13803255698782183], "CRIS": [0.2287, 0.13803255698782183], "CRME": [0.0, 0.13803255698782183], "CXRX": [0.4588, 0.13803255698782183], "CYTK": [0.06058888888888889, 0.13803255698782183], "DBVT": [0.07945, 0.13803255698782183], "DEPO": [0.1147, 0.13803255698782183], "DERM": [0.24105, 0.13803255698782183], "DIGE": [0.0, 0.13803255698782183], "DRNA": [0.26995, 0.13803255698782183], "DRRX": [0.0, 0.13803255698782183], "DVAX": [0.12765, 0.13803255698782183], "ECYT": [0.0, 0.13803255698782183], "EDIT": [0.10180526315789472, 0.13803255698782183], "EGRX": [0.1643, 0.13803255698782183], "EMIS": [0.0, 0.13803255698782183], "ENCY": [-0.08433333333333333, 0.13803255698782183], "ENDP": [0.017799999999999983, 0.13803255698782183], "ENTA": [0.017842857142857143, 0.13803255698782183], "EPZM": [0.05347037037037037, 0.13803255698782183], "ESPR": [0.08484444444444444, 0.13803255698782183], "EXEL": [-0.03369333333333333, 0.13803255698782183], "FACT": [0.159225, 0.13803255698782183], "FGEN": [0.2358666666666667, 0.13803255698782183], "FLML": [0.296, 0.13803255698782183], "FLXN": [0.3431666666666667, 0.13803255698782183], "FMI": [0.13968750000000002, 0.13803255698782183], "FOLD": [0.10047272727272727, 0.13803255698782183], "FPRX": [0.6124, 0.13803255698782183], "GBT": [0.1875, 0.13803255698782183], "GERN": [0.296, 0.13803255698782183], "GEVA": [0.0, 0.13803255698782183], "GILD": [0.1338806451612903, 0.13803255698782183], "GPRO": [0.1452478260869565, 0.13803255698782183], "GRFS": [0.0, 0.13803255698782183], "GWPH": [0.015345833333333331, 0.13803255698782183], "HALO": [0.23772000000000001, 0.13803255698782183], "HZNP": [0.03751666666666666, 0.13803255698782183], "ICPT": [-0.05733333333333335, 0.13803255698782183], "ILMN": [0.020743749999999995, 0.13803255698782183], "ILU": [-0.025900000000000034, 0.13803255698782183], "IMDZ": [0.296, 0.13803255698782183], "IMGN": [-0.04516666666666666, 0.13803255698782183], "IMMU": [0.37239, 0.13803255698782183], "INCR": [0.1500181818181818, 0.13803255698782183], "INCY": [-0.05813809523809523, 0.13803255698782183], "INFI": [0.1101, 0.13803255698782183], "INO": [0.21186666666666668, 0.13803255698782183], "INSM": [0.24695, 0.13803255698782183], "INSY": [0.0, 0.13803255698782183], "INVA": [0.45879999999999993, 0.13803255698782183], "IONS": [0.19250238095238098, 0.13803255698782183], "IPXL": [0.08209999999999999, 0.13803255698782183], "IRWD": [0.06513333333333332, 0.13803255698782183], "ISIS": [0.7363500000000001, 0.13803255698782183], "ISTA": [0.18339999999999998, 0.13803255698782183], "ITCI": [0.2155857142857143, 0.13803255698782183], "JAZZ": [-0.027130769230769233, 0.13803255698782183], "JUNO": [0.12986666666666666, 0.13803255698782183], "KERX": [0.0, 0.13803255698782183], "KITE": [0.119146511627907, 0.13803255698782183], "KPTI": [0.02341249999999999, 0.13803255698782183], "LBIO": [0.13730476190476196, 0.13803255698782183], "LGND": [0.2434333333333333, 0.13803255698782183], "LIFE": [0.1366642857142857, 0.13803255698782183], "LMNX": [0.0, 0.13803255698782183], "LOXO": [0.0, 0.13803255698782183], "LXRX": [0.19681666666666667, 0.13803255698782183], "MACK": [0.050977777777777775, 0.13803255698782183], "MAPP": [0.3804, 0.13803255698782183], "MDCO": [0.09866666666666667, 0.13803255698782183], "MDVN": [0.8555, 0.13803255698782183], "MEDI": [0.029444285714285718, 0.13803255698782183], "MGNX": [0.04857142857142858, 0.13803255698782183], "MNK": [0.1702, 0.13803255698782183], "MNKD": [0.1702, 0.13803255698782183], "MNTA": [0.16463333333333333, 0.13803255698782183], "MYGN": [0.0, 0.13803255698782183], "MYL": [0.06947234042553191, 0.13803255698782183], "NABI": [-0.13933333333333334, 0.13803255698782183], "NDRM": [0.27458333333333335, 0.13803255698782183], "NEOS": [0.392, 0.13803255698782183], "NH": [0.09453125, 0.13803255698782183], "NK": [0.1191632352941177, 0.13803255698782183], "NKTR": [0.0, 0.13803255698782183], "NLNK": [0.14012, 0.13803255698782183], "NOVN": [0.08991111111111111, 0.13803255698782183], "NSTG": [0.059199999999999996, 0.13803255698782183], "NVAX": [0.0, 0.13803255698782183], "OCUL": [0.0, 0.13803255698782183], "OMED": [0.06438636363636364, 0.13803255698782183], "OMER": [0.10212000000000002, 0.13803255698782183], "OMPI": [0.0, 0.13803255698782183], "ONCE": [0.37478, 0.13803255698782183], "ONVO": [0.32839999999999997, 0.13803255698782183], "OPHT": [0.0, 0.13803255698782183], "OPK": [0.0, 0.13803255698782183], "OREX": [0.06237999999999999, 0.13803255698782183], "OTIC": [0.1474, 0.13803255698782183], "OVAS": [0.0, 0.13803255698782183], "PACB": [0.7767, 0.13803255698782183], "PANC": [0.4003, 0.13803255698782183], "PARD": [0.4003, 0.13803255698782183], "PCRX": [0.05, 0.13803255698782183], "PCYC": [0.2851666666666667, 0.13803255698782183], "PDLI": [0.30488888888888893, 0.13803255698782183], "PETX": [0.296, 0.13803255698782183], "PHRM": [0.8774, 0.13803255698782183], "PRAH": [0.0846, 0.13803255698782183], "PRGO": [0.042699999999999995, 0.13803255698782183], "PRTK": [-0.06738333333333334, 0.13803255698782183], "PTCT": [0.342325, 0.13803255698782183], "PTLA": [0.0818, 0.13803255698782183], "PTX": [0.36697142857142856, 0.13803255698782183], "QGEN": [0.47965, 0.13803255698782183], "QURE": [0.0, 0.13803255698782183], "RARE": [0.15253333333333333, 0.13803255698782183], "REGN": [0.4574, 0.13803255698782183], "RIGL": [0.0, 0.13803255698782183], "RTRX": [0.3203, 0.13803255698782183], "RVNC": [0.0, 0.13803255698782183], "SAGE": [0.08927142857142857, 0.13803255698782183], "SCMP": [0.21075, 0.13803255698782183], "SGEN": [-0.21245, 0.13803255698782183],