{"ACAD": [0.0, 0.11626196079999324], "ACOR": [0.0, 0.11626196079999324], "ADLR": [0.0, 0.11626196079999324], "ADRO": [0.4215, 0.11626196079999324], "AFFX": [-0.4404, 0.11626196079999324], "AFFY": [0.2473, 0.11626196079999324], "AGEN": [0.0, 0.11626196079999324], "AKRX": [0.4404, 0.11626196079999324], "ALIM": [0.0, 0.11626196079999324], "ALKS": [0.03762, 0.11626196079999324], "ALTH": [0.1333, 0.11626196079999324], "ALXA": [0.31951, 0.11626196079999324], "ALXN": [0.14184444444444444, 0.11626196079999324], "AMGN": [0.02462727272727273, 0.11626196079999324], "AMLN": [0.0, 0.11626196079999324], "AMRN": [0.14891612903225807, 0.11626196079999324], "ANTH": [0.7161500000000001, 0.11626196079999324], "ARIA": [-0.06743333333333333, 0.11626196079999324], "ARRY": [-0.037274999999999975, 0.11626196079999324], "ARWR": [0.0, 0.11626196079999324], "ASPX": [0.2083, 0.11626196079999324], "AST": [0.24780344827586215, 0.11626196079999324], "AVEO": [0.6597, 0.11626196079999324], "AVNR": [0.0, 0.11626196079999324], "BCRX": [0.0, 0.11626196079999324], "BIIB": [0.056121428571428586, 0.11626196079999324], "BIOD": [0.0, 0.11626196079999324], "BMRN": [0.296, 0.11626196079999324], "BOLD": [0.0, 0.11626196079999324], "BPAX": [0.1478, 0.11626196079999324], "CALP": [0.0, 0.11626196079999324], "CBPO": [-0.296, 0.11626196079999324], "CBST": [0.0, 0.11626196079999324], "CELG": [0.027700000000000002, 0.11626196079999324], "CEPH": [0.30132, 0.11626196079999324], "CHRS": [0.34, 0.11626196079999324], "CRA": [0.5182, 0.11626196079999324], "CTIC": [-0.0001571428571428557, 0.11626196079999324], "CYTK": [0.32470000000000004, 0.11626196079999324], "DEPO": [0.7096, 0.11626196079999324], "DNDN": [0.06861666666666666, 0.11626196079999324], "DRRX": [0.32395, 0.11626196079999324], "DSCO": [0.0, 0.11626196079999324], "DVAX": [0.18932666666666667, 0.11626196079999324], "ECYT": [-0.22199999999999998, 0.11626196079999324], "EDIT": [0.4404, 0.11626196079999324], "EMIS": [0.3182, 0.11626196079999324], "ENDP": [-0.2553, 0.11626196079999324], "ENTA": [-0.08374, 0.11626196079999324], "ENZN": [0.0, 0.11626196079999324], "EXEL": [0.151725, 0.11626196079999324], "FLKS": [0.0, 0.11626196079999324], "FLML": [0.0, 0.11626196079999324], "GILD": [-0.02023, 0.11626196079999324], "GNTA": [0.2732, 0.11626196079999324], "GNVC": [0.4404, 0.11626196079999324], "GTXI": [0.07687333333333334, 0.11626196079999324], "HGSI": [0.072495, 0.11626196079999324], "HITK": [0.4939, 0.11626196079999324], "ICEL": [0.4404, 0.11626196079999324], "IDIX": [0.042666666666666665, 0.11626196079999324], "ILMN": [0.08330000000000001, 0.11626196079999324], "ILU": [-0.20768000000000003, 0.11626196079999324], "IMGN": [0.09866666666666667, 0.11626196079999324], "IMMU": [-0.040412500000000025, 0.11626196079999324], "INCR": [0.1971333333333333, 0.11626196079999324], "INHX": [0.0, 0.11626196079999324], "INO": [0.4019, 0.11626196079999324], "INSM": [0.0, 0.11626196079999324], "IONS": [0.06193333333333333, 0.11626196079999324], "IPXL": [0.0, 0.11626196079999324], "ITMN": [0.0, 0.11626196079999324], "JAZZ": [0.29178571428571426, 0.11626196079999324], "KERX": [-0.2567666666666667, 0.11626196079999324], "LBIO": [0.0, 0.11626196079999324], "LIFE": [0.10752500000000004, 0.11626196079999324], "LMNX": [0.0, 0.11626196079999324], "MACK": [0.6124, 0.11626196079999324], "MDVN": [0.0, 0.11626196079999324], "MEDI": [0.13486666666666666, 0.11626196079999324], "MITI": [0.2732, 0.11626196079999324], "MNK": [0.0, 0.11626196079999324], "MNKD": [0.0, 0.11626196079999324], "MNTA": [0.2023, 0.11626196079999324], "MRNA": [0.148, 0.11626196079999324], "MYL": [0.10846, 0.11626196079999324], "MYRX": [0.5719, 0.11626196079999324], "NABI": [-0.011421428571428574, 0.11626196079999324], "NERV": [-0.1027, 0.11626196079999324], "NH": [-0.14436, 0.11626196079999324], "NK": [0.04645, 0.11626196079999324], "NKTR": [-0.10115, 0.11626196079999324], "OMER": [0.0, 0.11626196079999324], "ONCE": [0.0, 0.11626196079999324], "ONTY": [0.08038, 0.11626196079999324], "OPTR": [-0.12645, 0.11626196079999324], "ORCH": [0.0, 0.11626196079999324], "OREX": [-0.2263, 0.11626196079999324], "OTIC": [0.0, 0.11626196079999324], "PCRX": [0.5004000000000001, 0.11626196079999324], "PCYC": [0.0, 0.11626196079999324], "PDLI": [0.12726666666666667, 0.11626196079999324], "RARE": [0.34, 0.11626196079999324], "REGN": [0.6808, 0.11626196079999324], "RIGL": [0.0, 0.11626196079999324], "RPTP": [0.40847999999999995, 0.11626196079999324], "SAGE": [0.156225, 0.11626196079999324], "SCLN": [0.0, 0.11626196079999324], "SGEN": [0.0376375, 0.11626196079999324], "SHPG": [-0.2023, 0.11626196079999324], "SNTA": [0.1101, 0.11626196079999324], "SPPI": [0.10084444444444444, 0.11626196079999324], "STEM": [0.0, 0.11626196079999324], "SUPG": [0.0, 0.11626196079999324], "TECH": [0.0459972972972973, 0.11626196079999324], "TEVA": [0.0, 0.11626196079999324], "THLD": [0.04228571428571428, 0.11626196079999324], "USD": [0.07699354838709681, 0.11626196079999324], "UTHR": [0.6124, 0.11626196079999324], "VICL": [0.23775000000000002, 0.11626196079999324], "VNDA": [0.5574, 0.11626196079999324], "VPHM": [0.0, 0.11626196079999324], "VRTX": [0.13369333333333333, 0.11626196079999324], "VRUS": [0.16271428571428573, 0.11626196079999324], "ZGNX": [-0.060671428571428564, 0.11626196079999324], "ZLCS": [0.0, 0.11626196079999324]}