{"ACAD": [0.052525, 0.06886018824166991], "ACHN": [0.06791111111111113, 0.06886018824166991], "ACOR": [0.0, 0.06886018824166991], "AFFX": [-0.428925, 0.06886018824166991], "AFFY": [0.3836696969696968, 0.06886018824166991], "AGEN": [0.0, 0.06886018824166991], "ALIM": [0.09545, 0.06886018824166991], "ALKS": [0.0, 0.06886018824166991], "ALTH": [0.03378499999999999, 0.06886018824166991], "ALXA": [0.28919999999999974, 0.06886018824166991], "ALXN": [0.21075, 0.06886018824166991], "AMGN": [-0.0069214285714285706, 0.06886018824166991], "AMLN": [0.23834904458598707, 0.06886018824166991], "AMRI": [0.0, 0.06886018824166991], "AMRN": [0.10857348484848482, 0.06886018824166991], "ANTH": [0.0, 0.06886018824166991], "ARIA": [0.0, 0.06886018824166991], "ARNA": [0.29548114285714233, 0.06886018824166991], "ARRY": [0.19153333333333333, 0.06886018824166991], "ASPX": [0.014010606060606052, 0.06886018824166991], "AST": [0.08015655737704916, 0.06886018824166991], "ASTX": [0.34695000000000004, 0.06886018824166991], "ATRA": [0.4404, 0.06886018824166991], "AVEO": [-0.6003, 0.06886018824166991], "AVII": [-0.129, 0.06886018824166991], "BCRX": [0.0, 0.06886018824166991], "BIIB": [0.06250666666666667, 0.06886018824166991], "BIOD": [-0.5719, 0.06886018824166991], "BLUE": [0.0, 0.06886018824166991], "BMRN": [0.0, 0.06886018824166991], "BOLD": [0.3818, 0.06886018824166991], "BPAX": [0.28255, 0.06886018824166991], "CALP": [0.050612500000000005, 0.06886018824166991], "CBRX": [0.2023, 0.06886018824166991], "CBST": [0.0929, 0.06886018824166991], "CCXI": [0.0, 0.06886018824166991], "CELG": [0.014425581395348837, 0.06886018824166991], "CERS": [0.0, 0.06886018824166991], "CHRS": [0.2553, 0.06886018824166991], "CLDX": [0.3861894736842098, 0.06886018824166991], "COLL": [-0.17941250000000003, 0.06886018824166991], "CRA": [0.0, 0.06886018824166991], "CRIS": [0.13388333333333333, 0.06886018824166991], "CRME": [0.5374, 0.06886018824166991], "CRXLY": [-0.06146666666666667, 0.06886018824166991], "CSKI": [0.0, 0.06886018824166991], "CTIC": [0.0, 0.06886018824166991], "CYTK": [0.0, 0.06886018824166991], "CYTX": [0.7184, 0.06886018824166991], "DEPO": [0.2237, 0.06886018824166991], "DNDN": [0.12344285714285715, 0.06886018824166991], "DRRX": [0.0, 0.06886018824166991], "DSCO": [0.05669999999999999, 0.06886018824166991], "DYAX": [0.0, 0.06886018824166991], "ECYT": [0.19900624999999994, 0.06886018824166991], "EDIT": [-0.5859, 0.06886018824166991], "ENCY": [-0.50935, 0.06886018824166991], "ENDP": [0.068, 0.06886018824166991], "ENTA": [0.31845, 0.06886018824166991], "ENZN": [0.0, 0.06886018824166991], "EXEL": [-0.255475, 0.06886018824166991], "FACT": [0.0, 0.06886018824166991], "FLKS": [0.1734, 0.06886018824166991], "FOLD": [0.40080000000000005, 0.06886018824166991], "FURX": [0.0, 0.06886018824166991], "GHDX": [-0.6597, 0.06886018824166991], "GILD": [0.11092047244094477, 0.06886018824166991], "GNTA": [0.0, 0.06886018824166991], "GTXI": [0.039028571428571426, 0.06886018824166991], "HALO": [0.2944, 0.06886018824166991], "HBIO": [0.0, 0.06886018824166991], "HGSI": [0.26583529411764717, 0.06886018824166991], "HZNP": [0.6026913043478257, 0.06886018824166991], "ICEL": [0.0, 0.06886018824166991], "ICPT": [0.0, 0.06886018824166991], "ICY": [0.0, 0.06886018824166991], "IDIX": [0.383894318181818, 0.06886018824166991], "ILMN": [0.018582162162162158, 0.06886018824166991], "ILU": [-0.5211666666666667, 0.06886018824166991], "IMGN": [0.0, 0.06886018824166991], "IMMU": [0.0, 0.06886018824166991], "INCR": [0.05464, 0.06886018824166991], "INCY": [0.31245, 0.06886018824166991], "INFI": [0.0, 0.06886018824166991], "INO": [0.2202, 0.06886018824166991], "IONS": [-0.008907692307692292, 0.06886018824166991], "IPXL": [0.0, 0.06886018824166991], "IRWD": [0.0, 0.06886018824166991], "ISIS": [-0.13108750000000002, 0.06886018824166991], "ISTA": [-0.09866666666666667, 0.06886018824166991], "JAZZ": [0.033716666666666666, 0.06886018824166991], "KERX": [-0.036605263157894724, 0.06886018824166991], "LBIO": [-0.01976666666666667, 0.06886018824166991], "LGND": [0.0, 0.06886018824166991], "LIFE": [0.0, 0.06886018824166991], "MACK": [-0.14448, 0.06886018824166991], "MAPP": [0.44054673913043435, 0.06886018824166991], "MDCO": [0.0, 0.06886018824166991], "MDVN": [-0.3182, 0.06886018824166991], "MEDI": [-0.1138, 0.06886018824166991], "MNK": [0.12755, 0.06886018824166991], "MNKD": [0.12755, 0.06886018824166991], "MNTA": [0.1531, 0.06886018824166991], "MYL": [0.017603508771929826, 0.06886018824166991], "NH": [0.2846666666666666, 0.06886018824166991], "NK": [-0.13777307692307697, 0.06886018824166991], "NPSP": [0.36613333333333337, 0.06886018824166991], "NVAX": [0.37070000000000003, 0.06886018824166991], "OMER": [0.0, 0.06886018824166991], "ONCE": [0.26115, 0.06886018824166991], "ONTY": [0.2023, 0.06886018824166991], "ONVO": [0.2732, 0.06886018824166991], "ONXX": [0.3612, 0.06886018824166991], "OPHT": [0.1909, 0.06886018824166991], "OPK": [0.0, 0.06886018824166991], "OREX": [0.28580000000000005, 0.06886018824166991], "OTIC": [-0.2023, 0.06886018824166991], "PACB": [-0.5719, 0.06886018824166991], "PANC": [0.0, 0.06886018824166991], "PARD": [0.0, 0.06886018824166991], "PRGO": [0.0, 0.06886018824166991], "QCOR": [0.01033170731707317, 0.06886018824166991], "RARE": [0.0, 0.06886018824166991], "REGN": [0.13223689320388335, 0.06886018824166991], "RIGL": [0.0, 0.06886018824166991], "SAGE": [0.007695238095238086, 0.06886018824166991], "SCLN": [0.0, 0.06886018824166991], "SCMP": [0.06743333333333333, 0.06886018824166991], "SGEN": [-0.05103333333333334, 0.06886018824166991], "SGMO": [0.2023, 0.06886018824166991], "SGYP": [0.0, 0.06886018824166991], "SIGA": [0.5106, 0.06886018824166991], "SNTA": [-0.6597, 0.06886018824166991], "SPPI": [0.13711428571428572, 0.06886018824166991], "SQNM": [0.11578333333333334, 0.06886018824166991], "STEM": [0.0, 0.06886018824166991], "TECH": [0.22246605504587116, 0.06886018824166991], "TELK": [0.0, 0.06886018824166991], "TEVA": [0.011500000000000007, 0.06886018824166991], "THLD": [0.4084874015748024, 0.06886018824166991], "TRGT": [0.16956, 0.06886018824166991], "TSRX": [0.2023, 0.06886018824166991], "USD": [0.03930307692307693, 0.06886018824166991], "VNDA": [-0.09106666666666667, 0.06886018824166991], "VRTX": [0.28432479338842953, 0.06886018824166991], "VVUS": [0.2652690909090904, 0.06886018824166991], "WCRX": [0.0, 0.06886018824166991], "XNPT": [0.32215555555555553, 0.06886018824166991], "XOMA": [0.57375, 0.06886018824166991], "ZGNX": [0.37693333333333334, 0.06886018824166991], "ZLCS": [0.10387777777777779, 0.06886018824166991]}