{"ACAD": [0.123608, 0.11117496836919913], "ACHN": [0.0052888888888888924, 0.11117496836919913], "ACOR": [0.8625, 0.11117496836919913], "ACRX": [0.0, 0.11117496836919913], "AEGR": [-0.04456190476190476, 0.11117496836919913], "AFFX": [0.0, 0.11117496836919913], "AGEN": [0.05585, 0.11117496836919913], "ALIM": [0.0, 0.11117496836919913], "ALKS": [0.2639857142857143, 0.11117496836919913], "ALNY": [0.12951250000000003, 0.11117496836919913], "ALTH": [0.14215185185185183, 0.11117496836919913], "ALXA": [0.19733333333333333, 0.11117496836919913], "ALXN": [0.0, 0.11117496836919913], "AMGN": [-0.05773508771929826, 0.11117496836919913], "AMRI": [0.22760588235294119, 0.11117496836919913], "AMRN": [0.24771034482758628, 0.11117496836919913], "ANAC": [0.02904, 0.11117496836919913], "ANTH": [0.13396666666666665, 0.11117496836919913], "ARIA": [0.05872702702702702, 0.11117496836919913], "ARNA": [0.12067714285714289, 0.11117496836919913], "ARRY": [0.1967421052631579, 0.11117496836919913], "ARWR": [0.0, 0.11117496836919913], "ASPX": [0.28003846153846157, 0.11117496836919913], "AST": [0.13026956521739133, 0.11117496836919913], "ASTX": [0.1555833333333333, 0.11117496836919913], "ATRA": [0.0, 0.11117496836919913], "AVNR": [0.14012, 0.11117496836919913], "AXCA": [-0.3042, 0.11117496836919913], "BCRX": [0.037, 0.11117496836919913], "BIIB": [0.08441578947368422, 0.11117496836919913], "BIOD": [0.075225, 0.11117496836919913], "BLUE": [0.22616666666666663, 0.11117496836919913], "BMRN": [0.20629473684210523, 0.11117496836919913], "BPAX": [0.2023, 0.11117496836919913], "CALP": [0.0, 0.11117496836919913], "CBRX": [0.0, 0.11117496836919913], "CBST": [0.8074, 0.11117496836919913], "CCXI": [0.0, 0.11117496836919913], "CELG": [0.0437953125, 0.11117496836919913], "CEMP": [0.5022500000000001, 0.11117496836919913], "CERS": [0.3629, 0.11117496836919913], "CHMA": [0.3818, 0.11117496836919913], "CLDX": [0.007407999999999999, 0.11117496836919913], "CLVS": [0.0, 0.11117496836919913], "CMRX": [0.2714, 0.11117496836919913], "COLL": [0.4919, 0.11117496836919913], "CRA": [-0.009047058823529418, 0.11117496836919913], "CRIS": [0.0, 0.11117496836919913], "CRME": [0.0, 0.11117496836919913], "CTIC": [0.0873, 0.11117496836919913], "CYTK": [0.198425, 0.11117496836919913], "CYTX": [0.0843, 0.11117496836919913], "DEPO": [-0.24635, 0.11117496836919913], "DERM": [0.43025, 0.11117496836919913], "DNDN": [0.22720000000000004, 0.11117496836919913], "DRRX": [0.25352857142857144, 0.11117496836919913], "DSCO": [0.0, 0.11117496836919913], "DVAX": [0.100152, 0.11117496836919913], "DYAX": [0.0, 0.11117496836919913], "ECYT": [0.0, 0.11117496836919913], "EDIT": [-0.2732, 0.11117496836919913], "EGRX": [0.4854, 0.11117496836919913], "ENCY": [-0.045149999999999996, 0.11117496836919913], "ENDP": [0.060475, 0.11117496836919913], "ENTA": [0.02770666666666666, 0.11117496836919913], "ENZN": [0.0, 0.11117496836919913], "EPZM": [0.1938571428571428, 0.11117496836919913], "EXEL": [-0.6369, 0.11117496836919913], "FACT": [0.05176000000000003, 0.11117496836919913], "FGEN": [0.0, 0.11117496836919913], "FLML": [0.20008571428571428, 0.11117496836919913], "FMI": [0.0, 0.11117496836919913], "FOLD": [0.0, 0.11117496836919913], "GBT": [0.4215, 0.11117496836919913], "GERN": [0.08738181818181817, 0.11117496836919913], "GEVA": [0.0, 0.11117496836919913], "GILD": [-0.07411463414634148, 0.11117496836919913], "GNVC": [-0.074, 0.11117496836919913], "GTXI": [0.5106, 0.11117496836919913], "HALO": [0.0868, 0.11117496836919913], "HGSI": [0.5106, 0.11117496836919913], "HZNP": [0.08879999999999999, 0.11117496836919913], "ICEL": [0.4404, 0.11117496836919913], "ICPT": [0.296, 0.11117496836919913], "ICY": [0.0, 0.11117496836919913], "IDIX": [0.7269, 0.11117496836919913], "ILMN": [0.06237037037037037, 0.11117496836919913], "ILU": [0.40085000000000004, 0.11117496836919913], "IMMU": [0.5842, 0.11117496836919913], "INCR": [0.16752500000000003, 0.11117496836919913], "INCY": [0.3612, 0.11117496836919913], "INFI": [0.027643749999999995, 0.11117496836919913], "INHX": [0.0, 0.11117496836919913], "INO": [0.1387658536585366, 0.11117496836919913], "INSM": [0.05353013698630137, 0.11117496836919913], "INSY": [0.22616666666666663, 0.11117496836919913], "INVA": [-0.5106, 0.11117496836919913], "IONS": [-0.0018781249999999979, 0.11117496836919913], "IRWD": [0.0256, 0.11117496836919913], "ISIS": [0.2769851851851853, 0.11117496836919913], "ISTA": [0.0653125, 0.11117496836919913], "ITMN": [0.4767, 0.11117496836919913], "JAZZ": [0.16556, 0.11117496836919913], "KERX": [0.0, 0.11117496836919913], "LBIO": [-0.041782857142857156, 0.11117496836919913], "LGND": [0.23475652173913045, 0.11117496836919913], "LIFE": [0.0, 0.11117496836919913], "LMNX": [0.0, 0.11117496836919913], "LXRX": [-0.0772, 0.11117496836919913], "MACK": [0.0, 0.11117496836919913], "MAXY": [0.0, 0.11117496836919913], "MDCO": [0.25456, 0.11117496836919913], "MDVN": [0.1822666666666667, 0.11117496836919913], "MEDI": [0.04098181818181818, 0.11117496836919913], "MLNM": [0.2732, 0.11117496836919913], "MNK": [0.07056578947368423, 0.11117496836919913], "MNKD": [0.07665666666666668, 0.11117496836919913], "MNTA": [-0.1589, 0.11117496836919913], "MYL": [0.1468, 0.11117496836919913], "MYOG": [0.0, 0.11117496836919913], "NBIX": [0.13212000000000002, 0.11117496836919913], "NH": [-0.03852727272727273, 0.11117496836919913], "NK": [0.07223452380952382, 0.11117496836919913], "NKTR": [-0.2762, 0.11117496836919913], "NOVN": [0.0, 0.11117496836919913], "NPSP": [0.01544, 0.11117496836919913], "NVAX": [0.28013999999999994, 0.11117496836919913], "OMER": [-0.32926666666666665, 0.11117496836919913], "ONCE": [-0.15752, 0.11117496836919913], "ONTY": [0.1942857142857143, 0.11117496836919913], "ONXX": [0.012637894736842114, 0.11117496836919913], "OPK": [0.050575, 0.11117496836919913], "OPTR": [0.10606666666666666, 0.11117496836919913], "OREX": [0.061075000000000004, 0.11117496836919913], "OSCI": [0.0, 0.11117496836919913], "OTIC": [-0.35505, 0.11117496836919913], "PCYC": [0.017623809523809524, 0.11117496836919913], "PDLI": [-0.0772, 0.11117496836919913], "PTCT": [0.0, 0.11117496836919913], "PTLA": [0.27919999999999995, 0.11117496836919913], "QCOR": [0.0, 0.11117496836919913], "QLTI": [0.0, 0.11117496836919913], "RARE": [0.0, 0.11117496836919913], "REGN": [0.04008461538461539, 0.11117496836919913], "RGLS": [0.0, 0.11117496836919913], "RIGL": [0.0, 0.11117496836919913], "RNAI": [0.34, 0.11117496836919913], "SAGE": [0.17677777777777776, 0.11117496836919913], "SGEN": [0.0, 0.11117496836919913], "SGYP": [0.34831666666666666, 0.11117496836919913], "SLXP": [0.0, 0.11117496836919913], "SNTA": [0.25334545454545454, 0.11117496836919913], "SNTS": [0.0, 0.11117496836919913], "SPPI": [0.005624999999999998, 0.11117496836919913], "SRPT": [0.19728863636363636, 0.11117496836919913], "STEM": [0.12279285714285713, 0.11117496836919913], "TBPH": [0.3818, 0.11117496836919913], "TECH": [0.03443740458015267, 0.11117496836919913], "TEVA": [0.22869166666666665, 0.11117496836919913], "THLD": [0.01901052631578947, 0.11117496836919913], "THRX": [0.3818, 0.11117496836919913], "TRGT": [0.6249, 0.11117496836919913], "TSRO": [0.11099999999999999, 0.11117496836919913], "TSRX": [0.015600000000000001, 0.11117496836919913], "TTPH": [0.032279999999999996, 0.11117496836919913], "USD": [-0.05517073170731706, 0.11117496836919913], "UTHR": [0.23262, 0.11117496836919913], "VICL": [0.0, 0.11117496836919913], "VNDA": [0.22991999999999999, 0.11117496836919913], "VPHM": [0.7603249999999999, 0.11117496836919913], "VRTX": [0.11313636363636363, 0.11117496836919913], "VRUS": [0.0, 0.11117496836919913], "VTL": [0.2023, 0.11117496836919913], "VVUS": [0.12548800000000004, 0.11117496836919913], "XNPT": [-0.0772, 0.11117496836919913], "XOMA": [0.0, 0.11117496836919913], "ZGNX": [0.3182, 0.11117496836919913]}