{"AAVL": [0.0, 0.15980995557758815], "ACAD": [0.06746857142857143, 0.15980995557758815], "ACHN": [0.1683416666666667, 0.15980995557758815], "ACOR": [0.022172727272727275, 0.15980995557758815], "ACRX": [0.21945, 0.15980995557758815], "ADHD": [0.10751538461538462, 0.15980995557758815], "ADMS": [0.0, 0.15980995557758815], "ADRO": [0.0, 0.15980995557758815], "AEGR": [0.071396, 0.15980995557758815], "AERI": [0.0, 0.15980995557758815], "AFFX": [0.09147142857142858, 0.15980995557758815], "AFFY": [0.25594, 0.15980995557758815], "AFMD": [0.051314285714285715, 0.15980995557758815], "AGEN": [0.0011359999999999992, 0.15980995557758815], "AGIO": [0.08595714285714286, 0.15980995557758815], "AGTC": [0.0, 0.15980995557758815], "AKRX": [0.34059285714285714, 0.15980995557758815], "ALDR": [0.38045, 0.15980995557758815], "ALIM": [0.23611666666666667, 0.15980995557758815], "ALKS": [0.07692564102564103, 0.15980995557758815], "ALNY": [0.15165762711864406, 0.15980995557758815], "ALTH": [0.14071206896551725, 0.15980995557758815], "ALTU": [0.4389, 0.15980995557758815], "ALXA": [-0.03771666666666667, 0.15980995557758815], "ALXN": [0.19228095238095236, 0.15980995557758815], "AMAG": [-0.0055, 0.15980995557758815], "AMGN": [0.03317083333333333, 0.15980995557758815], "AMRI": [0.4019, 0.15980995557758815], "AMRN": [0.3796272727272727, 0.15980995557758815], "ANAC": [0.207175, 0.15980995557758815], "ANDS": [0.12175, 0.15980995557758815], "ANIP": [-0.005099999999999999, 0.15980995557758815], "ANTH": [0.32071, 0.15980995557758815], "AQXP": [0.0, 0.15980995557758815], "ARDX": [0.5719, 0.15980995557758815], "ARIA": [0.13546019417475724, 0.15980995557758815], "ARNA": [0.09789121338912134, 0.15980995557758815], "ARQL": [-0.09106666666666667, 0.15980995557758815], "ARRY": [0.48131111111111113, 0.15980995557758815], "ARWR": [0.11194285714285715, 0.15980995557758815], "ASPX": [-0.0077333333333333325, 0.15980995557758815], "AST": [0.30757695473251023, 0.15980995557758815], "ASTX": [0.4389, 0.15980995557758815], "ATRA": [0.2462, 0.15980995557758815], "AUXL": [0.04743333333333333, 0.15980995557758815], "AVEO": [0.17556000000000002, 0.15980995557758815], "AVNR": [0.24648461538461539, 0.15980995557758815], "AVXS": [-0.32152, 0.15980995557758815], "BCRX": [0.109725, 0.15980995557758815], "BIIB": [0.0829872093023256, 0.15980995557758815], "BIOD": [0.22244999999999998, 0.15980995557758815], "BLCM": [0.01461290322580646, 0.15980995557758815], "BLUE": [0.06908295454545456, 0.15980995557758815], "BLUS": [0.453, 0.15980995557758815], "BMRN": [0.17624444444444445, 0.15980995557758815], "CADX": [0.4389, 0.15980995557758815], "CALP": [-0.17889999999999998, 0.15980995557758815], "CARA": [0.4389, 0.15980995557758815], "CBRX": [0.0, 0.15980995557758815], "CBST": [0.0, 0.15980995557758815], "CCXI": [0.4389, 0.15980995557758815], "CELG": [0.20446267605633806, 0.15980995557758815], "CEMP": [0.35111111111111115, 0.15980995557758815], "CEPH": [-0.19816, 0.15980995557758815], "CERS": [0.41639545454545457, 0.15980995557758815], "CGEN": [0.5106, 0.15980995557758815], "CHRS": [0.27261111111111114, 0.15980995557758815], "CLDN": [0.1573583333333333, 0.15980995557758815], "CLDX": [0.17945390070921985, 0.15980995557758815], "CLVS": [0.025623809523809524, 0.15980995557758815], "CMRX": [0.25528, 0.15980995557758815], "CNCE": [0.0512, 0.15980995557758815], "COLL": [-0.07055714285714286, 0.15980995557758815], "CRA": [0.3249956521739129, 0.15980995557758815], "CRIS": [0.4588, 0.15980995557758815], "CRME": [0.1463, 0.15980995557758815], "CTIC": [0.296825, 0.15980995557758815], "CTRX": [0.21945, 0.15980995557758815], "CYTK": [0.08333333333333333, 0.15980995557758815], "CYTX": [0.3701846153846154, 0.15980995557758815], "DBVT": [0.0, 0.15980995557758815], "DEPO": [0.06511428571428572, 0.15980995557758815], "DERM": [0.14448, 0.15980995557758815], "DNDN": [0.22629333333333335, 0.15980995557758815], "DRNA": [0.19857, 0.15980995557758815], "DSCO": [0.4588, 0.15980995557758815], "DVAX": [0.4208857142857143, 0.15980995557758815], "DYAX": [0.08778, 0.15980995557758815], "ECYT": [0.21716666666666665, 0.15980995557758815], "EDIT": [0.0, 0.15980995557758815], "EGLT": [0.0, 0.15980995557758815], "EGRX": [0.0843, 0.15980995557758815], "ENDP": [0.23680270270270268, 0.15980995557758815], "ENTA": [0.19771176470588236, 0.15980995557758815], "ENZN": [0.0, 0.15980995557758815], "EPZM": [0.0386, 0.15980995557758815], "ESPR": [0.15293333333333334, 0.15980995557758815], "EXEL": [0.5901363636363638, 0.15980995557758815], "FACT": [0.22500909090909094, 0.15980995557758815], "FGEN": [0.08227, 0.15980995557758815], "FLKS": [-0.003999999999999998, 0.15980995557758815], "FLML": [0.12926666666666667, 0.15980995557758815], "FLXN": [0.0, 0.15980995557758815], "FMI": [0.05217037037037037, 0.15980995557758815], "FOLD": [0.14389230769230768, 0.15980995557758815], "FOMX": [0.0, 0.15980995557758815], "FPRX": [0.17402857142857142, 0.15980995557758815], "GENZ": [0.4767, 0.15980995557758815], "GERN": [0.2001795454545455, 0.15980995557758815], "GEVA": [0.27036666666666664, 0.15980995557758815], "GHDX": [0.0, 0.15980995557758815], "GILD": [0.08939264214046823, 0.15980995557758815], "GNVC": [0.5196, 0.15980995557758815], "GPRO": [0.021476428571428563, 0.15980995557758815], "GRFS": [0.0, 0.15980995557758815], "GTXI": [0.08333333333333333, 0.15980995557758815], "GWPH": [0.06759259259259259, 0.15980995557758815], "HALO": [0.31211325301204823, 0.15980995557758815], "HPTX": [0.0, 0.15980995557758815], "HZNP": [0.25126, 0.15980995557758815], "ICEL": [0.3521, 0.15980995557758815], "ICPT": [0.03042352941176471, 0.15980995557758815], "ICY": [-0.1686, 0.15980995557758815], "ILMN": [0.08547333333333335, 0.15980995557758815], "ILU": [0.11164545454545455, 0.15980995557758815], "IMCL": [0.0, 0.15980995557758815], "IMGN": [0.4317333333333333, 0.15980995557758815], "IMMU": [0.10013636363636363, 0.15980995557758815], "INCR": [0.36952857142857143, 0.15980995557758815], "INCY": [0.08779166666666667, 0.15980995557758815], "INFI": [0.3143166666666667, 0.15980995557758815], "INO": [0.1325, 0.15980995557758815], "INSM": [0.15293333333333334, 0.15980995557758815], "INSY": [0.20860526315789474, 0.15980995557758815], "INVA": [-0.11839999999999999, 0.15980995557758815], "IONS": [0.07991284403669723, 0.15980995557758815], "IPXL": [0.2238, 0.15980995557758815], "IRWD": [0.05735, 0.15980995557758815], "ISIS": [0.14916999999999997, 0.15980995557758815], "ISTA": [0.10950000000000001, 0.15980995557758815], "ITCI": [-0.2732, 0.15980995557758815], "ITMN": [0.4939, 0.15980995557758815], "JAZZ": [0.16245714285714288, 0.15980995557758815], "JUNO": [0.10272091503267974, 0.15980995557758815], "KERX": [0.12935846153846153, 0.15980995557758815], "KITE": [0.12088906250000002, 0.15980995557758815], "KPTI": [0.3747818181818181, 0.15980995557758815], "LBIO": [0.0826260273972603, 0.15980995557758815], "LGND": [0.109725, 0.15980995557758815], "LIFE": [0.2286, 0.15980995557758815], "LMNX": [0.0, 0.15980995557758815], "LOXO": [0.05146666666666667, 0.15980995557758815], "LXRX": [0.62512, 0.15980995557758815], "MACK": [0.07673684210526316, 0.15980995557758815], "MAPP": [-0.20413333333333336, 0.15980995557758815], "MDCO": [0.0, 0.15980995557758815], "MDVN": [0.037, 0.15980995557758815], "MEDI": [0.27649964601770016, 0.15980995557758815], "MGNX": [0.36719999999999997, 0.15980995557758815], "MNK": [0.21719722222222224, 0.15980995557758815], "MNKD": [0.21728333333333336, 0.15980995557758815], "MNTA": [0.10733225806451613, 0.15980995557758815], "MRNA": [0.2267714285714286, 0.15980995557758815], "MYGN": [-0.06493999999999997, 0.15980995557758815], "MYL": [0.14849090909090912, 0.15980995557758815], "NABI": [0.316125, 0.15980995557758815], "NBIX": [0.12995571428571429, 0.15980995557758815], "NDRM": [-0.011553333333333336, 0.15980995557758815], "NEOS": [0.0, 0.15980995557758815], "NERV": [0.39370263157894714, 0.15980995557758815], "NH": [0.14943846153846152, 0.15980995557758815], "NK": [0.15894074074074077, 0.15980995557758815],