{"ACAD": [0.12383333333333334, 0.0741317499247014], "ACHN": [0.5267, 0.0741317499247014], "ACRX": [0.301, 0.0741317499247014], "AEGR": [0.13723333333333332, 0.0741317499247014], "AFFY": [0.1693346153846154, 0.0741317499247014], "AGEN": [-0.0903, 0.0741317499247014], "ALKS": [0.1393, 0.0741317499247014], "ALNY": [0.0, 0.0741317499247014], "ALTH": [0.0660909090909091, 0.0741317499247014], "ALXA": [0.3655, 0.0741317499247014], "ALXN": [0.0, 0.0741317499247014], "AMGN": [0.15494999999999998, 0.0741317499247014], "AMRI": [0.10115, 0.0741317499247014], "AMRN": [0.011310769230769235, 0.0741317499247014], "ANAC": [-0.06743333333333333, 0.0741317499247014], "ANDS": [0.4215, 0.0741317499247014], "ANTH": [0.16444, 0.0741317499247014], "ARIA": [0.15205714285714286, 0.0741317499247014], "ARNA": [0.013949999999999999, 0.0741317499247014], "ARRY": [-0.05464, 0.0741317499247014], "ARWR": [0.0386, 0.0741317499247014], "ASPX": [0.05213522727272728, 0.0741317499247014], "AST": [0.018892592592592593, 0.0741317499247014], "ASTX": [-0.07555, 0.0741317499247014], "AVEO": [0.0, 0.0741317499247014], "AVNR": [0.3548, 0.0741317499247014], "BCRX": [0.0, 0.0741317499247014], "BIIB": [-0.1018, 0.0741317499247014], "BIOD": [0.0, 0.0741317499247014], "BLUE": [0.0, 0.0741317499247014], "BMRN": [0.06735384615384615, 0.0741317499247014], "BPAX": [0.0, 0.0741317499247014], "CALP": [0.0, 0.0741317499247014], "CBRX": [0.0, 0.0741317499247014], "CELG": [0.08213000000000001, 0.0741317499247014], "CLDX": [0.11994545454545452, 0.0741317499247014], "COLL": [0.0, 0.0741317499247014], "CRA": [0.11096666666666666, 0.0741317499247014], "CRIS": [-0.32325, 0.0741317499247014], "CSKI": [0.0, 0.0741317499247014], "CTIC": [0.0, 0.0741317499247014], "CTRX": [0.0, 0.0741317499247014], "DEPO": [0.14101249999999999, 0.0741317499247014], "DNDN": [0.0, 0.0741317499247014], "DRNA": [0.0, 0.0741317499247014], "DRRX": [0.0, 0.0741317499247014], "DSCO": [0.2896, 0.0741317499247014], "DVAX": [0.048578125, 0.0741317499247014], "DYAX": [0.0, 0.0741317499247014], "ECYT": [-0.0367125, 0.0741317499247014], "ENCY": [-0.27964, 0.0741317499247014], "ENDP": [0.09484999999999999, 0.0741317499247014], "ENTA": [-0.0054, 0.0741317499247014], "ENZN": [0.0, 0.0741317499247014], "EXEL": [0.057571428571428565, 0.0741317499247014], "FACT": [0.6597, 0.0741317499247014], "FLKS": [0.2023, 0.0741317499247014], "FOLD": [0.04531294117647059, 0.0741317499247014], "FURX": [0.0, 0.0741317499247014], "GBT": [0.3062, 0.0741317499247014], "GERN": [0.23026666666666665, 0.0741317499247014], "GHDX": [0.296, 0.0741317499247014], "GILD": [0.2684545454545455, 0.0741317499247014], "GPRO": [0.0, 0.0741317499247014], "GRFS": [-0.4215, 0.0741317499247014], "GTXI": [0.0, 0.0741317499247014], "HALO": [0.22693333333333332, 0.0741317499247014], "HZNP": [0.0, 0.0741317499247014], "ICEL": [0.1101, 0.0741317499247014], "ICY": [-0.011411111111111111, 0.0741317499247014], "IDIX": [0.0, 0.0741317499247014], "ILMN": [0.42135999999999996, 0.0741317499247014], "ILU": [0.6369, 0.0741317499247014], "IMGN": [0.04404, 0.0741317499247014], "IMMU": [0.0, 0.0741317499247014], "INCR": [0.2732, 0.0741317499247014], "INCY": [0.05921578947368421, 0.0741317499247014], "INFI": [0.05003157894736842, 0.0741317499247014], "INO": [-0.21233333333333335, 0.0741317499247014], "IONS": [0.11794, 0.0741317499247014], "IPXL": [0.0, 0.0741317499247014], "IRWD": [0.42460000000000003, 0.0741317499247014], "ISIS": [-0.025367999999999995, 0.0741317499247014], "ISTA": [-0.13197, 0.0741317499247014], "ITMN": [0.0, 0.0741317499247014], "JAZZ": [0.0019000000000000035, 0.0741317499247014], "KERX": [0.11371052631578947, 0.0741317499247014], "LBIO": [0.2962, 0.0741317499247014], "LGND": [0.7701, 0.0741317499247014], "LIFE": [0.34354545454545454, 0.0741317499247014], "LMNX": [0.0, 0.0741317499247014], "LXRX": [0.0, 0.0741317499247014], "MAPP": [0.3178, 0.0741317499247014], "MAXY": [0.0, 0.0741317499247014], "MDCO": [0.13486666666666666, 0.0741317499247014], "MDVN": [-0.11627999999999998, 0.0741317499247014], "MEDI": [0.06804444444444445, 0.0741317499247014], "MNK": [0.0, 0.0741317499247014], "MNKD": [0.0, 0.0741317499247014], "MNTA": [-0.1239, 0.0741317499247014], "MRNA": [0.0, 0.0741317499247014], "MYL": [0.08831666666666667, 0.0741317499247014], "NH": [0.10115, 0.0741317499247014], "NK": [0.10497999999999998, 0.0741317499247014], "NKTR": [0.0, 0.0741317499247014], "NPSP": [0.0, 0.0741317499247014], "OMED": [0.0, 0.0741317499247014], "OMER": [0.0, 0.0741317499247014], "ONCE": [-0.3062, 0.0741317499247014], "ONTY": [0.296, 0.0741317499247014], "ONVO": [0.0, 0.0741317499247014], "ONXX": [0.02649642857142857, 0.0741317499247014], "OPK": [0.0, 0.0741317499247014], "OREX": [-0.010403333333333336, 0.0741317499247014], "OSCI": [0.0, 0.0741317499247014], "OTIC": [-0.3939, 0.0741317499247014], "PACB": [0.148, 0.0741317499247014], "PANC": [-0.4228, 0.0741317499247014], "PARD": [0.0, 0.0741317499247014], "PCYC": [0.22574999999999995, 0.0741317499247014], "PHRM": [0.4404, 0.0741317499247014], "PTX": [0.6369, 0.0741317499247014], "QCOR": [0.09506, 0.0741317499247014], "RNAI": [0.0, 0.0741317499247014], "RPTP": [0.5100333333333333, 0.0741317499247014], "SAGE": [0.05533484848484848, 0.0741317499247014], "SGEN": [0.0, 0.0741317499247014], "SGMO": [0.0, 0.0741317499247014], "SGNT": [-0.3612, 0.0741317499247014], "SGYP": [0.2023, 0.0741317499247014], "SHPG": [0.5965, 0.0741317499247014], "SIGA": [0.08683333333333333, 0.0741317499247014], "SLXP": [0.0, 0.0741317499247014], "SNTA": [0.25, 0.0741317499247014], "SNTS": [0.0, 0.0741317499247014], "SPPI": [0.26789999999999997, 0.0741317499247014], "SQNM": [0.12386666666666667, 0.0741317499247014], "SRPT": [0.035020833333333334, 0.0741317499247014], "STEM": [-0.0683, 0.0741317499247014], "SVA": [0.0, 0.0741317499247014], "SVNT": [0.0, 0.0741317499247014], "TBPH": [-0.128, 0.0741317499247014], "TECH": [0.21248444444444445, 0.0741317499247014], "TEVA": [0.1054875, 0.0741317499247014], "THLD": [-0.16392, 0.0741317499247014], "THRX": [0.06878333333333334, 0.0741317499247014], "TRGT": [0.0, 0.0741317499247014], "TSRO": [-0.15086666666666668, 0.0741317499247014], "TSRX": [0.25476, 0.0741317499247014], "USD": [0.035411574074074074, 0.0741317499247014], "UTHR": [0.312, 0.0741317499247014], "VICL": [0.0, 0.0741317499247014], "VNDA": [-0.3939, 0.0741317499247014], "VPHM": [0.0086, 0.0741317499247014], "VRNM": [0.4079, 0.0741317499247014], "VRTX": [0.0, 0.0741317499247014], "VRUS": [0.0, 0.0741317499247014], "VVUS": [0.018213333333333335, 0.0741317499247014], "WCRX": [0.059350000000000014, 0.0741317499247014], "XOMA": [-0.11315, 0.0741317499247014], "ZGNX": [0.08213157894736842, 0.0741317499247014], "ZLCS": [0.0, 0.0741317499247014]}