{"ACAD": [0.041666666666666664, 0.07422883519078324], "ACOR": [0.0, 0.07422883519078324], "AEGR": [0.46265454545454543, 0.07422883519078324], "AMGN": [0.02424444444444446, 0.07422883519078324], "AMRN": [0.39038, 0.07422883519078324], "ANAC": [0.0, 0.07422883519078324], "ARIA": [0.0, 0.07422883519078324], "ARNA": [0.0, 0.07422883519078324], "ARWR": [0.0, 0.07422883519078324], "AST": [0.0013866666666666843, 0.07422883519078324], "ASTX": [-0.3066625, 0.07422883519078324], "ATRA": [0.0, 0.07422883519078324], "BIIB": [0.0, 0.07422883519078324], "BMRN": [-0.029199999999999986, 0.07422883519078324], "CBST": [0.0, 0.07422883519078324], "CELG": [-0.054618181818181816, 0.07422883519078324], "CHMA": [0.2244, 0.07422883519078324], "CRA": [-0.18862, 0.07422883519078324], "CRIS": [-0.47155, 0.07422883519078324], "CRME": [0.3612, 0.07422883519078324], "CYTK": [0.019250000000000017, 0.07422883519078324], "DYAX": [-0.5267, 0.07422883519078324], "ECYT": [-0.1901, 0.07422883519078324], "EXEL": [0.0, 0.07422883519078324], "GILD": [0.11104615384615385, 0.07422883519078324], "GNVC": [0.0, 0.07422883519078324], "GWPH": [0.5256, 0.07422883519078324], "HALO": [0.16463333333333333, 0.07422883519078324], "HPTX": [0.54635, 0.07422883519078324], "ICEL": [0.0, 0.07422883519078324], "ICPT": [0.296, 0.07422883519078324], "ICY": [-0.25, 0.07422883519078324], "ILMN": [-0.0353, 0.07422883519078324], "INFI": [0.5256, 0.07422883519078324], "INGN": [0.0, 0.07422883519078324], "INO": [-0.16506363636363633, 0.07422883519078324], "INSM": [0.3182, 0.07422883519078324], "INSY": [0.0, 0.07422883519078324], "IONS": [0.0, 0.07422883519078324], "ISIS": [-0.161775, 0.07422883519078324], "JAZZ": [0.0, 0.07422883519078324], "KERX": [0.5106, 0.07422883519078324], "LBIO": [0.0, 0.07422883519078324], "MDVN": [0.13486666666666666, 0.07422883519078324], "MEDI": [-0.10769999999999999, 0.07422883519078324], "MITI": [0.6369, 0.07422883519078324], "MNK": [0.16620000000000001, 0.07422883519078324], "MNKD": [0.16620000000000001, 0.07422883519078324], "MYL": [0.2714, 0.07422883519078324], "NH": [0.01955714285714286, 0.07422883519078324], "NK": [0.019941666666666663, 0.07422883519078324], "NPSP": [0.54635, 0.07422883519078324], "ONTX": [-0.2263, 0.07422883519078324], "ONVO": [-0.10606666666666666, 0.07422883519078324], "OPK": [0.0, 0.07422883519078324], "OPTR": [0.0, 0.07422883519078324], "OREX": [0.0, 0.07422883519078324], "OSIR": [-0.3182, 0.07422883519078324], "PACB": [0.504, 0.07422883519078324], "PANC": [-0.20095, 0.07422883519078324], "PDLI": [0.0, 0.07422883519078324], "PTX": [0.54635, 0.07422883519078324], "RARE": [0.5629555555555555, 0.07422883519078324], "REGN": [0.0, 0.07422883519078324], "RPTP": [0.54635, 0.07422883519078324], "SAGE": [0.0, 0.07422883519078324], "SGMO": [0.0, 0.07422883519078324], "SNTS": [0.0, 0.07422883519078324], "SRPT": [0.4448666666666667, 0.07422883519078324], "TARO": [0.0, 0.07422883519078324], "TECH": [0.1681625, 0.07422883519078324], "THRX": [0.1689285714285714, 0.07422883519078324], "TSRX": [0.0, 0.07422883519078324], "USD": [0.009085714285714284, 0.07422883519078324], "VRTX": [0.0, 0.07422883519078324], "VVUS": [-0.38089999999999996, 0.07422883519078324], "ZLCS": [0.0, 0.07422883519078324]}