{"ACAD": [0.0, 0.04811435495094558], "ACHN": [-0.7003, 0.04811435495094558], "ACOR": [0.6705, 0.04811435495094558], "AGEN": [0.3182, 0.04811435495094558], "AKRX": [0.0, 0.04811435495094558], "ALNY": [0.20095, 0.04811435495094558], "ALTH": [0.28928500000000007, 0.04811435495094558], "ALXN": [0.037, 0.04811435495094558], "AMGN": [0.0, 0.04811435495094558], "AMRN": [0.13396666666666665, 0.04811435495094558], "ANAC": [0.2244, 0.04811435495094558], "ANIP": [0.0, 0.04811435495094558], "AQXP": [0.296, 0.04811435495094558], "ARIA": [0.007116, 0.04811435495094558], "ARNA": [-0.11335, 0.04811435495094558], "ARQL": [0.0, 0.04811435495094558], "ARRY": [-0.8519, 0.04811435495094558], "ARWR": [0.1077375, 0.04811435495094558], "ASPX": [-0.44866, 0.04811435495094558], "AST": [0.0015666666666666607, 0.04811435495094558], "ASTX": [0.0, 0.04811435495094558], "AUXL": [-0.4404, 0.04811435495094558], "AVNR": [0.13396666666666665, 0.04811435495094558], "BCRX": [0.0, 0.04811435495094558], "BIIB": [0.0, 0.04811435495094558], "BIOD": [0.0, 0.04811435495094558], "BMRN": [0.37516000000000005, 0.04811435495094558], "CARA": [0.45879999999999993, 0.04811435495094558], "CBST": [0.06364, 0.04811435495094558], "CELG": [0.10135294117647058, 0.04811435495094558], "CEMP": [0.5164, 0.04811435495094558], "CERS": [0.148, 0.04811435495094558], "CLDX": [0.08808, 0.04811435495094558], "CLVS": [0.11885, 0.04811435495094558], "CMRX": [0.0, 0.04811435495094558], "CRA": [0.0, 0.04811435495094558], "CTIC": [0.0, 0.04811435495094558], "CTRX": [0.5574, 0.04811435495094558], "DEPO": [0.22935714285714287, 0.04811435495094558], "DNDN": [-0.128, 0.04811435495094558], "DVAX": [0.0, 0.04811435495094558], "ECYT": [0.059199999999999996, 0.04811435495094558], "EGRX": [0.0, 0.04811435495094558], "EMIS": [0.27527999999999997, 0.04811435495094558], "ENCY": [-0.13896666666666666, 0.04811435495094558], "ENDP": [0.17346666666666666, 0.04811435495094558], "ENTA": [0.0, 0.04811435495094558], "EPZM": [0.2846, 0.04811435495094558], "FACT": [0.00545000000000001, 0.04811435495094558], "FLML": [0.0, 0.04811435495094558], "FOLD": [0.01626969696969697, 0.04811435495094558], "GHDX": [0.0, 0.04811435495094558], "GILD": [0.012864062500000004, 0.04811435495094558], "GPRO": [-0.010838095238095239, 0.04811435495094558], "GTXI": [0.0, 0.04811435495094558], "GWPH": [0.2934333333333333, 0.04811435495094558], "HALO": [-0.181925, 0.04811435495094558], "HGSI": [0.0, 0.04811435495094558], "HZNP": [0.0, 0.04811435495094558], "ICPT": [0.3291, 0.04811435495094558], "ICY": [0.2732, 0.04811435495094558], "ILMN": [0.2832454545454545, 0.04811435495094558], "INCR": [0.29072, 0.04811435495094558], "INCY": [0.0, 0.04811435495094558], "INO": [0.18421999999999997, 0.04811435495094558], "INSM": [0.0, 0.04811435495094558], "INSY": [0.12641666666666665, 0.04811435495094558], "IONS": [-0.15596666666666667, 0.04811435495094558], "IRWD": [0.32839999999999997, 0.04811435495094558], "ISIS": [-0.1217, 0.04811435495094558], "ITMN": [-0.048674999999999996, 0.04811435495094558], "JAZZ": [0.195925, 0.04811435495094558], "LBIO": [0.22735384615384616, 0.04811435495094558], "LGND": [-0.83545, 0.04811435495094558], "LIFE": [0.2787, 0.04811435495094558], "MACK": [0.5106, 0.04811435495094558], "MAPP": [-0.3182, 0.04811435495094558], "MDCO": [0.0, 0.04811435495094558], "MDVN": [-0.2732, 0.04811435495094558], "MEDI": [0.30870769230769224, 0.04811435495094558], "MITI": [-0.2732, 0.04811435495094558], "MNK": [0.0445875, 0.04811435495094558], "MNKD": [0.03992857142857143, 0.04811435495094558], "MNTA": [0.0, 0.04811435495094558], "MRNA": [0.0, 0.04811435495094558], "MYL": [0.042666666666666665, 0.04811435495094558], "NABI": [0.0, 0.04811435495094558], "NEOS": [0.0, 0.04811435495094558], "NH": [0.0, 0.04811435495094558], "NK": [0.0660090909090909, 0.04811435495094558], "NKTR": [0.5574, 0.04811435495094558], "NLNK": [0.0, 0.04811435495094558], "NPSP": [0.28159999999999996, 0.04811435495094558], "NVAX": [0.0, 0.04811435495094558], "OMED": [0.0, 0.04811435495094558], "OMER": [0.0, 0.04811435495094558], "OMPI": [0.0, 0.04811435495094558], "ONCE": [0.6444, 0.04811435495094558], "ONVO": [0.0, 0.04811435495094558], "OPK": [0.0, 0.04811435495094558], "OREX": [0.03023999999999998, 0.04811435495094558], "OSIR": [0.0, 0.04811435495094558], "OTIC": [0.0, 0.04811435495094558], "PACB": [0.0, 0.04811435495094558], "PCYC": [0.03364, 0.04811435495094558], "PGNX": [0.0, 0.04811435495094558], "POZN": [0.0, 0.04811435495094558], "RVNC": [0.1531, 0.04811435495094558], "SAGE": [-0.212975, 0.04811435495094558], "SCMP": [-0.4019, 0.04811435495094558], "SGEN": [0.4939, 0.04811435495094558], "SGYP": [-0.4019, 0.04811435495094558], "SHPG": [0.0, 0.04811435495094558], "SLXP": [-0.13942, 0.04811435495094558], "SPPI": [0.0, 0.04811435495094558], "SQNM": [0.0, 0.04811435495094558], "SRPT": [0.0, 0.04811435495094558], "STEM": [-0.15272, 0.04811435495094558], "TECH": [0.11375454545454546, 0.04811435495094558], "USD": [0.13537599999999997, 0.04811435495094558], "ZGNX": [0.0, 0.04811435495094558]}