{"ACAD": [0.0, 0.06609190433668316], "AFFY": [0.13726666666666668, 0.06609190433668316], "ALKS": [0.0, 0.06609190433668316], "ALTH": [0.13396666666666665, 0.06609190433668316], "ALXA": [0.67782, 0.06609190433668316], "AMAG": [0.34, 0.06609190433668316], "AMGN": [0.0, 0.06609190433668316], "ARQL": [0.0, 0.06609190433668316], "ARRY": [0.0386, 0.06609190433668316], "ASPX": [0.09235945945945948, 0.06609190433668316], "AST": [0.033716666666666666, 0.06609190433668316], "AUXL": [0.0, 0.06609190433668316], "AVNR": [0.0, 0.06609190433668316], "BIOD": [0.21230000000000002, 0.06609190433668316], "BPAX": [-0.14784999999999998, 0.06609190433668316], "CELG": [0.0, 0.06609190433668316], "CEPH": [0.4019, 0.06609190433668316], "CERS": [0.0, 0.06609190433668316], "CGEN": [0.0, 0.06609190433668316], "CHRS": [0.0, 0.06609190433668316], "CLDX": [0.0, 0.06609190433668316], "CRIS": [0.03980625, 0.06609190433668316], "CSKI": [-0.5859, 0.06609190433668316], "CTIC": [0.0, 0.06609190433668316], "CYTK": [0.0, 0.06609190433668316], "DNDN": [0.0, 0.06609190433668316], "DVAX": [0.0, 0.06609190433668316], "ENCY": [0.0386, 0.06609190433668316], "ENZN": [0.0, 0.06609190433668316], "EXEL": [0.12040000000000001, 0.06609190433668316], "FOLD": [-0.3085, 0.06609190433668316], "GILD": [0.037, 0.06609190433668316], "GNVC": [0.0, 0.06609190433668316], "HALO": [0.4019, 0.06609190433668316], "HGSI": [0.0, 0.06609190433668316], "ILU": [-0.617, 0.06609190433668316], "IMMU": [0.2733666666666667, 0.06609190433668316], "IONS": [0.0, 0.06609190433668316], "IPXL": [0.08038, 0.06609190433668316], "ISIS": [0.34, 0.06609190433668316], "ISPH": [0.0, 0.06609190433668316], "ITMN": [0.0, 0.06609190433668316], "JAZZ": [0.0, 0.06609190433668316], "KERX": [0.0, 0.06609190433668316], "LBIO": [0.0, 0.06609190433668316], "LGND": [0.3818, 0.06609190433668316], "LIFE": [0.0, 0.06609190433668316], "LXRX": [0.2732, 0.06609190433668316], "MAXY": [0.0, 0.06609190433668316], "MEDI": [0.0, 0.06609190433668316], "MNK": [0.159225, 0.06609190433668316], "MNKD": [0.159225, 0.06609190433668316], "NK": [0.10615000000000001, 0.06609190433668316], "NPSP": [0.0, 0.06609190433668316], "OMED": [0.0, 0.06609190433668316], "OMPI": [0.2023, 0.06609190433668316], "ONXX": [0.4019, 0.06609190433668316], "OREX": [0.0, 0.06609190433668316], "REGN": [0.0, 0.06609190433668316], "SAGE": [0.0, 0.06609190433668316], "SGEN": [0.6369, 0.06609190433668316], "SPPI": [0.0198875, 0.06609190433668316], "STEM": [0.0, 0.06609190433668316], "TECH": [0.07443870967741935, 0.06609190433668316], "TEVA": [0.3062, 0.06609190433668316], "USD": [0.03289090909090909, 0.06609190433668316], "VRTX": [0.0, 0.06609190433668316], "VRUS": [0.0, 0.06609190433668316]}