{"ACOR": [-0.36755, 0.02381325608566972], "ADLR": [0.0, 0.02381325608566972], "ALIM": [0.08396999999999999, 0.02381325608566972], "ALKS": [0.0, 0.02381325608566972], "ALTH": [0.08090434782608695, 0.02381325608566972], "ALXA": [0.42723333333333335, 0.02381325608566972], "ALXN": [-0.32985, 0.02381325608566972], "AMGN": [0.01910303030303031, 0.02381325608566972], "AMLN": [0.16842500000000002, 0.02381325608566972], "AMRI": [-0.5719, 0.02381325608566972], "AMRN": [0.18127777777777776, 0.02381325608566972], "ANDS": [0.0, 0.02381325608566972], "ANTH": [0.15012, 0.02381325608566972], "ARIA": [0.0, 0.02381325608566972], "ARWR": [0.21075, 0.02381325608566972], "ASPX": [0.09636666666666666, 0.02381325608566972], "AST": [0.06969102564102565, 0.02381325608566972], "AVII": [0.0, 0.02381325608566972], "BCRX": [0.0, 0.02381325608566972], "BIIB": [-0.34, 0.02381325608566972], "BLUE": [0.0, 0.02381325608566972], "BPAX": [0.147, 0.02381325608566972], "CADX": [0.17692352941176473, 0.02381325608566972], "CALP": [0.16159166666666666, 0.02381325608566972], "CBRX": [-0.20396666666666666, 0.02381325608566972], "CBST": [0.0, 0.02381325608566972], "CELG": [0.17526666666666668, 0.02381325608566972], "CEPH": [0.2023, 0.02381325608566972], "CHRS": [0.2023, 0.02381325608566972], "CLVS": [0.0, 0.02381325608566972], "COLL": [0.0, 0.02381325608566972], "CRA": [-0.008579999999999999, 0.02381325608566972], "CRME": [-0.2732, 0.02381325608566972], "CYTK": [-0.1511, 0.02381325608566972], "CYTX": [0.0, 0.02381325608566972], "DNDN": [0.18064285714285713, 0.02381325608566972], "DVAX": [0.0, 0.02381325608566972], "DYAX": [0.0, 0.02381325608566972], "EDIT": [0.241925, 0.02381325608566972], "EMIS": [0.02453333333333335, 0.02381325608566972], "ENTA": [0.2842, 0.02381325608566972], "ENZN": [-0.10200000000000001, 0.02381325608566972], "FLKS": [-0.25439999999999996, 0.02381325608566972], "FOLD": [-0.08602499999999999, 0.02381325608566972], "FURX": [0.0, 0.02381325608566972], "GERN": [-0.024455555555555557, 0.02381325608566972], "GHDX": [-0.07636, 0.02381325608566972], "GILD": [0.29710000000000003, 0.02381325608566972], "HGSI": [-0.15403333333333333, 0.02381325608566972], "HITK": [0.14049999999999999, 0.02381325608566972], "ICEL": [0.6808, 0.02381325608566972], "ICY": [0.016164285714285714, 0.02381325608566972], "IDIX": [0.017466666666666672, 0.02381325608566972], "ILMN": [0.04515, 0.02381325608566972], "ILU": [-0.07470000000000002, 0.02381325608566972], "INCR": [0.25970000000000004, 0.02381325608566972], "INCY": [0.139625, 0.02381325608566972], "INGN": [-0.7845, 0.02381325608566972], "INHX": [-0.022769230769230767, 0.02381325608566972], "INO": [-0.1487, 0.02381325608566972], "IONS": [0.17311538461538462, 0.02381325608566972], "ISIS": [0.6908, 0.02381325608566972], "ISTA": [0.1493, 0.02381325608566972], "ITEK": [-0.4939, 0.02381325608566972], "JAZZ": [0.2797916666666667, 0.02381325608566972], "KERX": [0.12846428571428573, 0.02381325608566972], "KITE": [-0.34, 0.02381325608566972], "LBIO": [0.07670000000000002, 0.02381325608566972], "LIFE": [0.18838749999999999, 0.02381325608566972], "MACK": [-0.1868, 0.02381325608566972], "MDCO": [0.25453333333333333, 0.02381325608566972], "MDVN": [0.06594444444444443, 0.02381325608566972], "MEDI": [0.11205333333333332, 0.02381325608566972], "MNTA": [0.15115, 0.02381325608566972], "MRNA": [0.0, 0.02381325608566972], "MYL": [0.07376, 0.02381325608566972], "MYRX": [-0.2732, 0.02381325608566972], "NH": [0.05918333333333334, 0.02381325608566972], "NK": [0.005437500000000005, 0.02381325608566972], "NPSP": [-0.13694999999999996, 0.02381325608566972], "ONCE": [-0.2732, 0.02381325608566972], "ONXX": [0.028820000000000002, 0.02381325608566972], "OPK": [0.18039285714285716, 0.02381325608566972], "ORCH": [0.0, 0.02381325608566972], "OREX": [0.0, 0.02381325608566972], "OSCI": [0.0, 0.02381325608566972], "OTIC": [0.0, 0.02381325608566972], "PACB": [0.15426666666666664, 0.02381325608566972], "PCRX": [-0.4404, 0.02381325608566972], "PCYC": [0.0, 0.02381325608566972], "PRGO": [0.35015, 0.02381325608566972], "QGEN": [0.25, 0.02381325608566972], "SAGE": [0.09198536585365852, 0.02381325608566972], "SGEN": [0.7096, 0.02381325608566972], "SGMO": [0.0, 0.02381325608566972], "SGYP": [0.0, 0.02381325608566972], "SIGA": [-0.1366, 0.02381325608566972], "SLXP": [0.00516, 0.02381325608566972], "SNTA": [-0.0386, 0.02381325608566972], "SPPI": [-0.027863636363636365, 0.02381325608566972], "SQNM": [0.146125, 0.02381325608566972], "STEM": [0.04789199999999999, 0.02381325608566972], "SVA": [0.0, 0.02381325608566972], "TECH": [-0.07704736842105264, 0.02381325608566972], "TEVA": [0.12391666666666666, 0.02381325608566972], "THLD": [0.06743333333333333, 0.02381325608566972], "THRX": [0.0, 0.02381325608566972], "TRGT": [0.0, 0.02381325608566972], "USD": [0.03591603773584906, 0.02381325608566972], "VICL": [-0.4215, 0.02381325608566972], "VPHM": [0.07294285714285716, 0.02381325608566972], "VRNM": [0.2263, 0.02381325608566972], "VRTX": [-0.2553, 0.02381325608566972], "VRUS": [0.2672, 0.02381325608566972], "XNPT": [-0.10115, 0.02381325608566972], "XOMA": [0.0, 0.02381325608566972], "ZLCS": [-0.085, 0.02381325608566972]}