{"ACAD": [0.19269615384615382, 0.1669279648300382], "ACHN": [0.0, 0.1669279648300382], "ACOR": [-0.021871428571428573, 0.1669279648300382], "ACRX": [0.0, 0.1669279648300382], "ADRO": [0.0, 0.1669279648300382], "AFFX": [0.434925, 0.1669279648300382], "AFFY": [0.5723428571428574, 0.1669279648300382], "AGEN": [-0.12254999999999999, 0.1669279648300382], "AKRX": [0.04226666666666667, 0.1669279648300382], "ALDR": [0.0, 0.1669279648300382], "ALKS": [0.0, 0.1669279648300382], "ALNY": [0.19333500000000003, 0.1669279648300382], "ALTH": [0.147916, 0.1669279648300382], "ALXA": [0.40645454545454546, 0.1669279648300382], "ALXN": [0.43835, 0.1669279648300382], "AMGN": [0.07949374999999999, 0.1669279648300382], "AMLN": [0.6343000000000001, 0.1669279648300382], "AMRN": [0.07031724137931035, 0.1669279648300382], "ANAC": [0.0, 0.1669279648300382], "ANTH": [0.3592, 0.1669279648300382], "APCVZ&": [0.594, 0.1669279648300382], "APPX": [0.594, 0.1669279648300382], "ARIA": [0.0, 0.1669279648300382], "ARNA": [0.11931743421052639, 0.1669279648300382], "ARQL": [0.08373333333333334, 0.1669279648300382], "ARRY": [0.42905999999999994, 0.1669279648300382], "ARWR": [-0.07655, 0.1669279648300382], "ARXT": [0.594, 0.1669279648300382], "ASPX": [0.059387323943661974, 0.1669279648300382], "AST": [0.08958392857142858, 0.1669279648300382], "ATRA": [-0.1531, 0.1669279648300382], "AUXL": [0.0, 0.1669279648300382], "AVEO": [0.4939, 0.1669279648300382], "AVII": [0.5849, 0.1669279648300382], "AVNR": [0.0203625, 0.1669279648300382], "AXCA": [0.594, 0.1669279648300382], "BCRX": [0.0005939393939393942, 0.1669279648300382], "BGIXX": [0.594, 0.1669279648300382], "BIIB": [0.0, 0.1669279648300382], "BIOD": [0.0, 0.1669279648300382], "BIVN": [0.594, 0.1669279648300382], "BLKFDS": [0.594, 0.1669279648300382], "BLUE": [0.0, 0.1669279648300382], "BLUS": [0.594, 0.1669279648300382], "BMRN": [0.1909, 0.1669279648300382], "BOLD": [0.3818, 0.1669279648300382], "BPAX": [0.12018571428571427, 0.1669279648300382], "BRIXX": [0.594, 0.1669279648300382], "BTRX": [0.594, 0.1669279648300382], "CALP": [0.10486999999999999, 0.1669279648300382], "CASC": [0.0386, 0.1669279648300382], "CBRX": [0.0, 0.1669279648300382], "CBST": [0.0, 0.1669279648300382], "CELG": [0.2467, 0.1669279648300382], "CEPH": [0.0, 0.1669279648300382], "CERS": [-0.08526, 0.1669279648300382], "CHMA": [0.4404, 0.1669279648300382], "CLDX": [0.3189361111111112, 0.1669279648300382], "CLVS": [0.0, 0.1669279648300382], "COLL": [0.045533333333333335, 0.1669279648300382], "COLY": [0.594, 0.1669279648300382], "CRA": [0.48666666666666664, 0.1669279648300382], "CRIS": [-0.02072727272727273, 0.1669279648300382], "CTIC": [0.0, 0.1669279648300382], "CYTX": [0.6709499999999999, 0.1669279648300382], "DEPO": [0.0571, 0.1669279648300382], "DNDN": [-0.02624375, 0.1669279648300382], "DRAX": [0.594, 0.1669279648300382], "DVAX": [0.32625, 0.1669279648300382], "DYAX": [0.0, 0.1669279648300382], "EDIT": [0.3818, 0.1669279648300382], "EMIS": [0.5106, 0.1669279648300382], "ENCY": [0.5757, 0.1669279648300382], "ENDP": [0.05732307692307692, 0.1669279648300382], "ENTA": [0.0, 0.1669279648300382], "ENZN": [0.0, 0.1669279648300382], "EURX": [0.594, 0.1669279648300382], "EXEL": [0.14892666666666668, 0.1669279648300382], "FACT": [0.0, 0.1669279648300382], "FLKS": [0.0, 0.1669279648300382], "FOLD": [0.1138857142857143, 0.1669279648300382], "GERN": [0.572475, 0.1669279648300382], "GILD": [0.41775952380952386, 0.1669279648300382], "GNTA": [0.0, 0.1669279648300382], "GPRO": [0.0, 0.1669279648300382], "GTXI": [0.23515168539325843, 0.1669279648300382], "HALO": [0.0, 0.1669279648300382], "HGSI": [0.5164428571428573, 0.1669279648300382], "HZNP": [0.3788, 0.1669279648300382], "ICEL": [0.4404, 0.1669279648300382], "ICY": [0.016825000000000007, 0.1669279648300382], "IDIX": [-0.046476923076923075, 0.1669279648300382], "ILMN": [0.16111666666666666, 0.1669279648300382], "ILU": [0.594, 0.1669279648300382], "IMGN": [-0.1531, 0.1669279648300382], "IMMU": [-0.07655, 0.1669279648300382], "INCR": [0.009133333333333346, 0.1669279648300382], "INCY": [0.0, 0.1669279648300382], "INFI": [0.0, 0.1669279648300382], "INGN": [0.0, 0.1669279648300382], "INHX": [0.024933333333333346, 0.1669279648300382], "INO": [0.06363333333333333, 0.1669279648300382], "INSM": [0.1970741935483871, 0.1669279648300382], "INSY": [0.0, 0.1669279648300382], "IONS": [0.035617241379310334, 0.1669279648300382], "ISIS": [0.006462962962962963, 0.1669279648300382], "ISTA": [0.19765, 0.1669279648300382], "ITMN": [0.31844999999999996, 0.1669279648300382], "JAZZ": [0.04590416666666666, 0.1669279648300382], "KERX": [0.020423076923076926, 0.1669279648300382], "LBIO": [-0.11175, 0.1669279648300382], "LGND": [-0.4404, 0.1669279648300382], "LIFE": [0.1552, 0.1669279648300382], "LMNX": [0.0, 0.1669279648300382], "MACK": [0.0, 0.1669279648300382], "MAPP": [0.05047142857142857, 0.1669279648300382], "MDCO": [0.0, 0.1669279648300382], "MDVN": [0.12330833333333331, 0.1669279648300382], "MEDI": [0.0, 0.1669279648300382], "MNOV": [0.11973333333333334, 0.1669279648300382], "MNTA": [0.4019, 0.1669279648300382], "MRNA": [0.2257, 0.1669279648300382], "NBIX": [0.0, 0.1669279648300382], "NERV": [0.3597, 0.1669279648300382], "NFLD": [0.594, 0.1669279648300382], "NH": [-0.011154545454545447, 0.1669279648300382], "NK": [0.2289465116279069, 0.1669279648300382], "NLNK": [-0.8442, 0.1669279648300382], "NPSP": [-0.34580000000000005, 0.1669279648300382], "NRMX": [0.594, 0.1669279648300382], "NVAX": [0.3942583333333333, 0.1669279648300382], "OMED": [-0.06124, 0.1669279648300382], "OMER": [0.21225, 0.1669279648300382], "OMPI": [0.0, 0.1669279648300382], "ONCE": [-0.27913, 0.1669279648300382], "ONTY": [0.29245, 0.1669279648300382], "ONVO": [0.3753, 0.1669279648300382], "ONXX": [0.0, 0.1669279648300382], "OPK": [0.0, 0.1669279648300382], "OREX": [0.22823428571428575, 0.1669279648300382], "OSCI": [0.297, 0.1669279648300382], "OSIR": [0.0, 0.1669279648300382], "OTIC": [-0.5106, 0.1669279648300382], "PACB": [-0.07024999999999999, 0.1669279648300382], "POZN": [0.0, 0.1669279648300382], "PRGO": [0.0, 0.1669279648300382], "PTIE": [-0.5106, 0.1669279648300382], "QCOR": [0.7579, 0.1669279648300382], "RARE": [0.08912857142857143, 0.1669279648300382], "REGN": [0.22086811594202893, 0.1669279648300382], "RIGL": [0.04683333333333333, 0.1669279648300382], "SAGE": [0.1071754716981132, 0.1669279648300382], "SGEN": [0.008911111111111111, 0.1669279648300382], "SGMO": [0.0, 0.1669279648300382], "SHPG": [0.0, 0.1669279648300382], "SIGA": [0.2023, 0.1669279648300382], "SLXA": [0.594, 0.1669279648300382], "SLXP": [0.04095294117647059, 0.1669279648300382], "SNTS": [0.04242222222222222, 0.1669279648300382], "SPPI": [0.46871999999999997, 0.1669279648300382], "SQNM": [0.297225, 0.1669279648300382], "STEM": [0.11148, 0.1669279648300382], "SVNT": [0.23883749999999995, 0.1669279648300382], "TARO": [0.0, 0.1669279648300382], "TBPH": [0.0, 0.1669279648300382], "TECH": [0.3061563380281691, 0.1669279648300382], "TEVA": [0.026529999999999998, 0.1669279648300382], "THLD": [0.56227, 0.1669279648300382], "THRX": [0.16463333333333333, 0.1669279648300382], "TNOX": [0.594, 0.1669279648300382], "TSRX": [-0.042550000000000004, 0.1669279648300382], "TWTI": [0.594, 0.1669279648300382], "USD": [0.031271710526315805, 0.1669279648300382], "UTHR": [0.4215, 0.1669279648300382], "VICL": [0.0, 0.1669279648300382], "VNDA": [0.0, 0.1669279648300382], "VPHM": [0.0, 0.1669279648300382], "VRTX": [0.13791153846153847, 0.1669279648300382], "VSGN": [0.0, 0.1669279648300382], "VVUS": [0.30888550724637687, 0.1669279648300382], "XNPT": [0.11161562500000001, 0.1669279648300382], "XOMA": [-0.07037142857142857, 0.1669279648300382], "ZGNX": [0.572475, 0.1669279648300382], "ZLCS": [0.44094999999999995, 0.1669279648300382]}