{"ACAD": [-0.18213333333333334, 0.022400403558567043], "ADHD": [0.4215, 0.022400403558567043], "AGEN": [0.2023, 0.022400403558567043], "AGIO": [0.0, 0.022400403558567043], "ALKS": [0.0, 0.022400403558567043], "ALNY": [0.0, 0.022400403558567043], "ALTH": [0.0, 0.022400403558567043], "ALXN": [0.0079, 0.022400403558567043], "AMGN": [0.0, 0.022400403558567043], "AMRI": [0.0, 0.022400403558567043], "AMRN": [0.12315, 0.022400403558567043], "ANAC": [0.0, 0.022400403558567043], "ANDS": [-0.1875, 0.022400403558567043], "ARIA": [0.1854722222222222, 0.022400403558567043], "ARNA": [-0.05213333333333332, 0.022400403558567043], "ARRY": [0.4215, 0.022400403558567043], "ARWR": [0.09866666666666667, 0.022400403558567043], "ASPX": [-0.07735, 0.022400403558567043], "AST": [0.029377777777777794, 0.022400403558567043], "AUXL": [-0.0683, 0.022400403558567043], "AVEO": [0.4404, 0.022400403558567043], "BIIB": [0.05983000000000001, 0.022400403558567043], "BLUE": [0.0, 0.022400403558567043], "CADX": [0.3182, 0.022400403558567043], "CARA": [0.0, 0.022400403558567043], "CBST": [0.0, 0.022400403558567043], "CCXI": [0.0, 0.022400403558567043], "CELG": [0.2263, 0.022400403558567043], "CEMP": [0.128, 0.022400403558567043], "CERS": [0.17195, 0.022400403558567043], "CLDN": [0.0, 0.022400403558567043], "CLDX": [0.0, 0.022400403558567043], "CLVS": [0.0, 0.022400403558567043], "COLL": [0.1531, 0.022400403558567043], "CRA": [0.23877500000000002, 0.022400403558567043], "CRME": [0.0, 0.022400403558567043], "CTIC": [0.0, 0.022400403558567043], "CYTK": [0.2023, 0.022400403558567043], "DEPO": [0.0, 0.022400403558567043], "DRNA": [-0.25681999999999994, 0.022400403558567043], "DRRX": [0.4019, 0.022400403558567043], "DSCO": [0.2023, 0.022400403558567043], "DVAX": [-0.1875, 0.022400403558567043], "EDIT": [0.0, 0.022400403558567043], "EGLT": [0.0, 0.022400403558567043], "EGRX": [0.0, 0.022400403558567043], "ENTA": [0.23887500000000003, 0.022400403558567043], "EPZM": [0.0, 0.022400403558567043], "ESPR": [0.0, 0.022400403558567043], "EXEL": [0.0, 0.022400403558567043], "FLXN": [0.0, 0.022400403558567043], "FURX": [-0.631, 0.022400403558567043], "GERN": [-0.131675, 0.022400403558567043], "GEVA": [0.0, 0.022400403558567043], "GILD": [0.05028928571428571, 0.022400403558567043], "GNVC": [0.0, 0.022400403558567043], "GWPH": [0.21230000000000002, 0.022400403558567043], "HALO": [0.16994444444444445, 0.022400403558567043], "HPTX": [0.2263, 0.022400403558567043], "HZNP": [-0.1806, 0.022400403558567043], "ICEL": [0.0, 0.022400403558567043], "ICPT": [0.04215, 0.022400403558567043], "ICY": [-0.6597, 0.022400403558567043], "IDIX": [0.0, 0.022400403558567043], "ILMN": [0.0, 0.022400403558567043], "IMMU": [-0.1663, 0.022400403558567043], "INCR": [0.3744, 0.022400403558567043], "INO": [-0.2798142857142857, 0.022400403558567043], "INSY": [0.06426666666666665, 0.022400403558567043], "IONS": [0.22876363636363636, 0.022400403558567043], "IRWD": [0.0, 0.022400403558567043], "ISIS": [0.15293333333333334, 0.022400403558567043], "ISTA": [0.0, 0.022400403558567043], "JAZZ": [0.0, 0.022400403558567043], "LBIO": [0.296, 0.022400403558567043], "LMNX": [0.0, 0.022400403558567043], "MACK": [0.0, 0.022400403558567043], "MDVN": [0.09545, 0.022400403558567043], "MEDI": [0.2680818181818179, 0.022400403558567043], "MGNX": [0.0, 0.022400403558567043], "MNK": [0.0, 0.022400403558567043], "MNKD": [0.0, 0.022400403558567043], "MYL": [0.2553, 0.022400403558567043], "NBIX": [0.0, 0.022400403558567043], "NH": [-0.125, 0.022400403558567043], "NK": [0.05366666666666667, 0.022400403558567043], "NKTR": [0.0, 0.022400403558567043], "NLNK": [0.0, 0.022400403558567043], "NPSP": [-0.2673749999999999, 0.022400403558567043], "NVAX": [0.07605, 0.022400403558567043], "OMER": [0.04228571428571428, 0.022400403558567043], "ONTX": [0.0, 0.022400403558567043], "ONVO": [-0.1262, 0.022400403558567043], "OPK": [0.0, 0.022400403558567043], "OREX": [-0.13637142857142856, 0.022400403558567043], "OTIC": [0.008533333333333335, 0.022400403558567043], "PCRX": [0.0, 0.022400403558567043], "PRTA": [0.0, 0.022400403558567043], "PTCT": [0.0, 0.022400403558567043], "PTX": [0.2263, 0.022400403558567043], "QCOR": [0.23885714285714285, 0.022400403558567043], "QGEN": [0.0, 0.022400403558567043], "REGN": [0.0, 0.022400403558567043], "SAGE": [0.016654545454545453, 0.022400403558567043], "SCLN": [0.0, 0.022400403558567043], "SCMP": [-0.2732, 0.022400403558567043], "SGEN": [0.0, 0.022400403558567043], "SGMO": [0.0, 0.022400403558567043], "SGYP": [0.05818181818181818, 0.022400403558567043], "SHPG": [0.0, 0.022400403558567043], "SNTS": [0.0, 0.022400403558567043], "SPPI": [0.4137, 0.022400403558567043], "SQNM": [-0.5411, 0.022400403558567043], "SRPT": [-0.6948, 0.022400403558567043], "TECH": [-0.030237499999999994, 0.022400403558567043], "THLD": [0.2023, 0.022400403558567043], "TRVN": [0.0, 0.022400403558567043], "TSRO": [-0.2732, 0.022400403558567043], "USD": [0.2805927536231881, 0.022400403558567043], "VICL": [0.0, 0.022400403558567043], "VNDA": [0.1107125, 0.022400403558567043], "VPHM": [0.0, 0.022400403558567043], "VRTX": [0.21075, 0.022400403558567043], "VVUS": [-0.3182, 0.022400403558567043], "XLRN": [0.0, 0.022400403558567043]}