{"AST": [-0.09106666666666667, -0.10624444444444443], "KERX": [-0.2732, -0.10624444444444443], "ONCE": [-0.2732, -0.10624444444444443], "OSIP": [0.0, -0.10624444444444443], "SLXP": [0.0, -0.10624444444444443], "STEM": [0.0, -0.10624444444444443]}