{"ACAD": [-0.025518518518518513, 0.1386245408666277], "ACHN": [0.0, 0.1386245408666277], "AEGR": [0.296, 0.1386245408666277], "AFFX": [0.0, 0.1386245408666277], "AFFY": [0.0, 0.1386245408666277], "AGEN": [0.0, 0.1386245408666277], "AKRX": [0.1468, 0.1386245408666277], "ALKS": [0.296, 0.1386245408666277], "ALNY": [-0.04933333333333333, 0.1386245408666277], "ALTH": [0.31567, 0.1386245408666277], "ALXA": [-0.06719333333333334, 0.1386245408666277], "ALXN": [0.09052, 0.1386245408666277], "AMGN": [0.029599999999999998, 0.1386245408666277], "AMLN": [0.4588, 0.1386245408666277], "AMRN": [0.21070287356321837, 0.1386245408666277], "ANAC": [0.0, 0.1386245408666277], "APCVZ&": [0.0, 0.1386245408666277], "APPX": [0.0, 0.1386245408666277], "ARIA": [0.39528400000000014, 0.1386245408666277], "ARNA": [0.13453529411764706, 0.1386245408666277], "ARQL": [0.1439222222222222, 0.1386245408666277], "ARRY": [0.4515176470588237, 0.1386245408666277], "ARXT": [0.0, 0.1386245408666277], "ASPX": [0.16075066666666665, 0.1386245408666277], "AST": [0.08772515723270435, 0.1386245408666277], "ASTX": [0.133996, 0.1386245408666277], "AVEO": [0.0, 0.1386245408666277], "AVII": [0.4019, 0.1386245408666277], "AVNR": [-0.08333333333333333, 0.1386245408666277], "AXCA": [0.18403333333333335, 0.1386245408666277], "BCRX": [0.0, 0.1386245408666277], "BGIXX": [0.0, 0.1386245408666277], "BIIB": [0.0, 0.1386245408666277], "BIVN": [0.0, 0.1386245408666277], "BLKFDS": [0.0, 0.1386245408666277], "BLUE": [0.1187, 0.1386245408666277], "BLUS": [0.0, 0.1386245408666277], "BPAX": [0.26468676470588237, 0.1386245408666277], "BRIXX": [0.0, 0.1386245408666277], "BTRX": [0.0, 0.1386245408666277], "CALP": [0.29893333333333333, 0.1386245408666277], "CBST": [0.05179090909090909, 0.1386245408666277], "CELG": [-0.23012857142857146, 0.1386245408666277], "CERS": [0.0, 0.1386245408666277], "CLDX": [0.2856424242424243, 0.1386245408666277], "COLL": [0.1366, 0.1386245408666277], "COLY": [0.0, 0.1386245408666277], "CRA": [0.01667857142857143, 0.1386245408666277], "CRIS": [0.0, 0.1386245408666277], "CRME": [0.0, 0.1386245408666277], "CSKI": [-0.20786666666666667, 0.1386245408666277], "CTIC": [0.03735555555555556, 0.1386245408666277], "CYTK": [0.17178333333333332, 0.1386245408666277], "DNDN": [0.34306666666666674, 0.1386245408666277], "DRAX": [0.0, 0.1386245408666277], "DSCO": [0.028900000000000002, 0.1386245408666277], "DVAX": [0.2148222222222222, 0.1386245408666277], "ECYT": [0.0, 0.1386245408666277], "EDIT": [0.24225, 0.1386245408666277], "EGRX": [0.0, 0.1386245408666277], "ENCY": [0.0, 0.1386245408666277], "ENDP": [0.3239, 0.1386245408666277], "ENTA": [0.042550000000000004, 0.1386245408666277], "ENZN": [0.0, 0.1386245408666277], "EURX": [0.0, 0.1386245408666277], "EXEL": [0.19986744186046512, 0.1386245408666277], "FACT": [0.12066190476190476, 0.1386245408666277], "FOLD": [0.1468, 0.1386245408666277], "FURX": [0.0, 0.1386245408666277], "GENZ": [-0.14286666666666667, 0.1386245408666277], "GERN": [0.1288, 0.1386245408666277], "GILD": [0.0, 0.1386245408666277], "GNTA": [0.0, 0.1386245408666277], "GRFS": [0.7269, 0.1386245408666277], "HALO": [0.43779999999999997, 0.1386245408666277], "HGSI": [0.1589, 0.1386245408666277], "HITK": [0.0, 0.1386245408666277], "HZNP": [0.12803076923076923, 0.1386245408666277], "ICEL": [0.4404, 0.1386245408666277], "ICPT": [0.0, 0.1386245408666277], "ICY": [0.0, 0.1386245408666277], "IDIX": [0.4061850000000001, 0.1386245408666277], "ILMN": [0.0, 0.1386245408666277], "ILU": [0.051939999999999986, 0.1386245408666277], "IMGN": [0.0, 0.1386245408666277], "IMMU": [-0.22296, 0.1386245408666277], "INCR": [0.39092, 0.1386245408666277], "INCY": [0.11346666666666666, 0.1386245408666277], "INFI": [0.0, 0.1386245408666277], "INO": [0.04465555555555555, 0.1386245408666277], "INVA": [0.0, 0.1386245408666277], "IONS": [0.11190000000000001, 0.1386245408666277], "IPXL": [0.41486153846153834, 0.1386245408666277], "IRWD": [0.0, 0.1386245408666277], "ISIS": [0.2570775862068965, 0.1386245408666277], "ISTA": [0.21896923076923078, 0.1386245408666277], "ITEK": [0.34, 0.1386245408666277], "ITMN": [0.161, 0.1386245408666277], "JAZZ": [0.2121333333333333, 0.1386245408666277], "KERX": [0.0, 0.1386245408666277], "LBIO": [0.06373333333333334, 0.1386245408666277], "LIFE": [0.0252875, 0.1386245408666277], "LXRX": [0.5661, 0.1386245408666277], "MACK": [0.0, 0.1386245408666277], "MDVN": [0.12812857142857145, 0.1386245408666277], "MEDI": [0.08386666666666667, 0.1386245408666277], "MITI": [0.555, 0.1386245408666277], "MNK": [0.24264999999999995, 0.1386245408666277], "MNKD": [0.24264999999999995, 0.1386245408666277], "MYGN": [0.4, 0.1386245408666277], "MYL": [0.2294, 0.1386245408666277], "NBIX": [0.6249000000000001, 0.1386245408666277], "NERV": [0.7589, 0.1386245408666277], "NFLD": [0.0, 0.1386245408666277], "NH": [0.01941111111111112, 0.1386245408666277], "NK": [0.23419578947368427, 0.1386245408666277], "NKTR": [0.25, 0.1386245408666277], "NLNK": [0.6124, 0.1386245408666277], "NPSP": [0.11722558139534882, 0.1386245408666277], "NRMX": [0.0, 0.1386245408666277], "NVAX": [0.0, 0.1386245408666277], "OMER": [0.0, 0.1386245408666277], "ONCE": [0.11781111111111112, 0.1386245408666277], "ONTY": [0.02908, 0.1386245408666277], "ONXX": [0.28995357142857153, 0.1386245408666277], "OPK": [0.2936, 0.1386245408666277], "OPTR": [0.12138, 0.1386245408666277], "OREX": [0.05876538461538461, 0.1386245408666277], "OSCI": [0.0, 0.1386245408666277], "OSIR": [0.1468, 0.1386245408666277], "OTIC": [0.2029727272727273, 0.1386245408666277], "PACB": [0.0, 0.1386245408666277], "PCRX": [0.0, 0.1386245408666277], "PCYC": [0.30364814814814817, 0.1386245408666277], "PGNX": [0.0, 0.1386245408666277], "QCOR": [0.13471666666666668, 0.1386245408666277], "REGN": [0.23715, 0.1386245408666277], "RIGL": [0.10606666666666666, 0.1386245408666277], "SAGE": [0.1549679487179487, 0.1386245408666277], "SCLN": [0.0, 0.1386245408666277], "SGEN": [0.5802642857142858, 0.1386245408666277], "SGMO": [0.3939, 0.1386245408666277], "SGNT": [0.3818, 0.1386245408666277], "SGYP": [0.0, 0.1386245408666277], "SLXA": [0.0, 0.1386245408666277], "SLXP": [0.0, 0.1386245408666277], "SNTA": [0.26310645161290325, 0.1386245408666277], "SNTS": [0.19479166666666667, 0.1386245408666277], "SPPI": [0.31126, 0.1386245408666277], "SQNM": [0.2986181818181818, 0.1386245408666277], "SRPT": [0.10415808823529416, 0.1386245408666277], "STEM": [0.13594945054945046, 0.1386245408666277], "SUPG": [0.0, 0.1386245408666277], "SUPN": [0.1468, 0.1386245408666277], "SVNT": [0.20095, 0.1386245408666277], "TECH": [0.2722060606060607, 0.1386245408666277], "TEVA": [0.0, 0.1386245408666277], "THLD": [0.09635714285714285, 0.1386245408666277], "THRX": [0.0, 0.1386245408666277], "TNOX": [0.0, 0.1386245408666277], "TRGT": [0.5756200000000001, 0.1386245408666277], "TSRO": [0.0, 0.1386245408666277], "TSRX": [0.35879999999999995, 0.1386245408666277], "TWTI": [0.0, 0.1386245408666277], "USD": [0.09254213836477987, 0.1386245408666277], "VICL": [0.11175, 0.1386245408666277], "VNDA": [0.0, 0.1386245408666277], "VPHM": [0.0, 0.1386245408666277], "VRTX": [0.05732, 0.1386245408666277], "VVUS": [0.15285, 0.1386245408666277], "WCRX": [0.26263333333333333, 0.1386245408666277], "XNPT": [0.8225, 0.1386245408666277], "ZLCS": [0.11962241379310347, 0.1386245408666277]}