{"AAVL": [0.18465, 0.08349282318265955], "ACAD": [0.12093750000000003, 0.08349282318265955], "ACHN": [0.28961428571428577, 0.08349282318265955], "ACOR": [0.002894117647058823, 0.08349282318265955], "ACRX": [0.13814444444444443, 0.08349282318265955], "ADHD": [0.0, 0.08349282318265955], "ADLR": [0.0, 0.08349282318265955], "ADMS": [0.056866666666666676, 0.08349282318265955], "ADRO": [0.05741428571428571, 0.08349282318265955], "ADVM": [0.07464375000000001, 0.08349282318265955], "AEGR": [0.14926923076923082, 0.08349282318265955], "AERI": [0.16483307692307692, 0.08349282318265955], "AFFX": [0.0, 0.08349282318265955], "AFFY": [0.0, 0.08349282318265955], "AFMD": [0.08877499999999999, 0.08349282318265955], "AGEN": [0.18285, 0.08349282318265955], "AGIO": [0.25046410256410256, 0.08349282318265955], "AGTC": [0.1525, 0.08349282318265955], "AIMT": [-0.002193333333333336, 0.08349282318265955], "AKBA": [-0.012261538461538463, 0.08349282318265955], "AKRX": [0.11989230769230769, 0.08349282318265955], "ALDR": [0.1358125, 0.08349282318265955], "ALIM": [0.0, 0.08349282318265955], "ALKS": [0.05739999999999999, 0.08349282318265955], "ALNY": [0.23842063492063487, 0.08349282318265955], "ALTH": [0.10859642857142858, 0.08349282318265955], "ALXA": [0.0, 0.08349282318265955], "ALXN": [0.10713225806451611, 0.08349282318265955], "AMAG": [-0.08703333333333334, 0.08349282318265955], "AMGN": [0.1125113924050633, 0.08349282318265955], "AMPH": [0.12970238095238096, 0.08349282318265955], "AMRI": [0.0, 0.08349282318265955], "AMRN": [0.07938, 0.08349282318265955], "ANAC": [0.0, 0.08349282318265955], "ANDS": [0.12863846153846153, 0.08349282318265955], "ANIP": [0.048999999999999995, 0.08349282318265955], "ANPI": [-0.7184, 0.08349282318265955], "ANTH": [0.13271428571428573, 0.08349282318265955], "AQXP": [0.11137802197802195, 0.08349282318265955], "ARDX": [0.0, 0.08349282318265955], "ARIA": [0.11989900000000003, 0.08349282318265955], "ARLZ": [0.05631153846153847, 0.08349282318265955], "ARNA": [0.0009181818181818189, 0.08349282318265955], "ARQL": [0.17020000000000002, 0.08349282318265955], "ARRY": [0.26175479452054784, 0.08349282318265955], "ARWR": [0.20744285714285712, 0.08349282318265955], "ASPX": [-0.22412727272727276, 0.08349282318265955], "AST": [0.06830319634703196, 0.08349282318265955], "ASTX": [0.0, 0.08349282318265955], "ATRA": [0.08253333333333333, 0.08349282318265955], "AUXL": [0.0, 0.08349282318265955], "AVEO": [0.0, 0.08349282318265955], "AVNR": [0.0, 0.08349282318265955], "AVXS": [0.4935304347826087, 0.08349282318265955], "BCRX": [0.10212000000000002, 0.08349282318265955], "BIIB": [-0.005236842105263155, 0.08349282318265955], "BIOD": [0.36414, 0.08349282318265955], "BIOV": [0.0, 0.08349282318265955], "BJGP": [0.8516, 0.08349282318265955], "BLCM": [0.09072, 0.08349282318265955], "BLUE": [0.22732658227848102, 0.08349282318265955], "BMRN": [0.2709617647058824, 0.08349282318265955], "BMTI": [0.0, 0.08349282318265955], "BOLD": [0.31845, 0.08349282318265955], "BPMC": [0.18352, 0.08349282318265955], "CALP": [0.3180272727272727, 0.08349282318265955], "CARA": [0.099790625, 0.08349282318265955], "CASC": [0.02596666666666667, 0.08349282318265955], "CBPO": [0.0, 0.08349282318265955], "CBST": [0.0, 0.08349282318265955], "CCXI": [0.17848604651162792, 0.08349282318265955], "CELG": [0.03269615384615385, 0.08349282318265955], "CEMP": [0.14393181818181816, 0.08349282318265955], "CEPH": [-0.050575, 0.08349282318265955], "CERS": [0.09388571428571428, 0.08349282318265955], "CGEN": [0.0, 0.08349282318265955], "CHMA": [-0.014345454545454545, 0.08349282318265955], "CHRS": [0.13523333333333334, 0.08349282318265955], "CLCD": [0.11695468749999997, 0.08349282318265955], "CLDN": [0.2083, 0.08349282318265955], "CLDX": [0.07331818181818182, 0.08349282318265955], "CLSD": [0.1454875, 0.08349282318265955], "CLVS": [0.12779958506224068, 0.08349282318265955], "CMRX": [0.02481538461538462, 0.08349282318265955], "CNCE": [0.17020000000000002, 0.08349282318265955], "CNCT": [0.0, 0.08349282318265955], "COLL": [-0.004735714285714292, 0.08349282318265955], "CRA": [0.0477948717948718, 0.08349282318265955], "CRIS": [0.08364166666666667, 0.08349282318265955], "CRME": [0.0, 0.08349282318265955], "CSKI": [0.0, 0.08349282318265955], "CTIC": [0.05680909090909091, 0.08349282318265955], "CTRX": [0.2202, 0.08349282318265955], "CXRX": [0.020245454545454535, 0.08349282318265955], "CYTK": [0.0, 0.08349282318265955], "CYTX": [0.0, 0.08349282318265955], "DEPO": [0.17524193548387096, 0.08349282318265955], "DERM": [0.14114400000000002, 0.08349282318265955], "DIGE": [0.0, 0.08349282318265955], "DNAI": [0.07741666666666666, 0.08349282318265955], "DNDN": [-0.21989999999999998, 0.08349282318265955], "DRNA": [0.17300816326530616, 0.08349282318265955], "DRRX": [0.11884285714285715, 0.08349282318265955], "DSCO": [0.0, 0.08349282318265955], "DVAX": [-0.013463999999999999, 0.08349282318265955], "DYAX": [0.0, 0.08349282318265955], "ECYT": [0.0, 0.08349282318265955], "EDIT": [0.5403157894736842, 0.08349282318265955], "EGLT": [0.013999999999999997, 0.08349282318265955], "EGRX": [0.12677500000000003, 0.08349282318265955], "EMIS": [0.1969, 0.08349282318265955], "ENCY": [0.3377285714285715, 0.08349282318265955], "ENDP": [-0.015451063829787233, 0.08349282318265955], "ENTA": [0.09335538461538462, 0.08349282318265955], "ENZN": [0.0, 0.08349282318265955], "EPZM": [0.2085142857142857, 0.08349282318265955], "ESPR": [0.0889568, 0.08349282318265955], "EXEL": [0.07726875000000001, 0.08349282318265955], "FACT": [-0.05249999999999999, 0.08349282318265955], "FGEN": [0.10969534883720931, 0.08349282318265955], "FLKS": [0.20812, 0.08349282318265955], "FLML": [0.0, 0.08349282318265955], "FLXN": [0.074, 0.08349282318265955], "FMI": [0.17383333333333337, 0.08349282318265955], "FOLD": [0.16165483870967742, 0.08349282318265955], "FOMX": [0.0, 0.08349282318265955], "FPRX": [0.091, 0.08349282318265955], "FURX": [0.0, 0.08349282318265955], "GBT": [0.2801733333333333, 0.08349282318265955], "GENZ": [0.0, 0.08349282318265955], "GERN": [0.06843529411764705, 0.08349282318265955], "GEVA": [0.0, 0.08349282318265955], "GHDX": [0.17407499999999998, 0.08349282318265955], "GILD": [0.10199751861042192, 0.08349282318265955], "GNVC": [0.0, 0.08349282318265955], "GPRO": [0.07997630522088353, 0.08349282318265955], "GRFS": [0.0, 0.08349282318265955], "GTXI": [0.0, 0.08349282318265955], "GWPH": [0.028685714285714287, 0.08349282318265955], "HALO": [0.1721924528301887, 0.08349282318265955], "HBIO": [0.0, 0.08349282318265955], "HGSI": [0.4939, 0.08349282318265955], "HITK": [0.0, 0.08349282318265955], "HPTX": [0.0, 0.08349282318265955], "HZNP": [0.11129189189189188, 0.08349282318265955], "ICEL": [0.41133749999999997, 0.08349282318265955], "ICPT": [0.09603219178082184, 0.08349282318265955], "ICY": [-0.005650000000000007, 0.08349282318265955], "IDIX": [-0.12281666666666669, 0.08349282318265955], "ILMN": [0.051561111111111106, 0.08349282318265955], "ILU": [0.05925999999999998, 0.08349282318265955], "IMDZ": [0.2581, 0.08349282318265955], "IMGN": [0.0, 0.08349282318265955], "IMMU": [0.10919583333333334, 0.08349282318265955], "INCR": [0.18042962962962963, 0.08349282318265955], "INCY": [0.10126041666666667, 0.08349282318265955], "INFI": [0.19733333333333333, 0.08349282318265955], "INGN": [0.1027, 0.08349282318265955], "INHX": [0.0, 0.08349282318265955], "INO": [0.16139687499999997, 0.08349282318265955], "INSM": [0.0, 0.08349282318265955], "INSY": [0.11783999999999999, 0.08349282318265955], "INVA": [0.2646, 0.08349282318265955], "IONS": [0.23109468085106374, 0.08349282318265955], "IPXL": [0.08209999999999999, 0.08349282318265955], "IRWD": [0.0, 0.08349282318265955], "ISIS": [0.8614, 0.08349282318265955], "ISTA": [0.06575833333333335, 0.08349282318265955], "ITCI": [-0.024337499999999998, 0.08349282318265955], "ITEK": [0.14431875, 0.08349282318265955], "ITMN": [0.07555, 0.08349282318265955], "JAZZ": [-0.08814999999999999, 0.08349282318265955], "JUNO": [0.060686666666666673, 0.08349282318265955],