{"AAVL": [-0.021928, 0.11522332196304824], "ACAD": [0.08990952380952394, 0.11522332196304824], "ACHN": [0.08257692307692309, 0.11522332196304824], "ACOR": [0.08032307692307689, 0.11522332196304824], "ACRX": [0.44084, 0.11522332196304824], "ADHD": [0.07461538461538461, 0.11522332196304824], "ADRO": [-0.03415, 0.11522332196304824], "AEGR": [0.3119818181818182, 0.11522332196304824], "AERI": [-0.09052, 0.11522332196304824], "AFFX": [0.3659444444444444, 0.11522332196304824], "AFFY": [0.2256142857142857, 0.11522332196304824], "AFMD": [-0.22042, 0.11522332196304824], "AGEN": [-0.017100000000000004, 0.11522332196304824], "AGIO": [0.06142456140350877, 0.11522332196304824], "AGIX": [0.42449999999999993, 0.11522332196304824], "AGTC": [0.0, 0.11522332196304824], "AIMT": [0.007371428571428571, 0.11522332196304824], "AKBA": [0.15032068965517242, 0.11522332196304824], "AKRX": [0.2076166666666667, 0.11522332196304824], "ALDR": [0.026623529411764706, 0.11522332196304824], "ALIM": [0.14765999999999999, 0.11522332196304824], "ALKS": [0.12504857142857143, 0.11522332196304824], "ALNY": [0.068475, 0.11522332196304824], "ALTH": [0.2899550000000001, 0.11522332196304824], "ALTU": [0.35611666666666664, 0.11522332196304824], "ALXA": [0.0, 0.11522332196304824], "ALXN": [0.05531323529411763, 0.11522332196304824], "AMAG": [0.3052428571428571, 0.11522332196304824], "AMGN": [-0.022011728395061724, 0.11522332196304824], "AMRN": [0.04296162790697673, 0.11522332196304824], "ANAC": [0.06144499999999999, 0.11522332196304824], "ANDS": [0.1975342105263158, 0.11522332196304824], "ANIP": [0.15362941176470588, 0.11522332196304824], "ANTH": [0.056975000000000005, 0.11522332196304824], "AQXP": [0.10917533333333332, 0.11522332196304824], "ARDX": [0.3393777777777778, 0.11522332196304824], "ARIA": [0.09713953488372092, 0.11522332196304824], "ARNA": [0.11160512820512822, 0.11522332196304824], "ARRY": [0.27659142857142854, 0.11522332196304824], "ARWR": [0.10979166666666666, 0.11522332196304824], "ASPX": [-0.031666666666666676, 0.11522332196304824], "AST": [0.00409819004524887, 0.11522332196304824], "ASTX": [0.5264333333333333, 0.11522332196304824], "ATRA": [0.05695, 0.11522332196304824], "AVEO": [0.18448260869565217, 0.11522332196304824], "AVNR": [0.31586, 0.11522332196304824], "BCRX": [0.3512, 0.11522332196304824], "BIIB": [0.005953623188405848, 0.11522332196304824], "BIOD": [-0.04976315789473685, 0.11522332196304824], "BLCM": [0.050059090909090914, 0.11522332196304824], "BLUE": [0.03801483870967741, 0.11522332196304824], "BMRN": [-0.3485439024390244, 0.11522332196304824], "BOLD": [0.6124, 0.11522332196304824], "BPMC": [0.1809277777777778, 0.11522332196304824], "CADX": [0.5060399999999999, 0.11522332196304824], "CALP": [-0.296, 0.11522332196304824], "CARA": [0.0779909090909091, 0.11522332196304824], "CBPO": [0.24060769230769233, 0.11522332196304824], "CCXI": [0.29025999999999996, 0.11522332196304824], "CELG": [0.10393588516746399, 0.11522332196304824], "CEMP": [0.13854500000000003, 0.11522332196304824], "CEPH": [0.003850000000000013, 0.11522332196304824], "CERS": [0.23758181818181817, 0.11522332196304824], "CGEN": [0.32455, 0.11522332196304824], "CGPI": [0.4926, 0.11522332196304824], "CHMA": [0.31398979591836745, 0.11522332196304824], "CHRS": [0.1933, 0.11522332196304824], "CLCD": [-0.056575, 0.11522332196304824], "CLDN": [0.15557547169811323, 0.11522332196304824], "CLDX": [0.05209285714285714, 0.11522332196304824], "CLVS": [0.32195, 0.11522332196304824], "CMRX": [-0.018285714285714287, 0.11522332196304824], "CNCE": [0.05464, 0.11522332196304824], "COLL": [0.2614842105263158, 0.11522332196304824], "CRA": [0.19566190476190476, 0.11522332196304824], "CRIS": [0.06821818181818182, 0.11522332196304824], "CRME": [0.15793, 0.11522332196304824], "CTIC": [0.119396, 0.11522332196304824], "CTRX": [0.4285272727272727, 0.11522332196304824], "CXRX": [0.3185142857142857, 0.11522332196304824], "CYTX": [0.15295625, 0.11522332196304824], "DBVT": [0.03549142857142857, 0.11522332196304824], "DEPO": [0.14082638888888888, 0.11522332196304824], "DERM": [0.0026705882352941173, 0.11522332196304824], "DIGE": [0.32471111111111106, 0.11522332196304824], "DNAI": [0.0, 0.11522332196304824], "DNDN": [0.0, 0.11522332196304824], "DRNA": [0.30912, 0.11522332196304824], "DRRX": [0.03595238095238095, 0.11522332196304824], "DSCO": [0.13108571428571428, 0.11522332196304824], "DVAX": [0.22094901960784316, 0.11522332196304824], "DYAX": [0.18010909090909089, 0.11522332196304824], "ECYT": [0.25286923076923074, 0.11522332196304824], "EDIT": [0.15833333333333333, 0.11522332196304824], "EGLT": [-0.4166, 0.11522332196304824], "EGRX": [0.03208854625550661, 0.11522332196304824], "EMIS": [0.09329090909090909, 0.11522332196304824], "ENCY": [0.5211734693877554, 0.11522332196304824], "ENDP": [0.03607826086956522, 0.11522332196304824], "ENTA": [0.20810930232558142, 0.11522332196304824], "ENZN": [0.15106140350877195, 0.11522332196304824], "EPZM": [0.2271, 0.11522332196304824], "ESPR": [-0.04255377358490567, 0.11522332196304824], "EXEL": [0.17336865671641793, 0.11522332196304824], "FACT": [0.10053333333333334, 0.11522332196304824], "FGEN": [0.1746108108108108, 0.11522332196304824], "FLKS": [-0.18213333333333334, 0.11522332196304824], "FLML": [0.0, 0.11522332196304824], "FLXN": [0.0, 0.11522332196304824], "FMI": [0.0, 0.11522332196304824], "FOLD": [0.10840000000000001, 0.11522332196304824], "FOMX": [0.0, 0.11522332196304824], "FPRX": [0.16840909090909092, 0.11522332196304824], "GBT": [0.12619411764705885, 0.11522332196304824], "GERN": [0.14149999999999996, 0.11522332196304824], "GEVA": [0.25937272727272725, 0.11522332196304824], "GHDX": [0.0, 0.11522332196304824], "GILD": [0.1367516417910447, 0.11522332196304824], "GNVC": [0.35611666666666664, 0.11522332196304824], "GPRO": [0.10266197718631183, 0.11522332196304824], "GWPH": [-0.051267968750000004, 0.11522332196304824], "HALO": [0.13929310344827583, 0.11522332196304824], "HZNP": [0.1532745454545453, 0.11522332196304824], "ICEL": [0.4418100000000001, 0.11522332196304824], "ICPT": [0.14039361702127665, 0.11522332196304824], "ICY": [0.0, 0.11522332196304824], "ILMN": [0.008491999999999998, 0.11522332196304824], "ILU": [-0.1027, 0.11522332196304824], "IMDZ": [-0.19579999999999997, 0.11522332196304824], "IMGN": [0.06373628318584072, 0.11522332196304824], "IMMU": [-0.01309642857142857, 0.11522332196304824], "INCR": [0.13999333333333336, 0.11522332196304824], "INCY": [0.0030210526315789317, 0.11522332196304824], "INFI": [0.26553, 0.11522332196304824], "INGN": [0.1275, 0.11522332196304824], "INO": [0.06987821782178218, 0.11522332196304824], "INSM": [0.0, 0.11522332196304824], "INSY": [0.2344222222222222, 0.11522332196304824], "INVA": [-0.4939, 0.11522332196304824], "IONS": [0.05693668639053254, 0.11522332196304824], "IPXL": [0.24738, 0.11522332196304824], "IRWD": [0.5267, 0.11522332196304824], "ISIS": [0.30227500000000007, 0.11522332196304824], "ISPH": [0.0, 0.11522332196304824], "ISTA": [0.09527999999999999, 0.11522332196304824], "ITCI": [0.11348, 0.11522332196304824], "ITEK": [0.09557461928934004, 0.11522332196304824], "JAZZ": [0.15003333333333332, 0.11522332196304824], "JUNO": [0.03078816568047338, 0.11522332196304824], "KERX": [0.05178571428571428, 0.11522332196304824], "KITE": [0.05353758389261746, 0.11522332196304824], "KMPH": [-0.24143750000000003, 0.11522332196304824], "KPTI": [0.08433225806451612, 0.11522332196304824], "KYTH": [0.0, 0.11522332196304824], "LBIO": [0.21913728813559324, 0.11522332196304824], "LGND": [-0.22914318181818183, 0.11522332196304824], "LIFE": [0.10988484848484849, 0.11522332196304824], "LOXO": [0.6369, 0.11522332196304824], "LXRX": [0.06754545454545455, 0.11522332196304824], "MACK": [0.08686666666666666, 0.11522332196304824], "MCRB": [0.4588, 0.11522332196304824], "MDCO": [0.23984117647058825, 0.11522332196304824], "MDVN": [-0.3739058823529411, 0.11522332196304824], "MEDI": [0.2658838337182463, 0.11522332196304824], "MEDX": [0.0, 0.11522332196304824],