{"AFFY": [0.105375, 0.12410186485133058], "AGEN": [0.0, 0.12410186485133058], "ALKS": [0.0, 0.12410186485133058], "ALTH": [0.09014285714285715, 0.12410186485133058], "ALXA": [-0.37697142857142857, 0.12410186485133058], "AMGN": [0.16666666666666666, 0.12410186485133058], "AMRN": [0.27098, 0.12410186485133058], "ANDS": [0.018285714285714287, 0.12410186485133058], "ARIA": [0.0, 0.12410186485133058], "ARNA": [0.1329108108108108, 0.12410186485133058], "ARRY": [0.0, 0.12410186485133058], "ASPX": [0.045867741935483874, 0.12410186485133058], "AST": [0.16249090909090913, 0.12410186485133058], "ATRA": [0.5574, 0.12410186485133058], "AVEO": [0.40190000000000003, 0.12410186485133058], "AVII": [0.0, 0.12410186485133058], "AVNR": [0.2870714285714286, 0.12410186485133058], "BIIB": [0.0, 0.12410186485133058], "BLUE": [0.0, 0.12410186485133058], "BMRN": [0.0, 0.12410186485133058], "CADX": [0.0, 0.12410186485133058], "CASC": [0.0, 0.12410186485133058], "CBRX": [0.56175, 0.12410186485133058], "CELG": [0.0597625, 0.12410186485133058], "CEPH": [0.1333, 0.12410186485133058], "CERS": [0.2732, 0.12410186485133058], "COLL": [0.5984, 0.12410186485133058], "CRA": [0.0573875, 0.12410186485133058], "CRIS": [0.0, 0.12410186485133058], "CRME": [0.08452857142857144, 0.12410186485133058], "CSKI": [0.0, 0.12410186485133058], "CTIC": [0.0, 0.12410186485133058], "CYTK": [0.3185875, 0.12410186485133058], "CYTX": [0.2707333333333333, 0.12410186485133058], "DNDN": [0.0, 0.12410186485133058], "DSCO": [0.0, 0.12410186485133058], "DVAX": [0.15640000000000004, 0.12410186485133058], "EDIT": [0.3818, 0.12410186485133058], "ENDP": [0.35663333333333336, 0.12410186485133058], "ENTA": [0.42367999999999995, 0.12410186485133058], "FOLD": [0.0, 0.12410186485133058], "GENZ": [0.02563333333333333, 0.12410186485133058], "GERN": [0.25445625, 0.12410186485133058], "GNTA": [0.0, 0.12410186485133058], "GNVC": [0.0, 0.12410186485133058], "HALO": [-0.06189999999999998, 0.12410186485133058], "HGSI": [0.034709090909090905, 0.12410186485133058], "HITK": [0.16184, 0.12410186485133058], "ILMN": [-0.17020000000000002, 0.12410186485133058], "IMMU": [0.0, 0.12410186485133058], "INCR": [0.3182, 0.12410186485133058], "INGN": [0.0, 0.12410186485133058], "INHX": [-0.296, 0.12410186485133058], "INO": [-0.0516, 0.12410186485133058], "IONS": [0.09737499999999999, 0.12410186485133058], "IPXL": [0.0, 0.12410186485133058], "ISIS": [0.6705, 0.12410186485133058], "ISPH": [0.765, 0.12410186485133058], "ISTA": [0.0, 0.12410186485133058], "JAZZ": [0.6249, 0.12410186485133058], "KERX": [0.38126666666666664, 0.12410186485133058], "LBIO": [0.06369, 0.12410186485133058], "LIFE": [0.0, 0.12410186485133058], "LXRX": [0.0, 0.12410186485133058], "MDVN": [-0.45691666666666664, 0.12410186485133058], "MEDI": [-0.03086, 0.12410186485133058], "MITI": [0.0, 0.12410186485133058], "MNTA": [0.40190000000000003, 0.12410186485133058], "MYGN": [0.6115, 0.12410186485133058], "MYL": [0.0, 0.12410186485133058], "NBIX": [0.296, 0.12410186485133058], "NH": [0.08713333333333334, 0.12410186485133058], "NK": [0.252273076923077, 0.12410186485133058], "OMED": [0.0, 0.12410186485133058], "ONCE": [0.12605, 0.12410186485133058], "ONXX": [0.12253333333333337, 0.12410186485133058], "OREX": [0.25917426470588234, 0.12410186485133058], "PARD": [0.2642, 0.12410186485133058], "PDLI": [0.4215, 0.12410186485133058], "POZN": [0.0, 0.12410186485133058], "QCOR": [0.10115, 0.12410186485133058], "RPTP": [0.0, 0.12410186485133058], "SAGE": [0.1122, 0.12410186485133058], "SCMP": [0.5994, 0.12410186485133058], "SGEN": [-0.3140666666666666, 0.12410186485133058], "SGMO": [0.21927777777777782, 0.12410186485133058], "SIGA": [0.0, 0.12410186485133058], "SLXP": [0.0, 0.12410186485133058], "SPPI": [0.21873548387096772, 0.12410186485133058], "STEM": [-0.043125, 0.12410186485133058], "SVA": [0.34, 0.12410186485133058], "TECH": [0.13652499999999998, 0.12410186485133058], "TEVA": [-0.21155, 0.12410186485133058], "TRMS": [0.0, 0.12410186485133058], "USD": [0.10221428571428572, 0.12410186485133058], "VICL": [0.20095, 0.12410186485133058], "VPHM": [0.0, 0.12410186485133058], "VRNM": [0.0, 0.12410186485133058], "VVUS": [0.2378354838709677, 0.12410186485133058], "XNPT": [0.0, 0.12410186485133058]}