{"AAVL": [0.14277777777777778, 0.1655201067060793], "ACAD": [0.10724761904761904, 0.1655201067060793], "ACHN": [0.23120624999999995, 0.1655201067060793], "ACOR": [0.35612222222222223, 0.1655201067060793], "ACRX": [0.12286938775510203, 0.1655201067060793], "ADHD": [-0.03334615384615385, 0.1655201067060793], "ADMS": [0.2553, 0.1655201067060793], "AEGR": [0.12545901639344262, 0.1655201067060793], "AERI": [0.0587, 0.1655201067060793], "AFFX": [0.29424, 0.1655201067060793], "AFFY": [0.2452, 0.1655201067060793], "AFMD": [0.0, 0.1655201067060793], "AGEN": [0.3378545454545455, 0.1655201067060793], "AGIO": [0.08887894736842106, 0.1655201067060793], "AGTC": [0.0903, 0.1655201067060793], "AKBA": [0.0, 0.1655201067060793], "AKRX": [0.08458561151079134, 0.1655201067060793], "ALDR": [0.0, 0.1655201067060793], "ALIM": [0.4203428571428572, 0.1655201067060793], "ALKS": [0.09409444444444443, 0.1655201067060793], "ALNY": [0.0, 0.1655201067060793], "ALTH": [0.24596703296703296, 0.1655201067060793], "ALTU": [0.7356, 0.1655201067060793], "ALXA": [0.0, 0.1655201067060793], "ALXN": [0.23365, 0.1655201067060793], "AMAG": [0.24787857142857142, 0.1655201067060793], "AMGN": [0.18602547169811323, 0.1655201067060793], "AMRI": [0.0, 0.1655201067060793], "AMRN": [0.16182342342342337, 0.1655201067060793], "ANAC": [0.25228666666666666, 0.1655201067060793], "ANDS": [0.5267, 0.1655201067060793], "ANIP": [0.08601666666666667, 0.1655201067060793], "ANTH": [0.11635, 0.1655201067060793], "AQXP": [0.2553, 0.1655201067060793], "ARDX": [-0.034494444444444446, 0.1655201067060793], "ARIA": [0.16667596899224807, 0.1655201067060793], "ARNA": [0.24808437499999994, 0.1655201067060793], "ARQL": [0.11205813953488371, 0.1655201067060793], "ARRY": [0.20195090909090907, 0.1655201067060793], "ARWR": [0.25698, 0.1655201067060793], "ASPX": [-0.0010125000000000065, 0.1655201067060793], "AST": [0.19183760445682446, 0.1655201067060793], "ASTX": [0.7356, 0.1655201067060793], "ATRA": [0.058325, 0.1655201067060793], "AUXL": [0.0, 0.1655201067060793], "AVEO": [0.6538666666666667, 0.1655201067060793], "AVII": [0.0, 0.1655201067060793], "AVNR": [0.26617857142857143, 0.1655201067060793], "BCRX": [0.11316923076923077, 0.1655201067060793], "BIIB": [0.15505909090909092, 0.1655201067060793], "BIOD": [0.0, 0.1655201067060793], "BIOV": [0.296, 0.1655201067060793], "BLCM": [0.3175666666666667, 0.1655201067060793], "BLUE": [-0.05509354838709678, 0.1655201067060793], "BMRN": [0.12059306930693069, 0.1655201067060793], "BMTI": [0.296, 0.1655201067060793], "CADX": [0.7576, 0.1655201067060793], "CALP": [0.19756, 0.1655201067060793], "CARA": [0.19176666666666664, 0.1655201067060793], "CBRX": [0.029958823529411763, 0.1655201067060793], "CBST": [-0.5994, 0.1655201067060793], "CCXI": [0.32693333333333335, 0.1655201067060793], "CELG": [0.0859227272727273, 0.1655201067060793], "CEMP": [-0.004326923076923079, 0.1655201067060793], "CEPH": [-0.11315, 0.1655201067060793], "CERS": [0.06129743589743587, 0.1655201067060793], "CGEN": [0.0, 0.1655201067060793], "CHRS": [0.0829, 0.1655201067060793], "CLDN": [0.2198875, 0.1655201067060793], "CLDX": [0.13595811965811966, 0.1655201067060793], "CLVS": [-0.03619499999999999, 0.1655201067060793], "CMRX": [0.16425625, 0.1655201067060793], "CNCE": [0.11455, 0.1655201067060793], "CNCT": [0.0, 0.1655201067060793], "COLL": [0.19346666666666668, 0.1655201067060793], "CRA": [0.24352361111111107, 0.1655201067060793], "CRIS": [0.11206, 0.1655201067060793], "CRME": [0.4014857142857143, 0.1655201067060793], "CTIC": [0.17380333333333334, 0.1655201067060793], "CTRX": [0.061040449438202256, 0.1655201067060793], "CYTK": [0.12751176470588235, 0.1655201067060793], "CYTX": [0.14056342412451361, 0.1655201067060793], "DBVT": [0.0, 0.1655201067060793], "DEPO": [0.28179090909090915, 0.1655201067060793], "DERM": [0.2936142857142857, 0.1655201067060793], "DNDN": [0.4460166666666667, 0.1655201067060793], "DOVP": [0.0, 0.1655201067060793], "DRNA": [0.08952666666666667, 0.1655201067060793], "DRRX": [0.0, 0.1655201067060793], "DSCO": [0.04013333333333333, 0.1655201067060793], "DVAX": [0.11966666666666666, 0.1655201067060793], "DYAX": [0.29414999999999997, 0.1655201067060793], "ECYT": [0.40380869565217387, 0.1655201067060793], "EDIT": [0.23741666666666664, 0.1655201067060793], "EGLT": [0.0, 0.1655201067060793], "EGRX": [0.14511666666666667, 0.1655201067060793], "EMIS": [0.7485, 0.1655201067060793], "ENCY": [0.28729166666666667, 0.1655201067060793], "ENDP": [0.10681666666666667, 0.1655201067060793], "ENTA": [0.17722063492063492, 0.1655201067060793], "ENZN": [0.0, 0.1655201067060793], "EPZM": [0.31245, 0.1655201067060793], "ESPR": [0.19785000000000003, 0.1655201067060793], "EXEL": [0.1471018181818182, 0.1655201067060793], "FACT": [-0.014100000000000001, 0.1655201067060793], "FGEN": [0.4939, 0.1655201067060793], "FLKS": [0.20413333333333336, 0.1655201067060793], "FLML": [0.20837647058823527, 0.1655201067060793], "FLXN": [0.0, 0.1655201067060793], "FMI": [-0.0043749999999999995, 0.1655201067060793], "FOLD": [0.02939999999999998, 0.1655201067060793], "FOMX": [0.03799230769230769, 0.1655201067060793], "FPRX": [0.5281166666666667, 0.1655201067060793], "GBT": [0.4588, 0.1655201067060793], "GERN": [0.3127578947368421, 0.1655201067060793], "GEVA": [0.15457931034482755, 0.1655201067060793], "GHDX": [0.0, 0.1655201067060793], "GILD": [0.0641447368421053, 0.1655201067060793], "GNVC": [0.3122666666666667, 0.1655201067060793], "GPRO": [0.11408478260869567, 0.1655201067060793], "GRFS": [0.0, 0.1655201067060793], "GTXI": [-0.049683333333333336, 0.1655201067060793], "GWPH": [0.09781500000000001, 0.1655201067060793], "HALO": [0.3672413793103448, 0.1655201067060793], "HBIO": [0.012683870967741932, 0.1655201067060793], "HGSI": [0.0, 0.1655201067060793], "HPTX": [0.11333636363636364, 0.1655201067060793], "HZNP": [0.2215142857142857, 0.1655201067060793], "ICEL": [0.39096, 0.1655201067060793], "ICOS": [0.4939, 0.1655201067060793], "ICPT": [0.18739999999999998, 0.1655201067060793], "ICY": [0.4767, 0.1655201067060793], "IDEV": [0.0, 0.1655201067060793], "ILMN": [0.2911846153846154, 0.1655201067060793], "ILU": [0.06864545454545452, 0.1655201067060793], "IMDZ": [0.0, 0.1655201067060793], "IMGN": [0.22511428571428574, 0.1655201067060793], "IMMU": [0.08680909090909093, 0.1655201067060793], "INCR": [0.3779531250000001, 0.1655201067060793], "INCY": [0.10481538461538462, 0.1655201067060793], "INFI": [0.24111666666666667, 0.1655201067060793], "INO": [0.28187333333333336, 0.1655201067060793], "INSM": [0.0, 0.1655201067060793], "INSY": [0.17689999999999997, 0.1655201067060793], "IONS": [0.0808102941176471, 0.1655201067060793], "IPXL": [0.2704785714285714, 0.1655201067060793], "IRWD": [0.06743333333333333, 0.1655201067060793], "ISIS": [0.12492444444444445, 0.1655201067060793], "ISTA": [0.23612500000000006, 0.1655201067060793], "ITCI": [0.0, 0.1655201067060793], "ITEK": [0.2527833333333333, 0.1655201067060793], "ITMN": [0.3753, 0.1655201067060793], "JAZZ": [0.2881000000000001, 0.1655201067060793], "JUNO": [0.003719999999999997, 0.1655201067060793], "KERX": [0.23394137931034487, 0.1655201067060793], "KITE": [-0.005408571428571418, 0.1655201067060793], "KPTI": [0.16465000000000002, 0.1655201067060793], "KYTH": [0.0, 0.1655201067060793], "LBIO": [0.12425439999999995, 0.1655201067060793], "LGND": [0.58848, 0.1655201067060793], "LIFE": [0.2890555555555555, 0.1655201067060793], "LMNX": [0.0, 0.1655201067060793], "LOXO": [0.28099999999999997, 0.1655201067060793], "LXRX": [0.21693636363636362, 0.1655201067060793], "MACK": [-0.015898076923076928, 0.1655201067060793], "MAPP": [0.0, 0.1655201067060793], "MDCO": [-0.1998, 0.1655201067060793], "MDVN": [0.13824285714285714, 0.1655201067060793], "MEDI": [0.2727341926729978, 0.1655201067060793], "MGNX": [0.0, 0.1655201067060793], "MITI": [0.0, 0.1655201067060793], "MNK": [0.1317814814814815, 0.1655201067060793], "MNKD": [0.13685, 0.1655201067060793], "MNOV": [0.0, 0.1655201067060793],