{"ACAD": [0.08755714285714286, 0.0929603655893653], "ACHN": [0.0, 0.0929603655893653], "ACOR": [0.0, 0.0929603655893653], "AEGR": [0.0, 0.0929603655893653], "AFFX": [0.0, 0.0929603655893653], "AFFY": [0.0, 0.0929603655893653], "AGEN": [0.47670000000000007, 0.0929603655893653], "ALIM": [0.3906, 0.0929603655893653], "ALKS": [0.028663636363636367, 0.0929603655893653], "ALNY": [0.2936, 0.0929603655893653], "ALTH": [0.3145357142857143, 0.0929603655893653], "ALTU": [0.0, 0.0929603655893653], "ALXA": [0.137124, 0.0929603655893653], "ALXN": [0.7783, 0.0929603655893653], "AMGN": [0.05858421052631579, 0.0929603655893653], "AMRI": [0.0, 0.0929603655893653], "AMRN": [0.0875777777777778, 0.0929603655893653], "ANAC": [0.04526, 0.0929603655893653], "ANIP": [0.0, 0.0929603655893653], "ANTH": [0.06021428571428571, 0.0929603655893653], "ARIA": [0.0, 0.0929603655893653], "ARNA": [0.08331346153846154, 0.0929603655893653], "ARQL": [0.0, 0.0929603655893653], "ARRY": [0.0503875, 0.0929603655893653], "ARWR": [0.4404, 0.0929603655893653], "ASPX": [0.08217735849056604, 0.0929603655893653], "AST": [-0.0057786666666666585, 0.0929603655893653], "ASTX": [0.0, 0.0929603655893653], "AUXL": [0.4404, 0.0929603655893653], "AVEO": [-0.46744, 0.0929603655893653], "AVNR": [0.0, 0.0929603655893653], "BCRX": [0.0872076923076923, 0.0929603655893653], "BIIB": [0.27984000000000003, 0.0929603655893653], "BIOD": [0.0, 0.0929603655893653], "BLUE": [0.42195, 0.0929603655893653], "BMRN": [0.0, 0.0929603655893653], "BMTI": [-0.1350666666666667, 0.0929603655893653], "BPAX": [0.14172222222222222, 0.0929603655893653], "CADX": [0.0, 0.0929603655893653], "CASC": [0.0, 0.0929603655893653], "CBRX": [0.2202, 0.0929603655893653], "CBST": [0.0, 0.0929603655893653], "CELG": [0.21327586206896557, 0.0929603655893653], "CERS": [0.44789999999999996, 0.0929603655893653], "CHMA": [0.0, 0.0929603655893653], "CLDX": [0.2092, 0.0929603655893653], "COLL": [0.0683, 0.0929603655893653], "CRA": [-0.035819999999999984, 0.0929603655893653], "CRIS": [-0.06434999999999999, 0.0929603655893653], "CTIC": [0.25072, 0.0929603655893653], "CTRX": [0.0, 0.0929603655893653], "CYTK": [0.0, 0.0929603655893653], "DEPO": [0.0, 0.0929603655893653], "DERM": [0.0, 0.0929603655893653], "DNDN": [0.1147, 0.0929603655893653], "DVAX": [0.23874999999999996, 0.0929603655893653], "DYAX": [0.0, 0.0929603655893653], "ECYT": [0.30602999999999997, 0.0929603655893653], "EDIT": [0.6213, 0.0929603655893653], "EGRX": [0.4926, 0.0929603655893653], "ENCY": [0.47670000000000007, 0.0929603655893653], "ENDP": [-0.1306, 0.0929603655893653], "ENTA": [0.04933333333333333, 0.0929603655893653], "ENZN": [0.0, 0.0929603655893653], "ESPR": [0.0, 0.0929603655893653], "EXEL": [0.13441388888888892, 0.0929603655893653], "FACT": [0.0015176470588235294, 0.0929603655893653], "FOLD": [0.10987499999999999, 0.0929603655893653], "FURX": [0.0, 0.0929603655893653], "GERN": [-0.0980921052631579, 0.0929603655893653], "GHDX": [-0.42775, 0.0929603655893653], "GILD": [0.0717578947368421, 0.0929603655893653], "HALO": [0.14413333333333334, 0.0929603655893653], "HITK": [0.159225, 0.0929603655893653], "HPTX": [0.14872500000000002, 0.0929603655893653], "HZNP": [0.051481818181818184, 0.0929603655893653], "ICEL": [0.40321999999999997, 0.0929603655893653], "ICY": [-0.014671428571428571, 0.0929603655893653], "IDIX": [0.0, 0.0929603655893653], "ILMN": [0.17020000000000002, 0.0929603655893653], "ILU": [0.3092333333333334, 0.0929603655893653], "IMGN": [0.0, 0.0929603655893653], "IMMU": [0.106, 0.0929603655893653], "INCR": [0.0, 0.0929603655893653], "INCY": [0.0, 0.0929603655893653], "INFI": [0.10489333333333332, 0.0929603655893653], "INO": [-0.12726666666666667, 0.0929603655893653], "INSM": [-0.0881, 0.0929603655893653], "IONS": [0.13327317073170733, 0.0929603655893653], "IPXL": [0.0, 0.0929603655893653], "IRWD": [0.0, 0.0929603655893653], "ISIS": [0.15357272727272725, 0.0929603655893653], "ISPH": [0.5574, 0.0929603655893653], "ISTA": [0.28633333333333333, 0.0929603655893653], "ITMN": [0.4215, 0.0929603655893653], "JAZZ": [0.0, 0.0929603655893653], "KERX": [0.006528571428571431, 0.0929603655893653], "KYTH": [0.0, 0.0929603655893653], "LBIO": [0.034034999999999996, 0.0929603655893653], "LGND": [-0.025733333333333334, 0.0929603655893653], "LIFE": [0.1101, 0.0929603655893653], "MACK": [0.0949125, 0.0929603655893653], "MAPP": [-0.7675, 0.0929603655893653], "MAXY": [0.13396666666666665, 0.0929603655893653], "MDVN": [-0.005214285714285706, 0.0929603655893653], "MEDI": [0.20361875, 0.0929603655893653], "MNK": [0.050977777777777775, 0.0929603655893653], "MNKD": [0.050977777777777775, 0.0929603655893653], "MYGN": [0.17848750000000002, 0.0929603655893653], "MYL": [0.7003, 0.0929603655893653], "NBIX": [0.0, 0.0929603655893653], "NH": [0.07051111111111112, 0.0929603655893653], "NK": [0.0790744680851064, 0.0929603655893653], "NLNK": [0.0, 0.0929603655893653], "NPSP": [0.1770125, 0.0929603655893653], "NSTG": [-0.8555, 0.0929603655893653], "NVAX": [0.0, 0.0929603655893653], "OMED": [0.148, 0.0929603655893653], "OMER": [0.038275, 0.0929603655893653], "OMPI": [-0.064, 0.0929603655893653], "ONCE": [-0.35015, 0.0929603655893653], "ONTY": [0.0956, 0.0929603655893653], "ONVO": [0.0, 0.0929603655893653], "ONXX": [-0.12726666666666667, 0.0929603655893653], "OPK": [0.3548, 0.0929603655893653], "OPTR": [0.0, 0.0929603655893653], "OREX": [0.020026829268292683, 0.0929603655893653], "OTIC": [0.4404, 0.0929603655893653], "PACB": [0.5106, 0.0929603655893653], "PANC": [0.128, 0.0929603655893653], "PARD": [0.0, 0.0929603655893653], "PCYC": [0.0, 0.0929603655893653], "POZN": [-0.125, 0.0929603655893653], "PTX": [0.14872500000000002, 0.0929603655893653], "QCOR": [0.6249, 0.0929603655893653], "RARE": [-0.2718333333333333, 0.0929603655893653], "REGN": [0.12274583333333333, 0.0929603655893653], "RGLS": [0.0, 0.0929603655893653], "RNAI": [0.4404, 0.0929603655893653], "RPTP": [0.1770125, 0.0929603655893653], "SAGE": [0.11019642857142858, 0.0929603655893653], "SCLN": [0.0, 0.0929603655893653], "SCMP": [-0.12283999999999999, 0.0929603655893653], "SGMO": [0.2732, 0.0929603655893653], "SGYP": [0.1412375, 0.0929603655893653], "SNTA": [0.03423333333333333, 0.0929603655893653], "SNTS": [0.23723333333333332, 0.0929603655893653], "SPPI": [0.0, 0.0929603655893653], "SRPT": [0.06953333333333334, 0.0929603655893653], "STEM": [0.03206666666666668, 0.0929603655893653], "SUPN": [0.5106, 0.0929603655893653], "SVA": [0.0, 0.0929603655893653], "TBPH": [0.4404, 0.0929603655893653], "TECH": [0.02212608695652175, 0.0929603655893653], "TEVA": [0.045921739130434784, 0.0929603655893653], "THLD": [0.0, 0.0929603655893653], "THRX": [0.03997500000000001, 0.0929603655893653], "TRGT": [0.09091428571428571, 0.0929603655893653], "TSRX": [0.0, 0.0929603655893653], "USD": [0.05831776061776057, 0.0929603655893653], "UTHR": [0.0, 0.0929603655893653], "VPHM": [0.0, 0.0929603655893653], "VRNM": [0.37985, 0.0929603655893653], "VRTX": [0.27361739130434787, 0.0929603655893653], "VTL": [0.2732, 0.0929603655893653], "VVUS": [-0.038276923076923076, 0.0929603655893653], "XOMA": [0.0, 0.0929603655893653], "ZGNX": [0.08733076923076924, 0.0929603655893653], "ZLCS": [-0.16326923076923078, 0.0929603655893653]}