{"AAVL": [0.020103030303030303, 0.10727605892651212], "ACAD": [0.09935316455696204, 0.10727605892651212], "ACHN": [0.0, 0.10727605892651212], "ACOR": [0.06541904761904763, 0.10727605892651212], "ACRX": [0.28023333333333333, 0.10727605892651212], "ADHD": [0.0, 0.10727605892651212], "ADMS": [0.1724, 0.10727605892651212], "ADRO": [0.0, 0.10727605892651212], "AEGR": [0.15665714285714286, 0.10727605892651212], "AERI": [0.0, 0.10727605892651212], "AFFX": [0.0, 0.10727605892651212], "AFFY": [0.0, 0.10727605892651212], "AFMD": [0.059858333333333326, 0.10727605892651212], "AGEN": [0.09624117647058825, 0.10727605892651212], "AGIO": [0.08038, 0.10727605892651212], "AGTC": [0.0, 0.10727605892651212], "AIMT": [0.17965384615384614, 0.10727605892651212], "AKBA": [0.07777333333333333, 0.10727605892651212], "AKRX": [0.14704166666666665, 0.10727605892651212], "ALDR": [0.12664, 0.10727605892651212], "ALIM": [0.064, 0.10727605892651212], "ALKS": [0.19172666666666666, 0.10727605892651212], "ALNY": [0.0, 0.10727605892651212], "ALTH": [0.07292635658914728, 0.10727605892651212], "ALXA": [-0.255, 0.10727605892651212], "ALXN": [0.021925806451612906, 0.10727605892651212], "AMAG": [0.4166, 0.10727605892651212], "AMGN": [0.04382528735632183, 0.10727605892651212], "AMPH": [0.0, 0.10727605892651212], "AMRI": [0.0, 0.10727605892651212], "AMRN": [0.026668749999999995, 0.10727605892651212], "ANAC": [0.07659454545454546, 0.10727605892651212], "ANDS": [0.0, 0.10727605892651212], "ANIP": [0.10717777777777779, 0.10727605892651212], "ANTH": [0.0, 0.10727605892651212], "APPX": [0.0516, 0.10727605892651212], "AQXP": [0.1674, 0.10727605892651212], "ARDX": [0.13142307692307692, 0.10727605892651212], "ARIA": [-0.03219166666666667, 0.10727605892651212], "ARLZ": [0.04428571428571428, 0.10727605892651212], "ARNA": [0.050575, 0.10727605892651212], "ARQL": [0.0, 0.10727605892651212], "ARRY": [0.03985, 0.10727605892651212], "ARWR": [0.07115, 0.10727605892651212], "ASPX": [0.12113846153846151, 0.10727605892651212], "AST": [0.09288673469387757, 0.10727605892651212], "ATRA": [0.0, 0.10727605892651212], "AVEO": [0.1770272727272727, 0.10727605892651212], "AVXS": [0.053818181818181814, 0.10727605892651212], "BCRX": [0.0, 0.10727605892651212], "BIIB": [0.09071086956521739, 0.10727605892651212], "BIOD": [0.11171764705882352, 0.10727605892651212], "BLCM": [0.23223125000000003, 0.10727605892651212], "BLUE": [0.15488285714285713, 0.10727605892651212], "BMRN": [0.056130769230769234, 0.10727605892651212], "BPMC": [0.17020000000000002, 0.10727605892651212], "CALP": [-0.03062, 0.10727605892651212], "CARA": [0.0, 0.10727605892651212], "CBPO": [0.02206923076923077, 0.10727605892651212], "CCXI": [0.016, 0.10727605892651212], "CELG": [0.08714923076923077, 0.10727605892651212], "CEMP": [0.12392142857142854, 0.10727605892651212], "CEPH": [-0.28595, 0.10727605892651212], "CERS": [0.195675, 0.10727605892651212], "CGEN": [0.0, 0.10727605892651212], "CHMA": [0.07516, 0.10727605892651212], "CHRS": [0.32926666666666665, 0.10727605892651212], "CLDN": [0.4898, 0.10727605892651212], "CLDX": [0.2617333333333333, 0.10727605892651212], "CLVS": [-0.031088135593220354, 0.10727605892651212], "CMRX": [-0.1492769230769231, 0.10727605892651212], "CNCE": [0.0, 0.10727605892651212], "COLL": [0.16040000000000001, 0.10727605892651212], "CRA": [0.18700999999999998, 0.10727605892651212], "CRIS": [-0.06452222222222222, 0.10727605892651212], "CRME": [0.148, 0.10727605892651212], "CTIC": [0.02363333333333333, 0.10727605892651212], "CTRX": [0.4003, 0.10727605892651212], "CXRX": [0.059199999999999996, 0.10727605892651212], "CYTK": [-0.10212000000000002, 0.10727605892651212], "CYTX": [0.04788181818181818, 0.10727605892651212], "DEPO": [0.10996000000000002, 0.10727605892651212], "DERM": [0.09722272727272728, 0.10727605892651212], "DIGE": [0.0, 0.10727605892651212], "DNAI": [0.02448333333333333, 0.10727605892651212], "DRNA": [-0.03291875, 0.10727605892651212], "DRRX": [0.059199999999999996, 0.10727605892651212], "DSCO": [0.0, 0.10727605892651212], "DVAX": [-0.011418181818181817, 0.10727605892651212], "DYAX": [0.23949999999999996, 0.10727605892651212], "ECYT": [0.4003, 0.10727605892651212], "EDIT": [0.24550555555555556, 0.10727605892651212], "EGLT": [0.20492499999999997, 0.10727605892651212], "EGRX": [0.1772, 0.10727605892651212], "EMIS": [0.0, 0.10727605892651212], "ENCY": [0.28602, 0.10727605892651212], "ENDP": [0.18262195121951214, 0.10727605892651212], "ENTA": [0.06367916666666668, 0.10727605892651212], "ENZN": [0.3374333333333333, 0.10727605892651212], "EPZM": [0.20512187499999995, 0.10727605892651212], "ESPR": [-0.16891851851851852, 0.10727605892651212], "EXEL": [0.035446153846153856, 0.10727605892651212], "FACT": [-0.08236923076923078, 0.10727605892651212], "FGEN": [0.06822777777777778, 0.10727605892651212], "FLKS": [0.0, 0.10727605892651212], "FLML": [0.0, 0.10727605892651212], "FLXN": [-0.04015263157894736, 0.10727605892651212], "FMI": [0.152975, 0.10727605892651212], "FOLD": [0.026176923076923063, 0.10727605892651212], "FOMX": [0.11839999999999999, 0.10727605892651212], "FPRX": [0.125, 0.10727605892651212], "GBT": [0.21773636363636364, 0.10727605892651212], "GERN": [0.0853421052631579, 0.10727605892651212], "GEVA": [0.0, 0.10727605892651212], "GHDX": [0.10359999999999998, 0.10727605892651212], "GILD": [0.12513228699551573, 0.10727605892651212], "GPRO": [0.1575, 0.10727605892651212], "GRFS": [0.02114285714285714, 0.10727605892651212], "GTXI": [0.0, 0.10727605892651212], "GWPH": [0.0683, 0.10727605892651212], "HALO": [0.17974864864864867, 0.10727605892651212], "HPTX": [0.0, 0.10727605892651212], "HZNP": [0.1917904761904762, 0.10727605892651212], "ICEL": [0.5719, 0.10727605892651212], "ICPT": [0.15897362637362636, 0.10727605892651212], "ICY": [0.426975, 0.10727605892651212], "IDIX": [0.5423, 0.10727605892651212], "ILMN": [0.007339285714285715, 0.10727605892651212], "ILU": [-0.34040000000000004, 0.10727605892651212], "IMDZ": [0.0, 0.10727605892651212], "IMGN": [0.14380000000000004, 0.10727605892651212], "IMMU": [0.0926086956521739, 0.10727605892651212], "INCR": [0.20139, 0.10727605892651212], "INCY": [0.10664857142857141, 0.10727605892651212], "INFI": [0.037, 0.10727605892651212], "INGN": [0.0, 0.10727605892651212], "INO": [0.02442037037037037, 0.10727605892651212], "INSM": [0.0, 0.10727605892651212], "INSY": [0.21255555555555555, 0.10727605892651212], "INVA": [0.14613333333333334, 0.10727605892651212], "IONS": [0.13088089887640447, 0.10727605892651212], "IPXL": [0.1806, 0.10727605892651212], "IRWD": [-0.19220526315789477, 0.10727605892651212], "ISIS": [0.16011999999999998, 0.10727605892651212], "ISTA": [-0.005025000000000002, 0.10727605892651212], "ITCI": [-0.009488000000000005, 0.10727605892651212], "ITEK": [0.0, 0.10727605892651212], "JAZZ": [0.15459444444444448, 0.10727605892651212], "JUNO": [0.1517076923076923, 0.10727605892651212], "KERX": [0.15945882352941176, 0.10727605892651212], "KITE": [0.0, 0.10727605892651212], "KMPH": [0.0, 0.10727605892651212], "KPTI": [0.0, 0.10727605892651212], "LBIO": [0.14450416666666666, 0.10727605892651212], "LGND": [0.266408, 0.10727605892651212], "LIFE": [0.12891333333333335, 0.10727605892651212], "LMNX": [0.21585000000000001, 0.10727605892651212], "LOXO": [0.0, 0.10727605892651212], "LXRX": [0.0, 0.10727605892651212], "MACK": [0.03865999999999999, 0.10727605892651212], "MCRB": [0.034159999999999996, 0.10727605892651212], "MDCO": [0.17556666666666665, 0.10727605892651212], "MDVN": [0.10203846153846158, 0.10727605892651212], "MEDI": [0.06705428571428572, 0.10727605892651212], "MNK": [0.013776190476190487, 0.10727605892651212], "MNKD": [0.013456250000000017, 0.10727605892651212], "MNOV": [-0.05624285714285714, 0.10727605892651212], "MRNA": [0.296, 0.10727605892651212], "MYGN": [0.5205846153846153, 0.10727605892651212], "MYL": [0.13299333333333335, 0.10727605892651212], "NABI": [-0.042666666666666665, 0.10727605892651212], "NBIX": [0.05038461538461539, 0.10727605892651212],