{"AAVL": [0.06810000000000001, 0.06792345873294625], "ACAD": [0.19358108108108107, 0.06792345873294625], "ACHN": [0.0, 0.06792345873294625], "ACOR": [0.060300000000000006, 0.06792345873294625], "ACRX": [0.24112857142857141, 0.06792345873294625], "ADHD": [0.0, 0.06792345873294625], "ADMS": [-0.1003, 0.06792345873294625], "ADRO": [0.12537142857142855, 0.06792345873294625], "ADVM": [0.1589, 0.06792345873294625], "AEGR": [-0.06351891891891892, 0.06792345873294625], "AFFY": [0.2202, 0.06792345873294625], "AFMD": [0.1538, 0.06792345873294625], "AGEN": [0.15421111111111108, 0.06792345873294625], "AGIO": [0.09866666666666667, 0.06792345873294625], "AGTC": [0.017719999999999996, 0.06792345873294625], "AIMT": [0.059199999999999996, 0.06792345873294625], "AKRX": [0.3067090909090909, 0.06792345873294625], "ALDR": [-0.6170500000000002, 0.06792345873294625], "ALIM": [0.0803375, 0.06792345873294625], "ALKS": [0.27873333333333333, 0.06792345873294625], "ALNY": [-0.10941818181818186, 0.06792345873294625], "ALTH": [0.3367543478260869, 0.06792345873294625], "ALXA": [0.3094727272727273, 0.06792345873294625], "ALXN": [0.06666153846153845, 0.06792345873294625], "AMGN": [0.09662666666666665, 0.06792345873294625], "AMPH": [-0.1366, 0.06792345873294625], "AMRI": [-0.03556666666666666, 0.06792345873294625], "AMRN": [0.06995925925925926, 0.06792345873294625], "ANAC": [-0.2237125, 0.06792345873294625], "ANDS": [0.336575, 0.06792345873294625], "ANIP": [-0.296, 0.06792345873294625], "ANPI": [-0.2732, 0.06792345873294625], "ANTH": [0.06782727272727272, 0.06792345873294625], "AQXP": [0.044071428571428574, 0.06792345873294625], "ARDX": [-0.1464181818181819, 0.06792345873294625], "ARIA": [-0.08460476190476189, 0.06792345873294625], "ARLZ": [-0.20034666666666673, 0.06792345873294625], "ARNA": [-0.054446153846153846, 0.06792345873294625], "ARQL": [0.11839999999999999, 0.06792345873294625], "ARRY": [0.06129444444444444, 0.06792345873294625], "ARWR": [-0.04967272727272727, 0.06792345873294625], "ASPX": [0.11437857142857143, 0.06792345873294625], "AST": [0.1005191304347826, 0.06792345873294625], "ATRA": [-0.42552727272727275, 0.06792345873294625], "AVEO": [-0.012675000000000006, 0.06792345873294625], "AVXS": [0.05253478260869565, 0.06792345873294625], "BCRX": [-0.03415, 0.06792345873294625], "BGNE": [0.03387777777777778, 0.06792345873294625], "BIIB": [0.3190090909090909, 0.06792345873294625], "BIOD": [-0.119175, 0.06792345873294625], "BLCM": [0.3336, 0.06792345873294625], "BLUE": [-0.02934342105263159, 0.06792345873294625], "BMRN": [0.043612500000000026, 0.06792345873294625], "BOLD": [0.0, 0.06792345873294625], "BPMC": [0.03826, 0.06792345873294625], "CALP": [0.2781, 0.06792345873294625], "CARA": [0.020513333333333335, 0.06792345873294625], "CBPO": [0.5719, 0.06792345873294625], "CBST": [0.296, 0.06792345873294625], "CCXI": [0.13128955223880598, 0.06792345873294625], "CELG": [0.1300527777777778, 0.06792345873294625], "CEMP": [0.026073333333333337, 0.06792345873294625], "CEPH": [0.0, 0.06792345873294625], "CGEN": [0.0, 0.06792345873294625], "CHMA": [-0.330525, 0.06792345873294625], "CHRS": [0.6642, 0.06792345873294625], "CLCD": [0.007109999999999994, 0.06792345873294625], "CLDN": [0.5596500000000001, 0.06792345873294625], "CLDX": [-0.13194, 0.06792345873294625], "CLSD": [0.0, 0.06792345873294625], "CLVS": [0.047674999999999995, 0.06792345873294625], "CMRX": [0.1019933333333333, 0.06792345873294625], "CNCE": [-0.12025000000000002, 0.06792345873294625], "COLL": [-0.04965714285714285, 0.06792345873294625], "CRA": [0.14711578947368417, 0.06792345873294625], "CRIS": [0.03998461538461539, 0.06792345873294625], "CRME": [0.13618333333333335, 0.06792345873294625], "CTIC": [0.17758000000000004, 0.06792345873294625], "CTRX": [0.4404, 0.06792345873294625], "CXRX": [0.0906, 0.06792345873294625], "CYTK": [0.0, 0.06792345873294625], "CYTX": [0.1859208333333334, 0.06792345873294625], "DBVT": [0.158725, 0.06792345873294625], "DEPO": [0.3186, 0.06792345873294625], "DERM": [0.0006624999999999999, 0.06792345873294625], "DIGE": [0.0, 0.06792345873294625], "DNAI": [0.148, 0.06792345873294625], "DRNA": [-0.1184583333333334, 0.06792345873294625], "DRRX": [-0.05417500000000001, 0.06792345873294625], "DSCO": [0.0, 0.06792345873294625], "DVAX": [0.10758333333333332, 0.06792345873294625], "DYAX": [0.3612, 0.06792345873294625], "ECYT": [0.12168000000000001, 0.06792345873294625], "EDIT": [0.09153, 0.06792345873294625], "EGLT": [-0.46962000000000004, 0.06792345873294625], "EGRX": [0.09352727272727274, 0.06792345873294625], "ENCY": [0.04385, 0.06792345873294625], "ENDP": [0.10510285714285711, 0.06792345873294625], "ENTA": [0.13756774193548385, 0.06792345873294625], "EPZM": [0.036, 0.06792345873294625], "ESPR": [0.0237625, 0.06792345873294625], "EXEL": [0.27300416666666655, 0.06792345873294625], "FACT": [0.04489166666666666, 0.06792345873294625], "FGEN": [0.12052777777777779, 0.06792345873294625], "FLKS": [-0.016050000000000002, 0.06792345873294625], "FLML": [0.12685714285714284, 0.06792345873294625], "FLXN": [-0.0987, 0.06792345873294625], "FMI": [0.19968571428571427, 0.06792345873294625], "FOLD": [-0.059199999999999996, 0.06792345873294625], "FOMX": [0.156225, 0.06792345873294625], "FPRX": [0.059385714285714285, 0.06792345873294625], "GBT": [0.07952727272727275, 0.06792345873294625], "GERN": [0.08069090909090909, 0.06792345873294625], "GEVA": [0.28564, 0.06792345873294625], "GHDX": [0.167625, 0.06792345873294625], "GILD": [0.0495241134751773, 0.06792345873294625], "GNVC": [-0.0018499999999999999, 0.06792345873294625], "GPRO": [0.025871084337349397, 0.06792345873294625], "GRFS": [0.0, 0.06792345873294625], "GTXI": [0.09866666666666667, 0.06792345873294625], "GWPH": [0.0, 0.06792345873294625], "HALO": [0.09222857142857142, 0.06792345873294625], "HBIO": [0.06193333333333333, 0.06792345873294625], "HZNP": [0.059911904761904757, 0.06792345873294625], "ICEL": [0.4404, 0.06792345873294625], "ICPT": [0.24088636363636365, 0.06792345873294625], "ILMN": [0.2295076923076923, 0.06792345873294625], "ILU": [-0.20403333333333337, 0.06792345873294625], "IMDZ": [0.1083875, 0.06792345873294625], "IMGN": [-0.06746666666666666, 0.06792345873294625], "IMMU": [-0.04533181818181818, 0.06792345873294625], "INCR": [0.33106190476190467, 0.06792345873294625], "INCY": [0.12068999999999999, 0.06792345873294625], "INFI": [-0.12900952380952382, 0.06792345873294625], "INO": [-0.04973793103448276, 0.06792345873294625], "INSM": [0.0772, 0.06792345873294625], "INSY": [0.16108333333333333, 0.06792345873294625], "INVA": [0.0, 0.06792345873294625], "IONS": [0.07740445859872612, 0.06792345873294625], "IPXL": [-0.16088000000000005, 0.06792345873294625], "IRWD": [0.0, 0.06792345873294625], "ISIS": [0.0746, 0.06792345873294625], "ISPH": [0.5719, 0.06792345873294625], "ISTA": [-0.08084285714285715, 0.06792345873294625], "ITCI": [-0.04228571428571428, 0.06792345873294625], "ITEK": [-0.11071, 0.06792345873294625], "JAZZ": [0.1681296296296296, 0.06792345873294625], "JUNO": [-0.14878846153846154, 0.06792345873294625], "KERX": [0.056933333333333336, 0.06792345873294625], "KITE": [-0.06154878048780488, 0.06792345873294625], "KMPH": [-0.003694999999999999, 0.06792345873294625], "KPTI": [0.12034285714285715, 0.06792345873294625], "LBIO": [0.1587297297297298, 0.06792345873294625], "LGND": [0.13666923076923077, 0.06792345873294625], "LIFE": [0.12133684210526316, 0.06792345873294625], "LMNX": [0.4767, 0.06792345873294625], "LOXO": [0.037000000000000005, 0.06792345873294625], "LXRX": [0.35557999999999995, 0.06792345873294625], "MACK": [0.1056909090909091, 0.06792345873294625], "MAPP": [0.5033666666666666, 0.06792345873294625], "MCRB": [0.100475, 0.06792345873294625], "MDCO": [0.01793846153846154, 0.06792345873294625], "MDVN": [0.08684444444444443, 0.06792345873294625], "MEDI": [0.032162264150943386, 0.06792345873294625], "MGNX": [0.13243333333333332, 0.06792345873294625], "MNK": [0.09032666666666667, 0.06792345873294625], "MNKD": [0.25735500000000006, 0.06792345873294625],