{"AAVL": [0.0, 0.13067757607612068], "ACAD": [0.29610909090909093, 0.13067757607612068], "ACHN": [0.08108181818181819, 0.13067757607612068], "ACOR": [0.09022105263157895, 0.13067757607612068], "ACRX": [0.2244583333333334, 0.13067757607612068], "ADHD": [0.14049999999999999, 0.13067757607612068], "ADMS": [0.0, 0.13067757607612068], "ADRO": [0.11839999999999999, 0.13067757607612068], "AEGR": [0.1592, 0.13067757607612068], "AERI": [0.0, 0.13067757607612068], "AFFX": [0.33446, 0.13067757607612068], "AFFY": [0.259075, 0.13067757607612068], "AFMD": [0.19515833333333332, 0.13067757607612068], "AGEN": [0.0, 0.13067757607612068], "AGIO": [0.0, 0.13067757607612068], "AGIX": [-0.2732, 0.13067757607612068], "AGTC": [0.16666666666666666, 0.13067757607612068], "AKBA": [0.2732, 0.13067757607612068], "AKRX": [0.005790000000000006, 0.13067757607612068], "ALDR": [0.0, 0.13067757607612068], "ALIM": [0.19272666666666666, 0.13067757607612068], "ALKS": [0.26349545454545453, 0.13067757607612068], "ALNY": [0.09292727272727273, 0.13067757607612068], "ALTH": [0.05578043478260869, 0.13067757607612068], "ALTU": [0.41807500000000003, 0.13067757607612068], "ALXA": [0.0, 0.13067757607612068], "ALXN": [0.114178125, 0.13067757607612068], "AMAG": [0.17271666666666666, 0.13067757607612068], "AMGN": [0.10017857142857144, 0.13067757607612068], "AMRI": [0.0, 0.13067757607612068], "AMRN": [0.23329166666666667, 0.13067757607612068], "ANAC": [0.31689375, 0.13067757607612068], "ANDS": [-0.17020000000000002, 0.13067757607612068], "ANIP": [0.17068, 0.13067757607612068], "ANTH": [0.0, 0.13067757607612068], "AQXP": [0.15068571428571428, 0.13067757607612068], "ARDX": [0.1622111111111111, 0.13067757607612068], "ARIA": [0.17375, 0.13067757607612068], "ARLZ": [0.0, 0.13067757607612068], "ARNA": [-0.027890624999999992, 0.13067757607612068], "ARQL": [0.0, 0.13067757607612068], "ARRY": [0.28342222222222224, 0.13067757607612068], "ARWR": [0.20346249999999996, 0.13067757607612068], "ASPX": [0.023112499999999994, 0.13067757607612068], "AST": [0.23102256532066484, 0.13067757607612068], "ASTX": [0.418075, 0.13067757607612068], "ATRA": [0.14263749999999997, 0.13067757607612068], "AVEO": [0.3454333333333333, 0.13067757607612068], "AVNR": [0.3454333333333333, 0.13067757607612068], "AXCA": [0.0, 0.13067757607612068], "BCRX": [0.22442, 0.13067757607612068], "BIIB": [0.12034193548387097, 0.13067757607612068], "BIOD": [0.1015857142857143, 0.13067757607612068], "BLCM": [-0.04996296296296299, 0.13067757607612068], "BLUE": [0.04835317460317461, 0.13067757607612068], "BMRN": [0.12120714285714283, 0.13067757607612068], "BPMC": [0.0658375, 0.13067757607612068], "CADX": [0.3454333333333333, 0.13067757607612068], "CARA": [0.11755454545454545, 0.13067757607612068], "CCXI": [0.3454333333333333, 0.13067757607612068], "CELG": [0.10072926829268293, 0.13067757607612068], "CEMP": [0.0, 0.13067757607612068], "CEPH": [0.360675, 0.13067757607612068], "CERS": [0.1389642857142857, 0.13067757607612068], "CGEN": [0.0, 0.13067757607612068], "CHMA": [0.28595, 0.13067757607612068], "CHRS": [0.23399999999999996, 0.13067757607612068], "CLCD": [0.14635714285714285, 0.13067757607612068], "CLDN": [0.3122863636363637, 0.13067757607612068], "CLDX": [0.41980000000000006, 0.13067757607612068], "CLVS": [0.053817307692307685, 0.13067757607612068], "CMRX": [0.1366, 0.13067757607612068], "CNCE": [0.0, 0.13067757607612068], "COLL": [0.04477272727272727, 0.13067757607612068], "COLY": [0.0, 0.13067757607612068], "CRA": [-0.11938888888888886, 0.13067757607612068], "CRIS": [0.0837, 0.13067757607612068], "CRME": [0.20726, 0.13067757607612068], "CTIC": [0.012524999999999998, 0.13067757607612068], "CTRX": [0.41807500000000003, 0.13067757607612068], "CXRX": [0.0, 0.13067757607612068], "CYTK": [0.020790909090909086, 0.13067757607612068], "CYTX": [0.24036153846153846, 0.13067757607612068], "DBVT": [0.08922142857142859, 0.13067757607612068], "DEPO": [0.15488983050847466, 0.13067757607612068], "DERM": [0.09612500000000002, 0.13067757607612068], "DIGE": [0.0, 0.13067757607612068], "DNAI": [0.148, 0.13067757607612068], "DRNA": [0.22475555555555557, 0.13067757607612068], "DRRX": [0.09091428571428571, 0.13067757607612068], "DSCO": [0.06186666666666668, 0.13067757607612068], "DVAX": [-0.1727, 0.13067757607612068], "DYAX": [0.1659420382165605, 0.13067757607612068], "ECYT": [0.3454333333333333, 0.13067757607612068], "EDIT": [0.3213428571428572, 0.13067757607612068], "EGLT": [0.19063333333333332, 0.13067757607612068], "EGRX": [0.10288709677419354, 0.13067757607612068], "EMIS": [0.19063333333333332, 0.13067757607612068], "ENCY": [0.18695714285714285, 0.13067757607612068], "ENDP": [0.17814999999999998, 0.13067757607612068], "ENTA": [0.22944857142857147, 0.13067757607612068], "ENZN": [0.15348333333333328, 0.13067757607612068], "EPZM": [0.28690000000000004, 0.13067757607612068], "ESPR": [0.24257333333333334, 0.13067757607612068], "EXEL": [0.11735333333333334, 0.13067757607612068], "FACT": [-0.03913333333333334, 0.13067757607612068], "FGEN": [-0.09415443037974686, 0.13067757607612068], "FLKS": [-0.04515, 0.13067757607612068], "FLML": [0.2202, 0.13067757607612068], "FLXN": [0.0, 0.13067757607612068], "FMI": [0.0734, 0.13067757607612068], "FOLD": [0.1996909090909091, 0.13067757607612068], "FOMX": [0.17696717171717166, 0.13067757607612068], "FPRX": [0.161603125, 0.13067757607612068], "GBT": [0.0, 0.13067757607612068], "GERN": [0.10723103448275864, 0.13067757607612068], "GEVA": [0.2960857142857143, 0.13067757607612068], "GHDX": [0.0, 0.13067757607612068], "GILD": [0.09820186046511631, 0.13067757607612068], "GNVC": [0.09952666666666668, 0.13067757607612068], "GPRO": [0.06997578124999998, 0.13067757607612068], "GRFS": [0.04242222222222222, 0.13067757607612068], "GWPH": [0.04014516129032258, 0.13067757607612068], "HALO": [0.19320857142857145, 0.13067757607612068], "HBIO": [-0.038318181818181814, 0.13067757607612068], "HGSI": [0.0772, 0.13067757607612068], "HZNP": [0.09997941176470586, 0.13067757607612068], "ICEL": [0.38412727272727276, 0.13067757607612068], "ICPT": [0.102740625, 0.13067757607612068], "ICY": [-0.0683, 0.13067757607612068], "ILMN": [0.002849999999999997, 0.13067757607612068], "ILU": [-0.1691, 0.13067757607612068], "IMGN": [0.48055999999999993, 0.13067757607612068], "IMMU": [0.2267636363636364, 0.13067757607612068], "INCR": [0.2364793103448276, 0.13067757607612068], "INCY": [0.063885, 0.13067757607612068], "INFI": [0.2885375, 0.13067757607612068], "INGN": [0.0, 0.13067757607612068], "INO": [0.17380937500000002, 0.13067757607612068], "INSM": [0.0, 0.13067757607612068], "INSY": [0.02011702127659575, 0.13067757607612068], "IONS": [0.013225247524752475, 0.13067757607612068], "IPXL": [0.259075, 0.13067757607612068], "IRWD": [0.16444444444444445, 0.13067757607612068], "ISIS": [0.23535434782608694, 0.13067757607612068], "ISTA": [0.07843333333333333, 0.13067757607612068], "ITCI": [0.31805, 0.13067757607612068], "ITEK": [-0.12040000000000001, 0.13067757607612068], "JAZZ": [0.0282875, 0.13067757607612068], "JUNO": [-0.03699249999999999, 0.13067757607612068], "KERX": [0.19858947368421057, 0.13067757607612068], "KITE": [0.002252631578947367, 0.13067757607612068], "KMPH": [0.05636666666666667, 0.13067757607612068], "KPTI": [0.0, 0.13067757607612068], "KYTH": [0.0, 0.13067757607612068], "LBIO": [0.10982549019607843, 0.13067757607612068], "LGND": [0.27494444444444444, 0.13067757607612068], "LIFE": [0.24377000000000004, 0.13067757607612068], "LOXO": [0.2023, 0.13067757607612068], "LXRX": [0.15686, 0.13067757607612068], "MACK": [0.1602818181818182, 0.13067757607612068], "MAPP": [-0.10163076923076925, 0.13067757607612068], "MCRB": [0.0, 0.13067757607612068], "MDCO": [-0.08927142857142857, 0.13067757607612068], "MDVN": [0.22934375, 0.13067757607612068], "MEDI": [0.264280335731417, 0.13067757607612068], "MGNX": [0.0, 0.13067757607612068], "MNK": [0.09404772727272727, 0.13067757607612068], "MNKD": [0.11644583333333335, 0.13067757607612068],