{"ACAD": [0.05832920353982302, 0.10135320162498637], "ACHN": [0.09506, 0.10135320162498637], "ACOR": [0.0, 0.10135320162498637], "ACRX": [0.0, 0.10135320162498637], "AFFY": [0.30307200000000006, 0.10135320162498637], "AGEN": [-0.164925, 0.10135320162498637], "ALIM": [0.0, 0.10135320162498637], "ALKS": [0.27525, 0.10135320162498637], "ALNY": [0.4019, 0.10135320162498637], "ALTH": [0.15842727272727275, 0.10135320162498637], "ALXA": [0.15840689655172419, 0.10135320162498637], "ALXN": [0.12105714285714286, 0.10135320162498637], "AMAG": [-0.35015, 0.10135320162498637], "AMGN": [0.0843, 0.10135320162498637], "AMRN": [0.06829047619047621, 0.10135320162498637], "ANAC": [0.0, 0.10135320162498637], "ANDS": [0.0, 0.10135320162498637], "ANIP": [0.3612, 0.10135320162498637], "ANTH": [0.11602941176470587, 0.10135320162498637], "ARIA": [0.08120000000000001, 0.10135320162498637], "ARNA": [-0.05187101449275362, 0.10135320162498637], "ARQL": [0.03956111111111112, 0.10135320162498637], "ARRY": [0.24492777777777774, 0.10135320162498637], "ASPX": [0.11087111111111107, 0.10135320162498637], "AST": [0.07181587301587301, 0.10135320162498637], "ASTX": [0.0, 0.10135320162498637], "AVII": [0.2997, 0.10135320162498637], "AVNR": [0.0, 0.10135320162498637], "AXCA": [0.0, 0.10135320162498637], "BCRX": [-0.060255555555555555, 0.10135320162498637], "BIIB": [0.31721666666666665, 0.10135320162498637], "BIOD": [0.57885, 0.10135320162498637], "BLUE": [0.39437999999999995, 0.10135320162498637], "BMTI": [0.836, 0.10135320162498637], "BPAX": [-0.04507647058823531, 0.10135320162498637], "BPMC": [0.0, 0.10135320162498637], "CALP": [0.0, 0.10135320162498637], "CELG": [0.24840000000000007, 0.10135320162498637], "CEMP": [0.5574, 0.10135320162498637], "CHMA": [-0.5826000000000001, 0.10135320162498637], "CLDX": [0.01849230769230769, 0.10135320162498637], "COLL": [0.22010000000000005, 0.10135320162498637], "CRA": [0.17390000000000003, 0.10135320162498637], "CRIS": [0.021866666666666663, 0.10135320162498637], "CTIC": [-0.03748599999999999, 0.10135320162498637], "CTRX": [0.1101, 0.10135320162498637], "CYTK": [0.08808, 0.10135320162498637], "CYTX": [0.0, 0.10135320162498637], "DERM": [0.0, 0.10135320162498637], "DIGE": [0.0, 0.10135320162498637], "DNDN": [-0.33464999999999995, 0.10135320162498637], "DRNA": [0.0, 0.10135320162498637], "DVAX": [0.11315, 0.10135320162498637], "ECYT": [0.2288, 0.10135320162498637], "EDIT": [0.4215, 0.10135320162498637], "EMIS": [0.0, 0.10135320162498637], "ENCY": [0.05146666666666667, 0.10135320162498637], "ENDP": [0.07410555555555555, 0.10135320162498637], "ENTA": [0.0, 0.10135320162498637], "ENZN": [0.0, 0.10135320162498637], "EXEL": [0.10006799999999999, 0.10135320162498637], "FACT": [0.05708, 0.10135320162498637], "FLKS": [0.44650000000000006, 0.10135320162498637], "FOLD": [0.025293333333333334, 0.10135320162498637], "GBT": [0.0, 0.10135320162498637], "GERN": [-0.4592111111111111, 0.10135320162498637], "GEVA": [0.0, 0.10135320162498637], "GILD": [0.0524875, 0.10135320162498637], "GRFS": [0.0, 0.10135320162498637], "GTXI": [-0.296, 0.10135320162498637], "HGSI": [0.0, 0.10135320162498637], "HITK": [0.0, 0.10135320162498637], "HPTX": [0.0, 0.10135320162498637], "HZNP": [0.25367894736842106, 0.10135320162498637], "ICEL": [0.46962222222222216, 0.10135320162498637], "ICY": [0.0, 0.10135320162498637], "IDIX": [0.12040000000000001, 0.10135320162498637], "ILMN": [0.09895714285714284, 0.10135320162498637], "ILU": [0.09717500000000001, 0.10135320162498637], "IMMU": [0.2665666666666667, 0.10135320162498637], "INCR": [0.30774615384615384, 0.10135320162498637], "INCY": [0.49946666666666667, 0.10135320162498637], "INFI": [0.12765, 0.10135320162498637], "INO": [0.5131888888888888, 0.10135320162498637], "INSM": [-0.04856111111111112, 0.10135320162498637], "IONS": [0.09826341463414635, 0.10135320162498637], "IPXL": [0.1029888888888889, 0.10135320162498637], "IRWD": [0.7351, 0.10135320162498637], "ISIS": [0.0, 0.10135320162498637], "ISTA": [0.00515833333333333, 0.10135320162498637], "JAZZ": [0.4730666666666667, 0.10135320162498637], "KERX": [0.0, 0.10135320162498637], "LBIO": [0.44114285714285717, 0.10135320162498637], "LGND": [0.6369, 0.10135320162498637], "LIFE": [0.25486000000000003, 0.10135320162498637], "LMNX": [0.0, 0.10135320162498637], "LXRX": [0.4467750000000001, 0.10135320162498637], "MACK": [0.0, 0.10135320162498637], "MAPP": [0.13013750000000002, 0.10135320162498637], "MAXY": [0.0, 0.10135320162498637], "MDCO": [0.06573333333333332, 0.10135320162498637], "MDVN": [0.0, 0.10135320162498637], "MEDI": [0.1416375, 0.10135320162498637], "MITI": [-0.3182, 0.10135320162498637], "MNK": [0.17528181818181815, 0.10135320162498637], "MNKD": [0.19280999999999998, 0.10135320162498637], "MRNA": [0.0, 0.10135320162498637], "MYL": [0.0516, 0.10135320162498637], "NABI": [0.0, 0.10135320162498637], "NH": [0.05253571428571429, 0.10135320162498637], "NK": [0.11789827586206898, 0.10135320162498637], "NPSP": [0.06904285714285716, 0.10135320162498637], "NVAX": [0.148, 0.10135320162498637], "OMER": [0.05135, 0.10135320162498637], "OMPI": [0.0, 0.10135320162498637], "ONCE": [-0.24960000000000002, 0.10135320162498637], "ONTY": [0.0, 0.10135320162498637], "ONVO": [0.6124, 0.10135320162498637], "ONXX": [0.45255666666666683, 0.10135320162498637], "OPK": [0.0, 0.10135320162498637], "OREX": [-0.10563902439024395, 0.10135320162498637], "OSIR": [0.0, 0.10135320162498637], "OTIC": [0.148, 0.10135320162498637], "PANC": [0.0, 0.10135320162498637], "PCYC": [0.34779999999999994, 0.10135320162498637], "PGNX": [0.0, 0.10135320162498637], "POZN": [0.09866666666666667, 0.10135320162498637], "PTIE": [0.2023, 0.10135320162498637], "PTX": [0.0, 0.10135320162498637], "QGEN": [0.024075, 0.10135320162498637], "RARE": [0.3148, 0.10135320162498637], "REGN": [0.3410875, 0.10135320162498637], "RGLS": [0.19413999999999998, 0.10135320162498637], "RNAI": [0.0, 0.10135320162498637], "SAGE": [0.14511355932203393, 0.10135320162498637], "SCMP": [0.0772, 0.10135320162498637], "SGMO": [0.43722142857142865, 0.10135320162498637], "SPPI": [0.033716666666666666, 0.10135320162498637], "SQNM": [-0.08927142857142857, 0.10135320162498637], "SRPT": [0.15009757575757574, 0.10135320162498637], "STEM": [0.07024285714285715, 0.10135320162498637], "SUPN": [0.2316545454545455, 0.10135320162498637], "SVNT": [-0.3612, 0.10135320162498637], "TBPH": [0.0, 0.10135320162498637], "TECH": [0.11193015873015874, 0.10135320162498637], "TEVA": [0.06182499999999999, 0.10135320162498637], "THLD": [0.0, 0.10135320162498637], "THRX": [0.0, 0.10135320162498637], "TSRX": [0.0, 0.10135320162498637], "USD": [0.04769999999999999, 0.10135320162498637], "UTHR": [0.6124, 0.10135320162498637], "VICL": [0.0, 0.10135320162498637], "VNDA": [-0.4376, 0.10135320162498637], "VRTX": [-0.013380000000000003, 0.10135320162498637], "VVUS": [-0.38140714285714294, 0.10135320162498637], "XNPT": [0.20046153846153847, 0.10135320162498637], "ZGNX": [0.09126923076923078, 0.10135320162498637], "ZLCS": [0.06486250000000002, 0.10135320162498637]}