{"AAVL": [0.1231, 0.18444679394635002], "ACAD": [0.194128, 0.18444679394635002], "ACHN": [0.125245, 0.18444679394635002], "ACOR": [0.2799, 0.18444679394635002], "ACRX": [0.02400526315789473, 0.18444679394635002], "ADHD": [0.15377755102040816, 0.18444679394635002], "ADMS": [0.3327, 0.18444679394635002], "ADRO": [0.19746363636363637, 0.18444679394635002], "ADVM": [0.4753, 0.18444679394635002], "AEGR": [0.1758, 0.18444679394635002], "AERI": [0.25805, 0.18444679394635002], "AFFX": [0.5267, 0.18444679394635002], "AFMD": [-0.0049594594594594725, 0.18444679394635002], "AGEN": [0.10322058823529412, 0.18444679394635002], "AGIO": [0.041737500000000004, 0.18444679394635002], "AGTC": [0.07141666666666667, 0.18444679394635002], "AIMT": [0.15316000000000002, 0.18444679394635002], "AKBA": [0.26338, 0.18444679394635002], "AKRX": [0.29902222222222224, 0.18444679394635002], "ALDR": [0.008642222222222225, 0.18444679394635002], "ALIM": [0.131475, 0.18444679394635002], "ALKS": [0.07344666666666666, 0.18444679394635002], "ALNY": [0.1688967741935484, 0.18444679394635002], "ALTH": [0.09377, 0.18444679394635002], "ALTU": [0.0, 0.18444679394635002], "ALXA": [0.5267, 0.18444679394635002], "ALXN": [0.12180666666666667, 0.18444679394635002], "AMAG": [0.05372000000000001, 0.18444679394635002], "AMGN": [0.007066909090909098, 0.18444679394635002], "AMPH": [0.0, 0.18444679394635002], "AMRI": [0.30498000000000003, 0.18444679394635002], "AMRN": [0.1466, 0.18444679394635002], "ANAC": [0.131675, 0.18444679394635002], "ANDS": [0.0, 0.18444679394635002], "ANIP": [-0.1056909090909091, 0.18444679394635002], "ANTH": [0.10938, 0.18444679394635002], "AQXP": [-0.09895714285714287, 0.18444679394635002], "ARDX": [0.42460000000000003, 0.18444679394635002], "ARIA": [0.10802982456140353, 0.18444679394635002], "ARLZ": [0.18658000000000002, 0.18444679394635002], "ARNA": [0.171225, 0.18444679394635002], "ARRY": [0.22456744186046515, 0.18444679394635002], "ARWR": [0.16572162162162163, 0.18444679394635002], "ASPX": [-0.007685714285714288, 0.18444679394635002], "AST": [0.11546842105263154, 0.18444679394635002], "ASTX": [0.26335, 0.18444679394635002], "ATRA": [0.17682857142857142, 0.18444679394635002], "AVEO": [0.0, 0.18444679394635002], "AVNR": [0.26335, 0.18444679394635002], "AVXS": [-0.046378846153846166, 0.18444679394635002], "BCRX": [0.1292888888888889, 0.18444679394635002], "BGNE": [0.12282800000000002, 0.18444679394635002], "BIIB": [0.13448431372549016, 0.18444679394635002], "BIOD": [0.06337499999999999, 0.18444679394635002], "BLCM": [-0.02801111111111111, 0.18444679394635002], "BLUE": [0.15313809523809524, 0.18444679394635002], "BMRN": [0.13863333333333333, 0.18444679394635002], "BOLD": [0.0, 0.18444679394635002], "BPMC": [-0.10600000000000001, 0.18444679394635002], "CADX": [0.0, 0.18444679394635002], "CALP": [-0.0593, 0.18444679394635002], "CARA": [0.1284415254237288, 0.18444679394635002], "CASC": [0.334125, 0.18444679394635002], "CBPO": [0.10615000000000001, 0.18444679394635002], "CBST": [0.4939, 0.18444679394635002], "CCXI": [0.22666666666666668, 0.18444679394635002], "CEGE": [0.0, 0.18444679394635002], "CELG": [0.15038426966292137, 0.18444679394635002], "CEMP": [0.14087000000000002, 0.18444679394635002], "CEPH": [0.0, 0.18444679394635002], "CERS": [0.23666666666666666, 0.18444679394635002], "CGEN": [0.43505, 0.18444679394635002], "CHMA": [0.10520727272727273, 0.18444679394635002], "CHRS": [0.26335, 0.18444679394635002], "CLCD": [0.46229999999999993, 0.18444679394635002], "CLDN": [0.478, 0.18444679394635002], "CLDX": [0.09631153846153848, 0.18444679394635002], "CLSD": [0.159225, 0.18444679394635002], "CLVS": [0.299508695652174, 0.18444679394635002], "CMRX": [0.1008032258064516, 0.18444679394635002], "CNCE": [0.10057142857142855, 0.18444679394635002], "CNCT": [0.0, 0.18444679394635002], "COLL": [0.21208999999999997, 0.18444679394635002], "CRA": [0.09413846153846152, 0.18444679394635002], "CRIS": [0.174325, 0.18444679394635002], "CRME": [0.1508375, 0.18444679394635002], "CTIC": [0.0835, 0.18444679394635002], "CTRX": [0.4404, 0.18444679394635002], "CXRX": [0.14751739130434788, 0.18444679394635002], "CYTK": [0.2286, 0.18444679394635002], "CYTX": [0.23157500000000003, 0.18444679394635002], "DBVT": [0.19495555555555558, 0.18444679394635002], "DEPO": [0.23914615384615384, 0.18444679394635002], "DERM": [0.052341176470588224, 0.18444679394635002], "DIGE": [0.35507999999999995, 0.18444679394635002], "DNAI": [-0.025959999999999993, 0.18444679394635002], "DNDN": [0.26335, 0.18444679394635002], "DRNA": [0.15864081632653063, 0.18444679394635002], "DRRX": [0.48748, 0.18444679394635002], "DVAX": [0.27493437499999995, 0.18444679394635002], "ECYT": [0.5323, 0.18444679394635002], "EDIT": [0.16674888888888886, 0.18444679394635002], "EGLT": [0.36593684210526317, 0.18444679394635002], "EGRX": [0.10194285714285714, 0.18444679394635002], "EMIS": [0.0, 0.18444679394635002], "ENCY": [0.17100833333333332, 0.18444679394635002], "ENDP": [0.2550000000000002, 0.18444679394635002], "ENTA": [0.10782878787878787, 0.18444679394635002], "ENZN": [0.0, 0.18444679394635002], "EPIX": [-0.142675, 0.18444679394635002], "EPZM": [0.2218769230769231, 0.18444679394635002], "ESPR": [0.5000199999999999, 0.18444679394635002], "EXEL": [0.10553593750000001, 0.18444679394635002], "FACT": [0.09478, 0.18444679394635002], "FGEN": [0.2324, 0.18444679394635002], "FLKS": [0.0, 0.18444679394635002], "FLML": [0.3498, 0.18444679394635002], "FLXN": [0.2377, 0.18444679394635002], "FMI": [0.10373333333333333, 0.18444679394635002], "FOLD": [0.12287307692307693, 0.18444679394635002], "FOMX": [0.15422500000000003, 0.18444679394635002], "FPRX": [0.09095, 0.18444679394635002], "FURX": [0.5267, 0.18444679394635002], "GBT": [0.1856888888888889, 0.18444679394635002], "GENZ": [0.0, 0.18444679394635002], "GERN": [0.04511666666666666, 0.18444679394635002], "GEVA": [0.2909, 0.18444679394635002], "GHDX": [0.6001666666666666, 0.18444679394635002], "GILD": [0.020983333333333347, 0.18444679394635002], "GNVC": [0.1166, 0.18444679394635002], "GPRO": [0.24335254237288131, 0.18444679394635002], "GRFS": [-0.22827999999999998, 0.18444679394635002], "GTXI": [0.16797499999999999, 0.18444679394635002], "GWPH": [0.06782857142857142, 0.18444679394635002], "HALO": [0.2105686274509804, 0.18444679394635002], "HBIO": [0.17837499999999998, 0.18444679394635002], "HPTX": [0.5267, 0.18444679394635002], "HZNP": [0.14545, 0.18444679394635002], "ICEL": [0.461975, 0.18444679394635002], "ICOS": [0.0, 0.18444679394635002], "ICPT": [-0.01071818181818182, 0.18444679394635002], "ICY": [0.13267222222222222, 0.18444679394635002], "IDIX": [0.5267, 0.18444679394635002], "ILMN": [0.3055736842105263, 0.18444679394635002], "ILU": [-0.30715555555555557, 0.18444679394635002], "IMDZ": [-0.0713375, 0.18444679394635002], "IMGN": [0.2909, 0.18444679394635002], "IMMU": [0.05131600000000001, 0.18444679394635002], "INCR": [0.5456481818181806, 0.18444679394635002], "INCY": [-0.007358720930232569, 0.18444679394635002], "INFI": [0.09329000000000001, 0.18444679394635002], "INO": [-0.2709415384615385, 0.18444679394635002], "INSM": [0.27423333333333333, 0.18444679394635002], "INSY": [0.1282709677419355, 0.18444679394635002], "INVA": [0.5090250000000001, 0.18444679394635002], "IONS": [0.08507357142857146, 0.18444679394635002], "IPXL": [0.10634615384615385, 0.18444679394635002], "IRWD": [0.118825, 0.18444679394635002], "ISIS": [0.28675, 0.18444679394635002], "ISPH": [0.0, 0.18444679394635002], "ISTA": [0.12662272727272728, 0.18444679394635002], "ITCI": [0.19244545454545456, 0.18444679394635002], "ITEK": [-0.12311666666666665, 0.18444679394635002], "JAZZ": [0.3596499999999999, 0.18444679394635002], "JUNO": [0.28048620689655174, 0.18444679394635002], "KERX": [0.17794516129032256, 0.18444679394635002], "KITE": [0.023412244897959185, 0.18444679394635002], "KMPH": [0.08872, 0.18444679394635002], "KPTI": [0.2353777777777778, 0.18444679394635002], "LBIO": [0.25508181818181813, 0.18444679394635002],