{"AAVL": [0.2462, 0.17375629695285713], "ACAD": [0.13395357142857148, 0.17375629695285713], "ACHN": [0.30312857142857136, 0.17375629695285713], "ACOR": [-0.01073, 0.17375629695285713], "ACRX": [0.1907, 0.17375629695285713], "ADHD": [0.04933333333333333, 0.17375629695285713], "ADMS": [0.0, 0.17375629695285713], "ADRO": [0.16499259259259258, 0.17375629695285713], "AEGR": [0.4681225806451614, 0.17375629695285713], "AERI": [0.1589, 0.17375629695285713], "AFFX": [0.2944142857142858, 0.17375629695285713], "AFFY": [0.34478000000000003, 0.17375629695285713], "AFMD": [0.12935625, 0.17375629695285713], "AGEN": [0.10250000000000001, 0.17375629695285713], "AGIO": [0.060149999999999995, 0.17375629695285713], "AGTC": [0.0, 0.17375629695285713], "AKRX": [0.1904857142857143, 0.17375629695285713], "ALDR": [0.17758333333333334, 0.17375629695285713], "ALIM": [0.4837266666666667, 0.17375629695285713], "ALKS": [0.21873809523809526, 0.17375629695285713], "ALNY": [0.04546666666666666, 0.17375629695285713], "ALTH": [0.0838032, 0.17375629695285713], "ALTU": [0.4803888888888889, 0.17375629695285713], "ALXA": [0.05644444444444444, 0.17375629695285713], "ALXN": [0.23301923076923078, 0.17375629695285713], "AMAG": [0.351725, 0.17375629695285713], "AMGN": [0.07726413043478264, 0.17375629695285713], "AMPH": [0.0, 0.17375629695285713], "AMRI": [0.025733333333333334, 0.17375629695285713], "AMRN": [0.1030246913580247, 0.17375629695285713], "ANAC": [0.2984613636363637, 0.17375629695285713], "ANDS": [-0.05676363636363635, 0.17375629695285713], "ANIP": [0.037472727272727276, 0.17375629695285713], "ANPI": [-0.2732, 0.17375629695285713], "ANTH": [0.1197875, 0.17375629695285713], "AQXP": [0.006210810810810811, 0.17375629695285713], "ARDX": [0.0, 0.17375629695285713], "ARIA": [0.09294235294117645, 0.17375629695285713], "ARNA": [0.16762812500000002, 0.17375629695285713], "ARQL": [0.0, 0.17375629695285713], "ARRY": [0.4461625000000001, 0.17375629695285713], "ARWR": [0.3258, 0.17375629695285713], "ASPX": [-0.11998947368421053, 0.17375629695285713], "AST": [0.17499485530546577, 0.17375629695285713], "ASTX": [0.4531888888888889, 0.17375629695285713], "ATRA": [0.1716054054054054, 0.17375629695285713], "AVEO": [0.4534937500000001, 0.17375629695285713], "AVNR": [0.49328000000000005, 0.17375629695285713], "BCRX": [0.17945600000000003, 0.17375629695285713], "BIIB": [0.07125189189189189, 0.17375629695285713], "BIOD": [0.14049999999999999, 0.17375629695285713], "BLCM": [0.09106666666666667, 0.17375629695285713], "BLUE": [0.07150823529411765, 0.17375629695285713], "BMRN": [0.08758888888888891, 0.17375629695285713], "BMTI": [0.296, 0.17375629695285713], "BPMC": [0.2500421052631579, 0.17375629695285713], "CADX": [0.48094545454545456, 0.17375629695285713], "CALP": [0.24783333333333332, 0.17375629695285713], "CARA": [0.23406956521739128, 0.17375629695285713], "CBPO": [0.16067499999999998, 0.17375629695285713], "CBRX": [0.0, 0.17375629695285713], "CCXI": [0.3536904761904762, 0.17375629695285713], "CELG": [0.11437698412698419, 0.17375629695285713], "CEMP": [0.27764400000000006, 0.17375629695285713], "CEPH": [0.0, 0.17375629695285713], "CERS": [0.380325, 0.17375629695285713], "CHMA": [0.57035, 0.17375629695285713], "CHRS": [0.047755319148936166, 0.17375629695285713], "CLCD": [0.3182, 0.17375629695285713], "CLDN": [0.13663684210526314, 0.17375629695285713], "CLDX": [0.238628, 0.17375629695285713], "CLVS": [0.18007826086956522, 0.17375629695285713], "CNCT": [0.043899999999999995, 0.17375629695285713], "COLL": [0.17108965517241378, 0.17375629695285713], "CRA": [0.029699999999999994, 0.17375629695285713], "CRIS": [0.080246875, 0.17375629695285713], "CRME": [0.37449166666666667, 0.17375629695285713], "CTIC": [-0.3411666666666667, 0.17375629695285713], "CTRX": [0.2725854545454546, 0.17375629695285713], "CXRX": [0.0, 0.17375629695285713], "CYTK": [0.1858, 0.17375629695285713], "CYTX": [0.023256000000000002, 0.17375629695285713], "DBVT": [0.37848, 0.17375629695285713], "DEPO": [0.14744500000000002, 0.17375629695285713], "DERM": [0.17556666666666665, 0.17375629695285713], "DIGE": [-0.2394666666666667, 0.17375629695285713], "DNDN": [0.6486, 0.17375629695285713], "DRNA": [0.5399, 0.17375629695285713], "DRRX": [0.08208571428571429, 0.17375629695285713], "DSCO": [-0.05943333333333334, 0.17375629695285713], "DVAX": [0.1790705128205128, 0.17375629695285713], "DYAX": [0.14193513513513514, 0.17375629695285713], "ECYT": [0.4534937500000001, 0.17375629695285713], "EDIT": [0.21358125, 0.17375629695285713], "EGLT": [0.02557777777777777, 0.17375629695285713], "EGRX": [0.08648431372549019, 0.17375629695285713], "EMIS": [0.0, 0.17375629695285713], "ENCY": [0.22045000000000003, 0.17375629695285713], "ENDP": [0.08360268817204301, 0.17375629695285713], "ENTA": [0.2864403508771929, 0.17375629695285713], "ENZN": [0.10216099290780138, 0.17375629695285713], "EPIX": [0.0, 0.17375629695285713], "EPZM": [0.02367142857142857, 0.17375629695285713], "ESPR": [0.04743698630136987, 0.17375629695285713], "EXEL": [0.30286153846153846, 0.17375629695285713], "FACT": [0.296, 0.17375629695285713], "FGEN": [0.22310999999999998, 0.17375629695285713], "FLKS": [-0.032, 0.17375629695285713], "FLML": [0.08808, 0.17375629695285713], "FLXN": [0.04035454545454545, 0.17375629695285713], "FMI": [0.0, 0.17375629695285713], "FOLD": [0.12159302325581395, 0.17375629695285713], "FPRX": [0.4951666666666667, 0.17375629695285713], "GERN": [0.09938571428571429, 0.17375629695285713], "GEVA": [0.4182055555555555, 0.17375629695285713], "GHDX": [0.148, 0.17375629695285713], "GILD": [0.09955497512437803, 0.17375629695285713], "GNVC": [0.49343000000000004, 0.17375629695285713], "GPRO": [0.05655320512820515, 0.17375629695285713], "GRFS": [-0.0683, 0.17375629695285713], "GWPH": [0.18368666666666666, 0.17375629695285713], "HALO": [0.24684444444444445, 0.17375629695285713], "HZNP": [0.08383978494623655, 0.17375629695285713], "ICEL": [0.45510526315789473, 0.17375629695285713], "ICPT": [0.13391515151515154, 0.17375629695285713], "ILMN": [0.12639680851063834, 0.17375629695285713], "IMCL": [0.2732, 0.17375629695285713], "IMDZ": [0.31345, 0.17375629695285713], "IMGN": [0.05786458333333333, 0.17375629695285713], "IMMU": [-0.025814285714285717, 0.17375629695285713], "INCR": [0.15977058823529414, 0.17375629695285713], "INCY": [0.100475, 0.17375629695285713], "INFI": [0.37478421052631583, 0.17375629695285713], "INHX": [0.0, 0.17375629695285713], "INO": [0.2963853658536586, 0.17375629695285713], "INSM": [0.03502631578947368, 0.17375629695285713], "INSY": [0.4119859649122806, 0.17375629695285713], "INVA": [-0.3818, 0.17375629695285713], "IONS": [0.08270530973451323, 0.17375629695285713], "IPXL": [0.45704000000000006, 0.17375629695285713], "IRWD": [-0.02396999999999997, 0.17375629695285713], "ISIS": [0.12246721311475411, 0.17375629695285713], "ISTA": [0.13978666666666667, 0.17375629695285713], "ITCI": [0.10454, 0.17375629695285713], "JAZZ": [0.3101083333333334, 0.17375629695285713], "JUNO": [0.054771296296296304, 0.17375629695285713], "KERX": [0.47918695652173915, 0.17375629695285713], "KITE": [0.030911764705882357, 0.17375629695285713], "KMPH": [0.1775294117647059, 0.17375629695285713], "KPTI": [0.0, 0.17375629695285713], "KYTH": [0.0, 0.17375629695285713], "LBIO": [0.15211224489795924, 0.17375629695285713], "LGND": [0.37969523809523814, 0.17375629695285713], "LIFE": [0.2789199999999999, 0.17375629695285713], "LMNX": [0.34, 0.17375629695285713], "LOXO": [0.296, 0.17375629695285713], "LXRX": [0.28595, 0.17375629695285713], "MACK": [0.296, 0.17375629695285713], "MCRB": [0.09907662337662339, 0.17375629695285713], "MDCO": [0.1470357142857143, 0.17375629695285713], "MDVN": [0.09099545454545455, 0.17375629695285713], "MEDI": [0.2820558510638318, 0.17375629695285713], "MGNX": [0.08686818181818182, 0.17375629695285713], "MITI": [0.2121333333333333, 0.17375629695285713], "MNK": [0.0616426086956522, 0.17375629695285713], "MNKD": [0.06408396226415096, 0.17375629695285713],