{"ACAD": [-0.05666666666666667, 0.09213157668144885], "ACOR": [0.260375, 0.09213157668144885], "AFFX": [0.18822352941176473, 0.09213157668144885], "AFFY": [0.0, 0.09213157668144885], "AGEN": [0.0691764705882353, 0.09213157668144885], "ALIM": [0.0, 0.09213157668144885], "ALKS": [0.15416229508196722, 0.09213157668144885], "ALNY": [0.0, 0.09213157668144885], "ALTH": [0.1265176470588235, 0.09213157668144885], "ALXA": [0.17608888888888888, 0.09213157668144885], "AMAG": [-0.4939, 0.09213157668144885], "AMGN": [0.011004761904761906, 0.09213157668144885], "AMLN": [0.2023, 0.09213157668144885], "AMRN": [0.11657333333333335, 0.09213157668144885], "ANAC": [0.7906, 0.09213157668144885], "ANDS": [0.0, 0.09213157668144885], "ARIA": [0.12657500000000002, 0.09213157668144885], "ASPX": [-0.0843, 0.09213157668144885], "AST": [0.07873880597014929, 0.09213157668144885], "AVEO": [0.3291, 0.09213157668144885], "AVII": [0.104975, 0.09213157668144885], "AVNR": [0.06508571428571429, 0.09213157668144885], "BCRX": [0.0, 0.09213157668144885], "BIIB": [0.23476666666666665, 0.09213157668144885], "BMRN": [0.0, 0.09213157668144885], "BMTI": [0.04231818181818182, 0.09213157668144885], "BPAX": [0.036, 0.09213157668144885], "CADX": [0.0, 0.09213157668144885], "CALP": [0.1468, 0.09213157668144885], "CARA": [0.0, 0.09213157668144885], "CBST": [0.7178, 0.09213157668144885], "CELG": [0.14645999999999998, 0.09213157668144885], "CEPH": [0.49006666666666665, 0.09213157668144885], "CHRS": [0.0, 0.09213157668144885], "CLDX": [0.0, 0.09213157668144885], "COLL": [-0.3243, 0.09213157668144885], "CRIS": [0.134475, 0.09213157668144885], "CTIC": [-0.19068000000000002, 0.09213157668144885], "DEPO": [0.090925, 0.09213157668144885], "DIGE": [0.0, 0.09213157668144885], "DNDN": [0.0, 0.09213157668144885], "DRRX": [0.21487499999999998, 0.09213157668144885], "DSCO": [0.3612, 0.09213157668144885], "ENCY": [0.0, 0.09213157668144885], "ENDP": [0.0, 0.09213157668144885], "ENTA": [0.0, 0.09213157668144885], "ENZN": [0.0, 0.09213157668144885], "EXEL": [0.5292, 0.09213157668144885], "FACT": [0.148, 0.09213157668144885], "FLML": [-0.24322, 0.09213157668144885], "FOLD": [0.0, 0.09213157668144885], "GERN": [-0.43979999999999997, 0.09213157668144885], "GILD": [0.21956666666666663, 0.09213157668144885], "GNTA": [0.2202, 0.09213157668144885], "GTXI": [0.17813333333333334, 0.09213157668144885], "HALO": [0.7351, 0.09213157668144885], "HGSI": [0.0, 0.09213157668144885], "ICEL": [0.4404, 0.09213157668144885], "ILMN": [0.2168692307692308, 0.09213157668144885], "ILU": [-0.0516, 0.09213157668144885], "IMMU": [0.32795555555555556, 0.09213157668144885], "INCR": [0.08512000000000002, 0.09213157668144885], "INFI": [0.016991666666666665, 0.09213157668144885], "INHX": [0.35015, 0.09213157668144885], "INO": [-0.06318571428571429, 0.09213157668144885], "IONS": [0.024499999999999997, 0.09213157668144885], "ISIS": [0.0, 0.09213157668144885], "ISTA": [0.19225833333333334, 0.09213157668144885], "JAZZ": [0.33555, 0.09213157668144885], "KERX": [0.20511071428571429, 0.09213157668144885], "LBIO": [0.09470909090909091, 0.09213157668144885], "LGND": [0.0, 0.09213157668144885], "LIFE": [0.10763750000000001, 0.09213157668144885], "LMNX": [0.074, 0.09213157668144885], "LXRX": [0.20229999999999998, 0.09213157668144885], "MACK": [0.0, 0.09213157668144885], "MDCO": [0.2023, 0.09213157668144885], "MDVN": [-0.32985, 0.09213157668144885], "MEDI": [0.0, 0.09213157668144885], "MNK": [-0.03475588235294118, 0.09213157668144885], "MNKD": [-0.03475588235294118, 0.09213157668144885], "MNOV": [0.2732, 0.09213157668144885], "MNTA": [0.15601500000000001, 0.09213157668144885], "MRNA": [0.0, 0.09213157668144885], "MYGN": [0.0, 0.09213157668144885], "MYL": [0.0, 0.09213157668144885], "MYRX": [0.0, 0.09213157668144885], "NEOL": [0.0, 0.09213157668144885], "NH": [0.23116153846153847, 0.09213157668144885], "NK": [0.013081944444444448, 0.09213157668144885], "NVAX": [0.030666666666666658, 0.09213157668144885], "OMED": [0.31845, 0.09213157668144885], "OMER": [-0.128, 0.09213157668144885], "ONCE": [0.151725, 0.09213157668144885], "ONTY": [0.0559, 0.09213157668144885], "ONXX": [-0.22593333333333332, 0.09213157668144885], "OPK": [0.0, 0.09213157668144885], "OPTR": [0.35771250000000004, 0.09213157668144885], "OREX": [0.06254, 0.09213157668144885], "OSIR": [0.2556285714285714, 0.09213157668144885], "OTIC": [0.0387, 0.09213157668144885], "OVAS": [-0.2732, 0.09213157668144885], "PANC": [0.0, 0.09213157668144885], "PDLI": [0.29295, 0.09213157668144885], "PTIE": [0.0, 0.09213157668144885], "QCOR": [0.25453333333333333, 0.09213157668144885], "SAGE": [-0.23983999999999997, 0.09213157668144885], "SCLN": [0.0, 0.09213157668144885], "SGEN": [0.17020000000000002, 0.09213157668144885], "SGMO": [0.4019, 0.09213157668144885], "SLXP": [-0.03232857142857143, 0.09213157668144885], "SNTA": [0.0, 0.09213157668144885], "SPPI": [0.1840125, 0.09213157668144885], "SQNM": [0.07940588235294116, 0.09213157668144885], "STEM": [0.0, 0.09213157668144885], "SUPG": [0.0, 0.09213157668144885], "SVA": [0.0, 0.09213157668144885], "TECH": [0.087325, 0.09213157668144885], "TEVA": [0.052721739130434785, 0.09213157668144885], "THLD": [0.1877357142857143, 0.09213157668144885], "TSRX": [0.4215, 0.09213157668144885], "USD": [0.10885098039215686, 0.09213157668144885], "UTHR": [0.6124, 0.09213157668144885], "VICL": [0.18292352941176465, 0.09213157668144885], "VPHM": [0.0, 0.09213157668144885], "VRTX": [0.03286279069767443, 0.09213157668144885], "VRUS": [-0.12732857142857143, 0.09213157668144885], "VVUS": [-0.1388, 0.09213157668144885], "WCRX": [0.286875, 0.09213157668144885], "XNPT": [0.0, 0.09213157668144885], "XOMA": [0.0516, 0.09213157668144885], "ZLCS": [0.0, 0.09213157668144885]}