{"AAVL": [0.2462, 0.1782421999202875], "ACAD": [0.015030357142857154, 0.1782421999202875], "ACHN": [0.36890000000000006, 0.1782421999202875], "ACOR": [0.57782, 0.1782421999202875], "ACRX": [0.072775, 0.1782421999202875], "ADHD": [0.24350526315789478, 0.1782421999202875], "ADMS": [0.7008, 0.1782421999202875], "ADRO": [0.14045454545454544, 0.1782421999202875], "ADVM": [0.5169, 0.1782421999202875], "AERI": [0.10846923076923079, 0.1782421999202875], "AFFX": [0.5306666666666667, 0.1782421999202875], "AFFY": [0.5326500000000001, 0.1782421999202875], "AFMD": [0.040435897435897435, 0.1782421999202875], "AGEN": [0.209875, 0.1782421999202875], "AGIO": [0.22020000000000003, 0.1782421999202875], "AGTC": [0.38216, 0.1782421999202875], "AIMT": [0.5106, 0.1782421999202875], "AKRX": [0.33015833333333333, 0.1782421999202875], "ALDR": [0.1805, 0.1782421999202875], "ALIM": [0.12474285714285714, 0.1782421999202875], "ALKS": [-0.00862388059701493, 0.1782421999202875], "ALNY": [-0.024778181818181817, 0.1782421999202875], "ALTH": [0.04458148148148148, 0.1782421999202875], "ALXA": [0.48355, 0.1782421999202875], "ALXN": [0.12387499999999999, 0.1782421999202875], "AMAG": [0.1403625, 0.1782421999202875], "AMGN": [-0.030184472049689468, 0.1782421999202875], "AMRI": [-0.2732, 0.1782421999202875], "AMRN": [0.123625, 0.1782421999202875], "ANAC": [0.398, 0.1782421999202875], "ANDS": [0.061619999999999994, 0.1782421999202875], "ANIP": [0.204795, 0.1782421999202875], "ANPI": [-0.13648, 0.1782421999202875], "ANTH": [0.12365238095238096, 0.1782421999202875], "AQXP": [0.5346666666666667, 0.1782421999202875], "ARIA": [0.09771363636363638, 0.1782421999202875], "ARNA": [0.08962, 0.1782421999202875], "ARRY": [0.16903055555555557, 0.1782421999202875], "ARWR": [0.18571666666666667, 0.1782421999202875], "ASPX": [0.12358235294117648, 0.1782421999202875], "AST": [0.03235188679245281, 0.1782421999202875], "ASTX": [0.5306666666666667, 0.1782421999202875], "ATRA": [0.20676, 0.1782421999202875], "AVEO": [0.4404, 0.1782421999202875], "AVNR": [0.5306666666666667, 0.1782421999202875], "AVXS": [0.10537884615384609, 0.1782421999202875], "BCRX": [0.48355, 0.1782421999202875], "BGNE": [0.17020000000000002, 0.1782421999202875], "BIIB": [0.22751250000000003, 0.1782421999202875], "BIOD": [0.26533333333333337, 0.1782421999202875], "BIOV": [0.0, 0.1782421999202875], "BLCM": [0.100475, 0.1782421999202875], "BLUE": [0.12302790697674422, 0.1782421999202875], "BMRN": [0.18071333333333328, 0.1782421999202875], "BMTI": [0.17, 0.1782421999202875], "BPMC": [0.0, 0.1782421999202875], "CADX": [0.0, 0.1782421999202875], "CALP": [0.4404, 0.1782421999202875], "CARA": [-0.02249166666666667, 0.1782421999202875], "CASC": [0.0, 0.1782421999202875], "CBPO": [0.04610000000000001, 0.1782421999202875], "CBST": [0.0193, 0.1782421999202875], "CELG": [0.08275321100917431, 0.1782421999202875], "CEMP": [0.040246421267893684, 0.1782421999202875], "CEPH": [0.0, 0.1782421999202875], "CERS": [0.3763833333333334, 0.1782421999202875], "CGEN": [0.0, 0.1782421999202875], "CHMA": [0.22038000000000002, 0.1782421999202875], "CHRS": [0.4485333333333334, 0.1782421999202875], "CLDN": [0.44721428571428573, 0.1782421999202875], "CLDX": [0.043487692307692304, 0.1782421999202875], "CLSD": [0.0, 0.1782421999202875], "CLVS": [-0.14856842105263154, 0.1782421999202875], "CMRX": [0.0, 0.1782421999202875], "CNCE": [-0.07928333333333333, 0.1782421999202875], "CNCT": [0.0, 0.1782421999202875], "COLL": [0.0929, 0.1782421999202875], "COLY": [-0.6597, 0.1782421999202875], "CRA": [-0.024342857142857142, 0.1782421999202875], "CRGN": [0.4404, 0.1782421999202875], "CRIS": [0.31086666666666674, 0.1782421999202875], "CRME": [0.398, 0.1782421999202875], "CTIC": [0.3159909090909091, 0.1782421999202875], "CTRX": [0.4404, 0.1782421999202875], "CXRX": [0.11206530612244896, 0.1782421999202875], "CYTK": [0.26940000000000003, 0.1782421999202875], "CYTX": [0.5306666666666667, 0.1782421999202875], "DBVT": [0.14934999999999998, 0.1782421999202875], "DEPO": [0.4523999999999999, 0.1782421999202875], "DERM": [0.06722857142857143, 0.1782421999202875], "DIGE": [0.0, 0.1782421999202875], "DNAI": [0.39729230769230767, 0.1782421999202875], "DNDN": [0.5306666666666667, 0.1782421999202875], "DRNA": [0.3353, 0.1782421999202875], "DRRX": [0.24966666666666665, 0.1782421999202875], "DSCO": [0.2202, 0.1782421999202875], "DVAX": [0.29103888888888885, 0.1782421999202875], "ECYT": [0.21709090909090908, 0.1782421999202875], "EDIT": [0.243425, 0.1782421999202875], "EGLT": [0.045533333333333335, 0.1782421999202875], "EGRX": [0.02714, 0.1782421999202875], "ENCY": [0.12468333333333333, 0.1782421999202875], "ENDP": [0.10226714285714285, 0.1782421999202875], "ENTA": [0.003431578947368421, 0.1782421999202875], "EPZM": [0.29035555555555553, 0.1782421999202875], "ESPR": [0.26533333333333337, 0.1782421999202875], "EXEL": [-0.008572727272727277, 0.1782421999202875], "FACT": [-0.11020714285714286, 0.1782421999202875], "FGEN": [0.33779545454545457, 0.1782421999202875], "FLKS": [0.054405882352941165, 0.1782421999202875], "FLML": [-0.6597, 0.1782421999202875], "FLXN": [-0.027687499999999993, 0.1782421999202875], "FMI": [-0.04146153846153845, 0.1782421999202875], "FOLD": [0.5961777777777777, 0.1782421999202875], "FOMX": [-0.6597, 0.1782421999202875], "FPRX": [0.11099999999999999, 0.1782421999202875], "FURX": [0.5758, 0.1782421999202875], "GBT": [0.0, 0.1782421999202875], "GERN": [0.04480384615384613, 0.1782421999202875], "GEVA": [0.4776125, 0.1782421999202875], "GHDX": [-0.018716666666666677, 0.1782421999202875], "GILD": [0.03504819944598339, 0.1782421999202875], "GPRO": [0.09609459459459459, 0.1782421999202875], "GRFS": [0.3612, 0.1782421999202875], "GTXI": [0.5306666666666667, 0.1782421999202875], "GWPH": [0.11897500000000003, 0.1782421999202875], "HALO": [0.17385384615384616, 0.1782421999202875], "HBIO": [0.22136363636363632, 0.1782421999202875], "HGSI": [0.0, 0.1782421999202875], "HPTX": [0.5306666666666667, 0.1782421999202875], "HZNP": [0.19351282051282057, 0.1782421999202875], "ICEL": [0.398, 0.1782421999202875], "ICPT": [0.14112325581395352, 0.1782421999202875], "ICY": [0.19635833333333333, 0.1782421999202875], "IDIX": [0.5306666666666666, 0.1782421999202875], "ILMN": [0.08567142857142858, 0.1782421999202875], "ILU": [0.017199999999999993, 0.1782421999202875], "IMDZ": [0.148, 0.1782421999202875], "IMGN": [0.11265, 0.1782421999202875], "IMMU": [0.05288918918918919, 0.1782421999202875], "INCR": [0.23135999999999993, 0.1782421999202875], "INCY": [0.0943381818181818, 0.1782421999202875], "INFI": [-0.061974025974025966, 0.1782421999202875], "INGN": [0.0, 0.1782421999202875], "INO": [0.23306060606060608, 0.1782421999202875], "INSM": [0.3752333333333333, 0.1782421999202875], "INSY": [0.20003636363636365, 0.1782421999202875], "INVA": [-0.064, 0.1782421999202875], "IONS": [0.13573966480446933, 0.1782421999202875], "IPXL": [0.3184, 0.1782421999202875], "IRWD": [0.0, 0.1782421999202875], "ISIS": [0.0, 0.1782421999202875], "ISPH": [0.4588, 0.1782421999202875], "ISTA": [0.07056842105263157, 0.1782421999202875], "ITCI": [0.21769999999999995, 0.1782421999202875], "JAZZ": [0.22401428571428572, 0.1782421999202875], "JUNO": [0.3238388888888889, 0.1782421999202875], "KERX": [0.3184, 0.1782421999202875], "KITE": [0.1377766666666667, 0.1782421999202875], "KMPH": [0.0, 0.1782421999202875], "KPTI": [0.0, 0.1782421999202875], "KYTH": [0.6588, 0.1782421999202875], "LBIO": [0.18253220338983056, 0.1782421999202875], "LGND": [0.3154785714285714, 0.1782421999202875], "LIFE": [0.030285714285714284, 0.1782421999202875], "LMNX": [0.3575384615384615, 0.1782421999202875], "LOXO": [-0.1900464285714286, 0.1782421999202875], "LXRX": [0.04016875, 0.1782421999202875], "MACK": [0.20728333333333335, 0.1782421999202875], "MAPP": [0.23035, 0.1782421999202875], "MDCO": [0.368825, 0.1782421999202875], "MDVN": [0.10517499999999999, 0.1782421999202875], "MEDI": [0.13817894736842085, 0.1782421999202875], "MEDX": [0.4404, 0.1782421999202875],