{"AAVL": [0.18465, 0.10657729671112488], "ACAD": [0.04710857142857144, 0.10657729671112488], "ACHN": [0.2763, 0.10657729671112488], "ACOR": [-0.006134482758620688, 0.10657729671112488], "ACRX": [0.07525263157894735, 0.10657729671112488], "ADHD": [-0.06398541666666663, 0.10657729671112488], "ADMS": [0.06125882352941177, 0.10657729671112488], "ADRO": [-0.14659999999999998, 0.10657729671112488], "ADVM": [0.0, 0.10657729671112488], "AEGR": [0.0, 0.10657729671112488], "AERI": [0.32145833333333335, 0.10657729671112488], "AFMD": [0.213622, 0.10657729671112488], "AGEN": [0.06792857142857142, 0.10657729671112488], "AGIO": [-0.023943181818181822, 0.10657729671112488], "AIMT": [0.0, 0.10657729671112488], "AKBA": [0.10206666666666668, 0.10657729671112488], "AKRX": [0.13861250000000003, 0.10657729671112488], "ALDR": [0.16943999999999998, 0.10657729671112488], "ALIM": [0.4144, 0.10657729671112488], "ALKS": [0.20868918918918916, 0.10657729671112488], "ALNY": [-0.03247843137254903, 0.10657729671112488], "ALTH": [0.08684335260115603, 0.10657729671112488], "ALXN": [0.08206643835616444, 0.10657729671112488], "AMAG": [0.1317399224806202, 0.10657729671112488], "AMGN": [0.04560880000000001, 0.10657729671112488], "AMPH": [0.0, 0.10657729671112488], "AMRI": [0.0, 0.10657729671112488], "AMRN": [0.1686, 0.10657729671112488], "ANAC": [0.0, 0.10657729671112488], "ANDS": [0.13618235294117648, 0.10657729671112488], "ANIP": [-0.5167235294117647, 0.10657729671112488], "ANPI": [0.0, 0.10657729671112488], "ANTH": [0.16279545454545455, 0.10657729671112488], "AQXP": [0.0205, 0.10657729671112488], "ARDX": [0.1366, 0.10657729671112488], "ARIA": [0.10719817767653711, 0.10657729671112488], "ARLZ": [0.22311875, 0.10657729671112488], "ARNA": [0.01347142857142857, 0.10657729671112488], "ARQL": [0.0, 0.10657729671112488], "ARRY": [0.0660142857142857, 0.10657729671112488], "ARWR": [0.0766177777777777, 0.10657729671112488], "ASPX": [0.10395555555555555, 0.10657729671112488], "AST": [0.09349666666666666, 0.10657729671112488], "ASTX": [0.0, 0.10657729671112488], "ATRA": [0.050225, 0.10657729671112488], "AVEO": [0.0772, 0.10657729671112488], "AVXS": [0.0, 0.10657729671112488], "BCRX": [0.06965833333333334, 0.10657729671112488], "BGNE": [0.0, 0.10657729671112488], "BIIB": [0.2380483146067416, 0.10657729671112488], "BIOD": [0.0, 0.10657729671112488], "BLCM": [0.08808, 0.10657729671112488], "BLUE": [0.07402154696132596, 0.10657729671112488], "BMRN": [0.155352380952381, 0.10657729671112488], "BOLD": [-0.006324999999999999, 0.10657729671112488], "BPMC": [0.061356521739130435, 0.10657729671112488], "CALP": [0.2401125, 0.10657729671112488], "CARA": [0.12784107142857146, 0.10657729671112488], "CBPO": [0.026873684210526317, 0.10657729671112488], "CCXI": [0.11807499999999999, 0.10657729671112488], "CELG": [0.15918277945619333, 0.10657729671112488], "CEMP": [0.07105833333333335, 0.10657729671112488], "CERS": [0.091475, 0.10657729671112488], "CGEN": [0.148, 0.10657729671112488], "CHMA": [0.3811, 0.10657729671112488], "CLCD": [0.2163, 0.10657729671112488], "CLDN": [0.61215, 0.10657729671112488], "CLDX": [0.10305714285714286, 0.10657729671112488], "CLSD": [0.34, 0.10657729671112488], "CLVS": [0.1370135338345865, 0.10657729671112488], "CMRX": [0.0, 0.10657729671112488], "CNCE": [0.5768, 0.10657729671112488], "COLL": [-0.1373565217391304, 0.10657729671112488], "CRA": [0.06186851851851852, 0.10657729671112488], "CRIS": [0.1741, 0.10657729671112488], "CTIC": [0.13577961165048544, 0.10657729671112488], "CXRX": [-0.1366, 0.10657729671112488], "CYTK": [0.3182, 0.10657729671112488], "CYTX": [0.0, 0.10657729671112488], "DBVT": [0.0, 0.10657729671112488], "DEPO": [0.2198888888888889, 0.10657729671112488], "DERM": [0.004690909090909091, 0.10657729671112488], "DIGE": [0.0, 0.10657729671112488], "DNAI": [-0.11480714285714284, 0.10657729671112488], "DRNA": [-0.10815555555555559, 0.10657729671112488], "DRRX": [0.0, 0.10657729671112488], "DSCO": [0.296, 0.10657729671112488], "DVAX": [0.2574038461538462, 0.10657729671112488], "DYAX": [0.5707, 0.10657729671112488], "EDIT": [0.22894074074074075, 0.10657729671112488], "EGLT": [0.15230503875969006, 0.10657729671112488], "EGRX": [-0.06614166666666665, 0.10657729671112488], "EMIS": [0.28317777777777775, 0.10657729671112488], "ENCY": [0.04798, 0.10657729671112488], "ENDP": [0.03810106382978724, 0.10657729671112488], "ENTA": [0.2066, 0.10657729671112488], "ENZN": [0.148, 0.10657729671112488], "EPZM": [0.34040000000000004, 0.10657729671112488], "ESPR": [0.069625, 0.10657729671112488], "EXEL": [0.10039679487179488, 0.10657729671112488], "FACT": [0.05625846153846155, 0.10657729671112488], "FGEN": [0.41716666666666674, 0.10657729671112488], "FLKS": [0.4091, 0.10657729671112488], "FLML": [0.0, 0.10657729671112488], "FMI": [-0.02148260869565217, 0.10657729671112488], "FOLD": [0.12044193548387097, 0.10657729671112488], "FPRX": [-0.017381249999999997, 0.10657729671112488], "GBT": [0.0612375, 0.10657729671112488], "GERN": [0.05412666666666666, 0.10657729671112488], "GEVA": [-0.0633, 0.10657729671112488], "GHDX": [0.0, 0.10657729671112488], "GILD": [0.09435626911314988, 0.10657729671112488], "GNVC": [0.04965923076923079, 0.10657729671112488], "GPRO": [0.11112592592592595, 0.10657729671112488], "GRFS": [0.35863076923076925, 0.10657729671112488], "GTXI": [0.296, 0.10657729671112488], "GWPH": [0.06357909090909089, 0.10657729671112488], "HALO": [0.022814000000000008, 0.10657729671112488], "HBIO": [0.0, 0.10657729671112488], "HZNP": [0.21503809523809522, 0.10657729671112488], "ICEL": [0.4829, 0.10657729671112488], "ICPT": [0.16444444444444445, 0.10657729671112488], "ICY": [0.0017181818181818207, 0.10657729671112488], "ILMN": [0.019271428571428585, 0.10657729671112488], "ILU": [-0.04587500000000001, 0.10657729671112488], "IMDZ": [0.33525, 0.10657729671112488], "IMGN": [0.023128888888888886, 0.10657729671112488], "IMMU": [-0.05161904761904759, 0.10657729671112488], "INCR": [0.335291489361702, 0.10657729671112488], "INCY": [0.07013884892086329, 0.10657729671112488], "INFI": [0.2195066666666667, 0.10657729671112488], "INGN": [0.4404, 0.10657729671112488], "INO": [0.0381593220338983, 0.10657729671112488], "INSM": [0.0, 0.10657729671112488], "INSY": [-0.22876, 0.10657729671112488], "INVA": [0.0, 0.10657729671112488], "IONS": [0.07748695652173916, 0.10657729671112488], "IPXL": [-0.0422, 0.10657729671112488], "IRWD": [0.2943551724137931, 0.10657729671112488], "ISIS": [0.148, 0.10657729671112488], "ISPH": [0.21075, 0.10657729671112488], "ISTA": [0.1627705882352941, 0.10657729671112488], "ITCI": [0.16802, 0.10657729671112488], "ITEK": [0.08650512820512819, 0.10657729671112488], "JAZZ": [0.185125, 0.10657729671112488], "JUNO": [0.2360257142857143, 0.10657729671112488], "KERX": [0.15274897959183673, 0.10657729671112488], "KITE": [0.10820476190476193, 0.10657729671112488], "KMPH": [0.42060000000000003, 0.10657729671112488], "LBIO": [0.017144230769230794, 0.10657729671112488], "LGND": [0.296, 0.10657729671112488], "LIFE": [0.08066363636363637, 0.10657729671112488], "LMNX": [0.03922285714285714, 0.10657729671112488], "LOXO": [0.033651612903225804, 0.10657729671112488], "LXRX": [0.07294, 0.10657729671112488], "MACK": [0.09018188976377935, 0.10657729671112488], "MAPP": [0.5944142857142857, 0.10657729671112488], "MCRB": [0.0, 0.10657729671112488], "MDCO": [0.20180250000000005, 0.10657729671112488], "MDVN": [0.11750000000000001, 0.10657729671112488], "MEDI": [0.09335813953488376, 0.10657729671112488], "MEDX": [0.0, 0.10657729671112488], "MGNX": [0.379775, 0.10657729671112488], "MITI": [0.0, 0.10657729671112488], "MLNM": [0.1779, 0.10657729671112488], "MNK": [0.05999275362318839, 0.10657729671112488], "MNKD": [0.07371666666666667, 0.10657729671112488], "MNOV": [0.3182, 0.10657729671112488], "MNTA": [0.04692352941176471, 0.10657729671112488], "MRNA": [0.0, 0.10657729671112488], "MYGN": [0.30099375, 0.10657729671112488], "MYL": [0.06292731958762887, 0.10657729671112488],