{"ACAD": [0.14204390243902443, 0.11549711112509581], "ACHN": [0.1852666666666667, 0.11549711112509581], "ACOR": [0.0, 0.11549711112509581], "AEGR": [0.3182, 0.11549711112509581], "AFFX": [-0.19933333333333333, 0.11549711112509581], "AFFY": [0.0644, 0.11549711112509581], "AKRX": [0.0, 0.11549711112509581], "ALKS": [0.0, 0.11549711112509581], "ALNY": [0.33826666666666666, 0.11549711112509581], "ALTH": [0.478976923076923, 0.11549711112509581], "ALXA": [0.18341136363636365, 0.11549711112509581], "ALXN": [-0.14885, 0.11549711112509581], "AMGN": [0.14278823529411766, 0.11549711112509581], "AMRI": [0.0, 0.11549711112509581], "AMRN": [0.18346521739130434, 0.11549711112509581], "ANIP": [-0.3595, 0.11549711112509581], "ANTH": [0.07543333333333334, 0.11549711112509581], "ARIA": [0.0, 0.11549711112509581], "ARNA": [0.07961282051282052, 0.11549711112509581], "ARRY": [0.22247368421052632, 0.11549711112509581], "ASPX": [0.11049199999999999, 0.11549711112509581], "AST": [0.024704854368932043, 0.11549711112509581], "ASTX": [0.013241666666666667, 0.11549711112509581], "ATRA": [0.0, 0.11549711112509581], "BCRX": [0.0, 0.11549711112509581], "BIIB": [0.0, 0.11549711112509581], "BLUE": [0.0, 0.11549711112509581], "BMRN": [-0.296, 0.11549711112509581], "BPAX": [0.0, 0.11549711112509581], "CADX": [-0.23835, 0.11549711112509581], "CALP": [0.1468, 0.11549711112509581], "CBRX": [0.12308333333333334, 0.11549711112509581], "CBST": [0.3389, 0.11549711112509581], "CELG": [0.17822500000000002, 0.11549711112509581], "CERS": [0.4019, 0.11549711112509581], "CGEN": [0.0, 0.11549711112509581], "CLDX": [0.5106, 0.11549711112509581], "COLL": [0.09241666666666666, 0.11549711112509581], "CRA": [0.22319999999999998, 0.11549711112509581], "CRIS": [0.1591, 0.11549711112509581], "CRME": [0.0, 0.11549711112509581], "CTRX": [0.0, 0.11549711112509581], "CYTK": [0.2799333333333333, 0.11549711112509581], "DEPO": [0.4404, 0.11549711112509581], "DERM": [0.4588, 0.11549711112509581], "DNDN": [0.7096, 0.11549711112509581], "DSCO": [0.0, 0.11549711112509581], "DVAX": [0.49272, 0.11549711112509581], "ECYT": [0.25773076923076926, 0.11549711112509581], "EGRX": [0.0, 0.11549711112509581], "ENCY": [-0.3818, 0.11549711112509581], "ENDP": [0.4588, 0.11549711112509581], "ENTA": [0.0, 0.11549711112509581], "ENZN": [0.0, 0.11549711112509581], "EXEL": [0.10132352941176472, 0.11549711112509581], "FACT": [0.0, 0.11549711112509581], "FOLD": [0.19783333333333333, 0.11549711112509581], "FURX": [0.0, 0.11549711112509581], "GERN": [0.0, 0.11549711112509581], "GILD": [-0.31070000000000003, 0.11549711112509581], "HALO": [0.0, 0.11549711112509581], "HGSI": [0.0, 0.11549711112509581], "HPTX": [0.4404, 0.11549711112509581], "HZNP": [0.17249473684210526, 0.11549711112509581], "ICEL": [0.44040000000000007, 0.11549711112509581], "ICY": [0.0, 0.11549711112509581], "IDIX": [0.2202, 0.11549711112509581], "ILMN": [0.0, 0.11549711112509581], "ILU": [-0.17020000000000002, 0.11549711112509581], "IMGN": [-0.09545, 0.11549711112509581], "IMMU": [-0.054542857142857136, 0.11549711112509581], "INCR": [0.18213333333333334, 0.11549711112509581], "INCY": [0.3592, 0.11549711112509581], "INO": [0.044475, 0.11549711112509581], "IONS": [0.08954242424242423, 0.11549711112509581], "IPXL": [0.212725, 0.11549711112509581], "IRWD": [0.22011666666666665, 0.11549711112509581], "ISIS": [0.38365000000000005, 0.11549711112509581], "ISPH": [0.5719, 0.11549711112509581], "ISTA": [0.0, 0.11549711112509581], "ITMN": [0.1468, 0.11549711112509581], "JAZZ": [0.22442857142857142, 0.11549711112509581], "KERX": [0.0, 0.11549711112509581], "LBIO": [0.19732000000000002, 0.11549711112509581], "LIFE": [0.0, 0.11549711112509581], "LMNX": [0.6369, 0.11549711112509581], "MAPP": [0.0, 0.11549711112509581], "MDCO": [0.0, 0.11549711112509581], "MDVN": [-0.296, 0.11549711112509581], "MEDI": [-0.12118333333333335, 0.11549711112509581], "MITI": [0.0, 0.11549711112509581], "MNK": [0.0, 0.11549711112509581], "MNKD": [0.0, 0.11549711112509581], "MRNA": [0.393775, 0.11549711112509581], "MYGN": [0.4939, 0.11549711112509581], "MYL": [0.215675, 0.11549711112509581], "MYRX": [-0.5994, 0.11549711112509581], "NBIX": [0.0, 0.11549711112509581], "NERV": [-0.7146, 0.11549711112509581], "NH": [0.21118571428571428, 0.11549711112509581], "NK": [0.07319210526315789, 0.11549711112509581], "NPSP": [0.08857999999999999, 0.11549711112509581], "OMER": [0.12726666666666667, 0.11549711112509581], "OMPI": [0.0, 0.11549711112509581], "ONCE": [0.06600000000000002, 0.11549711112509581], "ONVO": [0.0, 0.11549711112509581], "ONXX": [0.2745916666666666, 0.11549711112509581], "OPK": [0.2915521739130435, 0.11549711112509581], "OREX": [-0.11206666666666666, 0.11549711112509581], "OTIC": [0.5106, 0.11549711112509581], "PACB": [0.7096, 0.11549711112509581], "PCRX": [0.5906000000000001, 0.11549711112509581], "PTX": [0.4404, 0.11549711112509581], "QCOR": [0.0, 0.11549711112509581], "RARE": [0.0734, 0.11549711112509581], "REGN": [0.06903749999999999, 0.11549711112509581], "RNAI": [0.4574, 0.11549711112509581], "SAGE": [0.11229215686274512, 0.11549711112509581], "SGEN": [0.0, 0.11549711112509581], "SLXP": [0.0, 0.11549711112509581], "SPPI": [0.26382500000000003, 0.11549711112509581], "SQNM": [0.0, 0.11549711112509581], "SRPT": [0.39521999999999996, 0.11549711112509581], "STEM": [0.09176, 0.11549711112509581], "SVNT": [0.5106, 0.11549711112509581], "TECH": [0.07124615384615383, 0.11549711112509581], "TEVA": [0.0516, 0.11549711112509581], "THLD": [0.0, 0.11549711112509581], "TRGT": [0.0, 0.11549711112509581], "TSRX": [0.0, 0.11549711112509581], "USD": [0.02946583850931678, 0.11549711112509581], "VVUS": [0.1486892857142857, 0.11549711112509581], "WCRX": [0.19463333333333332, 0.11549711112509581], "XOMA": [0.057169565217391305, 0.11549711112509581], "ZLCS": [0.0, 0.11549711112509581]}