{"AAVL": [-0.009309210526315786, 0.08084166269641627], "ACAD": [0.10164736842105263, 0.08084166269641627], "ACHN": [0.18564999999999998, 0.08084166269641627], "ACOR": [0.012333333333333333, 0.08084166269641627], "ACRX": [0.2631, 0.08084166269641627], "ADHD": [0.17800000000000002, 0.08084166269641627], "ADMS": [0.0, 0.08084166269641627], "ADRO": [0.027681481481481484, 0.08084166269641627], "AEGR": [-0.07511666666666666, 0.08084166269641627], "AERI": [-0.18832765957446806, 0.08084166269641627], "AFFX": [0.06341111111111111, 0.08084166269641627], "AFFY": [0.0, 0.08084166269641627], "AFMD": [-0.009158823529411756, 0.08084166269641627], "AGEN": [0.11708928571428574, 0.08084166269641627], "AGIO": [-0.11241951219512195, 0.08084166269641627], "AGTC": [-0.135571875, 0.08084166269641627], "AKBA": [0.0, 0.08084166269641627], "AKRX": [-0.03711383928571426, 0.08084166269641627], "ALIM": [0.0, 0.08084166269641627], "ALKS": [0.17081176470588236, 0.08084166269641627], "ALNY": [0.091492, 0.08084166269641627], "ALTH": [0.0074948275862069, 0.08084166269641627], "ALTU": [0.8221, 0.08084166269641627], "ALXA": [0.0, 0.08084166269641627], "ALXN": [0.007611111111111123, 0.08084166269641627], "AMAG": [0.46426666666666666, 0.08084166269641627], "AMGN": [0.02753966480446927, 0.08084166269641627], "AMRN": [0.05150731707317072, 0.08084166269641627], "ANAC": [0.14953333333333335, 0.08084166269641627], "ANDS": [0.08336666666666666, 0.08084166269641627], "ANIP": [0.0, 0.08084166269641627], "ANTH": [0.12636111111111112, 0.08084166269641627], "AQXP": [-0.1643, 0.08084166269641627], "ARDX": [0.0, 0.08084166269641627], "ARIA": [0.16035, 0.08084166269641627], "ARNA": [0.0740265306122449, 0.08084166269641627], "ARQL": [0.4019, 0.08084166269641627], "ARRY": [0.11506500000000001, 0.08084166269641627], "ARWR": [0.12799999999999997, 0.08084166269641627], "ASPX": [0.1733, 0.08084166269641627], "AST": [0.14619143835616433, 0.08084166269641627], "ASTX": [0.28535, 0.08084166269641627], "ATRA": [-0.09178181818181817, 0.08084166269641627], "AVEO": [0.21872666666666665, 0.08084166269641627], "AVNR": [0.0, 0.08084166269641627], "AXCA": [-0.4767, 0.08084166269641627], "BCRX": [-0.10695, 0.08084166269641627], "BIIB": [0.008056140350877193, 0.08084166269641627], "BIOD": [0.18276666666666666, 0.08084166269641627], "BIOV": [0.0, 0.08084166269641627], "BLCM": [0.33999999999999997, 0.08084166269641627], "BLUE": [-0.023397160883280754, 0.08084166269641627], "BMRN": [0.034187912087912095, 0.08084166269641627], "BOLD": [-0.1531, 0.08084166269641627], "BPMC": [0.13338823529411764, 0.08084166269641627], "CADX": [0.5480666666666667, 0.08084166269641627], "CALP": [0.09668750000000001, 0.08084166269641627], "CARA": [0.2023794117647059, 0.08084166269641627], "CCXI": [0.3482, 0.08084166269641627], "CELG": [0.012750952380952384, 0.08084166269641627], "CEMP": [0.1975357142857143, 0.08084166269641627], "CEPH": [-0.11106363636363636, 0.08084166269641627], "CERS": [0.18104210526315792, 0.08084166269641627], "CHRS": [0.2739, 0.08084166269641627], "CLCD": [0.09716153846153845, 0.08084166269641627], "CLDN": [-0.07966864406779657, 0.08084166269641627], "CLDX": [-0.03383731343283582, 0.08084166269641627], "CLVS": [-0.03997435897435897, 0.08084166269641627], "CMRX": [0.0, 0.08084166269641627], "CNCE": [0.25905, 0.08084166269641627], "CNCT": [0.04223999999999999, 0.08084166269641627], "COLL": [-0.023599999999999986, 0.08084166269641627], "CRA": [-0.11887843137254901, 0.08084166269641627], "CRIS": [0.3182, 0.08084166269641627], "CRME": [0.09134444444444445, 0.08084166269641627], "CTIC": [0.21413333333333331, 0.08084166269641627], "CTRX": [0.5571200000000001, 0.08084166269641627], "CYTX": [0.35007, 0.08084166269641627], "DBVT": [0.1423, 0.08084166269641627], "DEPO": [0.03589, 0.08084166269641627], "DERM": [0.36755, 0.08084166269641627], "DNDN": [0.0, 0.08084166269641627], "DRNA": [0.0, 0.08084166269641627], "DRRX": [0.03964285714285714, 0.08084166269641627], "DSCO": [0.0, 0.08084166269641627], "DVAX": [0.15619999999999998, 0.08084166269641627], "DYAX": [0.10429523809523811, 0.08084166269641627], "ECYT": [0.27008750000000004, 0.08084166269641627], "EDIT": [0.35015, 0.08084166269641627], "EGRX": [0.12694782608695654, 0.08084166269641627], "EMIS": [0.1531, 0.08084166269641627], "ENCY": [0.16190000000000002, 0.08084166269641627], "ENDP": [0.019246153846153857, 0.08084166269641627], "ENTA": [0.05959142857142855, 0.08084166269641627], "ENZN": [0.12777126436781608, 0.08084166269641627], "EPZM": [0.0712235294117647, 0.08084166269641627], "ESPR": [0.0110875, 0.08084166269641627], "EXEL": [0.1494529411764706, 0.08084166269641627], "FACT": [0.48417142857142853, 0.08084166269641627], "FGEN": [0.014799999999999999, 0.08084166269641627], "FLKS": [-0.16883749999999997, 0.08084166269641627], "FLML": [0.0, 0.08084166269641627], "FLXN": [0.0, 0.08084166269641627], "FMI": [0.0, 0.08084166269641627], "FOLD": [-0.036213636363636365, 0.08084166269641627], "FOMX": [0.1632923076923077, 0.08084166269641627], "FPRX": [-0.06697297297297297, 0.08084166269641627], "GBT": [0.3182, 0.08084166269641627], "GERN": [-0.0091, 0.08084166269641627], "GEVA": [0.3493166666666667, 0.08084166269641627], "GILD": [0.03815050505050507, 0.08084166269641627], "GNVC": [0.46426666666666666, 0.08084166269641627], "GPRO": [0.058719753086419746, 0.08084166269641627], "GTXI": [-0.3612, 0.08084166269641627], "GWPH": [0.09525132743362831, 0.08084166269641627], "HALO": [0.17188636363636364, 0.08084166269641627], "HBIO": [0.0, 0.08084166269641627], "HGSI": [0.0, 0.08084166269641627], "HPTX": [-0.12441428571428571, 0.08084166269641627], "HZNP": [0.12349024390243904, 0.08084166269641627], "ICEL": [0.06685000000000002, 0.08084166269641627], "ICPT": [0.0598375, 0.08084166269641627], "ICY": [0.05146666666666667, 0.08084166269641627], "ILMN": [0.1082842105263158, 0.08084166269641627], "ILU": [-0.45614298245614027, 0.08084166269641627], "IMGN": [0.03730666666666667, 0.08084166269641627], "IMMU": [-0.09732307692307691, 0.08084166269641627], "INCR": [0.06926754385964914, 0.08084166269641627], "INCY": [0.003867391304347826, 0.08084166269641627], "INFI": [0.24930499999999997, 0.08084166269641627], "INO": [0.07998888888888889, 0.08084166269641627], "INSY": [0.11994629629629633, 0.08084166269641627], "IONS": [0.07228446601941749, 0.08084166269641627], "IPXL": [0.16442, 0.08084166269641627], "IRWD": [0.0, 0.08084166269641627], "ISIS": [0.06539411764705882, 0.08084166269641627], "ISPH": [-0.0516, 0.08084166269641627], "ISTA": [-0.028525000000000005, 0.08084166269641627], "ITCI": [0.0, 0.08084166269641627], "ITEK": [-0.1775529411764706, 0.08084166269641627], "JAZZ": [0.010115, 0.08084166269641627], "JUNO": [-0.10146704545454548, 0.08084166269641627], "KERX": [0.2510555555555556, 0.08084166269641627], "KITE": [-0.042492473118279576, 0.08084166269641627], "KMPH": [-0.2732, 0.08084166269641627], "KPTI": [0.026824999999999998, 0.08084166269641627], "KYTH": [0.17045000000000002, 0.08084166269641627], "LBIO": [0.134263829787234, 0.08084166269641627], "LGND": [0.23234999999999997, 0.08084166269641627], "LIFE": [0.24889583333333334, 0.08084166269641627], "LMNX": [0.0, 0.08084166269641627], "LOXO": [0.16335555555555556, 0.08084166269641627], "LXRX": [0.08612142857142857, 0.08084166269641627], "MACK": [-0.05918999999999998, 0.08084166269641627], "MAPP": [0.0, 0.08084166269641627], "MDCO": [0.19636666666666666, 0.08084166269641627], "MDVN": [0.15623333333333334, 0.08084166269641627], "MEDI": [0.2828442307692314, 0.08084166269641627], "MGNX": [0.0, 0.08084166269641627], "MITI": [-0.765, 0.08084166269641627], "MNK": [0.11189285714285717, 0.08084166269641627], "MNKD": [0.13551265822784817, 0.08084166269641627], "MNOV": [-0.074, 0.08084166269641627], "MNTA": [0.1068076923076923, 0.08084166269641627], "MRNA": [0.0, 0.08084166269641627], "MYGN": [0.28535, 0.08084166269641627], "MYL": [-0.0382471849865952, 0.08084166269641627], "NABI": [0.03910999999999999, 0.08084166269641627], "NBIX": [0.0, 0.08084166269641627],