{"ACAD": [0.04974137931034482, 0.06993199533260698], "ACHN": [0.05159999999999999, 0.06993199533260698], "ACOR": [-0.06376666666666667, 0.06993199533260698], "ACRX": [0.1998, 0.06993199533260698], "AEGR": [0.21967333333333336, 0.06993199533260698], "AFFX": [0.05927142857142858, 0.06993199533260698], "AFFY": [0.045872727272727266, 0.06993199533260698], "AGEN": [0.10511999999999999, 0.06993199533260698], "AGIO": [0.19943333333333335, 0.06993199533260698], "ALKS": [0.08911250000000001, 0.06993199533260698], "ALNY": [0.0, 0.06993199533260698], "ALTH": [0.11404117647058822, 0.06993199533260698], "ALXA": [0.0734, 0.06993199533260698], "ALXN": [0.3818, 0.06993199533260698], "AMGN": [0.11928064516129032, 0.06993199533260698], "AMRN": [0.086795, 0.06993199533260698], "ANAC": [0.09410999999999999, 0.06993199533260698], "ANDS": [0.5106, 0.06993199533260698], "ANIP": [0.1779, 0.06993199533260698], "ANTH": [0.0, 0.06993199533260698], "ARIA": [-0.05614545454545455, 0.06993199533260698], "ARNA": [0.1530471264367816, 0.06993199533260698], "ARQL": [0.33784000000000003, 0.06993199533260698], "ARRY": [0.12082272727272726, 0.06993199533260698], "ARWR": [0.25309, 0.06993199533260698], "ASPX": [0.2024777777777778, 0.06993199533260698], "AST": [0.07442564102564105, 0.06993199533260698], "ASTX": [0.15328235294117648, 0.06993199533260698], "ATRA": [0.0, 0.06993199533260698], "AUXL": [0.18806999999999996, 0.06993199533260698], "AVEO": [0.0, 0.06993199533260698], "AXCA": [0.09106666666666667, 0.06993199533260698], "BCRX": [0.033019642857142865, 0.06993199533260698], "BIIB": [0.10287600000000001, 0.06993199533260698], "BIOD": [0.1041438596491228, 0.06993199533260698], "BLUE": [-0.07265882352941178, 0.06993199533260698], "BMRN": [0.39914, 0.06993199533260698], "CADX": [-0.30116666666666664, 0.06993199533260698], "CBST": [0.047642553191489356, 0.06993199533260698], "CELG": [0.030125000000000006, 0.06993199533260698], "CEMP": [0.11560000000000001, 0.06993199533260698], "CERS": [0.4064, 0.06993199533260698], "CHMA": [0.1531, 0.06993199533260698], "CLDX": [-0.03360526315789474, 0.06993199533260698], "CLVS": [-0.057819999999999996, 0.06993199533260698], "COLL": [0.24695, 0.06993199533260698], "CRA": [-0.17, 0.06993199533260698], "CRIS": [0.41990000000000005, 0.06993199533260698], "CTIC": [-0.12055, 0.06993199533260698], "CTRX": [0.16944545454545454, 0.06993199533260698], "CYTK": [0.028076315789473682, 0.06993199533260698], "CYTX": [0.32658888888888893, 0.06993199533260698], "DEPO": [0.25603333333333333, 0.06993199533260698], "DNDN": [-0.0772, 0.06993199533260698], "DRNA": [0.0, 0.06993199533260698], "DRRX": [0.1151125, 0.06993199533260698], "DSCO": [0.22965714285714284, 0.06993199533260698], "DVAX": [0.09087878787878786, 0.06993199533260698], "DYAX": [0.11764, 0.06993199533260698], "ECYT": [0.10566666666666667, 0.06993199533260698], "EDIT": [0.3146142857142857, 0.06993199533260698], "ENCY": [-0.1909, 0.06993199533260698], "ENDP": [-0.03834285714285714, 0.06993199533260698], "ENTA": [0.030287499999999988, 0.06993199533260698], "ENZN": [0.0, 0.06993199533260698], "EPZM": [0.0961, 0.06993199533260698], "ESPR": [0.28922, 0.06993199533260698], "EXEL": [0.28099999999999997, 0.06993199533260698], "FACT": [0.2296933333333334, 0.06993199533260698], "FMI": [0.25, 0.06993199533260698], "FOLD": [0.2679333333333333, 0.06993199533260698], "FURX": [-0.3182, 0.06993199533260698], "GERN": [0.0, 0.06993199533260698], "GHDX": [-0.2263, 0.06993199533260698], "GILD": [0.024304761904761912, 0.06993199533260698], "GPRO": [0.20424000000000003, 0.06993199533260698], "GTXI": [0.4404, 0.06993199533260698], "GWPH": [0.0, 0.06993199533260698], "HALO": [-0.007970491803278688, 0.06993199533260698], "HPTX": [0.05159999999999999, 0.06993199533260698], "HZNP": [0.222, 0.06993199533260698], "ICEL": [0.16110000000000002, 0.06993199533260698], "ICOS": [-0.6597, 0.06993199533260698], "ICY": [-0.296, 0.06993199533260698], "IDIX": [0.3265428571428572, 0.06993199533260698], "ILMN": [-0.4767, 0.06993199533260698], "ILU": [-0.21435, 0.06993199533260698], "IMGN": [0.6486, 0.06993199533260698], "IMMU": [0.15973999999999997, 0.06993199533260698], "INCR": [0.21925714285714287, 0.06993199533260698], "INCY": [0.117896, 0.06993199533260698], "INFI": [0.07427647058823529, 0.06993199533260698], "INO": [0.10907307692307694, 0.06993199533260698], "INSM": [0.0, 0.06993199533260698], "INSY": [0.32985, 0.06993199533260698], "IONS": [0.06211129032258065, 0.06993199533260698], "IRWD": [0.0903, 0.06993199533260698], "ISIS": [0.03869999999999999, 0.06993199533260698], "ISTA": [0.10287142857142857, 0.06993199533260698], "ITMN": [0.01561111111111111, 0.06993199533260698], "JAZZ": [0.05666666666666667, 0.06993199533260698], "KERX": [0.0645, 0.06993199533260698], "LBIO": [0.20516666666666666, 0.06993199533260698], "LGND": [0.02802, 0.06993199533260698], "LIFE": [0.02122777777777778, 0.06993199533260698], "LXRX": [-0.07265882352941178, 0.06993199533260698], "MACK": [-0.02067, 0.06993199533260698], "MAPP": [-0.6369, 0.06993199533260698], "MDCO": [-0.24080000000000001, 0.06993199533260698], "MDVN": [0.06712000000000001, 0.06993199533260698], "MEDI": [0.1312181818181818, 0.06993199533260698], "MNK": [0.10918313253012046, 0.06993199533260698], "MNKD": [0.09289610389610391, 0.06993199533260698], "MNTA": [0.19848000000000002, 0.06993199533260698], "MYL": [0.0389888888888889, 0.06993199533260698], "NABI": [0.0, 0.06993199533260698], "NBIX": [-0.0772, 0.06993199533260698], "NH": [0.057561111111111125, 0.06993199533260698], "NK": [0.10400583941605834, 0.06993199533260698], "NKTR": [-0.03195555555555556, 0.06993199533260698], "NPSP": [0.0, 0.06993199533260698], "NVAX": [0.1954, 0.06993199533260698], "OMED": [0.2747777777777778, 0.06993199533260698], "OMER": [0.1143047619047619, 0.06993199533260698], "ONCE": [0.0003999999999999976, 0.06993199533260698], "ONTX": [0.034709090909090905, 0.06993199533260698], "ONTY": [0.04046, 0.06993199533260698], "ONVO": [0.06285277777777777, 0.06993199533260698], "ONXX": [0.02545333333333333, 0.06993199533260698], "OPK": [0.21075, 0.06993199533260698], "OPTR": [0.014749999999999996, 0.06993199533260698], "OREX": [0.10267857142857144, 0.06993199533260698], "OSCI": [-0.04526, 0.06993199533260698], "OTIC": [0.15253333333333333, 0.06993199533260698], "PACB": [-0.04526, 0.06993199533260698], "PANC": [-0.21989999999999998, 0.06993199533260698], "PARD": [-0.2732, 0.06993199533260698], "PCYC": [0.033716666666666666, 0.06993199533260698], "PDLI": [0.0, 0.06993199533260698], "PGNX": [0.34, 0.06993199533260698], "PTIE": [0.0, 0.06993199533260698], "PTX": [0.05159999999999999, 0.06993199533260698], "QCOR": [0.007780769230769231, 0.06993199533260698], "RARE": [-0.10846, 0.06993199533260698], "REGN": [0.0, 0.06993199533260698], "RIGL": [0.14087142857142856, 0.06993199533260698], "RNAI": [0.0, 0.06993199533260698], "RTRX": [0.0, 0.06993199533260698], "SAGE": [0.12770909090909088, 0.06993199533260698], "SCLN": [0.0, 0.06993199533260698], "SGEN": [0.0889029411764706, 0.06993199533260698], "SGNT": [0.0, 0.06993199533260698], "SGYP": [0.3381111111111111, 0.06993199533260698], "SHPG": [0.14046666666666666, 0.06993199533260698], "SLXP": [0.0, 0.06993199533260698], "SNTA": [0.018274074074074068, 0.06993199533260698], "SNTS": [0.016747368421052632, 0.06993199533260698], "SPPI": [0.0, 0.06993199533260698], "SQNM": [0.18816521739130435, 0.06993199533260698], "SRPT": [0.16419310344827587, 0.06993199533260698], "STEM": [0.0, 0.06993199533260698], "SVNT": [0.0, 0.06993199533260698], "TARO": [0.0, 0.06993199533260698], "TBPH": [0.0, 0.06993199533260698], "TECH": [0.10398860759493668, 0.06993199533260698], "TEVA": [-0.009409090909090928, 0.06993199533260698], "THLD": [-0.04683333333333333, 0.06993199533260698], "THRX": [0.0, 0.06993199533260698], "TSRX": [0.08439454545454546, 0.06993199533260698], "TTPH": [0.131675, 0.06993199533260698], "USD": [0.11120200000000002, 0.06993199533260698], "UTHR": [0.0, 0.06993199533260698],