{"AAVL": [0.045549999999999986, 0.14144375036962165], "ACAD": [0.10886363636363637, 0.14144375036962165], "ACHN": [0.2637222222222222, 0.14144375036962165], "ACOR": [0.1579454545454545, 0.14144375036962165], "ACRX": [-0.03647142857142858, 0.14144375036962165], "ADHD": [0.31951666666666667, 0.14144375036962165], "ADMS": [0.13299046563192904, 0.14144375036962165], "ADRO": [-0.05098749999999997, 0.14144375036962165], "AEGR": [0.135, 0.14144375036962165], "AERI": [0.0, 0.14144375036962165], "AFMD": [0.21075, 0.14144375036962165], "AGEN": [0.019984848484848498, 0.14144375036962165], "AGIO": [0.045239999999999995, 0.14144375036962165], "AGIX": [0.0, 0.14144375036962165], "AGTC": [0.11099999999999999, 0.14144375036962165], "AIMT": [0.36755, 0.14144375036962165], "AKBA": [0.0, 0.14144375036962165], "AKRX": [0.16995, 0.14144375036962165], "ALDR": [-0.2670166666666667, 0.14144375036962165], "ALIM": [0.13421111111111111, 0.14144375036962165], "ALKS": [0.20118518518518524, 0.14144375036962165], "ALNY": [0.026081081081081047, 0.14144375036962165], "ALTH": [0.03512222222222222, 0.14144375036962165], "ALTU": [0.636, 0.14144375036962165], "ALXA": [0.033716666666666666, 0.14144375036962165], "ALXN": [0.17532727272727272, 0.14144375036962165], "AMAG": [0.212, 0.14144375036962165], "AMGN": [-0.006122794117647059, 0.14144375036962165], "AMPH": [0.0, 0.14144375036962165], "AMRN": [0.2592272727272727, 0.14144375036962165], "ANAC": [0.10451764705882353, 0.14144375036962165], "ANDS": [0.42285, 0.14144375036962165], "ANIP": [-0.058486666666666666, 0.14144375036962165], "ANTH": [0.16080000000000003, 0.14144375036962165], "AQXP": [-0.07886, 0.14144375036962165], "ARDX": [-0.11932499999999999, 0.14144375036962165], "ARIA": [0.12254772727272732, 0.14144375036962165], "ARNA": [0.40284687499999994, 0.14144375036962165], "ARQL": [0.10683333333333334, 0.14144375036962165], "ARRY": [0.2111142857142857, 0.14144375036962165], "ARWR": [0.18544347826086954, 0.14144375036962165], "ASPX": [-0.12293703703703708, 0.14144375036962165], "AST": [0.10157142857142855, 0.14144375036962165], "AVEO": [0.053116666666666666, 0.14144375036962165], "AVNR": [0.159, 0.14144375036962165], "BCRX": [0.10519999999999999, 0.14144375036962165], "BIIB": [-0.01629054054054054, 0.14144375036962165], "BIOD": [-0.07405333333333335, 0.14144375036962165], "BLCM": [0.2906181818181819, 0.14144375036962165], "BLUE": [0.08140789473684211, 0.14144375036962165], "BMRN": [0.054960606060606064, 0.14144375036962165], "CARA": [0.0, 0.14144375036962165], "CBPO": [0.236625, 0.14144375036962165], "CCXI": [0.318, 0.14144375036962165], "CELG": [0.08533647540983605, 0.14144375036962165], "CEMP": [0.006599999999999987, 0.14144375036962165], "CEPH": [0.0, 0.14144375036962165], "CERS": [0.10583571428571428, 0.14144375036962165], "CGEN": [0.0, 0.14144375036962165], "CHMA": [0.123475, 0.14144375036962165], "CHRS": [0.05599999999999999, 0.14144375036962165], "CLCD": [0.0, 0.14144375036962165], "CLDN": [0.30646000000000007, 0.14144375036962165], "CLDX": [-0.11221600000000001, 0.14144375036962165], "CLVS": [0.09396, 0.14144375036962165], "CMRX": [0.1180125, 0.14144375036962165], "CNCT": [0.0, 0.14144375036962165], "COLL": [-0.0025416666666666643, 0.14144375036962165], "COLY": [0.0, 0.14144375036962165], "CRA": [-0.05674545454545454, 0.14144375036962165], "CRIS": [0.22593333333333332, 0.14144375036962165], "CRME": [-0.02110833333333333, 0.14144375036962165], "CTIC": [0.3629190476190476, 0.14144375036962165], "CTRX": [0.636, 0.14144375036962165], "CXRX": [0.0, 0.14144375036962165], "CYTX": [0.34540769230769225, 0.14144375036962165], "DBVT": [0.0, 0.14144375036962165], "DEPO": [0.15896111111111114, 0.14144375036962165], "DERM": [0.08977333333333333, 0.14144375036962165], "DIGE": [0.2553, 0.14144375036962165], "DNDN": [0.0, 0.14144375036962165], "DRNA": [0.0, 0.14144375036962165], "DRRX": [0.0, 0.14144375036962165], "DSCO": [0.4533714285714286, 0.14144375036962165], "DVAX": [0.22222666666666668, 0.14144375036962165], "DYAX": [0.19578333333333334, 0.14144375036962165], "ECYT": [0.424, 0.14144375036962165], "EDIT": [0.0199245145631068, 0.14144375036962165], "EGLT": [0.0, 0.14144375036962165], "EGRX": [0.14652187499999994, 0.14144375036962165], "ENCY": [0.315075, 0.14144375036962165], "ENDP": [0.09831153846153849, 0.14144375036962165], "ENTA": [0.10550526315789473, 0.14144375036962165], "ENZN": [0.17, 0.14144375036962165], "EPZM": [-0.004971428571428563, 0.14144375036962165], "ESPR": [0.29052500000000003, 0.14144375036962165], "EXEL": [0.06836750000000001, 0.14144375036962165], "FACT": [-0.11811666666666665, 0.14144375036962165], "FGEN": [0.17705625, 0.14144375036962165], "FLKS": [0.04228571428571428, 0.14144375036962165], "FLML": [0.0, 0.14144375036962165], "FLXN": [0.19394615384615382, 0.14144375036962165], "FMI": [0.06997297297297292, 0.14144375036962165], "FOLD": [0.021966666666666666, 0.14144375036962165], "FOMX": [0.148, 0.14144375036962165], "FPRX": [-0.10590454545454545, 0.14144375036962165], "GBT": [0.0, 0.14144375036962165], "GERN": [0.15386206896551727, 0.14144375036962165], "GEVA": [0.42429999999999995, 0.14144375036962165], "GHDX": [0.1225, 0.14144375036962165], "GILD": [0.08704272300469486, 0.14144375036962165], "GNVC": [0.636, 0.14144375036962165], "GPRO": [0.11349999999999995, 0.14144375036962165], "GRFS": [0.0, 0.14144375036962165], "GTXI": [0.14928, 0.14144375036962165], "GWPH": [0.03263750000000001, 0.14144375036962165], "HALO": [0.1607511627906977, 0.14144375036962165], "HBIO": [0.0, 0.14144375036962165], "HEPH": [0.3818, 0.14144375036962165], "HZNP": [0.13373380281690136, 0.14144375036962165], "ICEL": [0.61866, 0.14144375036962165], "ICPT": [0.13147999999999999, 0.14144375036962165], "ICY": [-0.743, 0.14144375036962165], "ILMN": [0.10098181818181816, 0.14144375036962165], "ILU": [0.2283666666666667, 0.14144375036962165], "IMDZ": [0.296, 0.14144375036962165], "IMGN": [0.13384000000000001, 0.14144375036962165], "IMMU": [0.1022153846153846, 0.14144375036962165], "INCR": [0.2635823529411765, 0.14144375036962165], "INCY": [-0.03341499999999999, 0.14144375036962165], "INFI": [0.11963636363636364, 0.14144375036962165], "INO": [0.1448818181818182, 0.14144375036962165], "INSM": [0.0, 0.14144375036962165], "INSY": [0.19682380952380954, 0.14144375036962165], "IONS": [0.02247056074766355, 0.14144375036962165], "IPXL": [0.20437857142857144, 0.14144375036962165], "IRWD": [0.0, 0.14144375036962165], "ISIS": [0.150425, 0.14144375036962165], "ISTA": [-0.04096666666666667, 0.14144375036962165], "ITCI": [-0.07714210526315789, 0.14144375036962165], "ITEK": [0.059199999999999996, 0.14144375036962165], "JAZZ": [0.10711176470588235, 0.14144375036962165], "JUNO": [-0.06870714285714287, 0.14144375036962165], "KERX": [0.31855263157894737, 0.14144375036962165], "KITE": [0.0, 0.14144375036962165], "KPTI": [0.0, 0.14144375036962165], "KYTH": [0.4169333333333334, 0.14144375036962165], "LBIO": [0.17774848484848485, 0.14144375036962165], "LGND": [0.3099, 0.14144375036962165], "LIFE": [0.22073846153846155, 0.14144375036962165], "LOXO": [-0.029349999999999998, 0.14144375036962165], "LXRX": [0.0, 0.14144375036962165], "MACK": [-0.12336428571428572, 0.14144375036962165], "MAPP": [0.0, 0.14144375036962165], "MCRB": [0.16132, 0.14144375036962165], "MDCO": [0.0, 0.14144375036962165], "MDVN": [0.1204315789473684, 0.14144375036962165], "MEDI": [0.23863247663551568, 0.14144375036962165], "MGNX": [0.2286222222222222, 0.14144375036962165], "MNK": [0.15159818181818183, 0.14144375036962165], "MNKD": [0.10198611111111111, 0.14144375036962165], "MNTA": [0.09866666666666667, 0.14144375036962165], "MYGN": [0.0, 0.14144375036962165], "MYL": [0.1293161290322581, 0.14144375036962165], "NABI": [0.43095, 0.14144375036962165], "NBIX": [0.296, 0.14144375036962165], "NDRM": [0.12641, 0.14144375036962165], "NEOS": [0.2553, 0.14144375036962165], "NERV": [0.0, 0.14144375036962165], "NH": [0.24405616438356167, 0.14144375036962165], "NK": [0.10365619047619044, 0.14144375036962165],