{"AAVL": [0.2462, 0.11731224156054176], "ACAD": [0.06075384615384617, 0.11731224156054176], "ACHN": [0.3706285714285714, 0.11731224156054176], "ACOR": [-0.19756, 0.11731224156054176], "ACRX": [0.17346666666666666, 0.11731224156054176], "ADMS": [0.0, 0.11731224156054176], "ADRO": [-0.01576, 0.11731224156054176], "AFFY": [0.4404, 0.11731224156054176], "AFMD": [0.0, 0.11731224156054176], "AGEN": [0.09866666666666667, 0.11731224156054176], "AGIO": [-0.021333333333333333, 0.11731224156054176], "AIMT": [0.09866666666666667, 0.11731224156054176], "AKRX": [0.2784166666666667, 0.11731224156054176], "ALDR": [0.0, 0.11731224156054176], "ALKS": [0.2328, 0.11731224156054176], "ALNY": [0.006783333333333326, 0.11731224156054176], "ALTH": [0.20536875000000002, 0.11731224156054176], "AMAG": [0.0, 0.11731224156054176], "AMGN": [0.24677878787878785, 0.11731224156054176], "AMPH": [0.4019, 0.11731224156054176], "AMRN": [-0.030355555555555556, 0.11731224156054176], "ANAC": [0.0, 0.11731224156054176], "ANDS": [0.0, 0.11731224156054176], "ANIP": [0.0, 0.11731224156054176], "ANTH": [-0.4767, 0.11731224156054176], "AQXP": [0.0, 0.11731224156054176], "ARIA": [-0.06633333333333331, 0.11731224156054176], "ARLZ": [-0.03423333333333333, 0.11731224156054176], "ARNA": [0.7243, 0.11731224156054176], "ARQL": [0.0, 0.11731224156054176], "ARRY": [0.15457692307692308, 0.11731224156054176], "ARWR": [0.14331428571428573, 0.11731224156054176], "ASPX": [0.0, 0.11731224156054176], "AST": [0.24327741935483876, 0.11731224156054176], "BCRX": [-0.0086, 0.11731224156054176], "BIIB": [0.21479374999999998, 0.11731224156054176], "BLCM": [0.08808, 0.11731224156054176], "BLUE": [-0.023194117647058823, 0.11731224156054176], "BMRN": [0.0, 0.11731224156054176], "CALP": [0.4404, 0.11731224156054176], "CARA": [0.09791666666666667, 0.11731224156054176], "CASC": [0.0, 0.11731224156054176], "CCXI": [0.0, 0.11731224156054176], "CELG": [0.28250000000000003, 0.11731224156054176], "CEMP": [0.0, 0.11731224156054176], "CERS": [0.4144, 0.11731224156054176], "CHMA": [0.0, 0.11731224156054176], "CHRS": [0.6696, 0.11731224156054176], "CLDN": [0.4898, 0.11731224156054176], "CLDX": [0.0, 0.11731224156054176], "CLVS": [0.0, 0.11731224156054176], "CMRX": [0.6808, 0.11731224156054176], "COLL": [-0.296, 0.11731224156054176], "CRA": [0.01625, 0.11731224156054176], "CRIS": [0.4588, 0.11731224156054176], "CRME": [0.0, 0.11731224156054176], "CXRX": [0.19733333333333333, 0.11731224156054176], "CYTK": [0.0, 0.11731224156054176], "CYTX": [0.5106, 0.11731224156054176], "DBVT": [0.0, 0.11731224156054176], "DEPO": [0.2703, 0.11731224156054176], "DERM": [0.0, 0.11731224156054176], "DNAI": [0.0, 0.11731224156054176], "DRNA": [0.296, 0.11731224156054176], "DRRX": [0.0, 0.11731224156054176], "DVAX": [0.0, 0.11731224156054176], "EDIT": [0.0, 0.11731224156054176], "EGRX": [0.2462, 0.11731224156054176], "ENCY": [-0.024999999999999967, 0.11731224156054176], "ENDP": [-0.1462875, 0.11731224156054176], "ENTA": [0.007371428571428571, 0.11731224156054176], "ENZN": [0.5719, 0.11731224156054176], "ESPR": [0.517, 0.11731224156054176], "EXEL": [0.4117333333333333, 0.11731224156054176], "FACT": [0.13396666666666665, 0.11731224156054176], "FGEN": [0.0, 0.11731224156054176], "FLKS": [0.0, 0.11731224156054176], "FLXN": [0.0, 0.11731224156054176], "FMI": [0.0, 0.11731224156054176], "FOLD": [0.0, 0.11731224156054176], "GBT": [-0.016666666666666646, 0.11731224156054176], "GEVA": [0.0, 0.11731224156054176], "GILD": [0.117215, 0.11731224156054176], "GPRO": [0.19290666666666667, 0.11731224156054176], "GWPH": [0.3612, 0.11731224156054176], "HALO": [0.6369, 0.11731224156054176], "HZNP": [0.2870714285714286, 0.11731224156054176], "ICOS": [0.0, 0.11731224156054176], "ICPT": [0.037, 0.11731224156054176], "ILMN": [0.0, 0.11731224156054176], "ILU": [-0.38915, 0.11731224156054176], "IMDZ": [0.148, 0.11731224156054176], "IMGN": [-0.006590909090909077, 0.11731224156054176], "IMMU": [0.10185999999999999, 0.11731224156054176], "INCR": [0.36615555555555557, 0.11731224156054176], "INCY": [-0.03642666666666667, 0.11731224156054176], "INFI": [0.0, 0.11731224156054176], "INO": [0.2369, 0.11731224156054176], "INSY": [0.060200000000000004, 0.11731224156054176], "IONS": [0.08518181818181819, 0.11731224156054176], "IRWD": [0.148, 0.11731224156054176], "ISTA": [0.17020000000000002, 0.11731224156054176], "ITCI": [0.0, 0.11731224156054176], "ITEK": [0.453, 0.11731224156054176], "JAZZ": [0.12728, 0.11731224156054176], "JUNO": [0.175015, 0.11731224156054176], "KERX": [0.0, 0.11731224156054176], "KITE": [0.09576666666666667, 0.11731224156054176], "KMPH": [0.5420923076923077, 0.11731224156054176], "LBIO": [0.3583230769230769, 0.11731224156054176], "LIFE": [0.24080000000000001, 0.11731224156054176], "LMNX": [0.32930000000000004, 0.11731224156054176], "LOXO": [0.11839999999999999, 0.11731224156054176], "LXRX": [0.0, 0.11731224156054176], "MACK": [0.0593, 0.11731224156054176], "MAPP": [0.7762, 0.11731224156054176], "MCRB": [-0.2732, 0.11731224156054176], "MDCO": [0.2870714285714286, 0.11731224156054176], "MEDI": [0.04370263157894737, 0.11731224156054176], "MGNX": [0.0, 0.11731224156054176], "MNK": [0.15056363636363634, 0.11731224156054176], "MNKD": [0.04760714285714286, 0.11731224156054176], "MNTA": [0.0, 0.11731224156054176], "MYL": [-0.26969999999999994, 0.11731224156054176], "NABI": [0.2263, 0.11731224156054176], "NDRM": [0.11988000000000001, 0.11731224156054176], "NERV": [-0.32793333333333335, 0.11731224156054176], "NH": [0.0356125, 0.11731224156054176], "NK": [0.14675384615384618, 0.11731224156054176], "NKTR": [0.0, 0.11731224156054176], "NLNK": [0.0, 0.11731224156054176], "NSTG": [0.5106, 0.11731224156054176], "NVAX": [0.06489444444444444, 0.11731224156054176], "NVCR": [0.0, 0.11731224156054176], "OCUL": [0.0, 0.11731224156054176], "OMED": [0.0, 0.11731224156054176], "ONCE": [0.23202499999999998, 0.11731224156054176], "ONTY": [0.0, 0.11731224156054176], "ONVO": [0.0, 0.11731224156054176], "OPHT": [-0.6597, 0.11731224156054176], "OPK": [0.445290909090909, 0.11731224156054176], "OSCI": [0.0, 0.11731224156054176], "OTIC": [0.14772000000000002, 0.11731224156054176], "OVAS": [0.0, 0.11731224156054176], "PACB": [0.0, 0.11731224156054176], "PETX": [0.0, 0.11731224156054176], "PRGO": [-0.5719, 0.11731224156054176], "PRTK": [0.0, 0.11731224156054176], "PTCT": [0.22524000000000002, 0.11731224156054176], "PTIE": [0.0, 0.11731224156054176], "QURE": [0.2585, 0.11731224156054176], "RARE": [0.2721, 0.11731224156054176], "RDUS": [0.0, 0.11731224156054176], "REGN": [-0.00645, 0.11731224156054176], "RGNX": [0.0, 0.11731224156054176], "RLYP": [0.14525555555555558, 0.11731224156054176], "RPTP": [0.40190000000000003, 0.11731224156054176], "RTRX": [0.5994, 0.11731224156054176], "SAGE": [0.026909090909090907, 0.11731224156054176], "SCMP": [-0.064, 0.11731224156054176], "SGEN": [-0.27086666666666664, 0.11731224156054176], "SGMO": [0.0, 0.11731224156054176], "SGNT": [0.296, 0.11731224156054176], "SGYP": [0.19737, 0.11731224156054176], "SHPG": [0.195675, 0.11731224156054176], "SRPT": [0.11843249999999998, 0.11731224156054176], "STEM": [0.12738, 0.11731224156054176], "SUPN": [0.0, 0.11731224156054176], "TARO": [0.0, 0.11731224156054176], "TECH": [0.037282608695652183, 0.11731224156054176], "TEVA": [-0.13506923076923077, 0.11731224156054176], "TSRO": [0.0, 0.11731224156054176], "USD": [0.0, 0.11731224156054176], "UTHR": [0.4215, 0.11731224156054176], "VICL": [0.6808, 0.11731224156054176], "VNDA": [0.3387, 0.11731224156054176], "VRTX": [-0.045533333333333335, 0.11731224156054176], "VSAR": [0.148, 0.11731224156054176], "VTAE": [0.0, 0.11731224156054176], "VVUS": [0.4239, 0.11731224156054176], "XBIT": [0.0, 0.11731224156054176], "XNCR": [0.48324999999999996, 0.11731224156054176], "XNPT": [0.2466, 0.11731224156054176], "XOMA": [0.28896, 0.11731224156054176], "ZGNX": [0.0, 0.11731224156054176], "ZSPH": [0.47713333333333335, 0.11731224156054176]}