{"ACAD": [0.1421, 0.10872737007105862], "ACHN": [0.2023, 0.10872737007105862], "ADLR": [0.0, 0.10872737007105862], "ADRO": [0.0, 0.10872737007105862], "AFFY": [0.0, 0.10872737007105862], "AKRX": [0.3787, 0.10872737007105862], "ALKS": [-0.13470000000000001, 0.10872737007105862], "ALTH": [0.11937142857142857, 0.10872737007105862], "ALXA": [0.11938, 0.10872737007105862], "ALXN": [0.20740000000000003, 0.10872737007105862], "AMAG": [0.0, 0.10872737007105862], "AMGN": [-0.012826666666666672, 0.10872737007105862], "AMLN": [0.0, 0.10872737007105862], "AMRN": [0.06291428571428571, 0.10872737007105862], "ANAC": [0.0, 0.10872737007105862], "ANDS": [0.10212000000000002, 0.10872737007105862], "ARIA": [-0.015074999999999991, 0.10872737007105862], "ARNA": [0.12040000000000001, 0.10872737007105862], "ARQL": [0.5106, 0.10872737007105862], "ARRY": [0.21096666666666666, 0.10872737007105862], "ASPX": [0.0652490909090909, 0.10872737007105862], "AST": [0.05493975903614459, 0.10872737007105862], "AVII": [0.5106, 0.10872737007105862], "AVNR": [0.15293333333333334, 0.10872737007105862], "BCRX": [0.0, 0.10872737007105862], "BIIB": [0.6369, 0.10872737007105862], "BIOD": [0.14049999999999999, 0.10872737007105862], "BLUE": [0.03062, 0.10872737007105862], "BMTI": [0.0, 0.10872737007105862], "BPAX": [0.20757777777777775, 0.10872737007105862], "BPMC": [0.0, 0.10872737007105862], "CARA": [0.5093, 0.10872737007105862], "CBPO": [0.0, 0.10872737007105862], "CELG": [0.0, 0.10872737007105862], "CEPH": [0.0, 0.10872737007105862], "CHRS": [0.20424000000000003, 0.10872737007105862], "COLL": [0.03609999999999998, 0.10872737007105862], "CRA": [-0.45968, 0.10872737007105862], "CRIS": [0.2553, 0.10872737007105862], "CTIC": [0.4215, 0.10872737007105862], "CYTK": [0.2941454545454546, 0.10872737007105862], "CYTX": [0.2023, 0.10872737007105862], "DEPO": [0.17020000000000002, 0.10872737007105862], "DRRX": [0.5106, 0.10872737007105862], "DSCO": [0.2023, 0.10872737007105862], "DYAX": [0.0, 0.10872737007105862], "EDIT": [0.0, 0.10872737007105862], "EMIS": [0.2732, 0.10872737007105862], "ENCY": [0.0, 0.10872737007105862], "ENDP": [0.0, 0.10872737007105862], "ENTA": [0.0, 0.10872737007105862], "ENZN": [0.0, 0.10872737007105862], "EPIX": [0.0, 0.10872737007105862], "EXEL": [-0.09116666666666667, 0.10872737007105862], "FACT": [0.0, 0.10872737007105862], "FOLD": [0.16858333333333334, 0.10872737007105862], "GEVA": [-0.5106, 0.10872737007105862], "GHDX": [0.3818, 0.10872737007105862], "GILD": [0.0, 0.10872737007105862], "GTXI": [0.0, 0.10872737007105862], "HGSI": [0.25007222222222225, 0.10872737007105862], "ICY": [0.0, 0.10872737007105862], "IDIX": [0.5106, 0.10872737007105862], "ILMN": [-0.09866666666666667, 0.10872737007105862], "IMMU": [0.3182, 0.10872737007105862], "INFI": [0.0, 0.10872737007105862], "INO": [-0.037166666666666674, 0.10872737007105862], "INSM": [0.0, 0.10872737007105862], "IONS": [0.29886666666666667, 0.10872737007105862], "ISTA": [-0.063825, 0.10872737007105862], "ITMN": [0.4588, 0.10872737007105862], "JAZZ": [0.3534428571428571, 0.10872737007105862], "KERX": [0.4871, 0.10872737007105862], "LBIO": [0.016700000000000007, 0.10872737007105862], "LIFE": [0.0, 0.10872737007105862], "MCRB": [0.296, 0.10872737007105862], "MDCO": [0.21989999999999998, 0.10872737007105862], "MEDI": [0.05103333333333334, 0.10872737007105862], "MITI": [0.0, 0.10872737007105862], "MNK": [0.4215, 0.10872737007105862], "MNKD": [0.4215, 0.10872737007105862], "MNTA": [0.0, 0.10872737007105862], "MYL": [-0.03423333333333333, 0.10872737007105862], "MYRX": [-0.8689, 0.10872737007105862], "NH": [0.233225, 0.10872737007105862], "NK": [0.14235185185185187, 0.10872737007105862], "NKTR": [0.0, 0.10872737007105862], "OCUL": [0.0, 0.10872737007105862], "OMPI": [0.043800000000000006, 0.10872737007105862], "ONCE": [0.0, 0.10872737007105862], "ONXX": [0.28053333333333336, 0.10872737007105862], "OPK": [0.0, 0.10872737007105862], "OPTR": [0.33488333333333337, 0.10872737007105862], "OREX": [0.16250526315789474, 0.10872737007105862], "PARD": [0.0, 0.10872737007105862], "PCYC": [0.0, 0.10872737007105862], "PGNX": [0.0, 0.10872737007105862], "RARE": [0.39755, 0.10872737007105862], "REGN": [0.36922000000000005, 0.10872737007105862], "SAGE": [0.06408392857142856, 0.10872737007105862], "SGMO": [0.17020000000000002, 0.10872737007105862], "SHPG": [0.05790000000000001, 0.10872737007105862], "SLXP": [0.0772, 0.10872737007105862], "SNTA": [0.0, 0.10872737007105862], "SNTS": [0.0772, 0.10872737007105862], "SPPI": [0.39755, 0.10872737007105862], "SQNM": [0.0, 0.10872737007105862], "STEM": [0.08523333333333333, 0.10872737007105862], "TECH": [0.33887, 0.10872737007105862], "TEVA": [0.0, 0.10872737007105862], "THLD": [0.156225, 0.10872737007105862], "THRX": [0.044733333333333326, 0.10872737007105862], "TRMS": [-0.1027, 0.10872737007105862], "TSRX": [0.0, 0.10872737007105862], "USD": [0.06338143459915611, 0.10872737007105862], "UTHR": [0.16346666666666665, 0.10872737007105862], "VICL": [-0.09454285714285715, 0.10872737007105862], "VPHM": [0.08962222222222221, 0.10872737007105862], "VRTX": [0.6567428571428572, 0.10872737007105862], "VRUS": [-0.23835, 0.10872737007105862], "VVUS": [0.11712105263157896, 0.10872737007105862], "WCRX": [0.14404666666666666, 0.10872737007105862], "XNPT": [0.3612, 0.10872737007105862], "XOMA": [0.0, 0.10872737007105862], "ZGNX": [-0.36369999999999997, 0.10872737007105862], "ZLCS": [0.08808, 0.10872737007105862]}