{"AAVL": [0.0399, 0.17785615518045048], "ACAD": [0.2873788135593219, 0.17785615518045048], "ACHN": [0.06593255813953487, 0.17785615518045048], "ACOR": [0.06344999999999999, 0.17785615518045048], "ADMS": [0.47280000000000005, 0.17785615518045048], "ADRO": [0.2799866666666667, 0.17785615518045048], "AEGR": [0.18102307692307693, 0.17785615518045048], "AERI": [0.0, 0.17785615518045048], "AFMD": [0.29935, 0.17785615518045048], "AGEN": [-0.7412, 0.17785615518045048], "AGIO": [0.0, 0.17785615518045048], "AGTC": [-0.16277499999999998, 0.17785615518045048], "AKBA": [0.40745250000000005, 0.17785615518045048], "AKRX": [0.29532222222222226, 0.17785615518045048], "ALIM": [0.2343833333333333, 0.17785615518045048], "ALKS": [0.16997142857142858, 0.17785615518045048], "ALNY": [0.1367375, 0.17785615518045048], "ALTH": [0.30205116279069766, 0.17785615518045048], "ALTU": [0.4687666666666667, 0.17785615518045048], "ALXN": [0.2049375, 0.17785615518045048], "AMAG": [0.35157499999999997, 0.17785615518045048], "AMGN": [0.09309111111111112, 0.17785615518045048], "AMPH": [0.0, 0.17785615518045048], "AMRN": [0.24369473684210524, 0.17785615518045048], "ANAC": [0.10051000000000002, 0.17785615518045048], "ANDS": [-0.0258, 0.17785615518045048], "ANIP": [0.13492500000000002, 0.17785615518045048], "ANTH": [-0.0952888888888889, 0.17785615518045048], "AQXP": [0.0, 0.17785615518045048], "ARDX": [0.0, 0.17785615518045048], "ARIA": [0.07827999999999997, 0.17785615518045048], "ARNA": [0.35606136363636365, 0.17785615518045048], "ARQL": [-0.164925, 0.17785615518045048], "ARRY": [0.45250000000000007, 0.17785615518045048], "ARWR": [0.3496529411764705, 0.17785615518045048], "ASPX": [-0.14007500000000003, 0.17785615518045048], "AST": [0.16424492753623152, 0.17785615518045048], "ATRA": [0.47884615384615387, 0.17785615518045048], "AVEO": [0.351575, 0.17785615518045048], "AVNR": [0.17914, 0.17785615518045048], "BCRX": [0.04228571428571428, 0.17785615518045048], "BIIB": [0.31838222222222223, 0.17785615518045048], "BIOD": [0.0, 0.17785615518045048], "BLCM": [0.26831200000000005, 0.17785615518045048], "BLUE": [0.21338958333333324, 0.17785615518045048], "BMRN": [0.47911800000000015, 0.17785615518045048], "CALP": [0.2202, 0.17785615518045048], "CARA": [0.0, 0.17785615518045048], "CBPO": [0.0, 0.17785615518045048], "CCXI": [0.4687666666666666, 0.17785615518045048], "CELG": [0.18896260162601616, 0.17785615518045048], "CEMP": [0.2732, 0.17785615518045048], "CEPH": [0.0, 0.17785615518045048], "CERS": [0.02086666666666667, 0.17785615518045048], "CGEN": [0.25985, 0.17785615518045048], "CHMA": [0.0, 0.17785615518045048], "CHRS": [0.1674, 0.17785615518045048], "CLCD": [0.0, 0.17785615518045048], "CLDN": [0.1724, 0.17785615518045048], "CLDX": [0.10817692307692307, 0.17785615518045048], "CLVS": [0.35265, 0.17785615518045048], "CMRX": [0.2838214285714286, 0.17785615518045048], "CNCE": [0.3230615384615385, 0.17785615518045048], "COLL": [0.5175, 0.17785615518045048], "CRA": [0.024357692307692306, 0.17785615518045048], "CRIS": [0.02111153846153846, 0.17785615518045048], "CRME": [0.4687666666666666, 0.17785615518045048], "CTIC": [0.31575, 0.17785615518045048], "CTRX": [0.70315, 0.17785615518045048], "CYTK": [0.0, 0.17785615518045048], "CYTX": [0.308925, 0.17785615518045048], "DBVT": [0.3818000000000001, 0.17785615518045048], "DEPO": [0.3562, 0.17785615518045048], "DERM": [0.36053076923076927, 0.17785615518045048], "DNAI": [0.18836363636363632, 0.17785615518045048], "DNDN": [0.0, 0.17785615518045048], "DRNA": [0.26930000000000004, 0.17785615518045048], "DRRX": [0.0, 0.17785615518045048], "DSCO": [0.6512857142857144, 0.17785615518045048], "DVAX": [0.006342857142857142, 0.17785615518045048], "DYAX": [0.4313916666666667, 0.17785615518045048], "ECYT": [0.4687666666666667, 0.17785615518045048], "EDIT": [0.4082266666666667, 0.17785615518045048], "EGLT": [0.1796, 0.17785615518045048], "EGRX": [0.10551428571428571, 0.17785615518045048], "ENCY": [0.39039999999999997, 0.17785615518045048], "ENDP": [0.045349999999999994, 0.17785615518045048], "ENTA": [0.05041052631578946, 0.17785615518045048], "ENZN": [0.34, 0.17785615518045048], "EPZM": [0.4574812500000001, 0.17785615518045048], "ESPR": [0.13160624999999995, 0.17785615518045048], "EXEL": [-0.001295454545454544, 0.17785615518045048], "FACT": [0.09106666666666667, 0.17785615518045048], "FGEN": [0.045575, 0.17785615518045048], "FLKS": [0.0, 0.17785615518045048], "FLXN": [0.0, 0.17785615518045048], "FMI": [0.20952857142857143, 0.17785615518045048], "FOLD": [0.28230416666666674, 0.17785615518045048], "FPRX": [0.08841884057971015, 0.17785615518045048], "GBT": [0.0, 0.17785615518045048], "GERN": [0.2567368421052632, 0.17785615518045048], "GEVA": [0.25539999999999996, 0.17785615518045048], "GHDX": [0.26639999999999997, 0.17785615518045048], "GILD": [0.22115398773006134, 0.17785615518045048], "GNVC": [0.4687666666666666, 0.17785615518045048], "GPRO": [0.020051612903225803, 0.17785615518045048], "GRFS": [0.004444444444444442, 0.17785615518045048], "GWPH": [0.26886666666666664, 0.17785615518045048], "HALO": [0.28394468085106384, 0.17785615518045048], "HZNP": [0.09869855072463771, 0.17785615518045048], "ICEL": [0.40180000000000005, 0.17785615518045048], "ICPT": [0.12908571428571428, 0.17785615518045048], "ICY": [0.22383333333333333, 0.17785615518045048], "ILMN": [0.08715454545454546, 0.17785615518045048], "ILU": [-0.2553, 0.17785615518045048], "IMGN": [-0.30024999999999996, 0.17785615518045048], "IMMU": [0.17072500000000004, 0.17785615518045048], "INCR": [0.5630727272727273, 0.17785615518045048], "INCY": [0.030127272727272735, 0.17785615518045048], "INFI": [0.2299545454545454, 0.17785615518045048], "INGN": [0.4215, 0.17785615518045048], "INO": [0.11224999999999999, 0.17785615518045048], "INSM": [-0.12453333333333332, 0.17785615518045048], "INSY": [0.17881333333333332, 0.17785615518045048], "INVA": [0.0, 0.17785615518045048], "IONS": [0.009311999999999996, 0.17785615518045048], "IPXL": [0.10966999999999998, 0.17785615518045048], "ISIS": [0.17965348837209302, 0.17785615518045048], "ISTA": [0.017666666666666667, 0.17785615518045048], "ITCI": [0.0981767857142857, 0.17785615518045048], "ITEK": [0.26125, 0.17785615518045048], "JAZZ": [0.014799999999999999, 0.17785615518045048], "JUNO": [0.22115757575757572, 0.17785615518045048], "KERX": [0.458164705882353, 0.17785615518045048], "KITE": [0.23738571428571426, 0.17785615518045048], "KMPH": [0.5106, 0.17785615518045048], "KPTI": [0.0, 0.17785615518045048], "LBIO": [0.32070416666666673, 0.17785615518045048], "LGND": [0.4687666666666666, 0.17785615518045048], "LIFE": [0.3505555555555556, 0.17785615518045048], "LMNX": [0.09932173913043477, 0.17785615518045048], "LOXO": [0.0, 0.17785615518045048], "LXRX": [0.14100625, 0.17785615518045048], "MACK": [0.042460000000000005, 0.17785615518045048], "MAPP": [0.4086, 0.17785615518045048], "MCRB": [0.19733333333333333, 0.17785615518045048], "MDCO": [0.1242583333333333, 0.17785615518045048], "MDVN": [0.11982424242424243, 0.17785615518045048], "MEDI": [0.17641111111111096, 0.17785615518045048], "MGNX": [0.2036917525773197, 0.17785615518045048], "MNK": [0.1377, 0.17785615518045048], "MNKD": [0.14140999999999998, 0.17785615518045048], "MNTA": [0.08952380952380949, 0.17785615518045048], "MYGN": [0.10820816326530612, 0.17785615518045048], "MYL": [0.18166363636363636, 0.17785615518045048], "NDRM": [0.19145, 0.17785615518045048], "NEOS": [0.18756666666666666, 0.17785615518045048], "NH": [0.07227904761904763, 0.17785615518045048], "NK": [0.11024659498207875, 0.17785615518045048], "NKTR": [0.2556307692307693, 0.17785615518045048], "NLNK": [0.0912, 0.17785615518045048], "NOVN": [0.0, 0.17785615518045048], "NPSP": [0.4687666666666666, 0.17785615518045048], "NSTG": [0.0, 0.17785615518045048], "NVAX": [-0.05464, 0.17785615518045048], "OCUL": [0.26335, 0.17785615518045048], "OMED": [0.3135022727272728, 0.17785615518045048], "OMER": [0.0572962962962963, 0.17785615518045048], "OMPI": [0.0258, 0.17785615518045048],