{"ACAD": [0.0, 0.020456184126414884], "ACHN": [0.5927, 0.020456184126414884], "ACRX": [0.296, 0.020456184126414884], "ADLR": [0.2005, 0.020456184126414884], "AFFX": [0.10830000000000001, 0.020456184126414884], "AFFY": [0.4100333333333333, 0.020456184126414884], "AGEN": [0.1852125, 0.020456184126414884], "AKRX": [0.12738, 0.020456184126414884], "ALKS": [0.036899999999999995, 0.020456184126414884], "ALTH": [0.1591, 0.020456184126414884], "ALXA": [-0.09106666666666667, 0.020456184126414884], "ALXN": [-0.1589, 0.020456184126414884], "AMGN": [0.0, 0.020456184126414884], "AMLN": [-0.5106, 0.020456184126414884], "AMRN": [-0.04127000000000001, 0.020456184126414884], "ANDS": [0.1027, 0.020456184126414884], "ANIP": [-0.3818, 0.020456184126414884], "ARIA": [0.0384, 0.020456184126414884], "ARNA": [-0.10115, 0.020456184126414884], "ARRY": [0.24338, 0.020456184126414884], "ASPX": [0.20326, 0.020456184126414884], "AST": [0.09862857142857141, 0.020456184126414884], "AVEO": [0.04515, 0.020456184126414884], "AVNR": [0.36819999999999997, 0.020456184126414884], "BCRX": [0.032064, 0.020456184126414884], "BIIB": [0.14365, 0.020456184126414884], "BIOD": [0.0, 0.020456184126414884], "BMRN": [0.4404, 0.020456184126414884], "BMTI": [-0.0073999999999999995, 0.020456184126414884], "BPAX": [0.12863333333333335, 0.020456184126414884], "CADX": [0.0, 0.020456184126414884], "CBRX": [0.0, 0.020456184126414884], "CEPH": [-0.053266666666666664, 0.020456184126414884], "CHRS": [0.3592, 0.020456184126414884], "CLDX": [-0.3182, 0.020456184126414884], "COLL": [-0.3182, 0.020456184126414884], "CRA": [0.04074999999999998, 0.020456184126414884], "CRIS": [0.31245, 0.020456184126414884], "CSKI": [-0.2023, 0.020456184126414884], "CTIC": [0.135575, 0.020456184126414884], "DEPO": [-0.6333, 0.020456184126414884], "DRNA": [0.0, 0.020456184126414884], "DRRX": [0.0, 0.020456184126414884], "DSCO": [-0.2023, 0.020456184126414884], "DVAX": [0.08670666666666667, 0.020456184126414884], "ECYT": [0.13905, 0.020456184126414884], "ENCY": [-0.152025, 0.020456184126414884], "ENTA": [-0.5994, 0.020456184126414884], "ENZN": [-0.0502375, 0.020456184126414884], "EXEL": [0.05431428571428571, 0.020456184126414884], "GERN": [-0.3818, 0.020456184126414884], "GILD": [0.045457142857142856, 0.020456184126414884], "GNVC": [0.0, 0.020456184126414884], "HALO": [0.0, 0.020456184126414884], "HBIO": [0.0, 0.020456184126414884], "HGSI": [0.025733333333333334, 0.020456184126414884], "IDIX": [0.0, 0.020456184126414884], "ILMN": [0.0, 0.020456184126414884], "ILU": [-0.7269, 0.020456184126414884], "IMMU": [0.0, 0.020456184126414884], "INCR": [0.4313166666666666, 0.020456184126414884], "INO": [0.0, 0.020456184126414884], "INSM": [-0.296, 0.020456184126414884], "INVA": [0.31245, 0.020456184126414884], "IONS": [-0.0028399999999999927, 0.020456184126414884], "IRWD": [0.0, 0.020456184126414884], "ISIS": [0.0, 0.020456184126414884], "ISTA": [0.12765, 0.020456184126414884], "ITMN": [-0.2553, 0.020456184126414884], "JAZZ": [0.05159999999999999, 0.020456184126414884], "LBIO": [0.01773333333333336, 0.020456184126414884], "LIFE": [0.05365000000000002, 0.020456184126414884], "MAPP": [0.0, 0.020456184126414884], "MCRB": [0.0, 0.020456184126414884], "MDCO": [-0.4404, 0.020456184126414884], "MDVN": [-0.5106, 0.020456184126414884], "MEDI": [-0.017533333333333345, 0.020456184126414884], "MITI": [0.09866666666666667, 0.020456184126414884], "MNK": [0.1779, 0.020456184126414884], "MNTA": [0.2245, 0.020456184126414884], "MYGN": [0.0, 0.020456184126414884], "MYL": [0.4019, 0.020456184126414884], "NH": [-0.077225, 0.020456184126414884], "NK": [0.04469999999999999, 0.020456184126414884], "NVAX": [-0.2121333333333333, 0.020456184126414884], "OMED": [0.0, 0.020456184126414884], "OMER": [0.0, 0.020456184126414884], "OMPI": [0.2023, 0.020456184126414884], "ONCE": [0.0, 0.020456184126414884], "ONTY": [0.010949999999999993, 0.020456184126414884], "OPK": [0.0, 0.020456184126414884], "OPTR": [0.3818, 0.020456184126414884], "OREX": [0.0, 0.020456184126414884], "OSIR": [-0.1452, 0.020456184126414884], "OTIC": [0.0, 0.020456184126414884], "PCRX": [0.11975714285714285, 0.020456184126414884], "POZN": [0.0, 0.020456184126414884], "RARE": [0.0444, 0.020456184126414884], "SAGE": [0.21949090909090907, 0.020456184126414884], "SGEN": [0.3365333333333333, 0.020456184126414884], "SGMO": [0.4215, 0.020456184126414884], "SIGA": [0.0819142857142857, 0.020456184126414884], "SPPI": [0.10258333333333332, 0.020456184126414884], "SQNM": [0.22812500000000002, 0.020456184126414884], "STEM": [0.0, 0.020456184126414884], "TECH": [0.017243999999999995, 0.020456184126414884], "TEVA": [-0.13654000000000002, 0.020456184126414884], "THLD": [0.0, 0.020456184126414884], "USD": [0.09112820512820513, 0.020456184126414884], "UTHR": [0.07143999999999999, 0.020456184126414884], "VPHM": [0.0, 0.020456184126414884], "VRTX": [0.02629999999999999, 0.020456184126414884], "VRUS": [0.2988, 0.020456184126414884], "VVUS": [0.0, 0.020456184126414884], "XOMA": [-0.1366, 0.020456184126414884], "ZGNX": [0.0, 0.020456184126414884], "ZLCS": [-0.2023, 0.020456184126414884]}