{"AAVL": [0.2462, 0.0775524386873298], "ACAD": [0.236721052631579, 0.0775524386873298], "ACHN": [0.0, 0.0775524386873298], "ACOR": [0.0, 0.0775524386873298], "ACRX": [0.0, 0.0775524386873298], "ADHD": [-0.039028571428571426, 0.0775524386873298], "ADMS": [0.014192307692307692, 0.0775524386873298], "ADRO": [0.026275, 0.0775524386873298], "AERI": [0.0, 0.0775524386873298], "AFFX": [0.0051625, 0.0775524386873298], "AFFY": [0.0, 0.0775524386873298], "AFMD": [0.0, 0.0775524386873298], "AGEN": [0.0, 0.0775524386873298], "AGIO": [0.0, 0.0775524386873298], "AIMT": [0.0, 0.0775524386873298], "AKRX": [0.0747875, 0.0775524386873298], "ALDR": [0.01895454545454545, 0.0775524386873298], "ALKS": [0.33809999999999996, 0.0775524386873298], "ALNY": [0.0, 0.0775524386873298], "ALTH": [0.24038148148148153, 0.0775524386873298], "ALXA": [0.0, 0.0775524386873298], "ALXN": [0.0, 0.0775524386873298], "AMAG": [-0.247375, 0.0775524386873298], "AMGN": [0.04929999999999999, 0.0775524386873298], "AMRI": [0.0, 0.0775524386873298], "AMRN": [0.05644375, 0.0775524386873298], "ANAC": [0.0, 0.0775524386873298], "ANIP": [-0.1909, 0.0775524386873298], "AQXP": [0.0673, 0.0775524386873298], "ARDX": [0.1332, 0.0775524386873298], "ARIA": [0.03688333333333333, 0.0775524386873298], "ARLZ": [-0.09106666666666667, 0.0775524386873298], "ARNA": [0.0, 0.0775524386873298], "ARQL": [0.0, 0.0775524386873298], "ARRY": [0.0, 0.0775524386873298], "ARWR": [0.0, 0.0775524386873298], "ASPX": [-0.17866400000000002, 0.0775524386873298], "AST": [0.021176470588235286, 0.0775524386873298], "ATRA": [-0.064, 0.0775524386873298], "AVEO": [0.0, 0.0775524386873298], "AVXS": [0.0, 0.0775524386873298], "BCRX": [0.0, 0.0775524386873298], "BGNE": [0.0, 0.0775524386873298], "BIIB": [0.09724000000000001, 0.0775524386873298], "BIOD": [0.4664, 0.0775524386873298], "BLCM": [0.0, 0.0775524386873298], "BLUE": [0.08575384615384615, 0.0775524386873298], "BMRN": [0.13454285714285713, 0.0775524386873298], "CALP": [0.0, 0.0775524386873298], "CARA": [0.0, 0.0775524386873298], "CCXI": [0.0, 0.0775524386873298], "CELG": [0.19988571428571428, 0.0775524386873298], "CERS": [0.18225, 0.0775524386873298], "CHMA": [0.0, 0.0775524386873298], "CLDN": [0.44622727272727275, 0.0775524386873298], "CLDX": [0.20376250000000004, 0.0775524386873298], "CLVS": [0.0, 0.0775524386873298], "CMRX": [0.1332, 0.0775524386873298], "CNCE": [0.0, 0.0775524386873298], "COLL": [0.18042000000000005, 0.0775524386873298], "CRA": [0.0, 0.0775524386873298], "CTIC": [0.09866666666666667, 0.0775524386873298], "CXRX": [0.09137272727272729, 0.0775524386873298], "CYTK": [-0.09770000000000001, 0.0775524386873298], "CYTX": [0.059199999999999996, 0.0775524386873298], "DBVT": [0.0, 0.0775524386873298], "DEPO": [-0.02682500000000001, 0.0775524386873298], "DERM": [0.0, 0.0775524386873298], "DNAI": [0.0, 0.0775524386873298], "DRNA": [0.40725, 0.0775524386873298], "DRRX": [0.0, 0.0775524386873298], "DSCO": [0.0, 0.0775524386873298], "DVAX": [0.0, 0.0775524386873298], "DYAX": [0.3612, 0.0775524386873298], "EDIT": [0.09545, 0.0775524386873298], "EGLT": [0.0, 0.0775524386873298], "EGRX": [0.06714545454545455, 0.0775524386873298], "ENDP": [-0.128, 0.0775524386873298], "ENTA": [0.033216666666666665, 0.0775524386873298], "ENZN": [0.142975, 0.0775524386873298], "EPZM": [0.5487000000000001, 0.0775524386873298], "ESPR": [0.6124, 0.0775524386873298], "EXEL": [0.085, 0.0775524386873298], "FGEN": [0.0, 0.0775524386873298], "FLKS": [0.0, 0.0775524386873298], "FLML": [0.0, 0.0775524386873298], "FLXN": [0.3802, 0.0775524386873298], "FMI": [0.1468, 0.0775524386873298], "FOLD": [0.2294, 0.0775524386873298], "FPRX": [0.11043333333333333, 0.0775524386873298], "GBT": [0.0, 0.0775524386873298], "GERN": [0.0, 0.0775524386873298], "GEVA": [0.31845, 0.0775524386873298], "GILD": [0.04971785714285714, 0.0775524386873298], "GNVC": [0.19733333333333333, 0.0775524386873298], "GPRO": [0.18515161290322585, 0.0775524386873298], "HALO": [0.4709357142857143, 0.0775524386873298], "HBIO": [0.25284285714285715, 0.0775524386873298], "HZNP": [0.0, 0.0775524386873298], "ICEL": [0.2023, 0.0775524386873298], "ICPT": [0.10417777777777777, 0.0775524386873298], "ICY": [0.7003, 0.0775524386873298], "ILMN": [0.059027777777777776, 0.0775524386873298], "ILU": [-0.5106, 0.0775524386873298], "IMDZ": [0.1537, 0.0775524386873298], "IMGN": [0.0, 0.0775524386873298], "IMMU": [0.056244444444444444, 0.0775524386873298], "INCR": [0.3768071428571426, 0.0775524386873298], "INCY": [0.087, 0.0775524386873298], "INFI": [0.18389166666666668, 0.0775524386873298], "INGN": [0.7772, 0.0775524386873298], "INO": [0.024966666666666665, 0.0775524386873298], "INSM": [0.0, 0.0775524386873298], "INSY": [0.08935714285714287, 0.0775524386873298], "IONS": [0.01767391304347826, 0.0775524386873298], "IPXL": [0.1548, 0.0775524386873298], "IRWD": [0.0, 0.0775524386873298], "ISIS": [0.21672000000000002, 0.0775524386873298], "ISTA": [-0.5423, 0.0775524386873298], "ITCI": [0.0, 0.0775524386873298], "ITEK": [-0.05464, 0.0775524386873298], "JAZZ": [0.0796125, 0.0775524386873298], "JUNO": [0.0, 0.0775524386873298], "KERX": [0.0, 0.0775524386873298], "KITE": [0.1101, 0.0775524386873298], "KMPH": [0.0, 0.0775524386873298], "KYTH": [0.6588, 0.0775524386873298], "LBIO": [0.08066923076923078, 0.0775524386873298], "LGND": [0.0, 0.0775524386873298], "LIFE": [0.34653333333333336, 0.0775524386873298], "LMNX": [0.0, 0.0775524386873298], "LOXO": [0.03535555555555556, 0.0775524386873298], "LXRX": [-0.02054, 0.0775524386873298], "MACK": [0.21583333333333335, 0.0775524386873298], "MDCO": [0.0, 0.0775524386873298], "MDVN": [0.14798333333333333, 0.0775524386873298], "MEDI": [-0.017037931034482753, 0.0775524386873298], "MGNX": [0.0, 0.0775524386873298], "MNK": [0.14538125, 0.0775524386873298], "MNKD": [0.1765304347826087, 0.0775524386873298], "MYL": [0.10388, 0.0775524386873298], "NABI": [0.296, 0.0775524386873298], "NBIX": [-0.12143999999999999, 0.0775524386873298], "NDRM": [0.3971, 0.0775524386873298], "NH": [0.05648421052631578, 0.0775524386873298], "NK": [0.1830333333333333, 0.0775524386873298], "NKTR": [0.0, 0.0775524386873298], "NVAX": [0.31787777777777776, 0.0775524386873298], "OCUL": [0.3802, 0.0775524386873298], "OMED": [0.06436, 0.0775524386873298], "OMER": [0.0, 0.0775524386873298], "OMPI": [0.3612, 0.0775524386873298], "ONCE": [0.175075, 0.0775524386873298], "ONTY": [0.15611428571428573, 0.0775524386873298], "OPHT": [0.148, 0.0775524386873298], "OPK": [0.04232857142857143, 0.0775524386873298], "OREX": [0.0, 0.0775524386873298], "OSCI": [0.029599999999999998, 0.0775524386873298], "OSIR": [-0.3818, 0.0775524386873298], "OTIC": [0.03926153846153846, 0.0775524386873298], "OVAS": [0.0, 0.0775524386873298], "PACB": [0.032888888888888884, 0.0775524386873298], "PETX": [0.0, 0.0775524386873298], "PRTA": [0.0, 0.0775524386873298], "PTIE": [-0.2732, 0.0775524386873298], "PTLA": [0.03062, 0.0775524386873298], "REGN": [0.0, 0.0775524386873298], "RGLS": [0.3802, 0.0775524386873298], "RGNX": [0.0, 0.0775524386873298], "RNAI": [0.0, 0.0775524386873298], "SAGE": [-0.003931578947368422, 0.0775524386873298], "SCMP": [0.0, 0.0775524386873298], "SGEN": [0.0, 0.0775524386873298], "SGNT": [0.0, 0.0775524386873298], "SGYP": [0.0, 0.0775524386873298], "SHPG": [0.2927111111111111, 0.0775524386873298], "SNTA": [0.0, 0.0775524386873298], "SRPT": [0.03627272727272726, 0.0775524386873298], "STEM": [0.0, 0.0775524386873298], "SUPN": [-0.17020000000000002, 0.0775524386873298], "TARO": [-0.039028571428571426, 0.0775524386873298], "TBPH": [0.08457142857142856, 0.0775524386873298], "TECH": [0.10822631578947367, 0.0775524386873298], "TEVA": [-0.08283750000000001, 0.0775524386873298], "THRX": [0.148, 0.0775524386873298], "TRGT": [0.0, 0.0775524386873298], "TSRO": [0.11239411764705882, 0.0775524386873298], "TTPH": [0.04228571428571428, 0.0775524386873298], "USD": [0.0, 0.0775524386873298], "UTHR": [0.3693, 0.0775524386873298], "VNDA": [0.0, 0.0775524386873298], "VRTX": [-0.3527, 0.0775524386873298],