{"ACAD": [0.141875, 0.13253643077076], "ACHN": [0.11387569060773477, 0.13253643077076], "ACOR": [0.0, 0.13253643077076], "ACRX": [0.10017499999999999, 0.13253643077076], "ADHD": [0.050575, 0.13253643077076], "ADMS": [0.12728, 0.13253643077076], "AEGR": [0.46447499999999997, 0.13253643077076], "AERI": [0.0086, 0.13253643077076], "AFFX": [-0.020628571428571434, 0.13253643077076], "AFFY": [0.0, 0.13253643077076], "AGEN": [0.050575, 0.13253643077076], "AGIO": [0.0, 0.13253643077076], "AGTC": [-0.296, 0.13253643077076], "ALDR": [0.0, 0.13253643077076], "ALIM": [0.28535, 0.13253643077076], "ALKS": [0.20838571428571426, 0.13253643077076], "ALNY": [0.11098124999999998, 0.13253643077076], "ALTH": [0.1264745098039216, 0.13253643077076], "ALTU": [0.5707, 0.13253643077076], "ALXA": [0.0, 0.13253643077076], "ALXN": [0.18875555555555554, 0.13253643077076], "AMAG": [0.5707, 0.13253643077076], "AMRI": [0.08333333333333333, 0.13253643077076], "AMRN": [0.07581538461538462, 0.13253643077076], "ANAC": [0.5707, 0.13253643077076], "ANDS": [0.44094999999999995, 0.13253643077076], "ANIP": [0.068, 0.13253643077076], "ANTH": [0.16705, 0.13253643077076], "ARIA": [-0.019018181818181816, 0.13253643077076], "ARNA": [0.12634358974358975, 0.13253643077076], "ARQL": [0.0, 0.13253643077076], "ARRY": [0.5707, 0.13253643077076], "ARWR": [0.07672391304347824, 0.13253643077076], "ASPX": [0.09647999999999998, 0.13253643077076], "AST": [0.10103521126760566, 0.13253643077076], "ASTX": [0.5707, 0.13253643077076], "ATRA": [0.0, 0.13253643077076], "AUXL": [0.1016888888888889, 0.13253643077076], "AVEO": [0.313, 0.13253643077076], "AVNR": [0.19537857142857143, 0.13253643077076], "AXCA": [0.3818, 0.13253643077076], "BCRX": [0.11637777777777779, 0.13253643077076], "BIIB": [0.008366666666666665, 0.13253643077076], "BIOD": [0.013693333333333333, 0.13253643077076], "BLUE": [0.37303333333333333, 0.13253643077076], "BMRN": [0.0324125, 0.13253643077076], "CADX": [0.5291240000000001, 0.13253643077076], "CARA": [0.3619, 0.13253643077076], "CBRX": [0.0, 0.13253643077076], "CBST": [-0.06226315789473683, 0.13253643077076], "CCXI": [0.5707, 0.13253643077076], "CELG": [0.07632222222222221, 0.13253643077076], "CEMP": [0.10115, 0.13253643077076], "CEPH": [0.10115, 0.13253643077076], "CERS": [0.009544444444444435, 0.13253643077076], "CHMA": [0.156225, 0.13253643077076], "CLDN": [0.23448000000000002, 0.13253643077076], "CLDX": [0.06534615384615386, 0.13253643077076], "CLVS": [-0.09867333333333335, 0.13253643077076], "CNCE": [0.367, 0.13253643077076], "COLL": [-0.018100000000000005, 0.13253643077076], "COLY": [-0.4404, 0.13253643077076], "CRA": [-0.04471904761904762, 0.13253643077076], "CRIS": [0.094, 0.13253643077076], "CRME": [0.22827999999999998, 0.13253643077076], "CTIC": [0.14306285714285716, 0.13253643077076], "CTRX": [0.3666857142857142, 0.13253643077076], "CYTX": [0.13026, 0.13253643077076], "DEPO": [0.5707, 0.13253643077076], "DNDN": [0.3623, 0.13253643077076], "DRRX": [0.12383, 0.13253643077076], "DSCO": [0.050575, 0.13253643077076], "DVAX": [0.2209875, 0.13253643077076], "DYAX": [0.29115, 0.13253643077076], "ECYT": [-0.014058333333333358, 0.13253643077076], "EDIT": [0.1374, 0.13253643077076], "EGLT": [0.0, 0.13253643077076], "EMIS": [-0.296, 0.13253643077076], "ENCY": [-0.12319999999999999, 0.13253643077076], "ENDP": [0.03938, 0.13253643077076], "ENTA": [0.06781025641025641, 0.13253643077076], "ENZN": [0.04157142857142858, 0.13253643077076], "EPZM": [0.12355999999999998, 0.13253643077076], "EXEL": [0.33590555555555546, 0.13253643077076], "FACT": [0.0007750000000000118, 0.13253643077076], "FLKS": [0.13066250000000001, 0.13253643077076], "FLXN": [0.13066250000000001, 0.13253643077076], "FMI": [0.42115, 0.13253643077076], "FOLD": [0.0, 0.13253643077076], "FPRX": [0.41035, 0.13253643077076], "FURX": [0.19132000000000002, 0.13253643077076], "GERN": [0.06765149863760221, 0.13253643077076], "GEVA": [0.4209333333333332, 0.13253643077076], "GHDX": [0.18635, 0.13253643077076], "GILD": [0.10457272727272728, 0.13253643077076], "GNVC": [0.3804666666666667, 0.13253643077076], "GPRO": [0.1073, 0.13253643077076], "GRFS": [-0.128, 0.13253643077076], "GTXI": [0.10855, 0.13253643077076], "GWPH": [0.03518518518518518, 0.13253643077076], "HALO": [0.08591777777777783, 0.13253643077076], "HGSI": [0.0, 0.13253643077076], "HPTX": [0.13294285714285714, 0.13253643077076], "HZNP": [0.15376428571428571, 0.13253643077076], "ICEL": [0.452025, 0.13253643077076], "ICPT": [0.16533750000000003, 0.13253643077076], "ICY": [0.026233333333333334, 0.13253643077076], "IDIX": [0.005760975609756098, 0.13253643077076], "ILMN": [0.09631250000000001, 0.13253643077076], "ILU": [-0.0772, 0.13253643077076], "IMGN": [0.1428086956521739, 0.13253643077076], "IMMU": [0.0938, 0.13253643077076], "INCR": [0.20474375000000003, 0.13253643077076], "INCY": [-0.04906923076923076, 0.13253643077076], "INFI": [0.296, 0.13253643077076], "INO": [0.1358774647887324, 0.13253643077076], "INSY": [0.51576, 0.13253643077076], "INVA": [0.0, 0.13253643077076], "IONS": [0.05247386363636366, 0.13253643077076], "IPXL": [0.41035, 0.13253643077076], "IRWD": [0.0, 0.13253643077076], "ISIS": [0.18947906976744183, 0.13253643077076], "ISPH": [-0.25, 0.13253643077076], "ISTA": [0.008421428571428555, 0.13253643077076], "ITCI": [0.0, 0.13253643077076], "ITMN": [0.05562500000000001, 0.13253643077076], "JAZZ": [0.022271428571428577, 0.13253643077076], "KERX": [0.36839999999999995, 0.13253643077076], "KITE": [0.26524000000000003, 0.13253643077076], "LBIO": [0.11103600000000002, 0.13253643077076], "LGND": [0.5160636363636365, 0.13253643077076], "LIFE": [0.47709999999999997, 0.13253643077076], "LOXO": [0.0, 0.13253643077076], "LXRX": [0.05399, 0.13253643077076], "MACK": [0.412, 0.13253643077076], "MAPP": [-0.1179, 0.13253643077076], "MDCO": [0.0, 0.13253643077076], "MDVN": [0.29000000000000004, 0.13253643077076], "MEDI": [0.2885476284584996, 0.13253643077076], "MGNX": [0.38883333333333336, 0.13253643077076], "MNK": [0.12290937499999999, 0.13253643077076], "MNKD": [0.11984318181818178, 0.13253643077076], "MNOV": [0.46449999999999997, 0.13253643077076], "MNTA": [0.0, 0.13253643077076], "MRNA": [-0.043742857142857146, 0.13253643077076], "MYGN": [0.007940000000000003, 0.13253643077076], "MYL": [0.12626153846153845, 0.13253643077076], "NABI": [0.18639999999999998, 0.13253643077076], "NBIX": [0.0, 0.13253643077076], "NH": [0.07358571428571428, 0.13253643077076], "NK": [0.12078383838383838, 0.13253643077076], "NKTR": [0.061438596491228084, 0.13253643077076], "NPSP": [0.18448333333333333, 0.13253643077076], "NSTG": [0.22319999999999998, 0.13253643077076], "NVAX": [0.033899999999999986, 0.13253643077076], "OMED": [0.0939125, 0.13253643077076], "OMER": [0.028739130434782614, 0.13253643077076], "OMPI": [-0.0387, 0.13253643077076], "ONCE": [0.14950909090909092, 0.13253643077076], "ONTX": [0.08793684210526316, 0.13253643077076], "ONTY": [0.5707, 0.13253643077076], "ONVO": [0.076832, 0.13253643077076], "OPHT": [0.296, 0.13253643077076], "OPK": [0.158785, 0.13253643077076], "OREX": [0.013806837606837607, 0.13253643077076], "OSCI": [0.0, 0.13253643077076], "OSIR": [0.0, 0.13253643077076], "OTIC": [-0.0386, 0.13253643077076], "OVAS": [0.0040750000000000005, 0.13253643077076], "PANC": [-0.43119999999999997, 0.13253643077076], "PCRX": [0.0, 0.13253643077076], "PCYC": [0.44040000000000007, 0.13253643077076], "PGNX": [0.050190624999999996, 0.13253643077076], "POZN": [0.18409999999999999, 0.13253643077076], "PRGO": [0.22827999999999998, 0.13253643077076], "PTCT": [-0.3182, 0.13253643077076], "PTIE": [0.2351444444444445, 0.13253643077076], "PTX": [0.13294285714285714, 0.13253643077076], "QCOR": [0.32209565217391306, 0.13253643077076], "QGEN": [0.0, 0.13253643077076], "RARE": [0.0, 0.13253643077076], "RCPT": [-0.06747894736842106, 0.13253643077076], "REGN": [0.28535, 0.13253643077076], "RIGL": [-0.148, 0.13253643077076], "RLYP": [-0.031375, 0.13253643077076], "RNAI": [-0.020353125000000007, 0.13253643077076],