{"ACAD": [0.07871666666666666, 0.11343888469842674], "ACHN": [0.3568166666666667, 0.11343888469842674], "AEGR": [0.025684, 0.11343888469842674], "AFFX": [0.0, 0.11343888469842674], "AFFY": [0.0, 0.11343888469842674], "AGEN": [0.0, 0.11343888469842674], "AKRX": [0.7906, 0.11343888469842674], "ALKS": [0.296, 0.11343888469842674], "ALNY": [0.068, 0.11343888469842674], "ALTH": [0.37435999999999997, 0.11343888469842674], "ALXA": [0.2348727272727273, 0.11343888469842674], "ALXN": [0.006816666666666675, 0.11343888469842674], "AMAG": [0.0, 0.11343888469842674], "AMGN": [0.05591538461538462, 0.11343888469842674], "AMLN": [-0.22032500000000002, 0.11343888469842674], "AMRN": [0.07592058823529413, 0.11343888469842674], "ANDS": [0.0, 0.11343888469842674], "ANTH": [0.148, 0.11343888469842674], "ARIA": [0.059199999999999996, 0.11343888469842674], "ARNA": [0.13650652173913042, 0.11343888469842674], "ARQL": [0.41800000000000004, 0.11343888469842674], "ARRY": [0.119625, 0.11343888469842674], "ARWR": [-0.1531, 0.11343888469842674], "ASPX": [0.1164, 0.11343888469842674], "AST": [0.05263846153846155, 0.11343888469842674], "ASTX": [-0.17386666666666664, 0.11343888469842674], "AUXL": [0.1468, 0.11343888469842674], "AVII": [0.7184, 0.11343888469842674], "AVNR": [0.0, 0.11343888469842674], "BCRX": [0.15964444444444445, 0.11343888469842674], "BIIB": [0.04672857142857142, 0.11343888469842674], "BIOD": [-0.296, 0.11343888469842674], "BLUE": [0.0, 0.11343888469842674], "BMRN": [0.12040000000000001, 0.11343888469842674], "BPAX": [0.059199999999999996, 0.11343888469842674], "CALP": [0.1052888888888889, 0.11343888469842674], "CBRX": [0.0, 0.11343888469842674], "CELG": [0.075525, 0.11343888469842674], "CERS": [0.0, 0.11343888469842674], "CGEN": [0.0, 0.11343888469842674], "CHRS": [0.2121333333333333, 0.11343888469842674], "CLDX": [-0.0706, 0.11343888469842674], "COLL": [0.1998, 0.11343888469842674], "CRA": [0.09312857142857142, 0.11343888469842674], "CRIS": [0.0, 0.11343888469842674], "CRME": [0.0, 0.11343888469842674], "CTIC": [0.27687999999999996, 0.11343888469842674], "CYTX": [0.0094, 0.11343888469842674], "DNDN": [-0.043347619047619045, 0.11343888469842674], "DSCO": [0.0, 0.11343888469842674], "DVAX": [0.34, 0.11343888469842674], "DYAX": [0.06502000000000001, 0.11343888469842674], "EDIT": [0.0129, 0.11343888469842674], "ENCY": [0.0, 0.11343888469842674], "ENDP": [0.0, 0.11343888469842674], "ENTA": [0.114, 0.11343888469842674], "ENZN": [0.0, 0.11343888469842674], "EXEL": [0.20685000000000003, 0.11343888469842674], "FACT": [-0.4593, 0.11343888469842674], "FOLD": [-0.023400000000000015, 0.11343888469842674], "FURX": [0.0, 0.11343888469842674], "GERN": [-0.1403, 0.11343888469842674], "GILD": [0.0, 0.11343888469842674], "HALO": [0.3171666666666667, 0.11343888469842674], "HGSI": [0.06577777777777777, 0.11343888469842674], "HZNP": [0.013331818181818174, 0.11343888469842674], "ICY": [0.0, 0.11343888469842674], "IDIX": [-0.01307916666666667, 0.11343888469842674], "ILMN": [0.17766666666666667, 0.11343888469842674], "ILU": [-0.296, 0.11343888469842674], "IMGN": [0.19068000000000002, 0.11343888469842674], "IMMU": [0.08333333333333333, 0.11343888469842674], "INCR": [0.1366, 0.11343888469842674], "INCY": [-0.43979999999999997, 0.11343888469842674], "INO": [0.3589142857142857, 0.11343888469842674], "INSM": [0.07235714285714287, 0.11343888469842674], "IONS": [0.142295, 0.11343888469842674], "IPXL": [0.125, 0.11343888469842674], "IRWD": [0.0, 0.11343888469842674], "ISIS": [0.024666666666666667, 0.11343888469842674], "ISTA": [-0.012866666666666667, 0.11343888469842674], "ITMN": [0.414425, 0.11343888469842674], "JAZZ": [0.4939, 0.11343888469842674], "KERX": [-0.04933333333333333, 0.11343888469842674], "LBIO": [0.19140000000000001, 0.11343888469842674], "LGND": [0.0, 0.11343888469842674], "LIFE": [0.2809857142857143, 0.11343888469842674], "LXRX": [0.7184, 0.11343888469842674], "MAPP": [0.4789333333333334, 0.11343888469842674], "MEDI": [0.0625, 0.11343888469842674], "MNK": [0.7184, 0.11343888469842674], "MNKD": [0.7184, 0.11343888469842674], "MNTA": [0.0, 0.11343888469842674], "MRNA": [0.5797666666666667, 0.11343888469842674], "MYL": [0.0, 0.11343888469842674], "MYRX": [0.0, 0.11343888469842674], "NABI": [0.0, 0.11343888469842674], "NH": [-0.100475, 0.11343888469842674], "NK": [0.23900869565217392, 0.11343888469842674], "NKTR": [0.49024, 0.11343888469842674], "NPSP": [0.0, 0.11343888469842674], "OMED": [0.3056, 0.11343888469842674], "OMER": [0.7184, 0.11343888469842674], "OMPI": [0.56594, 0.11343888469842674], "ONCE": [0.030399999999999996, 0.11343888469842674], "ONTY": [0.25, 0.11343888469842674], "ONVO": [0.2263, 0.11343888469842674], "ONXX": [0.3694689655172414, 0.11343888469842674], "OPHT": [-0.056366666666666655, 0.11343888469842674], "OPK": [-0.5994, 0.11343888469842674], "OREX": [0.056027777777777774, 0.11343888469842674], "OSIR": [0.12803529411764708, 0.11343888469842674], "OTIC": [0.1943, 0.11343888469842674], "PACB": [-0.13486666666666666, 0.11343888469842674], "PCRX": [0.07783846153846154, 0.11343888469842674], "PCYC": [-0.34941666666666665, 0.11343888469842674], "PGNX": [0.0, 0.11343888469842674], "POZN": [0.0, 0.11343888469842674], "PTIE": [0.7184, 0.11343888469842674], "QCOR": [-0.7371, 0.11343888469842674], "REGN": [0.08451818181818181, 0.11343888469842674], "RPTP": [0.6124, 0.11343888469842674], "SAGE": [0.15071403508771933, 0.11343888469842674], "SCLN": [0.5388000000000001, 0.11343888469842674], "SCMP": [0.0, 0.11343888469842674], "SGEN": [0.14000000000000004, 0.11343888469842674], "SGYP": [0.0963, 0.11343888469842674], "SHPG": [0.7184, 0.11343888469842674], "SIGA": [0.0, 0.11343888469842674], "SLXP": [0.0, 0.11343888469842674], "SNTA": [0.47670000000000007, 0.11343888469842674], "SPPI": [-0.37697142857142857, 0.11343888469842674], "SQNM": [-0.11870000000000003, 0.11343888469842674], "STEM": [0.19068000000000002, 0.11343888469842674], "SUPN": [0.0, 0.11343888469842674], "SVA": [0.0, 0.11343888469842674], "TECH": [0.14548461538461538, 0.11343888469842674], "TEVA": [-0.01255, 0.11343888469842674], "THLD": [-0.15792142857142855, 0.11343888469842674], "TSRX": [0.0, 0.11343888469842674], "USD": [0.024844078947368422, 0.11343888469842674], "UTHR": [0.39512, 0.11343888469842674], "VRNM": [0.0, 0.11343888469842674], "VRTX": [0.23026666666666665, 0.11343888469842674], "VSTM": [0.0, 0.11343888469842674], "VVUS": [0.11458596491228072, 0.11343888469842674], "WCRX": [0.0, 0.11343888469842674], "XNPT": [0.12274166666666665, 0.11343888469842674], "XOMA": [0.5388000000000001, 0.11343888469842674], "ZGNX": [0.22666666666666668, 0.11343888469842674], "ZLCS": [0.24630526315789475, 0.11343888469842674]}