{"AFFY": [0.0, 0.0962056259036357], "ALIM": [0.0, 0.0962056259036357], "ALKS": [0.2023, 0.0962056259036357], "ALTH": [0.1895285714285715, 0.0962056259036357], "ALXA": [0.0, 0.0962056259036357], "ALXN": [0.0258, 0.0962056259036357], "AMGN": [0.1614, 0.0962056259036357], "AMLN": [-0.44039999999999996, 0.0962056259036357], "AMRN": [0.05685384615384616, 0.0962056259036357], "ANDS": [0.0, 0.0962056259036357], "ARRY": [0.0, 0.0962056259036357], "ASPX": [0.15334444444444442, 0.0962056259036357], "AST": [0.046212676056338026, 0.0962056259036357], "AUXL": [0.2023, 0.0962056259036357], "AVNR": [0.0, 0.0962056259036357], "BIIB": [0.18882380952380956, 0.0962056259036357], "BLUE": [0.04046, 0.0962056259036357], "BMRN": [0.2023, 0.0962056259036357], "BOLD": [0.3818, 0.0962056259036357], "BPMC": [0.0, 0.0962056259036357], "CADX": [0.4764800000000001, 0.0962056259036357], "CBRX": [0.5267, 0.0962056259036357], "CELG": [-0.17915, 0.0962056259036357], "CEPH": [0.20229999999999998, 0.0962056259036357], "CRA": [-0.40735000000000005, 0.0962056259036357], "CRIS": [-0.1027, 0.0962056259036357], "CYTX": [0.5106, 0.0962056259036357], "ECYT": [0.5267, 0.0962056259036357], "EDIT": [-0.43993888888888893, 0.0962056259036357], "EGRX": [0.0, 0.0962056259036357], "ENDP": [0.13486666666666666, 0.0962056259036357], "FOLD": [0.0, 0.0962056259036357], "GILD": [0.2023, 0.0962056259036357], "HALO": [0.0, 0.0962056259036357], "HITK": [0.33666666666666667, 0.0962056259036357], "ICY": [0.0562, 0.0962056259036357], "IMGN": [0.0, 0.0962056259036357], "INCY": [0.0, 0.0962056259036357], "INHX": [0.5267, 0.0962056259036357], "IONS": [0.16118333333333332, 0.0962056259036357], "ISTA": [0.0, 0.0962056259036357], "KERX": [0.06044000000000001, 0.0962056259036357], "KITE": [-0.34, 0.0962056259036357], "LBIO": [0.0, 0.0962056259036357], "MAPP": [0.0, 0.0962056259036357], "MDCO": [0.2023, 0.0962056259036357], "MEDI": [0.0, 0.0962056259036357], "MNTA": [0.0, 0.0962056259036357], "MYL": [0.2023, 0.0962056259036357], "NH": [0.2123928571428571, 0.0962056259036357], "NK": [-0.1794055555555556, 0.0962056259036357], "OMER": [0.1216, 0.0962056259036357], "ONTY": [0.40848000000000007, 0.0962056259036357], "OPK": [0.228, 0.0962056259036357], "OREX": [0.0, 0.0962056259036357], "PARD": [0.0, 0.0962056259036357], "POZN": [0.0, 0.0962056259036357], "PRGO": [0.4588, 0.0962056259036357], "QCOR": [0.0, 0.0962056259036357], "RPTP": [0.5267, 0.0962056259036357], "SAGE": [0.12016428571428571, 0.0962056259036357], "SGMO": [-0.2382, 0.0962056259036357], "SLXP": [0.4588, 0.0962056259036357], "SNTA": [0.34040000000000004, 0.0962056259036357], "SPPI": [-0.148, 0.0962056259036357], "SQNM": [0.2926111111111111, 0.0962056259036357], "STEM": [0.0, 0.0962056259036357], "TECH": [0.27417142857142857, 0.0962056259036357], "USD": [-0.00712456140350877, 0.0962056259036357], "VNDA": [0.5267, 0.0962056259036357], "VRUS": [-0.44039999999999996, 0.0962056259036357], "XNPT": [0.0, 0.0962056259036357], "ZGNX": [0.0, 0.0962056259036357]}