{"ACHN": [0.0, 0.04507354307039667], "ACOR": [0.4939, 0.04507354307039667], "AFFY": [0.022769230769230767, 0.04507354307039667], "ALIM": [0.0, 0.04507354307039667], "ALKS": [0.0, 0.04507354307039667], "ALTH": [0.12049999999999997, 0.04507354307039667], "ALXA": [0.1784, 0.04507354307039667], "AMGN": [-0.072408, 0.04507354307039667], "AMRI": [-0.1027, 0.04507354307039667], "AMRN": [0.0438, 0.04507354307039667], "ANAC": [0.24695, 0.04507354307039667], "ARIA": [0.05437692307692307, 0.04507354307039667], "ASPX": [-0.038275, 0.04507354307039667], "AST": [0.07840967741935484, 0.04507354307039667], "AVNR": [0.024575, 0.04507354307039667], "BCRX": [-0.13935, 0.04507354307039667], "BIIB": [-0.07585000000000001, 0.04507354307039667], "BIOD": [0.009254545454545451, 0.04507354307039667], "BMRN": [0.3612, 0.04507354307039667], "BMTI": [0.0, 0.04507354307039667], "BPAX": [0.0, 0.04507354307039667], "CBPO": [-0.2732, 0.04507354307039667], "CBRX": [-0.7096, 0.04507354307039667], "CBST": [0.1468, 0.04507354307039667], "CELG": [0.5798, 0.04507354307039667], "CEPH": [-0.045533333333333335, 0.04507354307039667], "CERS": [0.0, 0.04507354307039667], "CHRS": [0.0, 0.04507354307039667], "CLDX": [0.0, 0.04507354307039667], "CRA": [0.2172882352941175, 0.04507354307039667], "CTIC": [0.14265357142857146, 0.04507354307039667], "CYTK": [-0.22123333333333337, 0.04507354307039667], "CYTX": [0.06822222222222223, 0.04507354307039667], "DEPO": [0.1558222222222222, 0.04507354307039667], "DERM": [0.0, 0.04507354307039667], "DNDN": [0.3595, 0.04507354307039667], "DSCO": [0.0, 0.04507354307039667], "DYAX": [0.0, 0.04507354307039667], "EDIT": [0.0, 0.04507354307039667], "EMIS": [0.0, 0.04507354307039667], "ENCY": [0.14365, 0.04507354307039667], "ENTA": [0.1806, 0.04507354307039667], "ENZN": [0.0, 0.04507354307039667], "EXEL": [0.019250000000000003, 0.04507354307039667], "FACT": [0.0, 0.04507354307039667], "FOLD": [0.5023, 0.04507354307039667], "GENZ": [0.0, 0.04507354307039667], "GERN": [0.36722, 0.04507354307039667], "GILD": [0.2023, 0.04507354307039667], "HALO": [-0.09106666666666667, 0.04507354307039667], "HGSI": [0.013837500000000003, 0.04507354307039667], "IDIX": [0.0, 0.04507354307039667], "ILMN": [0.0, 0.04507354307039667], "ILU": [-0.17020000000000002, 0.04507354307039667], "INCR": [0.0, 0.04507354307039667], "INCY": [0.0, 0.04507354307039667], "INFI": [0.0, 0.04507354307039667], "INO": [-0.19063333333333332, 0.04507354307039667], "IONS": [0.026433333333333326, 0.04507354307039667], "ISTA": [-0.11483333333333333, 0.04507354307039667], "JAZZ": [0.13105714285714284, 0.04507354307039667], "LBIO": [0.27943333333333337, 0.04507354307039667], "LGND": [0.0, 0.04507354307039667], "LIFE": [0.139075, 0.04507354307039667], "MAPP": [0.0, 0.04507354307039667], "MDVN": [0.0, 0.04507354307039667], "MEDI": [0.23538571428571428, 0.04507354307039667], "MITI": [0.2893333333333333, 0.04507354307039667], "MNTA": [0.0, 0.04507354307039667], "MRNA": [0.0, 0.04507354307039667], "MYL": [0.0, 0.04507354307039667], "NBIX": [-0.2732, 0.04507354307039667], "NH": [0.05120000000000002, 0.04507354307039667], "NK": [0.0807875, 0.04507354307039667], "NVAX": [-0.24498333333333333, 0.04507354307039667], "OMED": [0.0, 0.04507354307039667], "ONCE": [0.40835, 0.04507354307039667], "ONXX": [0.0, 0.04507354307039667], "OPK": [0.0, 0.04507354307039667], "OPTR": [0.3612, 0.04507354307039667], "OREX": [0.0, 0.04507354307039667], "OSCI": [-0.1366, 0.04507354307039667], "PACB": [0.0, 0.04507354307039667], "POZN": [0.0, 0.04507354307039667], "RARE": [-0.5994, 0.04507354307039667], "REGN": [0.4404, 0.04507354307039667], "RPTP": [0.0, 0.04507354307039667], "SAGE": [-0.14515, 0.04507354307039667], "SGEN": [0.29971999999999993, 0.04507354307039667], "SGMO": [0.26337777777777777, 0.04507354307039667], "SNTA": [0.0, 0.04507354307039667], "SPPI": [0.28595, 0.04507354307039667], "SQNM": [0.0, 0.04507354307039667], "STEM": [0.0, 0.04507354307039667], "SVA": [-0.5574, 0.04507354307039667], "SVNT": [-0.5106, 0.04507354307039667], "TBPH": [-0.1531, 0.04507354307039667], "TECH": [-0.014696000000000002, 0.04507354307039667], "TEVA": [0.36269999999999997, 0.04507354307039667], "THLD": [0.0, 0.04507354307039667], "THRX": [-0.1531, 0.04507354307039667], "TRGT": [0.3612, 0.04507354307039667], "TRMS": [-0.1027, 0.04507354307039667], "USD": [0.10538260869565218, 0.04507354307039667], "UTHR": [0.6124, 0.04507354307039667], "VPHM": [0.10876428571428572, 0.04507354307039667], "VRTX": [0.5563, 0.04507354307039667], "VVUS": [0.0, 0.04507354307039667], "WCRX": [0.0, 0.04507354307039667], "XNPT": [0.031120000000000002, 0.04507354307039667], "XOMA": [-0.7184, 0.04507354307039667], "ZLCS": [0.7395, 0.04507354307039667]}