{"ACAD": [0.3382, 0.12341586585718894], "AEGR": [0.0, 0.12341586585718894], "AFFY": [0.0, 0.12341586585718894], "AKRX": [0.0, 0.12341586585718894], "ALKS": [0.05666666666666667, 0.12341586585718894], "ALTH": [0.42955, 0.12341586585718894], "ALXA": [0.6808, 0.12341586585718894], "AMGN": [0.10115, 0.12341586585718894], "AMRN": [0.105375, 0.12341586585718894], "ANTH": [0.0, 0.12341586585718894], "ARNA": [0.03423333333333333, 0.12341586585718894], "ARRY": [0.10573333333333335, 0.12341586585718894], "ASPX": [0.0918054347826087, 0.12341586585718894], "AST": [0.07332824427480916, 0.12341586585718894], "AVNR": [0.0, 0.12341586585718894], "BCRX": [0.0, 0.12341586585718894], "BIOD": [0.0, 0.12341586585718894], "BLUE": [0.034022222222222225, 0.12341586585718894], "BPAX": [0.29635999999999996, 0.12341586585718894], "CBRX": [0.0, 0.12341586585718894], "CBST": [0.0, 0.12341586585718894], "CCXI": [0.0, 0.12341586585718894], "CELG": [0.25155555555555553, 0.12341586585718894], "CEMP": [-0.1511, 0.12341586585718894], "CERS": [0.0, 0.12341586585718894], "CLDX": [0.62488, 0.12341586585718894], "CRA": [-0.25, 0.12341586585718894], "CRIS": [0.0, 0.12341586585718894], "CTIC": [0.0, 0.12341586585718894], "CTRX": [0.30960000000000004, 0.12341586585718894], "CYTK": [0.6908, 0.12341586585718894], "DEPO": [0.0, 0.12341586585718894], "DNDN": [0.2023, 0.12341586585718894], "DRRX": [0.0, 0.12341586585718894], "DSCO": [0.0, 0.12341586585718894], "DVAX": [0.2202, 0.12341586585718894], "ECYT": [0.55264, 0.12341586585718894], "EDIT": [0.0, 0.12341586585718894], "ENCY": [0.128, 0.12341586585718894], "FLKS": [0.0, 0.12341586585718894], "FOLD": [0.10862000000000001, 0.12341586585718894], "FURX": [0.09965555555555555, 0.12341586585718894], "GERN": [0.6597, 0.12341586585718894], "GILD": [0.0015461538461538466, 0.12341586585718894], "GTXI": [0.18081999999999998, 0.12341586585718894], "HGSI": [0.0, 0.12341586585718894], "HPTX": [0.0, 0.12341586585718894], "ICEL": [0.6597, 0.12341586585718894], "ICPT": [0.0, 0.12341586585718894], "ICY": [0.0, 0.12341586585718894], "IDIX": [0.0, 0.12341586585718894], "IMGN": [0.2294, 0.12341586585718894], "INCR": [0.0, 0.12341586585718894], "INCY": [0.0, 0.12341586585718894], "INFI": [0.0, 0.12341586585718894], "INO": [-0.17, 0.12341586585718894], "INSM": [0.2348, 0.12341586585718894], "IONS": [0.16467142857142855, 0.12341586585718894], "IPXL": [0.06363333333333333, 0.12341586585718894], "ISIS": [0.0, 0.12341586585718894], "ITMN": [0.0, 0.12341586585718894], "JAZZ": [0.5106, 0.12341586585718894], "KERX": [0.06309333333333332, 0.12341586585718894], "KYTH": [0.0, 0.12341586585718894], "LBIO": [0.078, 0.12341586585718894], "LIFE": [0.041125, 0.12341586585718894], "LMNX": [0.0, 0.12341586585718894], "LXRX": [0.0, 0.12341586585718894], "MACK": [0.0, 0.12341586585718894], "MAPP": [0.6808, 0.12341586585718894], "MDCO": [0.0, 0.12341586585718894], "MDVN": [0.0, 0.12341586585718894], "MEDI": [0.036930000000000004, 0.12341586585718894], "MNK": [0.40847999999999995, 0.12341586585718894], "MNKD": [0.40847999999999995, 0.12341586585718894], "MNTA": [-0.0625, 0.12341586585718894], "MRNA": [0.0, 0.12341586585718894], "MYL": [0.34603333333333336, 0.12341586585718894], "NABI": [0.0, 0.12341586585718894], "NH": [0.0, 0.12341586585718894], "NK": [0.2949526315789473, 0.12341586585718894], "NKTR": [0.25, 0.12341586585718894], "OMED": [0.0, 0.12341586585718894], "OMPI": [0.8074, 0.12341586585718894], "ONVO": [0.0, 0.12341586585718894], "ONXX": [0.08769999999999999, 0.12341586585718894], "OPK": [0.0, 0.12341586585718894], "OPTR": [0.0, 0.12341586585718894], "OREX": [0.0, 0.12341586585718894], "OTIC": [0.4215, 0.12341586585718894], "PTX": [0.125, 0.12341586585718894], "QCOR": [0.06743333333333333, 0.12341586585718894], "REGN": [0.0, 0.12341586585718894], "SAGE": [0.12429452054794525, 0.12341586585718894], "SCMP": [0.0, 0.12341586585718894], "SGEN": [0.0, 0.12341586585718894], "SPPI": [0.2023, 0.12341586585718894], "SRPT": [-0.15652, 0.12341586585718894], "STEM": [0.0, 0.12341586585718894], "SUPN": [0.0, 0.12341586585718894], "TARO": [0.2732, 0.12341586585718894], "TECH": [0.22847272727272727, 0.12341586585718894], "TEVA": [0.0, 0.12341586585718894], "THLD": [0.6908, 0.12341586585718894], "TSRX": [0.0, 0.12341586585718894], "USD": [0.07246256684491977, 0.12341586585718894], "VPHM": [0.0, 0.12341586585718894], "VRNM": [0.4215, 0.12341586585718894], "VRTX": [0.0, 0.12341586585718894], "VVUS": [0.0, 0.12341586585718894], "WCRX": [0.0, 0.12341586585718894], "XOMA": [0.164925, 0.12341586585718894], "ZGNX": [0.0, 0.12341586585718894], "ZLCS": [0.3243, 0.12341586585718894]}