{"ACAD": [0.2481857142857143, 0.0926541118645876], "ACHN": [0.0734, 0.0926541118645876], "ACOR": [0.030915384615384615, 0.0926541118645876], "ACRX": [0.023416666666666665, 0.0926541118645876], "ADHD": [0.03242307692307692, 0.0926541118645876], "ADMS": [-0.025675, 0.0926541118645876], "AEGR": [0.5707, 0.0926541118645876], "AERI": [0.0, 0.0926541118645876], "AFFX": [0.0, 0.0926541118645876], "AFFY": [-0.4767, 0.0926541118645876], "AGEN": [0.06259999999999999, 0.0926541118645876], "AGIO": [0.060954545454545456, 0.0926541118645876], "AGTC": [0.4404, 0.0926541118645876], "AKBA": [0.0006777777777777771, 0.0926541118645876], "AKRX": [0.0, 0.0926541118645876], "ALIM": [0.142675, 0.0926541118645876], "ALKS": [0.03166666666666667, 0.0926541118645876], "ALNY": [0.11259999999999999, 0.0926541118645876], "ALTH": [0.13849705882352942, 0.0926541118645876], "ALXA": [0.12808666666666665, 0.0926541118645876], "ALXN": [0.03386857142857143, 0.0926541118645876], "AMAG": [0.025599999999999994, 0.0926541118645876], "AMGN": [0.011294444444444447, 0.0926541118645876], "AMRI": [0.037327272727272716, 0.0926541118645876], "AMRN": [0.5707, 0.0926541118645876], "ANAC": [0.012406521739130434, 0.0926541118645876], "ANIP": [0.142975, 0.0926541118645876], "ANTH": [0.09866666666666667, 0.0926541118645876], "AQXP": [0.0, 0.0926541118645876], "ARIA": [0.0963, 0.0926541118645876], "ARNA": [0.12009565217391305, 0.0926541118645876], "ARQL": [-0.10115, 0.0926541118645876], "ARRY": [0.35566, 0.0926541118645876], "ARWR": [0.142025, 0.0926541118645876], "ASPX": [0.03496000000000001, 0.0926541118645876], "AST": [0.08282500000000001, 0.0926541118645876], "ASTX": [0.0, 0.0926541118645876], "AVEO": [0.31303333333333333, 0.0926541118645876], "AVNR": [-0.024945454545454545, 0.0926541118645876], "AXCA": [-0.1174, 0.0926541118645876], "BCRX": [0.0, 0.0926541118645876], "BIIB": [0.07759687500000001, 0.0926541118645876], "BIOD": [0.14256666666666665, 0.0926541118645876], "BLUE": [0.07783, 0.0926541118645876], "BMRN": [0.14763846153846155, 0.0926541118645876], "CADX": [0.2023, 0.0926541118645876], "CARA": [0.0, 0.0926541118645876], "CBPO": [0.0, 0.0926541118645876], "CBRX": [0.0, 0.0926541118645876], "CBST": [0.16541999999999998, 0.0926541118645876], "CCXI": [0.19023333333333334, 0.0926541118645876], "CELG": [0.02348108108108108, 0.0926541118645876], "CEMP": [0.07024999999999999, 0.0926541118645876], "CEPH": [0.1998, 0.0926541118645876], "CERS": [0.0, 0.0926541118645876], "CGEN": [0.0, 0.0926541118645876], "CLDN": [0.32067500000000004, 0.0926541118645876], "CLDX": [0.09159166666666667, 0.0926541118645876], "CLVS": [-0.19751249999999998, 0.0926541118645876], "CMRX": [0.3404, 0.0926541118645876], "COLL": [-0.17, 0.0926541118645876], "CRA": [0.28191666666666665, 0.0926541118645876], "CRIS": [0.100475, 0.0926541118645876], "CRME": [0.08152857142857142, 0.0926541118645876], "CSKI": [-0.2732, 0.0926541118645876], "CTIC": [0.04876666666666666, 0.0926541118645876], "CTRX": [0.16305714285714284, 0.0926541118645876], "CYTK": [0.41607142857142854, 0.0926541118645876], "CYTX": [-0.5106, 0.0926541118645876], "DEPO": [0.21894999999999998, 0.0926541118645876], "DERM": [-0.09867142857142855, 0.0926541118645876], "DIGE": [0.3612, 0.0926541118645876], "DRNA": [0.10212000000000002, 0.0926541118645876], "DRRX": [0.04128, 0.0926541118645876], "DSCO": [-0.07655, 0.0926541118645876], "DVAX": [0.6808, 0.0926541118645876], "DYAX": [0.1026, 0.0926541118645876], "ECYT": [0.3804666666666667, 0.0926541118645876], "EDIT": [0.07616, 0.0926541118645876], "EGLT": [0.3182, 0.0926541118645876], "EGRX": [0.0, 0.0926541118645876], "EMIS": [0.0, 0.0926541118645876], "ENCY": [0.05536666666666666, 0.0926541118645876], "ENDP": [0.03427999999999999, 0.0926541118645876], "ENTA": [0.16070714285714288, 0.0926541118645876], "ENZN": [0.0, 0.0926541118645876], "EPZM": [-0.19751249999999998, 0.0926541118645876], "EXEL": [-0.11007, 0.0926541118645876], "FACT": [0.22319999999999998, 0.0926541118645876], "FLML": [0.0, 0.0926541118645876], "FMI": [0.0, 0.0926541118645876], "FOLD": [-0.10115, 0.0926541118645876], "FPRX": [0.19023333333333334, 0.0926541118645876], "FURX": [0.0377, 0.0926541118645876], "GENZ": [0.0, 0.0926541118645876], "GERN": [0.0, 0.0926541118645876], "GEVA": [0.19023333333333334, 0.0926541118645876], "GHDX": [0.1434, 0.0926541118645876], "GILD": [0.13787829457364345, 0.0926541118645876], "GNVC": [0.142675, 0.0926541118645876], "GRFS": [0.5328999999999999, 0.0926541118645876], "GTXI": [0.0, 0.0926541118645876], "GWPH": [0.011333333333333338, 0.0926541118645876], "HALO": [-0.03894117647058823, 0.0926541118645876], "HBIO": [0.032888888888888884, 0.0926541118645876], "HITK": [-0.021205882352941175, 0.0926541118645876], "HZNP": [0.05143793103448277, 0.0926541118645876], "ICEL": [0.4404, 0.0926541118645876], "ICPT": [0.12510000000000002, 0.0926541118645876], "ICY": [0.19641999999999998, 0.0926541118645876], "IDIX": [0.0, 0.0926541118645876], "ILMN": [0.23158461538461544, 0.0926541118645876], "ILU": [-0.25808, 0.0926541118645876], "IMGN": [0.0898, 0.0926541118645876], "IMMU": [0.0, 0.0926541118645876], "INCR": [0.24266666666666667, 0.0926541118645876], "INCY": [0.0, 0.0926541118645876], "INFI": [0.059199999999999996, 0.0926541118645876], "INGN": [-0.6597, 0.0926541118645876], "INO": [0.12972142857142857, 0.0926541118645876], "INSM": [0.1052875, 0.0926541118645876], "INSY": [0.537025, 0.0926541118645876], "IONS": [0.06718039215686274, 0.0926541118645876], "IPXL": [0.19023333333333334, 0.0926541118645876], "IRWD": [0.05135, 0.0926541118645876], "ISIS": [0.13493499999999997, 0.0926541118645876], "ISPH": [0.0, 0.0926541118645876], "ISTA": [0.08647777777777778, 0.0926541118645876], "ITMN": [0.004181818181818181, 0.0926541118645876], "JAZZ": [0.138025, 0.0926541118645876], "KERX": [0.24718333333333334, 0.0926541118645876], "KPTI": [0.0, 0.0926541118645876], "LBIO": [0.1159, 0.0926541118645876], "LGND": [0.11413999999999999, 0.0926541118645876], "LIFE": [0.3804666666666667, 0.0926541118645876], "LXRX": [0.26335, 0.0926541118645876], "MACK": [-0.12789999999999996, 0.0926541118645876], "MDCO": [-0.056100000000000004, 0.0926541118645876], "MDVN": [-0.0131, 0.0926541118645876], "MEDI": [0.27065415778251867, 0.0926541118645876], "MGNX": [0.3802, 0.0926541118645876], "MNK": [-0.03922777777777778, 0.0926541118645876], "MNKD": [-0.047073333333333335, 0.0926541118645876], "MNTA": [0.0, 0.0926541118645876], "MRNA": [0.6249, 0.0926541118645876], "MYGN": [0.03732, 0.0926541118645876], "MYL": [0.007131249999999999, 0.0926541118645876], "NABI": [-0.2732, 0.0926541118645876], "NBIX": [-0.128, 0.0926541118645876], "NEOS": [0.1806, 0.0926541118645876], "NH": [0.014973684210526314, 0.0926541118645876], "NK": [0.03951363636363637, 0.0926541118645876], "NLNK": [0.0, 0.0926541118645876], "NPSP": [0.2417625, 0.0926541118645876], "NSTG": [-0.2263, 0.0926541118645876], "NVAX": [0.03171818181818182, 0.0926541118645876], "OMED": [0.5707, 0.0926541118645876], "OMER": [0.22135, 0.0926541118645876], "ONCE": [0.043799999999999985, 0.0926541118645876], "ONTY": [-0.23835, 0.0926541118645876], "ONVO": [0.27032500000000004, 0.0926541118645876], "OPK": [0.15126923076923077, 0.0926541118645876], "OREX": [0.02289, 0.0926541118645876], "OSCI": [0.2240764705882353, 0.0926541118645876], "OTIC": [-0.3818, 0.0926541118645876], "PANC": [-0.6597, 0.0926541118645876], "PARD": [0.4767, 0.0926541118645876], "PCYC": [0.0, 0.0926541118645876], "PGNX": [0.20743333333333333, 0.0926541118645876], "POZN": [0.3612, 0.0926541118645876], "PRGO": [0.3804666666666667, 0.0926541118645876], "PTIE": [0.17805, 0.0926541118645876], "PTX": [0.2537142857142857, 0.0926541118645876], "QCOR": [0.045728571428571424, 0.0926541118645876], "REGN": [0.022279999999999987, 0.0926541118645876], "RLYP": [0.0, 0.0926541118645876], "RNAI": [0.1419375, 0.0926541118645876], "RPTP": [0.5707, 0.0926541118645876], "RTRX": [-0.4722, 0.0926541118645876], "SAGE": [0.17858333333333332, 0.0926541118645876],