{"ACAD": [0.13203037974683549, 0.13519226673338172], "ACHN": [0.2787, 0.13519226673338172], "ACOR": [0.025739130434782608, 0.13519226673338172], "ACRX": [0.203075, 0.13519226673338172], "ADHD": [0.0, 0.13519226673338172], "ADMS": [0.2083, 0.13519226673338172], "ADRO": [-0.0929, 0.13519226673338172], "ADVM": [0.3182, 0.13519226673338172], "AEGR": [0.08982, 0.13519226673338172], "AFFX": [0.0, 0.13519226673338172], "AFFY": [0.26424000000000003, 0.13519226673338172], "AFMD": [0.17556666666666665, 0.13519226673338172], "AGEN": [0.21962352941176472, 0.13519226673338172], "AGIO": [0.20095, 0.13519226673338172], "AGTC": [0.15964, 0.13519226673338172], "AIMT": [0.12625454545454548, 0.13519226673338172], "AKBA": [0.3182, 0.13519226673338172], "AKRX": [0.0687923076923077, 0.13519226673338172], "ALDR": [-0.055672727272727277, 0.13519226673338172], "ALIM": [0.5106, 0.13519226673338172], "ALKS": [-0.0063000000000000035, 0.13519226673338172], "ALNY": [0.08962, 0.13519226673338172], "ALTH": [0.09585977011494255, 0.13519226673338172], "ALTU": [0.5574, 0.13519226673338172], "ALXA": [0.0, 0.13519226673338172], "ALXN": [0.012621739130434783, 0.13519226673338172], "AMGN": [0.07200394736842103, 0.13519226673338172], "AMLN": [0.0772, 0.13519226673338172], "AMPH": [0.0258, 0.13519226673338172], "AMRN": [0.13085510204081635, 0.13519226673338172], "ANAC": [0.04734545454545456, 0.13519226673338172], "ANDS": [0.025675, 0.13519226673338172], "ANIP": [0.023765, 0.13519226673338172], "ANTH": [0.20337142857142856, 0.13519226673338172], "AQXP": [0.2574636363636364, 0.13519226673338172], "ARDX": [0.0903, 0.13519226673338172], "ARIA": [0.0697157142857143, 0.13519226673338172], "ARLZ": [0.397625, 0.13519226673338172], "ARNA": [0.11101999999999998, 0.13519226673338172], "ARQL": [0.0, 0.13519226673338172], "ARRY": [0.2560763636363637, 0.13519226673338172], "ARWR": [0.19353, 0.13519226673338172], "ASPX": [0.033964705882352945, 0.13519226673338172], "AST": [0.13251791044776112, 0.13519226673338172], "ATRA": [0.074, 0.13519226673338172], "AVEO": [0.3071, 0.13519226673338172], "AVNR": [0.0, 0.13519226673338172], "AVXS": [0.11801428571428572, 0.13519226673338172], "BCRX": [0.43055, 0.13519226673338172], "BGNE": [-0.0772, 0.13519226673338172], "BIIB": [0.22634414414414433, 0.13519226673338172], "BIOD": [0.11746666666666666, 0.13519226673338172], "BLCM": [0.15108823529411766, 0.13519226673338172], "BLUE": [0.1695275, 0.13519226673338172], "BMRN": [-0.012640909090909086, 0.13519226673338172], "BOLD": [0.4019, 0.13519226673338172], "BPMC": [0.20424000000000003, 0.13519226673338172], "BSTE": [0.0, 0.13519226673338172], "CALP": [0.23026666666666665, 0.13519226673338172], "CARA": [0.0963340425531915, 0.13519226673338172], "CBPO": [0.0, 0.13519226673338172], "CBST": [0.07126666666666666, 0.13519226673338172], "CCXI": [0.09404130434782605, 0.13519226673338172], "CELG": [0.16181124999999996, 0.13519226673338172], "CEMP": [0.17250000000000001, 0.13519226673338172], "CEPH": [-0.14353333333333332, 0.13519226673338172], "CERS": [0.09672727272727273, 0.13519226673338172], "CHMA": [0.32062222222222225, 0.13519226673338172], "CHRS": [0.0934, 0.13519226673338172], "CLCD": [0.0, 0.13519226673338172], "CLDN": [0.30406000000000005, 0.13519226673338172], "CLDX": [0.07478095238095236, 0.13519226673338172], "CLSD": [0.07955, 0.13519226673338172], "CLVS": [0.008169230769230758, 0.13519226673338172], "CMRX": [0.34049999999999997, 0.13519226673338172], "CNCE": [0.19063333333333332, 0.13519226673338172], "COLL": [0.11567777777777777, 0.13519226673338172], "CRA": [0.15556000000000003, 0.13519226673338172], "CRIS": [0.14292500000000002, 0.13519226673338172], "CRME": [0.0, 0.13519226673338172], "CTIC": [0.21882857142857143, 0.13519226673338172], "CTRX": [0.4404, 0.13519226673338172], "CXRX": [-0.1797785714285714, 0.13519226673338172], "CYTK": [-0.02150000000000002, 0.13519226673338172], "CYTX": [0.0650608695652174, 0.13519226673338172], "DBVT": [0.07200999999999999, 0.13519226673338172], "DEPO": [0.033021212121212125, 0.13519226673338172], "DERM": [0.02645333333333333, 0.13519226673338172], "DIGE": [0.358925, 0.13519226673338172], "DNAI": [0.12464444444444443, 0.13519226673338172], "DRNA": [0.1799666666666667, 0.13519226673338172], "DRRX": [0.046418181818181824, 0.13519226673338172], "DVAX": [0.2319, 0.13519226673338172], "DYAX": [0.15753333333333333, 0.13519226673338172], "ECYT": [0.0, 0.13519226673338172], "EDIT": [0.3042933333333334, 0.13519226673338172], "EGRX": [0.183475, 0.13519226673338172], "EMIS": [0.0, 0.13519226673338172], "ENCY": [0.34515000000000007, 0.13519226673338172], "ENDP": [0.09461538461538462, 0.13519226673338172], "ENTA": [0.13866571428571428, 0.13519226673338172], "EPIX": [0.0, 0.13519226673338172], "EPZM": [0.26673, 0.13519226673338172], "ESPR": [0.1280611111111111, 0.13519226673338172], "EXEL": [0.06328461538461538, 0.13519226673338172], "FACT": [0.1827, 0.13519226673338172], "FGEN": [-0.2050285714285714, 0.13519226673338172], "FLKS": [0.05223529411764705, 0.13519226673338172], "FLML": [0.0772, 0.13519226673338172], "FLXN": [0.04666666666666667, 0.13519226673338172], "FMI": [0.4225500000000001, 0.13519226673338172], "FOLD": [0.13339489795918366, 0.13519226673338172], "FOMX": [-0.100475, 0.13519226673338172], "FPRX": [0.2023, 0.13519226673338172], "GBT": [0.165275, 0.13519226673338172], "GERN": [0.07862142857142855, 0.13519226673338172], "GEVA": [0.6369, 0.13519226673338172], "GHDX": [0.0, 0.13519226673338172], "GILD": [0.12513589743589748, 0.13519226673338172], "GPRO": [0.1620047619047619, 0.13519226673338172], "GRFS": [0.059199999999999996, 0.13519226673338172], "GWPH": [0.11839999999999999, 0.13519226673338172], "HALO": [0.2889103448275863, 0.13519226673338172], "HBIO": [0.133, 0.13519226673338172], "HEPH": [0.0, 0.13519226673338172], "HZNP": [0.14678205128205127, 0.13519226673338172], "ICEL": [0.4585875, 0.13519226673338172], "ICOS": [0.2679333333333333, 0.13519226673338172], "ICPT": [0.20103234200743494, 0.13519226673338172], "ICY": [-0.08479999999999996, 0.13519226673338172], "IDIX": [0.5423, 0.13519226673338172], "ILMN": [0.0, 0.13519226673338172], "ILU": [-0.2553, 0.13519226673338172], "IMCL": [-0.2235, 0.13519226673338172], "IMDZ": [0.0, 0.13519226673338172], "IMGN": [-0.03259999999999999, 0.13519226673338172], "IMMU": [0.10428, 0.13519226673338172], "INCR": [0.2585096774193548, 0.13519226673338172], "INCY": [0.132296875, 0.13519226673338172], "INFI": [0.087575, 0.13519226673338172], "INGN": [0.6486, 0.13519226673338172], "INHX": [0.0, 0.13519226673338172], "INO": [0.2133913043478261, 0.13519226673338172], "INSM": [0.0, 0.13519226673338172], "INSY": [0.0, 0.13519226673338172], "IONS": [0.08806994535519122, 0.13519226673338172], "IPXL": [0.0, 0.13519226673338172], "IRWD": [0.2167142857142857, 0.13519226673338172], "ISIS": [0.6946666666666667, 0.13519226673338172], "ISTA": [0.057685714285714285, 0.13519226673338172], "ITCI": [0.2799133333333333, 0.13519226673338172], "ITEK": [0.0, 0.13519226673338172], "JAZZ": [0.10935659163987145, 0.13519226673338172], "JUNO": [0.18241304347826084, 0.13519226673338172], "KERX": [0.025204, 0.13519226673338172], "KITE": [0.29996551724137926, 0.13519226673338172], "KMPH": [0.16573333333333334, 0.13519226673338172], "KPTI": [0.29359999999999997, 0.13519226673338172], "LBIO": [0.1426066666666667, 0.13519226673338172], "LGND": [0.12714615384615385, 0.13519226673338172], "LIFE": [0.14677727272727273, 0.13519226673338172], "LMNX": [0.0772, 0.13519226673338172], "LOXO": [0.05106000000000001, 0.13519226673338172], "LXRX": [0.07908571428571429, 0.13519226673338172], "MACK": [0.12478, 0.13519226673338172], "MAPP": [0.1603, 0.13519226673338172], "MCRB": [0.31338, 0.13519226673338172], "MDCO": [0.03401333333333333, 0.13519226673338172], "MDVN": [-0.032423636363636356, 0.13519226673338172], "MEDI": [0.0202218487394958, 0.13519226673338172], "MGNX": [0.16732, 0.13519226673338172], "MNK": [0.2309615384615385, 0.13519226673338172],