{"ACAD": [0.1766904761904762, 0.11462153421619722], "ACHN": [0.2826166666666667, 0.11462153421619722], "ACOR": [-0.125, 0.11462153421619722], "ACRX": [0.05037291666666668, 0.11462153421619722], "ADHD": [0.0, 0.11462153421619722], "ADLR": [0.0, 0.11462153421619722], "AEGR": [-0.27527999999999997, 0.11462153421619722], "AERI": [0.0, 0.11462153421619722], "AFFX": [-0.17152499999999998, 0.11462153421619722], "AFFY": [0.0, 0.11462153421619722], "AGEN": [-0.08226666666666665, 0.11462153421619722], "ALKS": [0.32911999999999997, 0.11462153421619722], "ALNY": [0.025733333333333334, 0.11462153421619722], "ALTH": [0.1983961538461539, 0.11462153421619722], "ALXA": [0.0, 0.11462153421619722], "AMGN": [0.061858620689655155, 0.11462153421619722], "AMRN": [0.09000731707317074, 0.11462153421619722], "ANAC": [0.22866, 0.11462153421619722], "ANDS": [0.25088571428571427, 0.11462153421619722], "ANIP": [-0.148, 0.11462153421619722], "ANTH": [-0.2553, 0.11462153421619722], "ARIA": [0.1807529850746269, 0.11462153421619722], "ARNA": [0.04495333333333333, 0.11462153421619722], "ARQL": [0.08086363636363636, 0.11462153421619722], "ARRY": [0.37748, 0.11462153421619722], "ARWR": [-0.2732, 0.11462153421619722], "ASPX": [-0.135125, 0.11462153421619722], "AST": [0.11410000000000001, 0.11462153421619722], "ASTX": [0.0, 0.11462153421619722], "ATRA": [0.0, 0.11462153421619722], "AUXL": [0.12726666666666667, 0.11462153421619722], "AVEO": [0.1779, 0.11462153421619722], "AVII": [0.3818, 0.11462153421619722], "AVNR": [0.0, 0.11462153421619722], "AXCA": [0.0, 0.11462153421619722], "BCRX": [0.05707307692307692, 0.11462153421619722], "BIIB": [0.1976666666666667, 0.11462153421619722], "BIOD": [0.3589333333333333, 0.11462153421619722], "BLUE": [0.1589, 0.11462153421619722], "BMRN": [0.27769814126394055, 0.11462153421619722], "BPAX": [0.296, 0.11462153421619722], "CADX": [0.0, 0.11462153421619722], "CALP": [0.5656, 0.11462153421619722], "CBST": [0.43170000000000003, 0.11462153421619722], "CELG": [0.13366600000000006, 0.11462153421619722], "CEMP": [0.40703333333333336, 0.11462153421619722], "CEPH": [0.4019, 0.11462153421619722], "CERS": [0.2723285714285714, 0.11462153421619722], "CLCD": [0.0, 0.11462153421619722], "CLDX": [0.06574285714285713, 0.11462153421619722], "CLVS": [0.304035294117647, 0.11462153421619722], "COLL": [-0.026749999999999996, 0.11462153421619722], "CRA": [0.06991764705882351, 0.11462153421619722], "CRIS": [0.1959923076923077, 0.11462153421619722], "CRME": [0.04536111111111111, 0.11462153421619722], "CTIC": [-0.006416666666666672, 0.11462153421619722], "CTRX": [0.8555, 0.11462153421619722], "CYTK": [0.0, 0.11462153421619722], "CYTX": [0.3062, 0.11462153421619722], "DERM": [0.4537333333333333, 0.11462153421619722], "DNDN": [0.0, 0.11462153421619722], "DRNA": [0.23744, 0.11462153421619722], "DRRX": [0.55268, 0.11462153421619722], "DSCO": [0.0, 0.11462153421619722], "DVAX": [0.02642, 0.11462153421619722], "DYAX": [0.0, 0.11462153421619722], "ECYT": [0.0, 0.11462153421619722], "EDIT": [0.6486, 0.11462153421619722], "EGRX": [0.6124, 0.11462153421619722], "EMIS": [-0.4019, 0.11462153421619722], "ENCY": [0.0, 0.11462153421619722], "ENDP": [-0.09558125, 0.11462153421619722], "ENTA": [0.1523787878787879, 0.11462153421619722], "ENZN": [0.0, 0.11462153421619722], "EPZM": [0.4926, 0.11462153421619722], "EXEL": [0.16387499999999997, 0.11462153421619722], "FACT": [-0.042066666666666676, 0.11462153421619722], "FLKS": [0.624, 0.11462153421619722], "FLML": [0.17759999999999998, 0.11462153421619722], "FPRX": [0.0, 0.11462153421619722], "GBT": [0.4588, 0.11462153421619722], "GERN": [0.0, 0.11462153421619722], "GHDX": [0.28459999999999996, 0.11462153421619722], "GILD": [0.2802555555555555, 0.11462153421619722], "GNVC": [0.0, 0.11462153421619722], "GTXI": [0.33, 0.11462153421619722], "GWPH": [0.1591, 0.11462153421619722], "HALO": [0.0050387096774193625, 0.11462153421619722], "HZNP": [-0.004594117647058814, 0.11462153421619722], "ICEL": [-0.5267, 0.11462153421619722], "ICPT": [0.0, 0.11462153421619722], "ICY": [0.4106741573033709, 0.11462153421619722], "IDIX": [0.09866666666666667, 0.11462153421619722], "ILMN": [0.07144999999999999, 0.11462153421619722], "ILU": [-0.16260000000000002, 0.11462153421619722], "IMGN": [0.5639555555555557, 0.11462153421619722], "IMMU": [0.5888857142857142, 0.11462153421619722], "INCR": [0.13234000000000004, 0.11462153421619722], "INCY": [0.1779, 0.11462153421619722], "INFI": [0.0, 0.11462153421619722], "INGN": [0.0, 0.11462153421619722], "INO": [0.08248749999999999, 0.11462153421619722], "INSM": [0.36382499999999995, 0.11462153421619722], "INSY": [0.0, 0.11462153421619722], "IONS": [0.23644736842105255, 0.11462153421619722], "ISIS": [-0.055928571428571425, 0.11462153421619722], "ISTA": [0.0843, 0.11462153421619722], "ITEK": [0.6369, 0.11462153421619722], "ITMN": [0.19499999999999998, 0.11462153421619722], "JAZZ": [-0.009225000000000011, 0.11462153421619722], "KERX": [-0.10334999999999998, 0.11462153421619722], "KYTH": [0.0, 0.11462153421619722], "LBIO": [0.12211428571428572, 0.11462153421619722], "LIFE": [0.26400714285714294, 0.11462153421619722], "LXRX": [0.0, 0.11462153421619722], "MACK": [0.04728235294117647, 0.11462153421619722], "MDCO": [0.4019, 0.11462153421619722], "MDVN": [0.0683, 0.11462153421619722], "MEDI": [0.21938999999999997, 0.11462153421619722], "MITI": [0.105375, 0.11462153421619722], "MNK": [0.11273999999999999, 0.11462153421619722], "MNKD": [0.11273999999999999, 0.11462153421619722], "MNTA": [0.0, 0.11462153421619722], "MYL": [0.1445, 0.11462153421619722], "NBIX": [-0.6705, 0.11462153421619722], "NH": [0.18763999999999997, 0.11462153421619722], "NK": [0.09465178571428576, 0.11462153421619722], "NKTR": [0.0, 0.11462153421619722], "NLNK": [0.5106, 0.11462153421619722], "NPSP": [0.041882051282051275, 0.11462153421619722], "NVAX": [0.142975, 0.11462153421619722], "OMED": [0.171075, 0.11462153421619722], "OMER": [0.13669583333333332, 0.11462153421619722], "ONCE": [-0.172925, 0.11462153421619722], "ONTX": [0.1161, 0.11462153421619722], "ONTY": [0.06021428571428571, 0.11462153421619722], "ONVO": [0.025344444444444444, 0.11462153421619722], "ONXX": [0.0, 0.11462153421619722], "OPK": [0.14687999999999998, 0.11462153421619722], "OREX": [0.03661612903225806, 0.11462153421619722], "OSCI": [0.0, 0.11462153421619722], "OSIR": [0.0, 0.11462153421619722], "OTIC": [0.4588, 0.11462153421619722], "OVAS": [0.3612, 0.11462153421619722], "PCYC": [-0.3612, 0.11462153421619722], "PGNX": [0.4404, 0.11462153421619722], "PHRM": [0.23954999999999999, 0.11462153421619722], "PRAH": [-0.1332, 0.11462153421619722], "PRTA": [0.0, 0.11462153421619722], "PTCT": [0.5432, 0.11462153421619722], "QCOR": [-0.12040000000000001, 0.11462153421619722], "QLTI": [0.0, 0.11462153421619722], "RARE": [0.0794, 0.11462153421619722], "REGN": [0.0, 0.11462153421619722], "RIGL": [-0.5267, 0.11462153421619722], "RNAI": [0.2031, 0.11462153421619722], "RPTP": [0.0, 0.11462153421619722], "SAGE": [-0.07254285714285715, 0.11462153421619722], "SCMP": [0.0, 0.11462153421619722], "SGEN": [0.6249, 0.11462153421619722], "SGMO": [-0.025675, 0.11462153421619722], "SGNT": [0.296, 0.11462153421619722], "SGYP": [0.0, 0.11462153421619722], "SNTA": [0.0772, 0.11462153421619722], "SNTS": [-0.06766250000000001, 0.11462153421619722], "SPPI": [-0.21672000000000002, 0.11462153421619722], "SQNM": [0.2406, 0.11462153421619722], "SRPT": [0.09444492099322797, 0.11462153421619722], "STEM": [0.3508, 0.11462153421619722], "TARO": [0.4215, 0.11462153421619722], "TBPH": [0.3762666666666667, 0.11462153421619722], "TECH": [0.047241975308641965, 0.11462153421619722], "TELK": [-0.7097, 0.11462153421619722], "TEVA": [0.10716666666666669, 0.11462153421619722], "THLD": [-0.6597, 0.11462153421619722], "THRX": [0.19661153846153848, 0.11462153421619722], "TRGT": [0.296, 0.11462153421619722], "TSRX": [0.8932, 0.11462153421619722], "TTPH": [0.2845375, 0.11462153421619722], "USD": [-0.03724716981132076, 0.11462153421619722],