{"AAVL": [0.0, 0.13188932036523737], "ACAD": [0.2522111111111111, 0.13188932036523737], "ACHN": [0.10660740740740739, 0.13188932036523737], "ACOR": [0.0, 0.13188932036523737], "ACRX": [0.14049999999999999, 0.13188932036523737], "ADHD": [0.14545384615384613, 0.13188932036523737], "AEGR": [0.2926, 0.13188932036523737], "AFFX": [0.37429999999999997, 0.13188932036523737], "AFFY": [0.0, 0.13188932036523737], "AGEN": [0.0344625, 0.13188932036523737], "AGIO": [0.31167500000000004, 0.13188932036523737], "AKBA": [0.0, 0.13188932036523737], "AKRX": [0.1033, 0.13188932036523737], "ALIM": [0.4302, 0.13188932036523737], "ALKS": [0.074, 0.13188932036523737], "ALNY": [0.19931971830985928, 0.13188932036523737], "ALTH": [0.27354482758620696, 0.13188932036523737], "ALTU": [0.4389, 0.13188932036523737], "ALXA": [0.0, 0.13188932036523737], "ALXN": [0.17295714285714286, 0.13188932036523737], "AMAG": [0.4389, 0.13188932036523737], "AMGN": [0.5106, 0.13188932036523737], "AMRI": [0.0, 0.13188932036523737], "AMRN": [-0.188125, 0.13188932036523737], "ANAC": [0.11430000000000001, 0.13188932036523737], "ANDS": [0.7178, 0.13188932036523737], "ANIP": [-0.8118, 0.13188932036523737], "ANTH": [0.0, 0.13188932036523737], "ARDX": [0.4019, 0.13188932036523737], "ARIA": [0.0944857142857143, 0.13188932036523737], "ARNA": [-0.003930303030303026, 0.13188932036523737], "ARRY": [0.15436, 0.13188932036523737], "ARWR": [0.04432894736842106, 0.13188932036523737], "ASPX": [-0.17625454545454547, 0.13188932036523737], "AST": [0.1925785310734463, 0.13188932036523737], "ASTX": [0.0, 0.13188932036523737], "ATRA": [0.0, 0.13188932036523737], "AUXL": [0.2553, 0.13188932036523737], "AVEO": [0.06804545454545453, 0.13188932036523737], "AVNR": [0.12455357142857139, 0.13188932036523737], "BCRX": [0.009565454545454549, 0.13188932036523737], "BIIB": [0.16403, 0.13188932036523737], "BIOD": [0.0, 0.13188932036523737], "BIOV": [0.5994, 0.13188932036523737], "BLUE": [0.14225333333333331, 0.13188932036523737], "BLUS": [0.453, 0.13188932036523737], "BMRN": [0.03349166666666666, 0.13188932036523737], "CADX": [0.4389, 0.13188932036523737], "CARA": [0.21945, 0.13188932036523737], "CBPO": [0.688, 0.13188932036523737], "CBST": [0.0, 0.13188932036523737], "CCXI": [0.4389, 0.13188932036523737], "CELG": [0.11206896551724138, 0.13188932036523737], "CEMP": [0.013542857142857143, 0.13188932036523737], "CEPH": [-0.1468, 0.13188932036523737], "CERS": [0.13550714285714285, 0.13188932036523737], "CGEN": [0.0, 0.13188932036523737], "CLDN": [0.45079, 0.13188932036523737], "CLDX": [0.32742, 0.13188932036523737], "CLVS": [0.05, 0.13188932036523737], "CMRX": [0.007495348837209302, 0.13188932036523737], "CNCE": [0.5574, 0.13188932036523737], "COLL": [0.19723333333333332, 0.13188932036523737], "CRA": [0.023226315789473696, 0.13188932036523737], "CRIS": [-0.0781125, 0.13188932036523737], "CRME": [0.4389, 0.13188932036523737], "CTIC": [0.0, 0.13188932036523737], "CTRX": [0.20153333333333334, 0.13188932036523737], "CYTK": [0.03182, 0.13188932036523737], "CYTX": [0.0, 0.13188932036523737], "DEPO": [0.4389, 0.13188932036523737], "DERM": [0.0, 0.13188932036523737], "DIGE": [0.0, 0.13188932036523737], "DNDN": [-0.6597, 0.13188932036523737], "DRNA": [0.14915263157894737, 0.13188932036523737], "DSCO": [0.1770125, 0.13188932036523737], "DVAX": [0.12550555555555556, 0.13188932036523737], "DYAX": [0.21945, 0.13188932036523737], "ECYT": [0.0798, 0.13188932036523737], "EDIT": [0.3904933333333334, 0.13188932036523737], "EGRX": [0.3182, 0.13188932036523737], "ENCY": [0.0, 0.13188932036523737], "ENDP": [0.0319375, 0.13188932036523737], "ENTA": [0.003940000000000003, 0.13188932036523737], "ENZN": [0.0, 0.13188932036523737], "EPZM": [0.10200000000000001, 0.13188932036523737], "ESPR": [0.25891666666666663, 0.13188932036523737], "EXEL": [-0.06743333333333333, 0.13188932036523737], "FACT": [0.2451, 0.13188932036523737], "FGEN": [0.296, 0.13188932036523737], "FLKS": [0.0, 0.13188932036523737], "FLML": [0.0, 0.13188932036523737], "FLXN": [0.0, 0.13188932036523737], "FMI": [0.4939, 0.13188932036523737], "FOLD": [0.12300833333333334, 0.13188932036523737], "FOMX": [0.07592127659574469, 0.13188932036523737], "FPRX": [0.4389, 0.13188932036523737], "GERN": [0.5267, 0.13188932036523737], "GEVA": [0.4389, 0.13188932036523737], "GHDX": [0.27274000000000004, 0.13188932036523737], "GILD": [0.14723394495412842, 0.13188932036523737], "GNVC": [0.4389, 0.13188932036523737], "GPRO": [0.024256081081081075, 0.13188932036523737], "GRFS": [0.3818, 0.13188932036523737], "GTXI": [0.0, 0.13188932036523737], "GWPH": [0.11267272727272727, 0.13188932036523737], "HALO": [0.013411111111111115, 0.13188932036523737], "HBIO": [-0.2732, 0.13188932036523737], "HZNP": [0.2623666666666667, 0.13188932036523737], "ICEL": [0.39218, 0.13188932036523737], "ICPT": [0.06987368421052631, 0.13188932036523737], "ICY": [0.296, 0.13188932036523737], "IDIX": [0.24355, 0.13188932036523737], "ILMN": [0.0683, 0.13188932036523737], "ILU": [-0.5719, 0.13188932036523737], "IMDZ": [0.0, 0.13188932036523737], "IMGN": [-0.2263, 0.13188932036523737], "IMMU": [0.08567058823529411, 0.13188932036523737], "INCR": [0.33795238095238095, 0.13188932036523737], "INCY": [0.05135, 0.13188932036523737], "INFI": [0.296, 0.13188932036523737], "INGN": [0.7845, 0.13188932036523737], "INO": [0.05692173913043478, 0.13188932036523737], "INSY": [0.060350000000000015, 0.13188932036523737], "IONS": [0.005406896551724141, 0.13188932036523737], "IPXL": [0.21945, 0.13188932036523737], "IRWD": [-0.2732, 0.13188932036523737], "ISIS": [0.21249565217391303, 0.13188932036523737], "ISTA": [0.2679333333333333, 0.13188932036523737], "ITCI": [0.3372, 0.13188932036523737], "ITMN": [0.0, 0.13188932036523737], "JAZZ": [0.24078, 0.13188932036523737], "JUNO": [0.0, 0.13188932036523737], "KERX": [0.2023214285714285, 0.13188932036523737], "KITE": [0.12528421052631578, 0.13188932036523737], "LBIO": [-0.132653125, 0.13188932036523737], "LGND": [0.14496666666666666, 0.13188932036523737], "LIFE": [0.12145, 0.13188932036523737], "LMNX": [0.026909090909090907, 0.13188932036523737], "LOXO": [0.0, 0.13188932036523737], "MACK": [0.0282875, 0.13188932036523737], "MAPP": [0.0, 0.13188932036523737], "MDCO": [0.11796666666666665, 0.13188932036523737], "MDVN": [-0.08276363636363636, 0.13188932036523737], "MEDI": [0.2743767441860481, 0.13188932036523737], "MGNX": [0.17576999999999998, 0.13188932036523737], "MITI": [0.0, 0.13188932036523737], "MNK": [0.25748999999999994, 0.13188932036523737], "MNKD": [0.24754615384615383, 0.13188932036523737], "MNTA": [0.21687272727272724, 0.13188932036523737], "MRNA": [0.0, 0.13188932036523737], "MYGN": [-0.04937499999999999, 0.13188932036523737], "MYL": [0.134875, 0.13188932036523737], "NABI": [0.0, 0.13188932036523737], "NBIX": [0.3243, 0.13188932036523737], "NEOS": [0.6802666666666667, 0.13188932036523737], "NERV": [-0.5970285714285714, 0.13188932036523737], "NH": [0.04429411764705882, 0.13188932036523737], "NK": [0.10715108695652169, 0.13188932036523737], "NKTR": [0.4389, 0.13188932036523737], "NLNK": [0.06063033707865169, 0.13188932036523737], "NPSP": [0.08055999999999999, 0.13188932036523737], "NVAX": [-0.21155, 0.13188932036523737], "OMED": [0.04188823529411764, 0.13188932036523737], "OMER": [0.12248333333333333, 0.13188932036523737], "OMPI": [0.296, 0.13188932036523737], "ONCE": [0.04439230769230767, 0.13188932036523737], "ONTX": [0.0, 0.13188932036523737], "ONTY": [-0.18848571428571428, 0.13188932036523737], "ONVO": [0.12165, 0.13188932036523737], "OPHT": [0.148, 0.13188932036523737], "OPK": [0.3462, 0.13188932036523737], "OREX": [-0.01599629629629629, 0.13188932036523737], "OSCI": [0.5106, 0.13188932036523737], "OSIR": [-0.07024999999999999, 0.13188932036523737], "OTIC": [-0.04096363636363636, 0.13188932036523737], "OVAS": [0.296, 0.13188932036523737], "PACB": [0.09106666666666667, 0.13188932036523737], "PANC": [0.100475, 0.13188932036523737], "PCYC": [0.5859, 0.13188932036523737], "PETX": [0.0, 0.13188932036523737],