{"ACAD": [-0.0034200000000000007, 0.05056595460071763], "ACOR": [-0.2924, 0.05056595460071763], "ACRX": [0.0, 0.05056595460071763], "AEGR": [0.0, 0.05056595460071763], "AFFY": [-0.08591333333333333, 0.05056595460071763], "AGEN": [-0.23216666666666663, 0.05056595460071763], "ALIM": [0.0, 0.05056595460071763], "ALKS": [-0.16708571428571428, 0.05056595460071763], "ALNY": [0.25718, 0.05056595460071763], "ALTH": [0.28195384615384617, 0.05056595460071763], "ALXA": [-0.04515, 0.05056595460071763], "ALXN": [0.2833333333333334, 0.05056595460071763], "AMAG": [0.0413, 0.05056595460071763], "AMGN": [-0.07636538461538461, 0.05056595460071763], "AMRI": [0.25, 0.05056595460071763], "AMRN": [-0.06144838709677419, 0.05056595460071763], "ANAC": [0.0, 0.05056595460071763], "ANDS": [0.0, 0.05056595460071763], "ANTH": [-0.11180000000000001, 0.05056595460071763], "ARIA": [0.009560000000000004, 0.05056595460071763], "ARNA": [0.024619047619047624, 0.05056595460071763], "ARQL": [0.0, 0.05056595460071763], "ARRY": [0.2522, 0.05056595460071763], "ASPX": [0.08130625000000001, 0.05056595460071763], "AST": [0.055527118644067806, 0.05056595460071763], "ASTX": [0.15084000000000003, 0.05056595460071763], "AVEO": [0.23835, 0.05056595460071763], "AVNR": [0.0, 0.05056595460071763], "BCRX": [-0.08617068965517244, 0.05056595460071763], "BIIB": [-0.10632727272727273, 0.05056595460071763], "BLUE": [0.0, 0.05056595460071763], "BMRN": [0.0, 0.05056595460071763], "CADX": [0.10062727272727273, 0.05056595460071763], "CBPO": [0.0, 0.05056595460071763], "CBRX": [-0.296, 0.05056595460071763], "CBST": [0.1353875, 0.05056595460071763], "CELG": [0.11262391304347828, 0.05056595460071763], "CLDX": [0.0, 0.05056595460071763], "CMRX": [0.0, 0.05056595460071763], "COLL": [0.062275, 0.05056595460071763], "COLY": [0.0, 0.05056595460071763], "CRA": [-0.05536666666666667, 0.05056595460071763], "CRIS": [0.19063333333333332, 0.05056595460071763], "CTIC": [0.0, 0.05056595460071763], "CTRX": [0.0, 0.05056595460071763], "CYTK": [0.25, 0.05056595460071763], "CYTX": [0.0, 0.05056595460071763], "DNDN": [0.27090000000000003, 0.05056595460071763], "DRRX": [0.0, 0.05056595460071763], "DVAX": [0.17822500000000002, 0.05056595460071763], "ECYT": [-0.43979999999999997, 0.05056595460071763], "EDIT": [0.002018181818181813, 0.05056595460071763], "EGRX": [0.0, 0.05056595460071763], "EMIS": [0.0, 0.05056595460071763], "ENCY": [0.128, 0.05056595460071763], "ENDP": [0.23035454545454545, 0.05056595460071763], "ENTA": [0.09879, 0.05056595460071763], "ENZN": [0.06021428571428571, 0.05056595460071763], "EXEL": [0.10115, 0.05056595460071763], "FACT": [0.03260000000000002, 0.05056595460071763], "FOLD": [0.04404, 0.05056595460071763], "FURX": [0.05505, 0.05056595460071763], "GERN": [0.0, 0.05056595460071763], "GHDX": [0.0, 0.05056595460071763], "GILD": [0.02765416666666667, 0.05056595460071763], "GRFS": [0.0, 0.05056595460071763], "GTXI": [0.122825, 0.05056595460071763], "GWPH": [0.0, 0.05056595460071763], "HALO": [-0.064, 0.05056595460071763], "HBIO": [0.0, 0.05056595460071763], "ICEL": [0.4404, 0.05056595460071763], "ICPT": [0.296, 0.05056595460071763], "ICY": [-0.10908, 0.05056595460071763], "IDIX": [0.0, 0.05056595460071763], "ILMN": [0.0, 0.05056595460071763], "IMGN": [-0.5654571428571428, 0.05056595460071763], "IMMU": [0.10892631578947368, 0.05056595460071763], "INCR": [0.11315, 0.05056595460071763], "INCY": [0.04228571428571428, 0.05056595460071763], "INFI": [-0.11294285714285714, 0.05056595460071763], "INO": [0.11598421052631581, 0.05056595460071763], "INSM": [0.0, 0.05056595460071763], "INVA": [0.24860000000000002, 0.05056595460071763], "IONS": [0.0485, 0.05056595460071763], "IPXL": [0.08832857142857144, 0.05056595460071763], "IRWD": [0.0, 0.05056595460071763], "ISIS": [0.13893333333333335, 0.05056595460071763], "ISTA": [-0.02266666666666667, 0.05056595460071763], "ITMN": [0.0, 0.05056595460071763], "JAZZ": [0.31245, 0.05056595460071763], "KERX": [0.0, 0.05056595460071763], "KYTH": [0.296, 0.05056595460071763], "LBIO": [0.020999999999999998, 0.05056595460071763], "LIFE": [0.10425, 0.05056595460071763], "MAXY": [0.0, 0.05056595460071763], "MDVN": [0.15811111111111112, 0.05056595460071763], "MEDI": [0.0884, 0.05056595460071763], "MNK": [0.0921277777777778, 0.05056595460071763], "MNKD": [0.0921277777777778, 0.05056595460071763], "MNTA": [0.35232, 0.05056595460071763], "MYL": [0.0, 0.05056595460071763], "NABI": [0.0, 0.05056595460071763], "NH": [-0.098975, 0.05056595460071763], "NK": [0.07668166666666668, 0.05056595460071763], "NLNK": [0.1376, 0.05056595460071763], "NPSP": [0.1579818181818182, 0.05056595460071763], "NVAX": [-0.18319142857142862, 0.05056595460071763], "OMED": [0.12040000000000001, 0.05056595460071763], "OMER": [-0.08533333333333333, 0.05056595460071763], "OMPI": [0.0843, 0.05056595460071763], "ONCE": [0.0, 0.05056595460071763], "ONTY": [0.0, 0.05056595460071763], "ONVO": [0.2997, 0.05056595460071763], "ONXX": [0.10455714285714286, 0.05056595460071763], "OPK": [0.2709428571428571, 0.05056595460071763], "OPTR": [0.0666375, 0.05056595460071763], "OREX": [0.020305882352941156, 0.05056595460071763], "OSCI": [0.0, 0.05056595460071763], "OTIC": [0.0, 0.05056595460071763], "PACB": [0.07655, 0.05056595460071763], "PCYC": [0.17, 0.05056595460071763], "POZN": [0.0, 0.05056595460071763], "PTIE": [0.0, 0.05056595460071763], "RARE": [0.6486, 0.05056595460071763], "REGN": [0.0, 0.05056595460071763], "RGLS": [0.0, 0.05056595460071763], "RIGL": [-0.09866666666666667, 0.05056595460071763], "SAGE": [0.10361904761904762, 0.05056595460071763], "SCLN": [0.0, 0.05056595460071763], "SCMP": [0.0, 0.05056595460071763], "SGEN": [-0.28442142857142855, 0.05056595460071763], "SGYP": [0.0, 0.05056595460071763], "SHPG": [-0.26388, 0.05056595460071763], "SLXP": [0.0, 0.05056595460071763], "SNTA": [0.4404, 0.05056595460071763], "SNTS": [0.0, 0.05056595460071763], "SPPI": [0.32672, 0.05056595460071763], "SQNM": [0.32926666666666665, 0.05056595460071763], "SRPT": [0.18643771929824562, 0.05056595460071763], "STEM": [0.0, 0.05056595460071763], "SUPN": [-0.2901, 0.05056595460071763], "SVA": [-0.16705161290322582, 0.05056595460071763], "TECH": [0.13779807692307694, 0.05056595460071763], "TELK": [0.0, 0.05056595460071763], "TEVA": [0.10804285714285713, 0.05056595460071763], "THLD": [0.0, 0.05056595460071763], "THRX": [0.4767, 0.05056595460071763], "TSRX": [0.20725, 0.05056595460071763], "TTPH": [0.0, 0.05056595460071763], "USD": [0.027922981366459636, 0.05056595460071763], "VICL": [0.047210344827586216, 0.05056595460071763], "VNDA": [0.0, 0.05056595460071763], "VPHM": [0.21250000000000002, 0.05056595460071763], "VRTX": [0.05267272727272727, 0.05056595460071763], "VRUS": [0.0, 0.05056595460071763], "VVUS": [0.2547, 0.05056595460071763], "WCRX": [0.0, 0.05056595460071763], "XNPT": [0.2833333333333334, 0.05056595460071763], "XOMA": [0.0, 0.05056595460071763], "ZGNX": [-0.16996428571428573, 0.05056595460071763], "ZLCS": [0.0, 0.05056595460071763]}