{"ACHN": [0.0, 0.07240158063562803], "ACOR": [0.35015, 0.07240158063562803], "ADHD": [0.28106000000000003, 0.07240158063562803], "ADMS": [0.0, 0.07240158063562803], "AEGR": [0.24695, 0.07240158063562803], "AERI": [0.0, 0.07240158063562803], "AGEN": [0.1809333333333333, 0.07240158063562803], "AKRX": [-0.17195, 0.07240158063562803], "ALKS": [0.074, 0.07240158063562803], "ALNY": [-0.04398000000000003, 0.07240158063562803], "ALTH": [0.08231666666666666, 0.07240158063562803], "ALXN": [-0.1806, 0.07240158063562803], "AMRN": [0.0, 0.07240158063562803], "ARIA": [0.4909142857142857, 0.07240158063562803], "ARNA": [-0.17572000000000002, 0.07240158063562803], "ARRY": [0.5652499999999999, 0.07240158063562803], "ARWR": [0.0, 0.07240158063562803], "ASPX": [0.284925, 0.07240158063562803], "AST": [-0.042342857142857133, 0.07240158063562803], "AVNR": [0.1317, 0.07240158063562803], "BCRX": [0.4767, 0.07240158063562803], "BIIB": [-0.1366, 0.07240158063562803], "BIOD": [0.0, 0.07240158063562803], "BLUE": [0.3182, 0.07240158063562803], "BMRN": [0.0, 0.07240158063562803], "CALP": [0.296, 0.07240158063562803], "CARA": [0.6369, 0.07240158063562803], "CBST": [0.2787, 0.07240158063562803], "CELG": [0.0, 0.07240158063562803], "CEMP": [0.35212000000000004, 0.07240158063562803], "CERS": [0.4767, 0.07240158063562803], "CGEN": [0.0, 0.07240158063562803], "CLDN": [-0.5106, 0.07240158063562803], "CLDX": [0.15042499999999998, 0.07240158063562803], "CMRX": [0.5194, 0.07240158063562803], "COLL": [0.0, 0.07240158063562803], "CRIS": [-0.064, 0.07240158063562803], "CTIC": [-0.2049, 0.07240158063562803], "CYTX": [0.0, 0.07240158063562803], "DEPO": [-0.1366, 0.07240158063562803], "DYAX": [0.24695, 0.07240158063562803], "ECYT": [0.074, 0.07240158063562803], "EDIT": [-0.2484, 0.07240158063562803], "EGLT": [0.0, 0.07240158063562803], "EMIS": [0.0, 0.07240158063562803], "ENCY": [0.1909, 0.07240158063562803], "ENDP": [0.0, 0.07240158063562803], "ENTA": [0.0972875, 0.07240158063562803], "ENZN": [0.2553, 0.07240158063562803], "EXEL": [0.0, 0.07240158063562803], "FACT": [-0.47669999999999996, 0.07240158063562803], "FLML": [0.047725, 0.07240158063562803], "FMI": [-0.128, 0.07240158063562803], "FPRX": [0.0, 0.07240158063562803], "GENZ": [0.0, 0.07240158063562803], "GERN": [0.26476666666666665, 0.07240158063562803], "GEVA": [0.0, 0.07240158063562803], "GHDX": [0.0, 0.07240158063562803], "GILD": [-0.12391111111111111, 0.07240158063562803], "GNVC": [0.0, 0.07240158063562803], "GRFS": [0.0, 0.07240158063562803], "GWPH": [0.27385, 0.07240158063562803], "HALO": [-0.09011999999999999, 0.07240158063562803], "HZNP": [0.143175, 0.07240158063562803], "ICPT": [0.03423333333333333, 0.07240158063562803], "IDIX": [0.0, 0.07240158063562803], "ILMN": [0.0, 0.07240158063562803], "ILU": [-0.5106, 0.07240158063562803], "IMGN": [0.4662, 0.07240158063562803], "INCR": [0.2732, 0.07240158063562803], "INFI": [-0.128, 0.07240158063562803], "INO": [0.68728, 0.07240158063562803], "INSM": [0.0, 0.07240158063562803], "INSY": [0.32559000000000005, 0.07240158063562803], "IONS": [0.021068750000000004, 0.07240158063562803], "ISIS": [-0.1272666666666667, 0.07240158063562803], "ISTA": [0.0, 0.07240158063562803], "ITMN": [0.2202, 0.07240158063562803], "JAZZ": [0.33030000000000004, 0.07240158063562803], "KERX": [0.016633333333333333, 0.07240158063562803], "LBIO": [0.0, 0.07240158063562803], "LGND": [0.0, 0.07240158063562803], "LIFE": [0.0, 0.07240158063562803], "LMNX": [0.296, 0.07240158063562803], "MACK": [0.0, 0.07240158063562803], "MDCO": [0.0, 0.07240158063562803], "MDVN": [0.09644285714285715, 0.07240158063562803], "MEDI": [0.2023766666666667, 0.07240158063562803], "MNK": [-0.0734, 0.07240158063562803], "MNKD": [-0.1468, 0.07240158063562803], "MNTA": [0.39502499999999996, 0.07240158063562803], "MYGN": [0.296, 0.07240158063562803], "MYL": [0.39502499999999996, 0.07240158063562803], "NBIX": [0.0, 0.07240158063562803], "NH": [0.029179999999999994, 0.07240158063562803], "NK": [0.09183999999999999, 0.07240158063562803], "NKTR": [0.2316, 0.07240158063562803], "NPSP": [-0.021333333333333333, 0.07240158063562803], "NVAX": [0.0, 0.07240158063562803], "OMED": [-0.13488, 0.07240158063562803], "OMER": [0.2979375, 0.07240158063562803], "ONCE": [-0.1695, 0.07240158063562803], "ONVO": [-0.3182, 0.07240158063562803], "OPK": [0.0, 0.07240158063562803], "OREX": [-0.228475, 0.07240158063562803], "OSCI": [0.0, 0.07240158063562803], "OSIR": [0.0, 0.07240158063562803], "OTIC": [-0.13430000000000006, 0.07240158063562803], "PCYC": [0.0, 0.07240158063562803], "POZN": [0.2727142857142857, 0.07240158063562803], "PRGO": [0.0, 0.07240158063562803], "QCOR": [0.26424000000000003, 0.07240158063562803], "RIGL": [0.0, 0.07240158063562803], "SAGE": [0.5267, 0.07240158063562803], "SCMP": [0.0, 0.07240158063562803], "SGYP": [0.2818642857142857, 0.07240158063562803], "SHPG": [0.2732, 0.07240158063562803], "SLXP": [0.0, 0.07240158063562803], "SNTA": [0.0843, 0.07240158063562803], "SPPI": [0.21075, 0.07240158063562803], "SRPT": [0.24059999999999998, 0.07240158063562803], "TECH": [0.046164705882352934, 0.07240158063562803], "TEVA": [0.25237999999999994, 0.07240158063562803], "THLD": [0.34, 0.07240158063562803], "TTPH": [0.18352, 0.07240158063562803], "USD": [0.2521538461538462, 0.07240158063562803], "UTHR": [-0.5858, 0.07240158063562803], "VICL": [-0.3182, 0.07240158063562803], "VNDA": [0.0, 0.07240158063562803], "VRTX": [0.3529411764705883, 0.07240158063562803], "VVUS": [-0.30377, 0.07240158063562803], "XLRN": [0.0, 0.07240158063562803], "ZGNX": [-0.5106, 0.07240158063562803]}