{"AAVL": [0.18545, 0.12949829249110906], "ACAD": [0.20013636363636367, 0.12949829249110906], "ACHN": [0.21866666666666665, 0.12949829249110906], "ACOR": [-0.159, 0.12949829249110906], "ACRX": [0.30497777777777774, 0.12949829249110906], "ADHD": [0.1774, 0.12949829249110906], "ADMS": [0.0, 0.12949829249110906], "ADRO": [-0.11606153846153845, 0.12949829249110906], "AEGR": [0.22336842105263158, 0.12949829249110906], "AERI": [0.0, 0.12949829249110906], "AFFX": [0.42704000000000003, 0.12949829249110906], "AFFY": [0.374575, 0.12949829249110906], "AFMD": [0.08038, 0.12949829249110906], "AGEN": [0.1734, 0.12949829249110906], "AGIO": [-0.004209999999999999, 0.12949829249110906], "AIMT": [0.0, 0.12949829249110906], "AKBA": [-0.03636, 0.12949829249110906], "AKRX": [0.4753, 0.12949829249110906], "ALDR": [0.074, 0.12949829249110906], "ALIM": [0.10876521739130433, 0.12949829249110906], "ALKS": [0.12773684210526315, 0.12949829249110906], "ALNY": [-0.028927272727272725, 0.12949829249110906], "ALTH": [0.20579999999999998, 0.12949829249110906], "ALTU": [0.6098, 0.12949829249110906], "ALXN": [0.14824210526315787, 0.12949829249110906], "AMAG": [0.555375, 0.12949829249110906], "AMGN": [0.08989042553191492, 0.12949829249110906], "AMPH": [0.0, 0.12949829249110906], "AMRI": [0.0, 0.12949829249110906], "AMRN": [0.30786428571428576, 0.12949829249110906], "ANAC": [0.14746190476190477, 0.12949829249110906], "ANDS": [0.0, 0.12949829249110906], "ANIP": [-0.3046, 0.12949829249110906], "ANTH": [0.009387500000000007, 0.12949829249110906], "AQXP": [0.07192399999999999, 0.12949829249110906], "ARDX": [0.0, 0.12949829249110906], "ARIA": [0.15153999999999998, 0.12949829249110906], "ARNA": [0.16345500000000002, 0.12949829249110906], "ARQL": [0.0, 0.12949829249110906], "ARRY": [0.29543157894736843, 0.12949829249110906], "ARWR": [0.2912571428571429, 0.12949829249110906], "ASPX": [-0.10046666666666669, 0.12949829249110906], "AST": [0.31338958333333333, 0.12949829249110906], "ASTX": [0.636, 0.12949829249110906], "ATRA": [0.026873684210526317, 0.12949829249110906], "AVEO": [0.07632499999999998, 0.12949829249110906], "AVNR": [0.547975, 0.12949829249110906], "BCRX": [0.08580000000000002, 0.12949829249110906], "BIIB": [0.016060416666666643, 0.12949829249110906], "BIOD": [0.0, 0.12949829249110906], "BLCM": [-0.3169, 0.12949829249110906], "BLUE": [0.07544464285714288, 0.12949829249110906], "BMRN": [0.14094642857142858, 0.12949829249110906], "BTRX": [0.2263, 0.12949829249110906], "CADX": [0.636, 0.12949829249110906], "CALP": [0.0, 0.12949829249110906], "CARA": [0.424, 0.12949829249110906], "CBPO": [0.1329, 0.12949829249110906], "CCXI": [0.09085714285714286, 0.12949829249110906], "CELG": [0.1425707317073171, 0.12949829249110906], "CEMP": [0.29173333333333334, 0.12949829249110906], "CEPH": [-0.1027, 0.12949829249110906], "CERS": [0.15428571428571428, 0.12949829249110906], "CGEN": [0.16132000000000002, 0.12949829249110906], "CHMA": [0.10842, 0.12949829249110906], "CHRS": [0.0736483870967742, 0.12949829249110906], "CLCD": [0.3236, 0.12949829249110906], "CLDN": [0.23864285714285716, 0.12949829249110906], "CLDX": [0.02929464285714287, 0.12949829249110906], "CLVS": [0.1315142857142857, 0.12949829249110906], "CMRX": [-0.018000000000000002, 0.12949829249110906], "CNCE": [0.0, 0.12949829249110906], "CNCT": [0.0, 0.12949829249110906], "COLL": [0.2702, 0.12949829249110906], "CRA": [0.14751250000000005, 0.12949829249110906], "CRIS": [0.06021428571428571, 0.12949829249110906], "CRME": [0.5547, 0.12949829249110906], "CTIC": [0.14570588235294116, 0.12949829249110906], "CTRX": [0.5227999999999999, 0.12949829249110906], "CXRX": [0.0, 0.12949829249110906], "CYTK": [0.28508, 0.12949829249110906], "CYTX": [0.052599999999999994, 0.12949829249110906], "DBVT": [0.0, 0.12949829249110906], "DEPO": [0.08726999999999997, 0.12949829249110906], "DERM": [0.0, 0.12949829249110906], "DIGE": [0.0, 0.12949829249110906], "DNAI": [0.018625, 0.12949829249110906], "DRRX": [-0.0258, 0.12949829249110906], "DSCO": [0.0, 0.12949829249110906], "DVAX": [0.263075, 0.12949829249110906], "DYAX": [0.3653166666666667, 0.12949829249110906], "ECYT": [0.13080740740740743, 0.12949829249110906], "EDIT": [0.20461428571428567, 0.12949829249110906], "EGLT": [0.0, 0.12949829249110906], "ENCY": [0.17456666666666668, 0.12949829249110906], "ENDP": [-0.02410000000000001, 0.12949829249110906], "ENTA": [0.07066470588235294, 0.12949829249110906], "ENZN": [0.45752, 0.12949829249110906], "EPZM": [0.156225, 0.12949829249110906], "ESPR": [0.03457343749999999, 0.12949829249110906], "EXEL": [0.18609333333333336, 0.12949829249110906], "FACT": [0.03872142857142857, 0.12949829249110906], "FGEN": [0.339125, 0.12949829249110906], "FLKS": [0.0, 0.12949829249110906], "FLML": [0.0, 0.12949829249110906], "FLXN": [0.0, 0.12949829249110906], "FMI": [0.13277222222222224, 0.12949829249110906], "FOLD": [-0.052669999999999995, 0.12949829249110906], "FOMX": [-0.123475, 0.12949829249110906], "FPRX": [-0.004228571428571423, 0.12949829249110906], "GBT": [0.09801333333333334, 0.12949829249110906], "GERN": [0.16936363636363636, 0.12949829249110906], "GEVA": [0.3131285714285714, 0.12949829249110906], "GHDX": [0.0, 0.12949829249110906], "GILD": [0.09268571428571425, 0.12949829249110906], "GNVC": [0.555375, 0.12949829249110906], "GPRO": [0.0898409090909091, 0.12949829249110906], "GRFS": [0.0, 0.12949829249110906], "GTXI": [0.0, 0.12949829249110906], "GWPH": [-0.15768888888888888, 0.12949829249110906], "HALO": [0.21129459459459463, 0.12949829249110906], "HBIO": [0.4215, 0.12949829249110906], "HZNP": [0.12715862068965517, 0.12949829249110906], "ICEL": [0.54605, 0.12949829249110906], "ICPT": [0.14796666666666666, 0.12949829249110906], "ICY": [-0.6369, 0.12949829249110906], "ILMN": [0.053827272727272724, 0.12949829249110906], "ILU": [-0.3460666666666667, 0.12949829249110906], "IMDZ": [0.5859, 0.12949829249110906], "IMGN": [0.0, 0.12949829249110906], "IMMU": [0.226375, 0.12949829249110906], "INCR": [-0.026133333333333345, 0.12949829249110906], "INCY": [0.048920000000000005, 0.12949829249110906], "INFI": [0.17425625, 0.12949829249110906], "INGN": [0.1858, 0.12949829249110906], "INO": [0.16871428571428573, 0.12949829249110906], "INSM": [0.0, 0.12949829249110906], "INSY": [0.1264529411764706, 0.12949829249110906], "IONS": [-0.024522727272727276, 0.12949829249110906], "IPXL": [0.636, 0.12949829249110906], "IRWD": [0.0, 0.12949829249110906], "ISIS": [0.16746086956521739, 0.12949829249110906], "ISTA": [0.02386250000000001, 0.12949829249110906], "ITCI": [0.01726, 0.12949829249110906], "ITEK": [0.0, 0.12949829249110906], "JAZZ": [-0.001300000000000005, 0.12949829249110906], "JUNO": [0.057563513513513506, 0.12949829249110906], "KERX": [0.39618000000000003, 0.12949829249110906], "KITE": [0.096848, 0.12949829249110906], "KPTI": [0.10715555555555555, 0.12949829249110906], "KYTH": [0.0, 0.12949829249110906], "LBIO": [0.06808717948717947, 0.12949829249110906], "LGND": [0.21864545454545456, 0.12949829249110906], "LIFE": [0.146556, 0.12949829249110906], "LMNX": [0.12726666666666667, 0.12949829249110906], "LOXO": [0.0, 0.12949829249110906], "LXRX": [0.046482352941176475, 0.12949829249110906], "MACK": [0.045137931034482756, 0.12949829249110906], "MCRB": [0.06970000000000001, 0.12949829249110906], "MDCO": [0.14806, 0.12949829249110906], "MDVN": [0.12666000000000002, 0.12949829249110906], "MEDI": [0.2790743589743586, 0.12949829249110906], "MGNX": [0.11945555555555558, 0.12949829249110906], "MITI": [0.0772, 0.12949829249110906], "MNK": [0.046621052631578945, 0.12949829249110906], "MNKD": [0.09782916666666668, 0.12949829249110906], "MNTA": [0.06140714285714286, 0.12949829249110906], "MRNA": [0.636, 0.12949829249110906], "MYGN": [0.2092375, 0.12949829249110906], "MYL": [0.22715357142857145, 0.12949829249110906], "NBIX": [0.074, 0.12949829249110906], "NDRM": [0.21395454545454545, 0.12949829249110906], "NEOS": [0.037, 0.12949829249110906], "NERV": [-0.06846666666666666, 0.12949829249110906],