{"AAVL": [0.2462, 0.0898483712082928], "ACAD": [0.3169565217391304, 0.0898483712082928], "ACHN": [0.0, 0.0898483712082928], "ACOR": [0.148, 0.0898483712082928], "ADHD": [0.0, 0.0898483712082928], "ADMS": [0.0, 0.0898483712082928], "ADRO": [0.24134444444444444, 0.0898483712082928], "AEGR": [0.25721666666666665, 0.0898483712082928], "AERI": [-0.08475, 0.0898483712082928], "AFFX": [0.0, 0.0898483712082928], "AFFY": [0.4404, 0.0898483712082928], "AFMD": [-0.12527500000000003, 0.0898483712082928], "AGEN": [0.11839999999999999, 0.0898483712082928], "AGIO": [0.0, 0.0898483712082928], "AIMT": [0.074, 0.0898483712082928], "ALDR": [0.2334333333333333, 0.0898483712082928], "ALKS": [0.3378333333333334, 0.0898483712082928], "ALNY": [0.26430000000000003, 0.0898483712082928], "ALTH": [0.008513333333333336, 0.0898483712082928], "AMGN": [0.12209459459459464, 0.0898483712082928], "AMRI": [0.0, 0.0898483712082928], "AMRN": [0.10740000000000001, 0.0898483712082928], "ANAC": [0.26288000000000006, 0.0898483712082928], "ANDS": [-0.3062, 0.0898483712082928], "ANIP": [0.0, 0.0898483712082928], "ANTH": [0.007784615384615381, 0.0898483712082928], "AQXP": [0.1346, 0.0898483712082928], "ARDX": [0.2553, 0.0898483712082928], "ARIA": [0.1042404761904762, 0.0898483712082928], "ARLZ": [0.0, 0.0898483712082928], "ARNA": [0.620325, 0.0898483712082928], "ARQL": [0.0, 0.0898483712082928], "ARRY": [0.09738679245283023, 0.0898483712082928], "ARWR": [0.0, 0.0898483712082928], "ASPX": [-0.1025111111111111, 0.0898483712082928], "AST": [0.044795714285714286, 0.0898483712082928], "ATRA": [0.0, 0.0898483712082928], "AVEO": [0.0, 0.0898483712082928], "AVXS": [0.04933333333333333, 0.0898483712082928], "BCRX": [0.11839999999999999, 0.0898483712082928], "BGNE": [0.1591, 0.0898483712082928], "BIIB": [0.1821857142857143, 0.0898483712082928], "BIOD": [0.4664, 0.0898483712082928], "BLCM": [0.08457142857142856, 0.0898483712082928], "BLUE": [0.18417142857142862, 0.0898483712082928], "BMRN": [0.027938888888888885, 0.0898483712082928], "BPMC": [0.34040000000000004, 0.0898483712082928], "CALP": [0.05103333333333334, 0.0898483712082928], "CARA": [0.01484444444444445, 0.0898483712082928], "CBPO": [0.06896363636363635, 0.0898483712082928], "CCXI": [0.01544, 0.0898483712082928], "CELG": [0.059784375, 0.0898483712082928], "CEMP": [0.0, 0.0898483712082928], "CEPH": [-0.4019, 0.0898483712082928], "CGPI": [0.0, 0.0898483712082928], "CHMA": [0.1589, 0.0898483712082928], "CHRS": [0.148, 0.0898483712082928], "CLDN": [0.5994, 0.0898483712082928], "CLDX": [0.1922862068965517, 0.0898483712082928], "CLSD": [0.0, 0.0898483712082928], "CLVS": [0.19715, 0.0898483712082928], "CMRX": [0.0, 0.0898483712082928], "CNCT": [0.0, 0.0898483712082928], "COLL": [0.42522000000000004, 0.0898483712082928], "CRA": [0.0, 0.0898483712082928], "CRME": [-0.1366, 0.0898483712082928], "CTIC": [0.35745, 0.0898483712082928], "CXRX": [0.045533333333333335, 0.0898483712082928], "CYTK": [0.2188, 0.0898483712082928], "DBVT": [0.0, 0.0898483712082928], "DEPO": [0.0, 0.0898483712082928], "DERM": [0.10815, 0.0898483712082928], "DNAI": [0.29773333333333335, 0.0898483712082928], "DNDN": [0.0, 0.0898483712082928], "DRNA": [0.0, 0.0898483712082928], "DRRX": [0.0, 0.0898483712082928], "DVAX": [-0.3527, 0.0898483712082928], "EDIT": [0.0, 0.0898483712082928], "EGRX": [0.1275666666666667, 0.0898483712082928], "ENCY": [-0.27584999999999993, 0.0898483712082928], "ENDP": [0.03146666666666668, 0.0898483712082928], "ENTA": [0.046266666666666664, 0.0898483712082928], "EPZM": [0.31245, 0.0898483712082928], "ESPR": [0.0, 0.0898483712082928], "EXEL": [0.11394999999999998, 0.0898483712082928], "FACT": [0.0, 0.0898483712082928], "FGEN": [0.33531999999999995, 0.0898483712082928], "FLKS": [0.13238333333333333, 0.0898483712082928], "FMI": [-0.108405, 0.0898483712082928], "FOLD": [-0.03386666666666668, 0.0898483712082928], "FPRX": [0.0, 0.0898483712082928], "GBT": [0.06430000000000001, 0.0898483712082928], "GERN": [0.05053333333333332, 0.0898483712082928], "GEVA": [0.0, 0.0898483712082928], "GHDX": [0.0, 0.0898483712082928], "GILD": [0.2206538461538461, 0.0898483712082928], "GPRO": [0.03657142857142858, 0.0898483712082928], "GWPH": [0.0, 0.0898483712082928], "HALO": [0.11067083333333332, 0.0898483712082928], "HBIO": [0.20424000000000003, 0.0898483712082928], "HZNP": [0.020145454545454546, 0.0898483712082928], "ICPT": [-0.025493333333333333, 0.0898483712082928], "ICY": [0.5657, 0.0898483712082928], "IDIX": [0.5423, 0.0898483712082928], "ILMN": [0.4350625, 0.0898483712082928], "ILU": [-0.5267, 0.0898483712082928], "IMDZ": [0.17759999999999998, 0.0898483712082928], "IMGN": [0.0, 0.0898483712082928], "IMMU": [0.06768545454545453, 0.0898483712082928], "INCR": [0.226847619047619, 0.0898483712082928], "INCY": [-0.08808, 0.0898483712082928], "INFI": [0.0, 0.0898483712082928], "INO": [0.07904285714285712, 0.0898483712082928], "INSM": [0.07962857142857142, 0.0898483712082928], "INSY": [0.0, 0.0898483712082928], "IONS": [0.03139142857142857, 0.0898483712082928], "IPXL": [0.3615333333333333, 0.0898483712082928], "IRWD": [0.074, 0.0898483712082928], "ISTA": [-0.2687052631578947, 0.0898483712082928], "ITCI": [0.0, 0.0898483712082928], "ITEK": [0.2309, 0.0898483712082928], "JAZZ": [0.22522999999999999, 0.0898483712082928], "JUNO": [0.08824807692307692, 0.0898483712082928], "KERX": [0.08813125000000001, 0.0898483712082928], "KITE": [-0.13792272727272728, 0.0898483712082928], "KMPH": [-0.05464, 0.0898483712082928], "KPTI": [0.0, 0.0898483712082928], "LBIO": [0.16600178571428573, 0.0898483712082928], "LGND": [0.35975384615384615, 0.0898483712082928], "LIFE": [0.06698333333333333, 0.0898483712082928], "LOXO": [-0.139175, 0.0898483712082928], "LXRX": [0.08457142857142856, 0.0898483712082928], "MACK": [0.296, 0.0898483712082928], "MAPP": [0.70695, 0.0898483712082928], "MCRB": [0.0, 0.0898483712082928], "MDCO": [0.39827500000000005, 0.0898483712082928], "MDVN": [-0.09529, 0.0898483712082928], "MEDI": [-0.046575000000000005, 0.0898483712082928], "MGNX": [0.14049999999999999, 0.0898483712082928], "MNK": [0.08390769230769231, 0.0898483712082928], "MNKD": [0.0909, 0.0898483712082928], "MNTA": [-0.0824625, 0.0898483712082928], "MYGN": [0.3346272727272727, 0.0898483712082928], "MYL": [-0.07701538461538461, 0.0898483712082928], "NABI": [-0.1366, 0.0898483712082928], "NBIX": [0.4215, 0.0898483712082928], "NDRM": [0.050575, 0.0898483712082928], "NEOS": [-0.5267, 0.0898483712082928], "NERV": [0.16827, 0.0898483712082928], "NH": [0.08356176470588235, 0.0898483712082928], "NK": [0.06613333333333334, 0.0898483712082928], "NKTR": [0.0, 0.0898483712082928], "NLNK": [0.0, 0.0898483712082928], "NOVN": [0.296, 0.0898483712082928], "NSTG": [0.0, 0.0898483712082928], "NTLA": [0.11099999999999999, 0.0898483712082928], "NVAX": [0.11731111111111112, 0.0898483712082928], "OCUL": [0.0, 0.0898483712082928], "OMED": [-0.03231764705882352, 0.0898483712082928], "OMER": [0.296, 0.0898483712082928], "OMPI": [0.2023, 0.0898483712082928], "ONCE": [0.4767, 0.0898483712082928], "ONTY": [-0.007938461538461538, 0.0898483712082928], "ONVO": [0.0, 0.0898483712082928], "OPHT": [0.0, 0.0898483712082928], "OPK": [0.20678000000000002, 0.0898483712082928], "OREX": [0.0, 0.0898483712082928], "OSCI": [0.26775000000000004, 0.0898483712082928], "OTIC": [0.1429, 0.0898483712082928], "OVAS": [0.16794545454545456, 0.0898483712082928], "PACB": [0.12932222222222223, 0.0898483712082928], "PANC": [-0.2867, 0.0898483712082928], "PETX": [0.0, 0.0898483712082928], "PRGO": [0.0, 0.0898483712082928], "PTIE": [-0.12886666666666666, 0.0898483712082928], "PTLA": [0.296, 0.0898483712082928], "PTX": [-0.3976, 0.0898483712082928], "RARE": [0.0, 0.0898483712082928], "RDUS": [0.05103333333333334, 0.0898483712082928], "REGN": [0.3612, 0.0898483712082928], "RGNX": [0.07264, 0.0898483712082928], "RLYP": [0.7067, 0.0898483712082928], "SAGE": [0.001206896551724139, 0.0898483712082928], "SCLN": [0.148, 0.0898483712082928],