{"ACAD": [0.06470000000000001, 0.08435937358518436], "ACHN": [0.0, 0.08435937358518436], "ACOR": [0.0, 0.08435937358518436], "ACRX": [-0.011977777777777775, 0.08435937358518436], "AEGR": [0.04825, 0.08435937358518436], "AFFX": [0.0, 0.08435937358518436], "AFFY": [-0.08778333333333332, 0.08435937358518436], "AGEN": [-0.13194, 0.08435937358518436], "ALDR": [0.4989, 0.08435937358518436], "ALKS": [0.0, 0.08435937358518436], "ALNY": [0.25, 0.08435937358518436], "ALTH": [0.29864285714285715, 0.08435937358518436], "ALXN": [0.0, 0.08435937358518436], "AMGN": [0.10061979166666668, 0.08435937358518436], "AMRN": [0.05960232558139537, 0.08435937358518436], "ANAC": [0.142975, 0.08435937358518436], "ANIP": [-0.41135, 0.08435937358518436], "ANTH": [0.4404, 0.08435937358518436], "ARIA": [0.052301351351351354, 0.08435937358518436], "ARNA": [-0.11538888888888889, 0.08435937358518436], "ARRY": [0.0, 0.08435937358518436], "ARWR": [-0.0027142857142857086, 0.08435937358518436], "ASPX": [0.16366666666666668, 0.08435937358518436], "AST": [0.08253404255319154, 0.08435937358518436], "ATRA": [0.0, 0.08435937358518436], "AUXL": [0.26330000000000003, 0.08435937358518436], "AVNR": [0.0, 0.08435937358518436], "AXCA": [0.3182, 0.08435937358518436], "BCRX": [0.0, 0.08435937358518436], "BIIB": [0.1577838709677419, 0.08435937358518436], "BLUE": [0.0, 0.08435937358518436], "BMRN": [-0.015509523809523806, 0.08435937358518436], "BSTE": [0.0, 0.08435937358518436], "CALP": [0.37575000000000003, 0.08435937358518436], "CBST": [0.016093750000000004, 0.08435937358518436], "CCXI": [0.0, 0.08435937358518436], "CELG": [0.16364814814814815, 0.08435937358518436], "CEMP": [0.1654, 0.08435937358518436], "CEPH": [0.6846249999999999, 0.08435937358518436], "CERS": [0.17197142857142858, 0.08435937358518436], "CGEN": [0.0, 0.08435937358518436], "CLDX": [0.10918235294117648, 0.08435937358518436], "CLVS": [0.0833, 0.08435937358518436], "COLL": [0.5411, 0.08435937358518436], "CRA": [0.02611, 0.08435937358518436], "CRIS": [-0.0006374999999999992, 0.08435937358518436], "CTIC": [-0.2498375, 0.08435937358518436], "CTRX": [0.24546666666666664, 0.08435937358518436], "DEPO": [0.0313, 0.08435937358518436], "DNDN": [-0.3182, 0.08435937358518436], "DRRX": [0.1119240740740741, 0.08435937358518436], "DVAX": [0.274425, 0.08435937358518436], "DYAX": [-0.03771666666666667, 0.08435937358518436], "ECYT": [0.1366, 0.08435937358518436], "EDIT": [0.0, 0.08435937358518436], "ENCY": [-0.17868571428571425, 0.08435937358518436], "ENDP": [-0.04035000000000001, 0.08435937358518436], "ENTA": [0.03723, 0.08435937358518436], "ENZN": [0.030355555555555556, 0.08435937358518436], "EPZM": [0.32697272727272736, 0.08435937358518436], "FACT": [0.027483333333333332, 0.08435937358518436], "FGEN": [0.2732, 0.08435937358518436], "FMI": [0.0193, 0.08435937358518436], "FOLD": [0.7351, 0.08435937358518436], "GBT": [0.0, 0.08435937358518436], "GERN": [0.055842857142857145, 0.08435937358518436], "GEVA": [-0.10606666666666666, 0.08435937358518436], "GILD": [0.19519705882352945, 0.08435937358518436], "GNVC": [0.20428333333333334, 0.08435937358518436], "GPRO": [0.3939, 0.08435937358518436], "GWPH": [0.4019, 0.08435937358518436], "HALO": [0.33359032258064514, 0.08435937358518436], "HBIO": [-0.4404, 0.08435937358518436], "HPTX": [0.0, 0.08435937358518436], "HZNP": [0.08072727272727272, 0.08435937358518436], "ICEL": [0.2202, 0.08435937358518436], "ICY": [0.233925, 0.08435937358518436], "ILMN": [0.1479, 0.08435937358518436], "ILU": [-0.45625000000000004, 0.08435937358518436], "IMGN": [0.0, 0.08435937358518436], "IMMU": [0.13035555555555559, 0.08435937358518436], "INCR": [0.31325000000000003, 0.08435937358518436], "INCY": [0.12853333333333333, 0.08435937358518436], "INFI": [0.41, 0.08435937358518436], "INO": [0.14285263157894743, 0.08435937358518436], "INSM": [0.19029999999999997, 0.08435937358518436], "INSY": [0.0772, 0.08435937358518436], "INVA": [0.0, 0.08435937358518436], "IONS": [0.061258108108108125, 0.08435937358518436], "IRWD": [0.10507272727272725, 0.08435937358518436], "ISIS": [0.41180000000000005, 0.08435937358518436], "ISTA": [0.020408333333333323, 0.08435937358518436], "ITMN": [0.0, 0.08435937358518436], "JAZZ": [0.19879999999999998, 0.08435937358518436], "KERX": [0.12731764705882354, 0.08435937358518436], "LBIO": [0.0604090909090909, 0.08435937358518436], "LGND": [0.0, 0.08435937358518436], "LIFE": [0.4676111111111111, 0.08435937358518436], "MACK": [0.15396428571428572, 0.08435937358518436], "MDCO": [0.0, 0.08435937358518436], "MDVN": [0.16021319444444443, 0.08435937358518436], "MEDI": [0.1471055555555556, 0.08435937358518436], "MITI": [-0.296, 0.08435937358518436], "MNK": [0.027777777777777776, 0.08435937358518436], "MNKD": [0.027777777777777776, 0.08435937358518436], "MNOV": [0.3612, 0.08435937358518436], "MYL": [0.44686666666666675, 0.08435937358518436], "NBIX": [0.0, 0.08435937358518436], "NEOS": [0.0, 0.08435937358518436], "NERV": [-0.4588, 0.08435937358518436], "NH": [0.05213636363636364, 0.08435937358518436], "NK": [0.04275681818181818, 0.08435937358518436], "NKTR": [0.0, 0.08435937358518436], "NOVN": [0.4602333333333333, 0.08435937358518436], "NPSP": [0.10115, 0.08435937358518436], "NVAX": [0.03571428571428571, 0.08435937358518436], "OMED": [-0.045412499999999995, 0.08435937358518436], "OMER": [0.08737777777777778, 0.08435937358518436], "ONCE": [-0.119575, 0.08435937358518436], "ONTX": [-0.005733333333333333, 0.08435937358518436], "ONVO": [0.11893999999999999, 0.08435937358518436], "ONXX": [-0.06727000000000001, 0.08435937358518436], "OPK": [0.15042777777777777, 0.08435937358518436], "ORCH": [-0.296, 0.08435937358518436], "OREX": [-0.002414102564102567, 0.08435937358518436], "OSCI": [-0.04526, 0.08435937358518436], "OSIR": [0.15811666666666668, 0.08435937358518436], "OTIC": [0.2786571428571429, 0.08435937358518436], "OVAS": [-0.4019, 0.08435937358518436], "PACB": [0.05680625, 0.08435937358518436], "PANC": [0.68415, 0.08435937358518436], "PARD": [-0.4215, 0.08435937358518436], "PCYC": [0.2732, 0.08435937358518436], "PDLI": [-0.077225, 0.08435937358518436], "PGNX": [0.0, 0.08435937358518436], "POZN": [0.0, 0.08435937358518436], "PTIE": [0.0037333333333333216, 0.08435937358518436], "PTLA": [0.041280000000000004, 0.08435937358518436], "PTX": [0.0, 0.08435937358518436], "QCOR": [0.6343799999999999, 0.08435937358518436], "QGEN": [-0.32985, 0.08435937358518436], "RARE": [0.0, 0.08435937358518436], "REGN": [0.0, 0.08435937358518436], "RPTP": [0.0, 0.08435937358518436], "SAGE": [0.21338, 0.08435937358518436], "SCMP": [0.0, 0.08435937358518436], "SGEN": [0.0, 0.08435937358518436], "SGNT": [0.0, 0.08435937358518436], "SGYP": [0.0, 0.08435937358518436], "SIGA": [0.0, 0.08435937358518436], "SNTA": [0.0, 0.08435937358518436], "SNTS": [0.04975238095238095, 0.08435937358518436], "SPPI": [0.296, 0.08435937358518436], "SQNM": [0.15292857142857144, 0.08435937358518436], "SRPT": [0.15642250000000005, 0.08435937358518436], "STEM": [-0.08173333333333332, 0.08435937358518436], "SUPN": [-0.23616666666666664, 0.08435937358518436], "SVA": [0.5574, 0.08435937358518436], "TECH": [0.15443600000000005, 0.08435937358518436], "TEVA": [0.17878333333333338, 0.08435937358518436], "THRX": [0.016666666666666666, 0.08435937358518436], "TSRX": [0.059199999999999996, 0.08435937358518436], "TTPH": [0.08457142857142856, 0.08435937358518436], "USD": [0.05697000000000002, 0.08435937358518436], "UTHR": [0.4215, 0.08435937358518436], "VICL": [0.5106, 0.08435937358518436], "VNDA": [0.03905625, 0.08435937358518436], "VRTX": [0.0, 0.08435937358518436], "VSTM": [0.0, 0.08435937358518436], "VVUS": [-0.22524999999999998, 0.08435937358518436], "XNCR": [0.0, 0.08435937358518436], "XOMA": [0.050575, 0.08435937358518436], "ZGNX": [0.19553333333333334, 0.08435937358518436], "ZLCS": [0.05464, 0.08435937358518436]}