{"ACAD": [0.4285222222222222, 0.16175552644787464], "ACHN": [0.3262, 0.16175552644787464], "ACOR": [-0.3182, 0.16175552644787464], "ACRX": [0.4893, 0.16175552644787464], "ADHD": [0.00645, 0.16175552644787464], "ADRO": [-0.10928, 0.16175552644787464], "AEGR": [0.4893, 0.16175552644787464], "AERI": [0.0, 0.16175552644787464], "AFFX": [0.079725, 0.16175552644787464], "AFFY": [0.3262, 0.16175552644787464], "AGEN": [0.1101, 0.16175552644787464], "AGIO": [0.06202500000000002, 0.16175552644787464], "AGTC": [0.4215, 0.16175552644787464], "AIMT": [0.5574, 0.16175552644787464], "AKBA": [0.25055, 0.16175552644787464], "AKRX": [0.03541794871794872, 0.16175552644787464], "ALDR": [0.0, 0.16175552644787464], "ALIM": [0.4893, 0.16175552644787464], "ALKS": [0.02787142857142857, 0.16175552644787464], "ALNY": [0.20095, 0.16175552644787464], "ALTH": [0.147725, 0.16175552644787464], "ALTU": [0.4893, 0.16175552644787464], "ALXA": [0.0, 0.16175552644787464], "ALXN": [0.09111250000000001, 0.16175552644787464], "AMAG": [0.3382473684210527, 0.16175552644787464], "AMGN": [0.060022033898305086, 0.16175552644787464], "AMPH": [0.0, 0.16175552644787464], "AMRN": [0.11530625, 0.16175552644787464], "ANAC": [0.3664071428571427, 0.16175552644787464], "ANDS": [-0.6597, 0.16175552644787464], "ANIP": [0.0, 0.16175552644787464], "ANTH": [0.09346132075471698, 0.16175552644787464], "ARIA": [-0.06345833333333332, 0.16175552644787464], "ARNA": [0.22605294117647057, 0.16175552644787464], "ARQL": [0.0, 0.16175552644787464], "ARRY": [0.2585210526315789, 0.16175552644787464], "ARWR": [0.4492777777777779, 0.16175552644787464], "ASPX": [0.10879285714285714, 0.16175552644787464], "AST": [0.3440557768924306, 0.16175552644787464], "ASTX": [0.4893, 0.16175552644787464], "AVEO": [0.32375, 0.16175552644787464], "AVNR": [0.60253, 0.16175552644787464], "BCRX": [0.46168571428571425, 0.16175552644787464], "BIIB": [0.26038421052631583, 0.16175552644787464], "BLCM": [0.2023, 0.16175552644787464], "BLUE": [0.03273939393939394, 0.16175552644787464], "BMRN": [0.006161538461538459, 0.16175552644787464], "BPMC": [-0.30583333333333335, 0.16175552644787464], "CADX": [0.4892999999999999, 0.16175552644787464], "CARA": [0.4893, 0.16175552644787464], "CBPO": [0.013027272727272741, 0.16175552644787464], "CCXI": [0.4893, 0.16175552644787464], "CELG": [0.1640880597014926, 0.16175552644787464], "CEMP": [0.0, 0.16175552644787464], "CERS": [0.25865, 0.16175552644787464], "CLDN": [-0.04985714285714286, 0.16175552644787464], "CLDX": [0.15048823529411764, 0.16175552644787464], "CLVS": [0.21983333333333333, 0.16175552644787464], "COLL": [-0.2732, 0.16175552644787464], "CRA": [0.07955, 0.16175552644787464], "CRIS": [0.1589, 0.16175552644787464], "CRME": [0.48929999999999996, 0.16175552644787464], "CTIC": [0.022769230769230767, 0.16175552644787464], "CTRX": [0.4765857142857142, 0.16175552644787464], "CYTX": [0.10928, 0.16175552644787464], "DBVT": [0.5574, 0.16175552644787464], "DEPO": [0.3370090909090909, 0.16175552644787464], "DNDN": [0.0, 0.16175552644787464], "DRRX": [0.14674081632653063, 0.16175552644787464], "DVAX": [0.0, 0.16175552644787464], "DYAX": [0.43323333333333336, 0.16175552644787464], "ECYT": [0.4893, 0.16175552644787464], "EDIT": [0.1909, 0.16175552644787464], "EGLT": [0.2553, 0.16175552644787464], "EGRX": [0.10447222222222224, 0.16175552644787464], "EMIS": [-0.1027, 0.16175552644787464], "ENCY": [0.0, 0.16175552644787464], "ENDP": [0.19257692307692306, 0.16175552644787464], "ENTA": [0.10656923076923076, 0.16175552644787464], "ENZN": [0.5719, 0.16175552644787464], "EPZM": [0.0, 0.16175552644787464], "ESPR": [0.07382307692307691, 0.16175552644787464], "EXEL": [0.2097, 0.16175552644787464], "FGEN": [-0.1399625, 0.16175552644787464], "FMI": [-0.128, 0.16175552644787464], "FOLD": [0.34433050847457647, 0.16175552644787464], "FPRX": [0.4893, 0.16175552644787464], "GERN": [0.0, 0.16175552644787464], "GEVA": [0.5071000000000001, 0.16175552644787464], "GILD": [0.059690322580645175, 0.16175552644787464], "GNVC": [0.48929999999999996, 0.16175552644787464], "GPRO": [0.049306, 0.16175552644787464], "GTXI": [0.04228571428571428, 0.16175552644787464], "GWPH": [0.3511810810810811, 0.16175552644787464], "HALO": [0.11302888888888887, 0.16175552644787464], "HBIO": [0.296, 0.16175552644787464], "HZNP": [0.21532826086956525, 0.16175552644787464], "ICEL": [0.4893, 0.16175552644787464], "ICPT": [0.00662666666666667, 0.16175552644787464], "ICY": [0.0, 0.16175552644787464], "ILMN": [-0.07763888888888887, 0.16175552644787464], "ILU": [0.3392, 0.16175552644787464], "IMGN": [0.18225, 0.16175552644787464], "IMMU": [0.10093333333333333, 0.16175552644787464], "INCR": [-0.11078571428571429, 0.16175552644787464], "INCY": [-0.25456, 0.16175552644787464], "INFI": [0.4893, 0.16175552644787464], "INGN": [0.3818, 0.16175552644787464], "INO": [0.45516999999999996, 0.16175552644787464], "INSM": [0.151725, 0.16175552644787464], "INSY": [0.21465666666666663, 0.16175552644787464], "IONS": [0.1335084745762712, 0.16175552644787464], "IPXL": [0.22013333333333338, 0.16175552644787464], "IRWD": [-0.3182, 0.16175552644787464], "ISIS": [0.4558117647058823, 0.16175552644787464], "ISTA": [-0.03571428571428571, 0.16175552644787464], "JAZZ": [-0.3182, 0.16175552644787464], "JUNO": [0.07715750000000002, 0.16175552644787464], "KERX": [0.4111733333333333, 0.16175552644787464], "KITE": [0.13330000000000003, 0.16175552644787464], "KPTI": [0.0, 0.16175552644787464], "KYTH": [0.0, 0.16175552644787464], "LBIO": [0.04255, 0.16175552644787464], "LGND": [0.33828888888888886, 0.16175552644787464], "LIFE": [0.41701249999999995, 0.16175552644787464], "LOXO": [-0.6597, 0.16175552644787464], "LXRX": [0.4939, 0.16175552644787464], "MACK": [-0.08912, 0.16175552644787464], "MDCO": [0.21378333333333333, 0.16175552644787464], "MDVN": [-0.1027, 0.16175552644787464], "MEDI": [0.2634244444444443, 0.16175552644787464], "MGNX": [0.10606666666666666, 0.16175552644787464], "MITI": [0.3818, 0.16175552644787464], "MNK": [0.08845555555555558, 0.16175552644787464], "MNKD": [0.10870400000000002, 0.16175552644787464], "MNTA": [0.0, 0.16175552644787464], "MRNA": [0.4893, 0.16175552644787464], "MYGN": [0.29358, 0.16175552644787464], "MYL": [0.156565625, 0.16175552644787464], "NBIX": [0.11632250000000002, 0.16175552644787464], "NDRM": [0.0, 0.16175552644787464], "NEOS": [0.5859, 0.16175552644787464], "NH": [-0.159225, 0.16175552644787464], "NK": [0.1059969512195122, 0.16175552644787464], "NKTR": [0.39144, 0.16175552644787464], "NLNK": [-0.21546666666666667, 0.16175552644787464], "NPSP": [0.49453529411764696, 0.16175552644787464], "NVAX": [0.1269565217391304, 0.16175552644787464], "OCUL": [0.0, 0.16175552644787464], "OMED": [0.2204875, 0.16175552644787464], "OMER": [0.1896368421052632, 0.16175552644787464], "OMPI": [0.25, 0.16175552644787464], "ONTY": [0.1053264705882353, 0.16175552644787464], "ONVO": [0.1358639344262295, 0.16175552644787464], "OPHT": [-0.3182, 0.16175552644787464], "OPK": [0.24981052631578946, 0.16175552644787464], "OREX": [0.1073875, 0.16175552644787464], "OSCI": [0.043899999999999995, 0.16175552644787464], "OTIC": [0.0, 0.16175552644787464], "OVAS": [0.0004956521739130432, 0.16175552644787464], "PACB": [0.24655000000000005, 0.16175552644787464], "PDLI": [-0.23864999999999997, 0.16175552644787464], "PGNX": [0.4893, 0.16175552644787464], "PRGO": [0.24328484848484846, 0.16175552644787464], "PRTA": [-0.024836363636363636, 0.16175552644787464], "QURE": [0.0, 0.16175552644787464], "RARE": [0.000150000000000002, 0.16175552644787464], "RCPT": [0.07453157894736842, 0.16175552644787464], "REGN": [0.14418571428571428, 0.16175552644787464], "RPTP": [0.48929999999999996, 0.16175552644787464], "RTRX": [-0.2023, 0.16175552644787464], "SAGE": [0.12083448275862073, 0.16175552644787464], "SCMP": [0.0, 0.16175552644787464], "SGEN": [0.074, 0.16175552644787464], "SGMO": [-0.03260000000000002, 0.16175552644787464], "SGNT": [0.0, 0.16175552644787464], "SGYP": [0.1834875, 0.16175552644787464],