{"ACAD": [0.06577777777777777, 0.07394620951932904], "ACHN": [0.08457142857142856, 0.07394620951932904], "ACOR": [-0.14448, 0.07394620951932904], "ACRX": [-0.08457142857142856, 0.07394620951932904], "ADHD": [0.0, 0.07394620951932904], "ADRO": [0.24487272727272727, 0.07394620951932904], "AEGR": [-0.2554, 0.07394620951932904], "AERI": [0.06427000000000001, 0.07394620951932904], "AFFY": [0.0, 0.07394620951932904], "AFMD": [-0.14049999999999999, 0.07394620951932904], "AGEN": [0.037, 0.07394620951932904], "AGIO": [0.17641034482758625, 0.07394620951932904], "AGTC": [-0.296, 0.07394620951932904], "AIMT": [0.04228571428571428, 0.07394620951932904], "AKBA": [0.234475, 0.07394620951932904], "AKRX": [0.16895454545454544, 0.07394620951932904], "ALDR": [0.18517999999999998, 0.07394620951932904], "ALKS": [0.13416153846153847, 0.07394620951932904], "ALNY": [0.14666666666666664, 0.07394620951932904], "ALTH": [0.10021000000000002, 0.07394620951932904], "ALXN": [0.03241774193548388, 0.07394620951932904], "AMAG": [0.14272500000000002, 0.07394620951932904], "AMGN": [0.07540495867768593, 0.07394620951932904], "AMPH": [0.16770000000000002, 0.07394620951932904], "AMRI": [-0.3612, 0.07394620951932904], "AMRN": [-0.34565714285714283, 0.07394620951932904], "ANAC": [0.0, 0.07394620951932904], "ANDS": [-0.32893333333333336, 0.07394620951932904], "ANIP": [-0.171425, 0.07394620951932904], "ANTH": [0.07295, 0.07394620951932904], "AQXP": [0.0, 0.07394620951932904], "ARDX": [0.07224, 0.07394620951932904], "ARIA": [-0.05155777777777775, 0.07394620951932904], "ARLZ": [0.148, 0.07394620951932904], "ARNA": [-0.07716923076923078, 0.07394620951932904], "ARQL": [0.0, 0.07394620951932904], "ARRY": [-0.04343666666666666, 0.07394620951932904], "ARWR": [0.076545, 0.07394620951932904], "ASPX": [0.03517777777777777, 0.07394620951932904], "AST": [-0.032113533834586455, 0.07394620951932904], "ATRA": [0.0, 0.07394620951932904], "AVEO": [0.4019, 0.07394620951932904], "AVXS": [0.22510000000000002, 0.07394620951932904], "BCRX": [-0.6124, 0.07394620951932904], "BGNE": [-0.01826666666666666, 0.07394620951932904], "BIIB": [0.1357230769230769, 0.07394620951932904], "BIOD": [0.0, 0.07394620951932904], "BIOV": [0.0, 0.07394620951932904], "BLCM": [0.06807358490566039, 0.07394620951932904], "BLUE": [0.06740264705882358, 0.07394620951932904], "BMRN": [0.07603076923076924, 0.07394620951932904], "BOLD": [-0.34, 0.07394620951932904], "BPMC": [0.21970769230769233, 0.07394620951932904], "CADX": [0.0386, 0.07394620951932904], "CALP": [-0.06224615384615385, 0.07394620951932904], "CARA": [-0.21223333333333336, 0.07394620951932904], "CASC": [-0.02458999999999999, 0.07394620951932904], "CBPO": [0.0, 0.07394620951932904], "CBST": [0.0772, 0.07394620951932904], "CCXI": [0.0, 0.07394620951932904], "CELG": [0.09266352459016387, 0.07394620951932904], "CEMP": [0.11211538461538462, 0.07394620951932904], "CEPH": [-0.21075, 0.07394620951932904], "CERS": [-0.44955000000000006, 0.07394620951932904], "CGEN": [-0.16475, 0.07394620951932904], "CHMA": [-0.21075, 0.07394620951932904], "CHRS": [0.45023333333333326, 0.07394620951932904], "CLCD": [0.14229999999999998, 0.07394620951932904], "CLDN": [0.5994, 0.07394620951932904], "CLDX": [-0.025614285714285707, 0.07394620951932904], "CLSD": [0.04228571428571428, 0.07394620951932904], "CLVS": [-0.06297313432835819, 0.07394620951932904], "CNCE": [0.38645, 0.07394620951932904], "COLL": [0.09815833333333333, 0.07394620951932904], "CRA": [-0.017381034482758607, 0.07394620951932904], "CRIS": [0.051300000000000005, 0.07394620951932904], "CTIC": [0.23575, 0.07394620951932904], "CXRX": [-0.062444000000000006, 0.07394620951932904], "CYTK": [0.05331428571428571, 0.07394620951932904], "CYTX": [0.07646666666666667, 0.07394620951932904], "DEPO": [-0.06826249999999999, 0.07394620951932904], "DERM": [0.07797777777777776, 0.07394620951932904], "DNAI": [0.26398333333333335, 0.07394620951932904], "DRAX": [0.0, 0.07394620951932904], "DRNA": [0.203625, 0.07394620951932904], "DRRX": [0.0, 0.07394620951932904], "DVAX": [0.10792500000000002, 0.07394620951932904], "EDIT": [0.025736363636363637, 0.07394620951932904], "EGLT": [0.19482499999999997, 0.07394620951932904], "EGRX": [-0.002533333333333338, 0.07394620951932904], "EMIS": [0.3404, 0.07394620951932904], "ENCY": [0.15473076923076923, 0.07394620951932904], "ENDP": [-0.1280455882352941, 0.07394620951932904], "ENTA": [0.09150384615384614, 0.07394620951932904], "ENZN": [-0.296, 0.07394620951932904], "EPZM": [0.0, 0.07394620951932904], "ESPR": [0.4921, 0.07394620951932904], "EXEL": [0.07295492957746481, 0.07394620951932904], "FACT": [-0.08682999999999999, 0.07394620951932904], "FGEN": [0.5692999999999999, 0.07394620951932904], "FLKS": [0.10781666666666667, 0.07394620951932904], "FLML": [0.296, 0.07394620951932904], "FLXN": [0.458275, 0.07394620951932904], "FMI": [0.07584999999999999, 0.07394620951932904], "FOLD": [-0.09563000000000002, 0.07394620951932904], "FPRX": [0.03062608695652175, 0.07394620951932904], "GBT": [0.10293571428571432, 0.07394620951932904], "GERN": [0.07543333333333334, 0.07394620951932904], "GEVA": [0.31845, 0.07394620951932904], "GHDX": [0.0, 0.07394620951932904], "GILD": [0.09551257861635215, 0.07394620951932904], "GNVC": [0.0, 0.07394620951932904], "GPRO": [0.06798360655737704, 0.07394620951932904], "GRFS": [-0.04829999999999999, 0.07394620951932904], "GTXI": [0.0, 0.07394620951932904], "GWPH": [0.10423421052631579, 0.07394620951932904], "HALO": [0.16369230769230766, 0.07394620951932904], "HBIO": [0.32893333333333336, 0.07394620951932904], "HZNP": [0.19700178571428562, 0.07394620951932904], "ICEL": [0.5872, 0.07394620951932904], "ICPT": [0.012622222222222222, 0.07394620951932904], "ICY": [-0.06314375000000001, 0.07394620951932904], "IDIX": [0.25, 0.07394620951932904], "ILMN": [-0.004279569892473115, 0.07394620951932904], "ILU": [-0.05536666666666667, 0.07394620951932904], "IMDZ": [0.0, 0.07394620951932904], "IMGN": [-0.026836363636363644, 0.07394620951932904], "IMMU": [0.0036072727272727255, 0.07394620951932904], "INCR": [0.08070800000000002, 0.07394620951932904], "INCY": [0.10010227272727276, 0.07394620951932904], "INFI": [-0.018847368421052623, 0.07394620951932904], "INO": [-0.00502857142857143, 0.07394620951932904], "INSM": [0.0, 0.07394620951932904], "INSY": [-0.08406666666666666, 0.07394620951932904], "INVA": [0.0, 0.07394620951932904], "IONS": [0.1231111111111111, 0.07394620951932904], "IPXL": [0.11258461538461538, 0.07394620951932904], "IRWD": [0.7269, 0.07394620951932904], "ISIS": [0.46654999999999996, 0.07394620951932904], "ISPH": [0.0, 0.07394620951932904], "ISTA": [0.05335000000000001, 0.07394620951932904], "ITCI": [0.16446842105263154, 0.07394620951932904], "ITEK": [0.20000909090909094, 0.07394620951932904], "JAZZ": [0.10765, 0.07394620951932904], "JUNO": [-0.034096511627906986, 0.07394620951932904], "KERX": [0.008530000000000005, 0.07394620951932904], "KITE": [-0.042174603174603184, 0.07394620951932904], "KMPH": [0.0, 0.07394620951932904], "KPTI": [0.05435714285714287, 0.07394620951932904], "LBIO": [0.08438260869565214, 0.07394620951932904], "LGND": [0.11839999999999999, 0.07394620951932904], "LIFE": [0.2477214285714286, 0.07394620951932904], "LMNX": [0.802, 0.07394620951932904], "LOXO": [0.1292, 0.07394620951932904], "LXRX": [0.08900000000000001, 0.07394620951932904], "MACK": [0.03984615384615385, 0.07394620951932904], "MAPP": [0.7088, 0.07394620951932904], "MCRB": [0.11126, 0.07394620951932904], "MDCO": [0.074, 0.07394620951932904], "MDVN": [0.0, 0.07394620951932904], "MEDI": [0.12072974683544298, 0.07394620951932904], "MGNX": [0.3612, 0.07394620951932904], "MNK": [0.06815145631067959, 0.07394620951932904], "MNKD": [0.11774285714285716, 0.07394620951932904], "MNOV": [0.21000000000000002, 0.07394620951932904], "MNTA": [-0.02345714285714286, 0.07394620951932904], "MYGN": [0.4730666666666667, 0.07394620951932904], "MYL": [-0.06532244897959184, 0.07394620951932904], "NABI": [0.07799999999999999, 0.07394620951932904],