{"AKRX": [0.8065, 0.1470984336498055], "ALTH": [0.743, 0.1470984336498055], "AMLN": [0.0, 0.1470984336498055], "ANIP": [0.8555, 0.1470984336498055], "ARIA": [-0.30405999999999994, 0.1470984336498055], "ARNA": [0.022863636363636364, 0.1470984336498055], "ARQL": [0.35564999999999997, 0.1470984336498055], "AST": [0.27070909090909095, 0.1470984336498055], "AVNR": [0.21075, 0.1470984336498055], "BIIB": [-0.296, 0.1470984336498055], "BIOD": [0.21967142857142857, 0.1470984336498055], "CALP": [0.4404, 0.1470984336498055], "CBST": [0.7351, 0.1470984336498055], "CEPH": [0.6124, 0.1470984336498055], "CLDX": [-0.3687, 0.1470984336498055], "CRA": [0.06970000000000001, 0.1470984336498055], "CRIS": [0.0, 0.1470984336498055], "CTIC": [0.0, 0.1470984336498055], "CYTX": [0.13138, 0.1470984336498055], "DNDN": [-0.10504444444444441, 0.1470984336498055], "DVAX": [0.7096, 0.1470984336498055], "ENDP": [0.0, 0.1470984336498055], "ENTA": [-0.49477499999999996, 0.1470984336498055], "FACT": [0.839, 0.1470984336498055], "GENZ": [-0.09866666666666667, 0.1470984336498055], "GERN": [0.2263, 0.1470984336498055], "GILD": [0.0, 0.1470984336498055], "HALO": [0.40735000000000005, 0.1470984336498055], "HGSI": [-0.22281, 0.1470984336498055], "ICEL": [0.4404, 0.1470984336498055], "IDIX": [0.296, 0.1470984336498055], "IMGN": [0.28837999999999997, 0.1470984336498055], "IMMU": [0.17556666666666665, 0.1470984336498055], "INCR": [0.2732, 0.1470984336498055], "INCY": [0.0, 0.1470984336498055], "INO": [0.0, 0.1470984336498055], "INSM": [0.3182, 0.1470984336498055], "IONS": [0.21661999999999998, 0.1470984336498055], "IPXL": [0.123, 0.1470984336498055], "ITMN": [0.12944, 0.1470984336498055], "JAZZ": [0.17, 0.1470984336498055], "KERX": [0.02854117647058824, 0.1470984336498055], "LBIO": [0.25626666666666664, 0.1470984336498055], "LIFE": [0.05295, 0.1470984336498055], "MACK": [0.5106, 0.1470984336498055], "MEDI": [-0.1806, 0.1470984336498055], "NK": [-0.03178, 0.1470984336498055], "OMED": [0.0, 0.1470984336498055], "ORCH": [0.3182, 0.1470984336498055], "OREX": [0.0, 0.1470984336498055], "OSIP": [0.2023, 0.1470984336498055], "OSIR": [-0.5106, 0.1470984336498055], "OTIC": [0.0, 0.1470984336498055], "PARD": [0.0, 0.1470984336498055], "POZN": [0.0, 0.1470984336498055], "QCOR": [0.4404, 0.1470984336498055], "RDEA": [0.0, 0.1470984336498055], "SAGE": [0.30793333333333334, 0.1470984336498055], "SQNM": [-0.123475, 0.1470984336498055], "STEM": [0.1366, 0.1470984336498055], "TECH": [0.021179999999999997, 0.1470984336498055], "TEVA": [-0.2850333333333333, 0.1470984336498055], "USD": [0.1718, 0.1470984336498055], "VICL": [0.2023, 0.1470984336498055], "VVUS": [0.09115000000000001, 0.1470984336498055], "WCRX": [0.0502375, 0.1470984336498055], "XNPT": [0.0, 0.1470984336498055]}