{"ACAD": [0.4019, 0.058748285663691], "ACHN": [0.0, 0.058748285663691], "ACOR": [0.0, 0.058748285663691], "ACRX": [0.042666666666666665, 0.058748285663691], "ADHD": [0.0, 0.058748285663691], "AFFY": [0.0, 0.058748285663691], "AGEN": [0.0, 0.058748285663691], "AKRX": [0.0, 0.058748285663691], "ALIM": [0.0, 0.058748285663691], "ALKS": [0.16215, 0.058748285663691], "ALNY": [0.0, 0.058748285663691], "ALTH": [-0.2073, 0.058748285663691], "ALXA": [0.0, 0.058748285663691], "ALXN": [0.0, 0.058748285663691], "AMGN": [-0.021866666666666673, 0.058748285663691], "AMRI": [0.0, 0.058748285663691], "AMRN": [0.1458857142857143, 0.058748285663691], "ANAC": [0.0, 0.058748285663691], "ANDS": [0.4019, 0.058748285663691], "ANIP": [-0.21619999999999998, 0.058748285663691], "ANTH": [0.0, 0.058748285663691], "ARIA": [0.06966222222222222, 0.058748285663691], "ARNA": [0.017568888888888887, 0.058748285663691], "ARQL": [0.0, 0.058748285663691], "ARRY": [0.0, 0.058748285663691], "ARWR": [0.0, 0.058748285663691], "ASPX": [0.3446, 0.058748285663691], "AST": [-0.19416666666666665, 0.058748285663691], "AUXL": [0.064, 0.058748285663691], "BIIB": [0.22430000000000003, 0.058748285663691], "BMRN": [0.0, 0.058748285663691], "BOLD": [-0.2247, 0.058748285663691], "CADX": [0.0, 0.058748285663691], "CBST": [0.27204285714285714, 0.058748285663691], "CCXI": [0.0, 0.058748285663691], "CELG": [0.035036842105263165, 0.058748285663691], "CEMP": [0.0, 0.058748285663691], "CLDX": [0.1495509803921569, 0.058748285663691], "CLVS": [0.0, 0.058748285663691], "COLL": [-0.4939, 0.058748285663691], "CRA": [0.2958090909090909, 0.058748285663691], "CRIS": [0.0, 0.058748285663691], "CRME": [0.0, 0.058748285663691], "CTIC": [0.21230000000000002, 0.058748285663691], "CYTK": [0.0, 0.058748285663691], "CYTX": [-0.4019, 0.058748285663691], "DEPO": [0.7016, 0.058748285663691], "DNDN": [-0.5267, 0.058748285663691], "DRRX": [0.3390666666666667, 0.058748285663691], "DVAX": [0.04215, 0.058748285663691], "DYAX": [0.0, 0.058748285663691], "EMIS": [0.0, 0.058748285663691], "ENDP": [0.3243, 0.058748285663691], "ENTA": [0.27036666666666664, 0.058748285663691], "ENZN": [0.0, 0.058748285663691], "EPZM": [0.0, 0.058748285663691], "EXEL": [0.0, 0.058748285663691], "FLKS": [0.3577333333333333, 0.058748285663691], "FLML": [0.0, 0.058748285663691], "FMI": [0.0, 0.058748285663691], "FOLD": [0.10115, 0.058748285663691], "FPRX": [0.0, 0.058748285663691], "FURX": [0.0, 0.058748285663691], "GERN": [0.0, 0.058748285663691], "GEVA": [0.15846666666666667, 0.058748285663691], "GILD": [0.051829333333333324, 0.058748285663691], "GNVC": [0.13861111111111113, 0.058748285663691], "GRFS": [0.0, 0.058748285663691], "GWPH": [0.2083, 0.058748285663691], "HALO": [0.14049999999999999, 0.058748285663691], "HITK": [0.0, 0.058748285663691], "HPTX": [0.0, 0.058748285663691], "HZNP": [0.0, 0.058748285663691], "ICEL": [0.0, 0.058748285663691], "ICPT": [0.0, 0.058748285663691], "IDIX": [0.0, 0.058748285663691], "ILMN": [0.0, 0.058748285663691], "IMGN": [0.19856666666666667, 0.058748285663691], "IMMU": [0.15702857142857143, 0.058748285663691], "INCR": [0.0, 0.058748285663691], "INCY": [0.0, 0.058748285663691], "INFI": [0.0, 0.058748285663691], "INO": [0.09651666666666665, 0.058748285663691], "INSM": [0.0, 0.058748285663691], "INSY": [0.050575, 0.058748285663691], "INVA": [0.34638823529411766, 0.058748285663691], "IONS": [0.023691666666666663, 0.058748285663691], "IRWD": [0.0, 0.058748285663691], "ISIS": [0.17228000000000002, 0.058748285663691], "ISTA": [0.128, 0.058748285663691], "JAZZ": [-0.24738749999999998, 0.058748285663691], "KERX": [0.43239999999999995, 0.058748285663691], "LBIO": [-0.2023, 0.058748285663691], "LGND": [0.0, 0.058748285663691], "LIFE": [-0.025675, 0.058748285663691], "LMNX": [0.21075, 0.058748285663691], "MACK": [0.0, 0.058748285663691], "MDCO": [0.22447, 0.058748285663691], "MDVN": [0.09660555555555556, 0.058748285663691], "MEDI": [0.35279999999999995, 0.058748285663691], "MGNX": [0.3404, 0.058748285663691], "MNK": [0.0, 0.058748285663691], "MYGN": [0.0, 0.058748285663691], "MYL": [0.06021428571428571, 0.058748285663691], "NBIX": [0.0, 0.058748285663691], "NH": [-0.06291428571428571, 0.058748285663691], "NK": [-0.023407692307692303, 0.058748285663691], "NLNK": [0.0, 0.058748285663691], "NVAX": [0.12113181818181819, 0.058748285663691], "OMED": [0.0, 0.058748285663691], "OMER": [0.0, 0.058748285663691], "ONCE": [0.06743333333333333, 0.058748285663691], "ONVO": [-0.05135, 0.058748285663691], "ONXX": [0.1531, 0.058748285663691], "OPK": [0.0, 0.058748285663691], "OREX": [0.040075, 0.058748285663691], "OSIR": [0.2377, 0.058748285663691], "PACB": [-0.04788181818181818, 0.058748285663691], "PCRX": [0.0, 0.058748285663691], "PCYC": [0.27090000000000003, 0.058748285663691], "PDLI": [0.3664, 0.058748285663691], "POZN": [0.0, 0.058748285663691], "PRTA": [0.0, 0.058748285663691], "PTX": [0.10115, 0.058748285663691], "QGEN": [0.0, 0.058748285663691], "REGN": [-0.06396428571428571, 0.058748285663691], "RIGL": [0.3664, 0.058748285663691], "RLYP": [0.0, 0.058748285663691], "SAGE": [0.2057625, 0.058748285663691], "SCLN": [0.0, 0.058748285663691], "SGNT": [0.0, 0.058748285663691], "SGYP": [0.0, 0.058748285663691], "SHPG": [0.0, 0.058748285663691], "SLXP": [0.0, 0.058748285663691], "SNTA": [0.0, 0.058748285663691], "SNTS": [0.0, 0.058748285663691], "SQNM": [0.0, 0.058748285663691], "SRPT": [0.16743333333333332, 0.058748285663691], "STEM": [-0.20095, 0.058748285663691], "SUPN": [0.0, 0.058748285663691], "SVA": [0.0, 0.058748285663691], "TECH": [0.32458125000000004, 0.058748285663691], "TEVA": [0.32799, 0.058748285663691], "THLD": [0.0, 0.058748285663691], "THRX": [0.0, 0.058748285663691], "TRGT": [0.0, 0.058748285663691], "USD": [-0.03043888888888888, 0.058748285663691], "VICL": [0.0, 0.058748285663691], "VNDA": [0.0, 0.058748285663691], "VPHM": [0.0, 0.058748285663691], "VRTX": [0.7845, 0.058748285663691], "VVUS": [0.0, 0.058748285663691], "XLRN": [0.0, 0.058748285663691], "XNPT": [0.0, 0.058748285663691], "ZGNX": [0.16284444444444446, 0.058748285663691], "ZLCS": [0.1462, 0.058748285663691]}