{"AAVL": [0.48644999999999994, 0.13421888713363425], "ACAD": [0.025788888888888886, 0.13421888713363425], "ACHN": [0.07497954545454545, 0.13421888713363425], "ACOR": [0.008792857142857144, 0.13421888713363425], "ACRX": [-0.05103333333333334, 0.13421888713363425], "ADHD": [0.22485, 0.13421888713363425], "AEGR": [0.258, 0.13421888713363425], "AERI": [0.3501666666666667, 0.13421888713363425], "AFFY": [0.4019, 0.13421888713363425], "AFMD": [0.7345, 0.13421888713363425], "AGEN": [0.21306000000000003, 0.13421888713363425], "AGIO": [0.17128846153846153, 0.13421888713363425], "AGTC": [0.6486, 0.13421888713363425], "AKBA": [0.0, 0.13421888713363425], "AKRX": [0.2689222222222222, 0.13421888713363425], "ALIM": [0.17092162162162167, 0.13421888713363425], "ALKS": [0.20855384615384612, 0.13421888713363425], "ALNY": [0.09608823529411763, 0.13421888713363425], "ALTH": [0.16328666666666672, 0.13421888713363425], "ALXA": [0.0, 0.13421888713363425], "ALXN": [0.0975864864864865, 0.13421888713363425], "AMAG": [0.1048, 0.13421888713363425], "AMGN": [0.13578571428571426, 0.13421888713363425], "AMRI": [0.0, 0.13421888713363425], "AMRN": [0.18787105263157902, 0.13421888713363425], "ANAC": [-0.05135, 0.13421888713363425], "ANDS": [-0.018449999999999966, 0.13421888713363425], "ANTH": [0.17851999999999998, 0.13421888713363425], "AQXP": [0.0, 0.13421888713363425], "ARIA": [0.23476, 0.13421888713363425], "ARNA": [0.11271363636363638, 0.13421888713363425], "ARQL": [0.0, 0.13421888713363425], "ARRY": [0.45487500000000003, 0.13421888713363425], "ARWR": [0.14718507462686567, 0.13421888713363425], "ASPX": [0.14796071428571428, 0.13421888713363425], "AST": [0.10330563380281693, 0.13421888713363425], "ATRA": [0.5106, 0.13421888713363425], "AUXL": [0.36111999999999994, 0.13421888713363425], "AVEO": [0.3612, 0.13421888713363425], "AVNR": [0.026954545454545467, 0.13421888713363425], "AXCA": [0.6369, 0.13421888713363425], "BCRX": [0.058369230769230764, 0.13421888713363425], "BIIB": [0.06401666666666667, 0.13421888713363425], "BIOD": [0.29295, 0.13421888713363425], "BIOV": [0.296, 0.13421888713363425], "BLUE": [0.3243, 0.13421888713363425], "BMRN": [0.046480769230769235, 0.13421888713363425], "CALP": [0.0772, 0.13421888713363425], "CBST": [0.6705, 0.13421888713363425], "CCXI": [0.05741428571428571, 0.13421888713363425], "CELG": [0.14191041666666665, 0.13421888713363425], "CEMP": [0.06085925925925926, 0.13421888713363425], "CEPH": [0.4215, 0.13421888713363425], "CERS": [0.0, 0.13421888713363425], "CHMA": [0.0, 0.13421888713363425], "CHRS": [0.0, 0.13421888713363425], "CLDX": [0.08081714285714285, 0.13421888713363425], "CLVS": [0.12443684210526317, 0.13421888713363425], "COLL": [0.17274444444444445, 0.13421888713363425], "CRA": [0.14894545454545455, 0.13421888713363425], "CRIS": [0.38915999999999995, 0.13421888713363425], "CRME": [0.0, 0.13421888713363425], "CTIC": [0.10763636363636363, 0.13421888713363425], "CTRX": [0.08038, 0.13421888713363425], "CYTK": [0.0, 0.13421888713363425], "CYTX": [0.0, 0.13421888713363425], "DEPO": [0.34, 0.13421888713363425], "DIGE": [0.2263, 0.13421888713363425], "DRNA": [0.0, 0.13421888713363425], "DRRX": [0.4215, 0.13421888713363425], "DSCO": [0.064, 0.13421888713363425], "DYAX": [0.018390909090909093, 0.13421888713363425], "ECYT": [0.2688454545454546, 0.13421888713363425], "EDIT": [0.22414285714285712, 0.13421888713363425], "EGLT": [-0.1116125, 0.13421888713363425], "EGRX": [-0.12765, 0.13421888713363425], "EMIS": [0.0, 0.13421888713363425], "ENCY": [0.1806, 0.13421888713363425], "ENDP": [0.13436666666666663, 0.13421888713363425], "ENTA": [0.03359444444444445, 0.13421888713363425], "ENZN": [0.0, 0.13421888713363425], "EPZM": [0.0, 0.13421888713363425], "ESPR": [0.03246153846153846, 0.13421888713363425], "EXEL": [0.04824615384615386, 0.13421888713363425], "FACT": [-0.10204999999999997, 0.13421888713363425], "FGEN": [0.0, 0.13421888713363425], "FLML": [0.21226363636363638, 0.13421888713363425], "FMI": [-0.0938, 0.13421888713363425], "FOLD": [0.7773000000000001, 0.13421888713363425], "FOMX": [0.059320000000000005, 0.13421888713363425], "FPRX": [0.1772, 0.13421888713363425], "FURX": [0.0, 0.13421888713363425], "GERN": [0.0, 0.13421888713363425], "GEVA": [0.4404, 0.13421888713363425], "GHDX": [0.148, 0.13421888713363425], "GILD": [0.17976258503401363, 0.13421888713363425], "GNVC": [0.0, 0.13421888713363425], "GPRO": [0.07993244680851067, 0.13421888713363425], "GWPH": [0.0874875, 0.13421888713363425], "HALO": [0.05926153846153847, 0.13421888713363425], "HITK": [0.0386, 0.13421888713363425], "HPTX": [0.0, 0.13421888713363425], "HZNP": [0.06698333333333333, 0.13421888713363425], "ICEL": [0.22145, 0.13421888713363425], "ICPT": [0.0, 0.13421888713363425], "ICY": [0.05863333333333334, 0.13421888713363425], "IDIX": [-0.2732, 0.13421888713363425], "ILMN": [0.20132666666666668, 0.13421888713363425], "ILU": [0.12094, 0.13421888713363425], "IMGN": [0.13396666666666665, 0.13421888713363425], "IMMU": [0.09552777777777778, 0.13421888713363425], "INCR": [0.25498125, 0.13421888713363425], "INCY": [0.313825, 0.13421888713363425], "INFI": [-0.13795, 0.13421888713363425], "INGN": [0.0, 0.13421888713363425], "INHX": [0.4574, 0.13421888713363425], "INO": [0.07035890410958905, 0.13421888713363425], "INSM": [0.0, 0.13421888713363425], "INSY": [0.16147368421052632, 0.13421888713363425], "INVA": [-0.23835, 0.13421888713363425], "IONS": [0.07392876712328768, 0.13421888713363425], "IRWD": [0.23268571428571433, 0.13421888713363425], "ISIS": [0.09169803921568626, 0.13421888713363425], "ISPH": [0.2235, 0.13421888713363425], "ISTA": [0.17615833333333333, 0.13421888713363425], "ITEK": [0.4643, 0.13421888713363425], "ITMN": [0.0, 0.13421888713363425], "JAZZ": [0.060200000000000004, 0.13421888713363425], "KERX": [0.12718750000000004, 0.13421888713363425], "KITE": [0.296, 0.13421888713363425], "KPTI": [0.32985, 0.13421888713363425], "LBIO": [0.1284390243902439, 0.13421888713363425], "LGND": [0.7088, 0.13421888713363425], "LIFE": [0.01733030303030303, 0.13421888713363425], "MACK": [0.12173285714285714, 0.13421888713363425], "MDCO": [0.17020000000000002, 0.13421888713363425], "MDVN": [0.11938275862068967, 0.13421888713363425], "MEDI": [0.2821122977346281, 0.13421888713363425], "MEDX": [-0.4019, 0.13421888713363425], "MGNX": [0.15739285714285714, 0.13421888713363425], "MITI": [-0.25, 0.13421888713363425], "MNK": [0.11823246753246752, 0.13421888713363425], "MNKD": [0.14680545454545457, 0.13421888713363425], "MNOV": [0.0, 0.13421888713363425], "MNTA": [0.0, 0.13421888713363425], "MRNA": [0.0, 0.13421888713363425], "MYGN": [0.07729230769230769, 0.13421888713363425], "MYL": [0.12010000000000003, 0.13421888713363425], "NBIX": [0.06122105263157895, 0.13421888713363425], "NEOS": [0.17472, 0.13421888713363425], "NERV": [-0.042333333333333334, 0.13421888713363425], "NH": [0.1717125, 0.13421888713363425], "NK": [0.10360421686746986, 0.13421888713363425], "NKTR": [0.0, 0.13421888713363425], "NLNK": [-0.07543333333333334, 0.13421888713363425], "NPSP": [0.0, 0.13421888713363425], "NVAX": [0.15175714285714287, 0.13421888713363425], "OMED": [0.0, 0.13421888713363425], "ONCE": [0.20536, 0.13421888713363425], "ONTY": [0.26115, 0.13421888713363425], "ONVO": [0.43035, 0.13421888713363425], "OPHT": [0.0, 0.13421888713363425], "OPK": [0.1526484848484848, 0.13421888713363425], "OREX": [0.14696399999999998, 0.13421888713363425], "OSCI": [-0.08457142857142856, 0.13421888713363425], "OSIR": [0.0, 0.13421888713363425], "OTIC": [0.07646666666666667, 0.13421888713363425], "OVAS": [0.2202, 0.13421888713363425], "PACB": [0.0, 0.13421888713363425], "PANC": [-0.13408571428571428, 0.13421888713363425], "PCRX": [0.22875, 0.13421888713363425], "PCYC": [0.24483333333333335, 0.13421888713363425], "PGNX": [0.0, 0.13421888713363425], "POZN": [0.0, 0.13421888713363425], "PRGO": [0.0, 0.13421888713363425], "PTCT": [0.03502941176470588, 0.13421888713363425], "PTIE": [0.04564999999999999, 0.13421888713363425],