{"ACAD": [-0.4939, 0.06924174787478282], "ACOR": [0.3182, 0.06924174787478282], "AFFX": [-0.2406, 0.06924174787478282], "AFFY": [0.06824177215189875, 0.06924174787478282], "ALKS": [0.0, 0.06924174787478282], "ALTH": [0.05986666666666667, 0.06924174787478282], "ALXA": [0.0, 0.06924174787478282], "AMGN": [-0.1027, 0.06924174787478282], "AMLN": [0.0, 0.06924174787478282], "ANAC": [0.0, 0.06924174787478282], "ARNA": [0.0, 0.06924174787478282], "AST": [0.19985666666666674, 0.06924174787478282], "AUXL": [0.0, 0.06924174787478282], "AVNR": [0.0, 0.06924174787478282], "BIOD": [0.0, 0.06924174787478282], "BPAX": [-0.10784999999999999, 0.06924174787478282], "CADX": [0.32095, 0.06924174787478282], "CELG": [0.23026666666666665, 0.06924174787478282], "CEPH": [0.0, 0.06924174787478282], "COLL": [-0.296, 0.06924174787478282], "CRA": [0.5, 0.06924174787478282], "CSKI": [0.24719999999999998, 0.06924174787478282], "CYPB": [0.20230000000000006, 0.06924174787478282], "CYTX": [0.0, 0.06924174787478282], "DNDN": [0.1468, 0.06924174787478282], "DRNA": [0.4767, 0.06924174787478282], "DSCO": [0.0, 0.06924174787478282], "ENCY": [0.5106, 0.06924174787478282], "ENDP": [-0.39355, 0.06924174787478282], "ENTA": [0.0, 0.06924174787478282], "EXEL": [0.14441666666666667, 0.06924174787478282], "GENZ": [0.0, 0.06924174787478282], "GILD": [0.0, 0.06924174787478282], "HALO": [0.0, 0.06924174787478282], "HGSI": [0.0714875, 0.06924174787478282], "ILMN": [-0.3612, 0.06924174787478282], "ILU": [-0.1531, 0.06924174787478282], "INCR": [0.3182, 0.06924174787478282], "INCY": [0.2235, 0.06924174787478282], "INHX": [0.0, 0.06924174787478282], "INO": [0.7003, 0.06924174787478282], "IONS": [0.05135, 0.06924174787478282], "IPXL": [0.0, 0.06924174787478282], "ISIS": [-0.6597, 0.06924174787478282], "ISTA": [0.0, 0.06924174787478282], "JAZZ": [-0.05673333333333334, 0.06924174787478282], "KERX": [0.1101, 0.06924174787478282], "LBIO": [0.0, 0.06924174787478282], "LIFE": [0.0, 0.06924174787478282], "MNK": [0.0, 0.06924174787478282], "MNKD": [0.0, 0.06924174787478282], "MRNA": [0.4767, 0.06924174787478282], "MYL": [-0.01935, 0.06924174787478282], "NH": [0.136925, 0.06924174787478282], "NK": [0.24550000000000002, 0.06924174787478282], "OREX": [0.2612666666666667, 0.06924174787478282], "QCOR": [0.0, 0.06924174787478282], "QLTI": [0.0, 0.06924174787478282], "SAGE": [0.14083333333333334, 0.06924174787478282], "SGEN": [0.4215, 0.06924174787478282], "SHPG": [0.0, 0.06924174787478282], "SQNM": [0.0, 0.06924174787478282], "STEM": [0.0, 0.06924174787478282], "TECH": [0.10508000000000002, 0.06924174787478282], "TEVA": [-0.32985, 0.06924174787478282], "USD": [0.25883125, 0.06924174787478282], "VVUS": [0.1796, 0.06924174787478282], "XOMA": [0.7964, 0.06924174787478282]}