{"ACAD": [0.0732375, 0.27181801154076546], "ACHN": [0.264425, 0.27181801154076546], "ACOR": [0.2202, 0.27181801154076546], "ACRX": [0.012389999999999984, 0.27181801154076546], "AEGR": [0.23923333333333333, 0.27181801154076546], "AFFX": [0.35885, 0.27181801154076546], "AFFY": [0.7177, 0.27181801154076546], "AGIO": [0.04781666666666667, 0.27181801154076546], "AKRX": [-0.15196666666666667, 0.27181801154076546], "ALIM": [0.7177, 0.27181801154076546], "ALKS": [0.0897125, 0.27181801154076546], "ALNY": [0.22397999999999998, 0.27181801154076546], "ALTH": [0.29795, 0.27181801154076546], "ALXA": [0.296, 0.27181801154076546], "ALXN": [0.35885, 0.27181801154076546], "AMAG": [0.7177, 0.27181801154076546], "AMRI": [0.6249, 0.27181801154076546], "AMRN": [0.1594888888888889, 0.27181801154076546], "ANAC": [0.7177, 0.27181801154076546], "ANTH": [0.0, 0.27181801154076546], "ARIA": [0.2488, 0.27181801154076546], "ARNA": [0.3233125, 0.27181801154076546], "ARQL": [0.0, 0.27181801154076546], "ARRY": [0.7177, 0.27181801154076546], "ARWR": [0.33614285714285713, 0.27181801154076546], "ASPX": [0.21230000000000002, 0.27181801154076546], "AST": [0.6322259842519677, 0.27181801154076546], "AUXL": [0.0, 0.27181801154076546], "AVEO": [0.7177, 0.27181801154076546], "AVNR": [0.20831428571428573, 0.27181801154076546], "AXCA": [0.0, 0.27181801154076546], "BCRX": [0.7177, 0.27181801154076546], "BIIB": [0.21259999999999998, 0.27181801154076546], "BIOD": [0.3178, 0.27181801154076546], "BLUE": [0.2869, 0.27181801154076546], "BMRN": [0.037, 0.27181801154076546], "CADX": [0.7177, 0.27181801154076546], "CARA": [0.7177, 0.27181801154076546], "CBPO": [0.0, 0.27181801154076546], "CCXI": [0.7177, 0.27181801154076546], "CELG": [0.0718578947368421, 0.27181801154076546], "CERS": [0.3115333333333334, 0.27181801154076546], "CLDX": [0.2663, 0.27181801154076546], "CLVS": [-0.0018428571428571428, 0.27181801154076546], "CRA": [0.013940000000000008, 0.27181801154076546], "CRIS": [0.0, 0.27181801154076546], "CRME": [0.7177, 0.27181801154076546], "CTIC": [0.21906666666666666, 0.27181801154076546], "CTRX": [0.57416, 0.27181801154076546], "CYTK": [0.0, 0.27181801154076546], "DEPO": [0.5459, 0.27181801154076546], "DSCO": [0.0, 0.27181801154076546], "DYAX": [0.47846666666666665, 0.27181801154076546], "ECYT": [0.7177, 0.27181801154076546], "ENCY": [0.04215, 0.27181801154076546], "ENDP": [0.7828999999999999, 0.27181801154076546], "ENTA": [0.05727058823529412, 0.27181801154076546], "EXEL": [0.0897125, 0.27181801154076546], "FACT": [0.434, 0.27181801154076546], "FLKS": [0.0, 0.27181801154076546], "FLML": [0.0, 0.27181801154076546], "FMI": [0.22199999999999998, 0.27181801154076546], "FOLD": [0.0, 0.27181801154076546], "FPRX": [0.7177, 0.27181801154076546], "GENZ": [-0.3818, 0.27181801154076546], "GERN": [0.0, 0.27181801154076546], "GEVA": [0.7177, 0.27181801154076546], "GILD": [0.27065333333333336, 0.27181801154076546], "GNVC": [0.4142666666666666, 0.27181801154076546], "GRFS": [0.026480000000000014, 0.27181801154076546], "GTXI": [-0.1531, 0.27181801154076546], "GWPH": [-0.2936, 0.27181801154076546], "HALO": [0.20505714285714285, 0.27181801154076546], "HPTX": [0.0, 0.27181801154076546], "HZNP": [0.136475, 0.27181801154076546], "ICPT": [0.10115, 0.27181801154076546], "ILMN": [0.11333333333333334, 0.27181801154076546], "IMGN": [0.6705, 0.27181801154076546], "IMMU": [0.36400000000000005, 0.27181801154076546], "INCR": [0.0, 0.27181801154076546], "INCY": [0.0, 0.27181801154076546], "INFI": [0.7177, 0.27181801154076546], "INO": [0.20505714285714285, 0.27181801154076546], "INSM": [0.17, 0.27181801154076546], "INSY": [0.60168, 0.27181801154076546], "IONS": [0.02675, 0.27181801154076546], "IPXL": [0.7177, 0.27181801154076546], "ISIS": [0.2609818181818182, 0.27181801154076546], "ISTA": [-0.26913333333333334, 0.27181801154076546], "ITMN": [0.1863125, 0.27181801154076546], "JAZZ": [0.0, 0.27181801154076546], "KERX": [0.57416, 0.27181801154076546], "KITE": [0.042666666666666665, 0.27181801154076546], "KYTH": [0.0, 0.27181801154076546], "LBIO": [0.24333333333333332, 0.27181801154076546], "LGND": [0.7177, 0.27181801154076546], "LIFE": [0.7177, 0.27181801154076546], "LOXO": [0.4767, 0.27181801154076546], "LXRX": [0.0, 0.27181801154076546], "MACK": [0.0, 0.27181801154076546], "MDVN": [-0.08074, 0.27181801154076546], "MEDI": [0.20668076923076925, 0.27181801154076546], "MNK": [0.09754583333333333, 0.27181801154076546], "MNKD": [0.10641363636363636, 0.27181801154076546], "MRNA": [0.7177, 0.27181801154076546], "MYGN": [0.50685, 0.27181801154076546], "MYL": [0.47846666666666665, 0.27181801154076546], "NH": [0.0, 0.27181801154076546], "NK": [0.13684193548387097, 0.27181801154076546], "NPSP": [0.7177, 0.27181801154076546], "NSTG": [0.0, 0.27181801154076546], "NVAX": [0.1429875, 0.27181801154076546], "OMED": [0.7177, 0.27181801154076546], "OMER": [0.4484, 0.27181801154076546], "ONCE": [-0.296, 0.27181801154076546], "ONTY": [0.26255, 0.27181801154076546], "ONVO": [0.7177000000000001, 0.27181801154076546], "OPHT": [0.6369, 0.27181801154076546], "OPK": [0.5771333333333334, 0.27181801154076546], "OREX": [0.12944285714285717, 0.27181801154076546], "OVAS": [0.3675333333333333, 0.27181801154076546], "PANC": [0.0, 0.27181801154076546], "PGNX": [0.7177, 0.27181801154076546], "POZN": [0.296, 0.27181801154076546], "PRGO": [0.7177, 0.27181801154076546], "PTIE": [0.4767, 0.27181801154076546], "PTX": [0.0, 0.27181801154076546], "QCOR": [0.0, 0.27181801154076546], "RARE": [0.0, 0.27181801154076546], "REGN": [0.6314000000000001, 0.27181801154076546], "RIGL": [0.0, 0.27181801154076546], "RLYP": [0.0, 0.27181801154076546], "RNAI": [0.2294, 0.27181801154076546], "RPTP": [0.1594888888888889, 0.27181801154076546], "SAGE": [-0.4404, 0.27181801154076546], "SGYP": [0.7177, 0.27181801154076546], "SHPG": [0.0, 0.27181801154076546], "SLXP": [0.0, 0.27181801154076546], "SQNM": [0.2732, 0.27181801154076546], "SRPT": [0.0516, 0.27181801154076546], "SVA": [0.7177, 0.27181801154076546], "TBPH": [0.0, 0.27181801154076546], "TECH": [0.11375277777777779, 0.27181801154076546], "THRX": [0.0, 0.27181801154076546], "TRGT": [0.7177, 0.27181801154076546], "TTPH": [0.35885, 0.27181801154076546], "USD": [0.20320000000000002, 0.27181801154076546], "VNDA": [0.08936666666666666, 0.27181801154076546], "VRTX": [0.21140833333333334, 0.27181801154076546], "VVUS": [0.6419, 0.27181801154076546], "WCRX": [0.7177, 0.27181801154076546], "XLRN": [0.0, 0.27181801154076546], "XNCR": [0.0, 0.27181801154076546], "XOMA": [0.7177, 0.27181801154076546]}