{"ACAD": [0.13319111111111112, 0.11463311866484774], "ACHN": [0.20095, 0.11463311866484774], "ACOR": [0.0, 0.11463311866484774], "ACRX": [0.0, 0.11463311866484774], "ADHD": [0.0, 0.11463311866484774], "AEGR": [0.09343, 0.11463311866484774], "AERI": [-0.09866666666666667, 0.11463311866484774], "AFFX": [0.0, 0.11463311866484774], "AFFY": [0.2023, 0.11463311866484774], "AGEN": [-0.016164285714285714, 0.11463311866484774], "ALKS": [0.06554285714285714, 0.11463311866484774], "ALNY": [0.2732, 0.11463311866484774], "ALTH": [0.15813333333333335, 0.11463311866484774], "ALTU": [0.0, 0.11463311866484774], "ALXA": [0.0, 0.11463311866484774], "ALXN": [0.10171111111111111, 0.11463311866484774], "AMAG": [0.0, 0.11463311866484774], "AMGN": [-0.06133902439024391, 0.11463311866484774], "AMRN": [0.07980000000000001, 0.11463311866484774], "ANIP": [0.10044999999999998, 0.11463311866484774], "ANTH": [0.25628333333333336, 0.11463311866484774], "ARIA": [0.11804303797468355, 0.11463311866484774], "ARNA": [0.12059999999999998, 0.11463311866484774], "ARQL": [0.296, 0.11463311866484774], "ARRY": [0.020833333333333332, 0.11463311866484774], "ARWR": [0.439975, 0.11463311866484774], "ASPX": [0.12234, 0.11463311866484774], "AST": [0.09996216216216217, 0.11463311866484774], "ASTX": [0.0, 0.11463311866484774], "AUXL": [0.09878, 0.11463311866484774], "AVEO": [0.28925, 0.11463311866484774], "AVII": [-0.0772, 0.11463311866484774], "AVNR": [0.24913333333333332, 0.11463311866484774], "AXCA": [0.6124, 0.11463311866484774], "BCRX": [0.0, 0.11463311866484774], "BIIB": [0.12908, 0.11463311866484774], "BIOD": [0.2263, 0.11463311866484774], "BLUE": [0.4199, 0.11463311866484774], "BMRN": [0.023369230769230774, 0.11463311866484774], "CALP": [0.5106, 0.11463311866484774], "CBRX": [0.0, 0.11463311866484774], "CBST": [0.0, 0.11463311866484774], "CELG": [0.05842976190476191, 0.11463311866484774], "CEMP": [0.175075, 0.11463311866484774], "CLDX": [0.187725, 0.11463311866484774], "CLVS": [0.08485333333333332, 0.11463311866484774], "CMRX": [0.32985, 0.11463311866484774], "COLL": [-0.24695, 0.11463311866484774], "CRA": [0.15900999999999998, 0.11463311866484774], "CRIS": [0.3936, 0.11463311866484774], "CRME": [0.0, 0.11463311866484774], "CTIC": [0.025675, 0.11463311866484774], "DEPO": [0.0, 0.11463311866484774], "DERM": [0.0, 0.11463311866484774], "DIGE": [0.0, 0.11463311866484774], "DNDN": [0.301825, 0.11463311866484774], "DRRX": [0.24114, 0.11463311866484774], "DVAX": [0.11455384615384616, 0.11463311866484774], "DYAX": [0.09791666666666667, 0.11463311866484774], "EDIT": [-0.1027, 0.11463311866484774], "EGRX": [0.6249, 0.11463311866484774], "ENCY": [0.06364, 0.11463311866484774], "ENDP": [0.012549999999999999, 0.11463311866484774], "ENTA": [0.2850181818181818, 0.11463311866484774], "ENZN": [0.0, 0.11463311866484774], "EPZM": [0.0, 0.11463311866484774], "FACT": [0.043433333333333345, 0.11463311866484774], "FLKS": [0.5927, 0.11463311866484774], "FMI": [0.0, 0.11463311866484774], "FOLD": [-0.045457142857142856, 0.11463311866484774], "GBT": [0.0, 0.11463311866484774], "GENZ": [-0.1027, 0.11463311866484774], "GERN": [-0.034, 0.11463311866484774], "GEVA": [0.0, 0.11463311866484774], "GHDX": [0.296, 0.11463311866484774], "GILD": [0.21080232558139533, 0.11463311866484774], "GNVC": [0.0, 0.11463311866484774], "GPRO": [0.3939, 0.11463311866484774], "GRFS": [0.0, 0.11463311866484774], "GTXI": [0.27153333333333335, 0.11463311866484774], "GWPH": [0.10081666666666667, 0.11463311866484774], "HALO": [0.10156111111111112, 0.11463311866484774], "HBIO": [0.0, 0.11463311866484774], "HGSI": [0.22546666666666668, 0.11463311866484774], "HZNP": [0.03568, 0.11463311866484774], "ICEL": [0.5115000000000001, 0.11463311866484774], "ICPT": [0.074, 0.11463311866484774], "ICY": [0.0, 0.11463311866484774], "ILMN": [0.0, 0.11463311866484774], "ILU": [-0.63912, 0.11463311866484774], "IMGN": [0.0, 0.11463311866484774], "IMMU": [0.08455, 0.11463311866484774], "INCR": [0.257575, 0.11463311866484774], "INCY": [0.15274545454545455, 0.11463311866484774], "INFI": [0.0, 0.11463311866484774], "INO": [-0.018785714285714277, 0.11463311866484774], "INVA": [0.0, 0.11463311866484774], "IONS": [0.09013877551020409, 0.11463311866484774], "IRWD": [0.0, 0.11463311866484774], "ISIS": [0.1759421052631579, 0.11463311866484774], "ISTA": [0.1524125, 0.11463311866484774], "ITMN": [0.0, 0.11463311866484774], "JAZZ": [0.18529285714285715, 0.11463311866484774], "KERX": [0.03653333333333333, 0.11463311866484774], "LBIO": [0.34475, 0.11463311866484774], "LGND": [-0.456775, 0.11463311866484774], "LIFE": [0.3689, 0.11463311866484774], "LMNX": [0.0, 0.11463311866484774], "MACK": [0.10115, 0.11463311866484774], "MDCO": [0.0, 0.11463311866484774], "MDVN": [0.15719230769230771, 0.11463311866484774], "MEDI": [0.058923076923076925, 0.11463311866484774], "MNK": [0.051766666666666655, 0.11463311866484774], "MNKD": [0.051766666666666655, 0.11463311866484774], "MYL": [0.5326500000000001, 0.11463311866484774], "NH": [0.051166666666666666, 0.11463311866484774], "NK": [0.026818750000000002, 0.11463311866484774], "NKTR": [-0.10994999999999999, 0.11463311866484774], "NPSP": [0.12833999999999998, 0.11463311866484774], "NVAX": [0.47669999999999996, 0.11463311866484774], "OMED": [0.012325000000000003, 0.11463311866484774], "OMER": [0.09265, 0.11463311866484774], "OMPI": [0.0, 0.11463311866484774], "ONCE": [0.1082, 0.11463311866484774], "ONTX": [0.04883684210526316, 0.11463311866484774], "ONVO": [0.17400535714285711, 0.11463311866484774], "ONXX": [0.6597, 0.11463311866484774], "OPHT": [0.0, 0.11463311866484774], "OPK": [0.2692, 0.11463311866484774], "OPTR": [0.0, 0.11463311866484774], "OREX": [0.002600000000000003, 0.11463311866484774], "OSCI": [0.0, 0.11463311866484774], "OSIR": [0.0, 0.11463311866484774], "OTIC": [0.1027, 0.11463311866484774], "OVAS": [0.5799, 0.11463311866484774], "PACB": [0.0, 0.11463311866484774], "PANC": [0.5574, 0.11463311866484774], "PCYC": [0.7096, 0.11463311866484774], "PDLI": [-0.054542857142857136, 0.11463311866484774], "PGNX": [0.47669999999999996, 0.11463311866484774], "PTLA": [0.18511428571428573, 0.11463311866484774], "PTX": [0.0, 0.11463311866484774], "QCOR": [0.0, 0.11463311866484774], "RARE": [-0.059199999999999996, 0.11463311866484774], "REGN": [0.104575, 0.11463311866484774], "RIGL": [-0.23067619047619048, 0.11463311866484774], "RNAI": [0.26604, 0.11463311866484774], "RPTP": [0.0, 0.11463311866484774], "SAGE": [0.10195, 0.11463311866484774], "SCMP": [0.0, 0.11463311866484774], "SGEN": [0.0, 0.11463311866484774], "SGMO": [-0.021400000000000002, 0.11463311866484774], "SGYP": [0.4019, 0.11463311866484774], "SHPG": [0.16679999999999998, 0.11463311866484774], "SLXP": [-0.08333333333333333, 0.11463311866484774], "SNTA": [0.054310000000000004, 0.11463311866484774], "SNTS": [0.16063333333333332, 0.11463311866484774], "SPPI": [0.142975, 0.11463311866484774], "SQNM": [0.0, 0.11463311866484774], "SRPT": [0.18242727272727272, 0.11463311866484774], "STEM": [0.13875714285714286, 0.11463311866484774], "SUPN": [0.16463333333333333, 0.11463311866484774], "SVA": [0.25, 0.11463311866484774], "TBPH": [-0.11315, 0.11463311866484774], "TECH": [0.11686750000000001, 0.11463311866484774], "TEVA": [-0.06424444444444442, 0.11463311866484774], "THRX": [-0.06465714285714286, 0.11463311866484774], "TSRO": [0.0, 0.11463311866484774], "TTPH": [0.296, 0.11463311866484774], "USD": [-0.004671739130434785, 0.11463311866484774], "UTHR": [0.4215, 0.11463311866484774], "VICL": [0.11176410256410255, 0.11463311866484774], "VNDA": [0.11865, 0.11463311866484774], "VPHM": [0.07884444444444444, 0.11463311866484774], "VRTX": [0.21211666666666665, 0.11463311866484774], "VSTM": [0.24114, 0.11463311866484774], "VVUS": [0.0, 0.11463311866484774], "XOMA": [0.4684333333333333, 0.11463311866484774], "ZLCS": [0.10573593750000002, 0.11463311866484774]}