{"ACAD": [-0.04830000000000001, 0.08435484274844957], "ACHN": [0.24819999999999998, 0.08435484274844957], "ACOR": [0.4215, 0.08435484274844957], "ACRX": [0.13694545454545456, 0.08435484274844957], "AEGR": [0.04512375000000002, 0.08435484274844957], "AFFX": [0.028900000000000002, 0.08435484274844957], "AGEN": [0.03157777777777778, 0.08435484274844957], "AKRX": [0.0, 0.08435484274844957], "ALIM": [0.028325, 0.08435484274844957], "ALKS": [0.03014482758620689, 0.08435484274844957], "ALNY": [0.24301600000000004, 0.08435484274844957], "ALTH": [0.14958484848484851, 0.08435484274844957], "ALXN": [0.17553125000000003, 0.08435484274844957], "AMGN": [-0.0014857142857142834, 0.08435484274844957], "AMRI": [0.11148, 0.08435484274844957], "AMRN": [-0.07134545454545455, 0.08435484274844957], "ANAC": [0.20095, 0.08435484274844957], "ANDS": [0.1300111111111111, 0.08435484274844957], "ANPI": [-0.4767, 0.08435484274844957], "ANTH": [0.0, 0.08435484274844957], "APPX": [0.2732, 0.08435484274844957], "ARIA": [0.12346200000000002, 0.08435484274844957], "ARNA": [0.00893401360544218, 0.08435484274844957], "ARQL": [-0.3182, 0.08435484274844957], "ARRY": [0.0, 0.08435484274844957], "ARWR": [0.15066, 0.08435484274844957], "ASPX": [0.0, 0.08435484274844957], "AST": [0.0529179104477612, 0.08435484274844957], "ASTX": [0.0, 0.08435484274844957], "ATRA": [0.705, 0.08435484274844957], "AUXL": [0.15846666666666667, 0.08435484274844957], "AVEO": [0.0, 0.08435484274844957], "AVNR": [0.22383333333333333, 0.08435484274844957], "AXCA": [-0.128, 0.08435484274844957], "BCRX": [0.15599615384615387, 0.08435484274844957], "BIIB": [0.13419999999999999, 0.08435484274844957], "BIOD": [-0.016142857142857143, 0.08435484274844957], "BLUE": [0.0, 0.08435484274844957], "BMRN": [0.2602046153846152, 0.08435484274844957], "BOLD": [0.3818, 0.08435484274844957], "CADX": [-0.02272500000000001, 0.08435484274844957], "CALP": [0.215175, 0.08435484274844957], "CBRX": [0.07293333333333334, 0.08435484274844957], "CBST": [0.4754, 0.08435484274844957], "CCXI": [0.4215, 0.08435484274844957], "CELG": [0.17758333333333334, 0.08435484274844957], "CEMP": [0.0, 0.08435484274844957], "CEPH": [-0.034425000000000004, 0.08435484274844957], "CERS": [-0.2202, 0.08435484274844957], "CLDN": [-0.23835, 0.08435484274844957], "CLDX": [-0.008274193548387099, 0.08435484274844957], "CLVS": [0.0, 0.08435484274844957], "CMRX": [-0.1366, 0.08435484274844957], "COLL": [-0.0843, 0.08435484274844957], "CRA": [-0.019400000000000004, 0.08435484274844957], "CRIS": [-0.0031375000000000014, 0.08435484274844957], "CTIC": [0.04935882352941176, 0.08435484274844957], "CTRX": [0.0, 0.08435484274844957], "CYTX": [0.050575, 0.08435484274844957], "DERM": [0.0, 0.08435484274844957], "DNDN": [0.0, 0.08435484274844957], "DRRX": [0.131675, 0.08435484274844957], "DSCO": [0.03726818181818181, 0.08435484274844957], "DVAX": [0.0868375, 0.08435484274844957], "DYAX": [0.08654285714285714, 0.08435484274844957], "ECYT": [-0.09528181818181816, 0.08435484274844957], "EDIT": [0.2608000000000001, 0.08435484274844957], "ENCY": [0.2802, 0.08435484274844957], "ENDP": [0.11277380952380958, 0.08435484274844957], "ENTA": [0.18885833333333335, 0.08435484274844957], "ENZN": [0.0, 0.08435484274844957], "EPZM": [0.0, 0.08435484274844957], "ESPR": [0.0, 0.08435484274844957], "EXEL": [0.0, 0.08435484274844957], "FACT": [0.2731, 0.08435484274844957], "FLKS": [0.0, 0.08435484274844957], "FMI": [0.0, 0.08435484274844957], "GBT": [0.2294, 0.08435484274844957], "GENZ": [-0.2263, 0.08435484274844957], "GERN": [0.1063220338983051, 0.08435484274844957], "GEVA": [0.0, 0.08435484274844957], "GHDX": [0.0, 0.08435484274844957], "GILD": [0.1414027777777778, 0.08435484274844957], "GRFS": [-0.006538095238095242, 0.08435484274844957], "GWPH": [0.22514545454545457, 0.08435484274844957], "HALO": [0.03982888888888888, 0.08435484274844957], "HGSI": [0.0, 0.08435484274844957], "HZNP": [0.16666944444444448, 0.08435484274844957], "ICEL": [0.4404, 0.08435484274844957], "ILMN": [0.1806, 0.08435484274844957], "ILU": [-0.3103142857142857, 0.08435484274844957], "IMGN": [0.11046428571428571, 0.08435484274844957], "IMMU": [0.18542, 0.08435484274844957], "INCR": [0.22797, 0.08435484274844957], "INCY": [0.05513333333333333, 0.08435484274844957], "INFI": [0.3818, 0.08435484274844957], "INO": [0.08899166666666665, 0.08435484274844957], "INSM": [0.0, 0.08435484274844957], "INSY": [0.34, 0.08435484274844957], "IONS": [0.09587800000000002, 0.08435484274844957], "IPXL": [0.2263, 0.08435484274844957], "ISIS": [0.0, 0.08435484274844957], "ISTA": [0.06945454545454545, 0.08435484274844957], "ITMN": [0.0, 0.08435484274844957], "JAZZ": [0.16865909090909093, 0.08435484274844957], "KERX": [0.07721818181818184, 0.08435484274844957], "LBIO": [0.06079344262295082, 0.08435484274844957], "MACK": [-0.0453, 0.08435484274844957], "MDCO": [-0.25, 0.08435484274844957], "MDVN": [0.0796125, 0.08435484274844957], "MEDI": [-0.0008478260869565225, 0.08435484274844957], "MGNX": [0.0, 0.08435484274844957], "MNK": [0.11837777777777776, 0.08435484274844957], "MNKD": [0.11837777777777776, 0.08435484274844957], "MNOV": [-0.4767, 0.08435484274844957], "MNTA": [0.4019, 0.08435484274844957], "MYL": [0.11932941176470588, 0.08435484274844957], "NABI": [0.2083, 0.08435484274844957], "NH": [0.05633076923076923, 0.08435484274844957], "NK": [0.12911363636363637, 0.08435484274844957], "NKTR": [-0.19756, 0.08435484274844957], "NLNK": [0.0, 0.08435484274844957], "NOVN": [-0.083, 0.08435484274844957], "NPSP": [0.091075, 0.08435484274844957], "NVAX": [0.0, 0.08435484274844957], "OMER": [0.05184, 0.08435484274844957], "ONCE": [0.3313846153846154, 0.08435484274844957], "ONTX": [-0.22403999999999996, 0.08435484274844957], "ONTY": [0.0, 0.08435484274844957], "ONVO": [0.06814666666666669, 0.08435484274844957], "ONXX": [0.0, 0.08435484274844957], "OPK": [-0.025144444444444445, 0.08435484274844957], "OREX": [0.004367999999999998, 0.08435484274844957], "OTIC": [0.4301333333333333, 0.08435484274844957], "PCRX": [0.0, 0.08435484274844957], "PCYC": [0.156225, 0.08435484274844957], "PDLI": [0.50105, 0.08435484274844957], "PGNX": [0.0, 0.08435484274844957], "PRGO": [0.0, 0.08435484274844957], "PRTA": [0.0, 0.08435484274844957], "PTLA": [0.06535, 0.08435484274844957], "PTX": [0.20005000000000003, 0.08435484274844957], "QCOR": [0.05741428571428571, 0.08435484274844957], "RARE": [0.1249579710144928, 0.08435484274844957], "REGN": [0.4019, 0.08435484274844957], "RLYP": [0.0, 0.08435484274844957], "RNAI": [0.0, 0.08435484274844957], "RPTP": [0.4019363636363637, 0.08435484274844957], "SAGE": [0.0, 0.08435484274844957], "SGEN": [0.10325454545454545, 0.08435484274844957], "SGMO": [0.0344, 0.08435484274844957], "SGNT": [0.0, 0.08435484274844957], "SGYP": [0.0, 0.08435484274844957], "SHPG": [0.14116761904761915, 0.08435484274844957], "SLXP": [0.17398913043478267, 0.08435484274844957], "SNTA": [0.0, 0.08435484274844957], "SNTS": [0.11758717948717952, 0.08435484274844957], "SPPI": [0.34684999999999994, 0.08435484274844957], "SQNM": [0.13548235294117647, 0.08435484274844957], "SRPT": [0.22087162162162152, 0.08435484274844957], "STEM": [-0.049980000000000004, 0.08435484274844957], "SUPN": [0.0, 0.08435484274844957], "SVNT": [0.4404, 0.08435484274844957], "TECH": [0.10279016393442623, 0.08435484274844957], "TELK": [0.296, 0.08435484274844957], "TEVA": [0.0786142857142857, 0.08435484274844957], "THLD": [0.105375, 0.08435484274844957], "THRX": [0.20095, 0.08435484274844957], "TLCR": [0.0, 0.08435484274844957], "TSRO": [0.4019, 0.08435484274844957], "USD": [0.12276551724137932, 0.08435484274844957], "UTHR": [0.369025, 0.08435484274844957], "VICL": [-0.10115, 0.08435484274844957], "VNDA": [0.10994285714285715, 0.08435484274844957], "VPHM": [0.15159331210191085, 0.08435484274844957], "VRTX": [0.31682083333333316, 0.08435484274844957], "VSTM": [-0.2732, 0.08435484274844957], "VVUS": [-0.05844375, 0.08435484274844957], "XOMA": [0.2465, 0.08435484274844957],