{"AAVL": [0.11216, 0.14827552311857387], "ACAD": [0.07308695652173913, 0.14827552311857387], "ACHN": [0.265728, 0.14827552311857387], "ACOR": [0.074, 0.14827552311857387], "ACRX": [0.45459999999999995, 0.14827552311857387], "ADMS": [0.11839999999999999, 0.14827552311857387], "ADRO": [-0.01982641509433961, 0.14827552311857387], "AEGR": [0.6343799999999999, 0.14827552311857387], "AERI": [0.07482, 0.14827552311857387], "AFFX": [0.13571666666666668, 0.14827552311857387], "AFFY": [0.277, 0.14827552311857387], "AFMD": [0.028727272727272723, 0.14827552311857387], "AGEN": [0.07704218750000001, 0.14827552311857387], "AGIO": [0.10129375000000002, 0.14827552311857387], "AGTC": [0.0, 0.14827552311857387], "AKRX": [-0.0006492957746478822, 0.14827552311857387], "ALDR": [0.24338, 0.14827552311857387], "ALIM": [0.11632857142857143, 0.14827552311857387], "ALKS": [-0.04664000000000001, 0.14827552311857387], "ALNY": [0.13950588235294123, 0.14827552311857387], "ALTH": [0.17105555555555557, 0.14827552311857387], "ALTU": [0.6925, 0.14827552311857387], "ALXA": [0.0, 0.14827552311857387], "ALXN": [0.16949285714285714, 0.14827552311857387], "AMAG": [0.6925, 0.14827552311857387], "AMGN": [0.009820873786407773, 0.14827552311857387], "AMRI": [0.0, 0.14827552311857387], "AMRN": [0.05063069306930696, 0.14827552311857387], "ANAC": [0.25688823529411775, 0.14827552311857387], "ANDS": [0.1929090909090909, 0.14827552311857387], "ANIP": [-0.03818, 0.14827552311857387], "ANTH": [0.07996666666666667, 0.14827552311857387], "AQXP": [0.0, 0.14827552311857387], "ARIA": [0.04616319999999998, 0.14827552311857387], "ARNA": [0.10746666666666665, 0.14827552311857387], "ARQL": [-0.0516, 0.14827552311857387], "ARRY": [0.1082875, 0.14827552311857387], "ARWR": [0.080575, 0.14827552311857387], "ASPX": [0.05199047619047618, 0.14827552311857387], "AST": [0.07218864864864868, 0.14827552311857387], "ASTX": [0.5707, 0.14827552311857387], "ATRA": [0.036242105263157895, 0.14827552311857387], "AVEO": [0.25336111111111115, 0.14827552311857387], "AVNR": [0.6925, 0.14827552311857387], "BCRX": [0.60152, 0.14827552311857387], "BIIB": [0.06042500000000001, 0.14827552311857387], "BIOD": [0.21877500000000003, 0.14827552311857387], "BLCM": [-0.09759999999999999, 0.14827552311857387], "BLUE": [0.10933157894736838, 0.14827552311857387], "BMRN": [0.21490000000000006, 0.14827552311857387], "BMTI": [0.296, 0.14827552311857387], "BOLD": [0.8176, 0.14827552311857387], "BPAX": [0.0, 0.14827552311857387], "BPMC": [0.18692857142857142, 0.14827552311857387], "CADX": [0.8051, 0.14827552311857387], "CALP": [0.3612, 0.14827552311857387], "CARA": [0.2673666666666667, 0.14827552311857387], "CBPO": [0.0, 0.14827552311857387], "CCXI": [0.6925, 0.14827552311857387], "CELG": [0.03089660194174758, 0.14827552311857387], "CEMP": [0.33398125000000006, 0.14827552311857387], "CEPH": [-0.32985, 0.14827552311857387], "CERS": [0.31054, 0.14827552311857387], "CGEN": [0.0, 0.14827552311857387], "CGPI": [0.0, 0.14827552311857387], "CHRS": [0.24530714285714286, 0.14827552311857387], "CLCD": [0.4767, 0.14827552311857387], "CLDN": [0.02276765799256506, 0.14827552311857387], "CLDX": [0.06304057971014494, 0.14827552311857387], "CLSD": [0.18383333333333338, 0.14827552311857387], "CLVS": [0.013662222222222223, 0.14827552311857387], "CMRX": [0.0, 0.14827552311857387], "CNCE": [0.22199999999999998, 0.14827552311857387], "CNCT": [0.2387153846153846, 0.14827552311857387], "COLL": [-0.13194, 0.14827552311857387], "COLY": [0.0, 0.14827552311857387], "CRA": [-0.18009795918367344, 0.14827552311857387], "CRIS": [0.23865, 0.14827552311857387], "CRME": [0.286775, 0.14827552311857387], "CTIC": [0.10466363636363638, 0.14827552311857387], "CTRX": [0.277, 0.14827552311857387], "CYTK": [0.0, 0.14827552311857387], "CYTX": [0.10074814814814814, 0.14827552311857387], "DBVT": [0.0, 0.14827552311857387], "DEPO": [0.2801666666666667, 0.14827552311857387], "DERM": [0.296, 0.14827552311857387], "DIGE": [-0.296, 0.14827552311857387], "DNDN": [-0.5267, 0.14827552311857387], "DRNA": [0.0, 0.14827552311857387], "DRRX": [0.11125999999999998, 0.14827552311857387], "DSCO": [0.0, 0.14827552311857387], "DVAX": [0.6089166666666667, 0.14827552311857387], "DYAX": [0.10241463414634148, 0.14827552311857387], "ECYT": [0.8143, 0.14827552311857387], "EDIT": [0.33525714285714286, 0.14827552311857387], "EGLT": [0.06743333333333333, 0.14827552311857387], "EGRX": [0.08053846153846154, 0.14827552311857387], "ENCY": [0.05570833333333331, 0.14827552311857387], "ENDP": [-0.0495148148148148, 0.14827552311857387], "ENTA": [0.10855517241379312, 0.14827552311857387], "ENZN": [0.11362222222222221, 0.14827552311857387], "EPZM": [-0.07543333333333334, 0.14827552311857387], "ESPR": [0.17471379310344828, 0.14827552311857387], "EXEL": [0.18436818181818193, 0.14827552311857387], "FACT": [-0.06914285714285714, 0.14827552311857387], "FGEN": [0.1739625, 0.14827552311857387], "FLKS": [0.0, 0.14827552311857387], "FLML": [0.0, 0.14827552311857387], "FMI": [0.0, 0.14827552311857387], "FOLD": [0.10175357142857142, 0.14827552311857387], "FOMX": [0.11538571428571427, 0.14827552311857387], "FPRX": [0.16286, 0.14827552311857387], "GERN": [-0.0052561643835616415, 0.14827552311857387], "GEVA": [0.21605, 0.14827552311857387], "GHDX": [0.074, 0.14827552311857387], "GILD": [0.0863655797101449, 0.14827552311857387], "GNVC": [0.6925, 0.14827552311857387], "GPRO": [0.06809286956521737, 0.14827552311857387], "GRFS": [-0.06071111111111111, 0.14827552311857387], "GTXI": [0.0, 0.14827552311857387], "GWPH": [0.008774999999999995, 0.14827552311857387], "HALO": [0.029942222222222235, 0.14827552311857387], "HBIO": [0.12514375, 0.14827552311857387], "HGSI": [0.0, 0.14827552311857387], "HPTX": [0.2803285714285714, 0.14827552311857387], "HZNP": [0.09944590163934426, 0.14827552311857387], "ICEL": [0.260875, 0.14827552311857387], "ICPT": [0.17324634146341467, 0.14827552311857387], "ICY": [0.145075, 0.14827552311857387], "IDIX": [0.0, 0.14827552311857387], "ILMN": [0.11201290322580644, 0.14827552311857387], "ILU": [-0.41028695652173924, 0.14827552311857387], "IMDZ": [0.22572857142857142, 0.14827552311857387], "IMGN": [0.013312121212121211, 0.14827552311857387], "IMMU": [-0.020127499999999993, 0.14827552311857387], "INCR": [0.2668790697674417, 0.14827552311857387], "INCY": [-0.008341666666666664, 0.14827552311857387], "INFI": [0.40108571428571427, 0.14827552311857387], "INGN": [0.0, 0.14827552311857387], "INO": [0.25941875000000003, 0.14827552311857387], "INSY": [0.3120357142857143, 0.14827552311857387], "IONS": [0.07281569767441855, 0.14827552311857387], "IPXL": [0.34625, 0.14827552311857387], "IRWD": [0.0, 0.14827552311857387], "ISIS": [0.2358655172413793, 0.14827552311857387], "ISTA": [-0.13283076923076925, 0.14827552311857387], "ITCI": [0.5390375000000001, 0.14827552311857387], "ITEK": [-0.0683, 0.14827552311857387], "ITMN": [-0.0772, 0.14827552311857387], "JAZZ": [0.108175, 0.14827552311857387], "JUNO": [0.10226476190476186, 0.14827552311857387], "KERX": [0.3149083333333333, 0.14827552311857387], "KITE": [0.11566588235294117, 0.14827552311857387], "KPTI": [0.29281000000000007, 0.14827552311857387], "KYTH": [-0.123875, 0.14827552311857387], "LBIO": [0.13388539325842694, 0.14827552311857387], "LGND": [0.219155, 0.14827552311857387], "LIFE": [0.22236315789473687, 0.14827552311857387], "LMNX": [0.0, 0.14827552311857387], "LOXO": [0.8519, 0.14827552311857387], "LXRX": [0.08612142857142857, 0.14827552311857387], "MACK": [-0.056490909090909064, 0.14827552311857387], "MDCO": [0.08741000000000002, 0.14827552311857387], "MDVN": [0.2493117647058824, 0.14827552311857387], "MEDI": [0.28018587301587305, 0.14827552311857387], "MGNX": [0.4981000000000001, 0.14827552311857387], "MNK": [0.07667260273972604, 0.14827552311857387], "MNKD": [0.10276960000000002, 0.14827552311857387], "MNOV": [0.04870000000000001, 0.14827552311857387], "MNTA": [0.34895, 0.14827552311857387], "MRNA": [0.173125, 0.14827552311857387],