{"ACAD": [0.06879583333333332, 0.09995590644212575], "ACOR": [-0.5084333333333334, 0.09995590644212575], "AFFX": [0.6249, 0.09995590644212575], "AGEN": [-0.5267, 0.09995590644212575], "AKRX": [0.11315, 0.09995590644212575], "ALKS": [0.0, 0.09995590644212575], "ALNY": [0.12215000000000001, 0.09995590644212575], "ALTH": [0.31245, 0.09995590644212575], "ALXA": [-0.296, 0.09995590644212575], "AMGN": [0.04381818181818181, 0.09995590644212575], "ANAC": [0.4404, 0.09995590644212575], "ANDS": [0.27144999999999997, 0.09995590644212575], "ANPI": [0.0, 0.09995590644212575], "ARIA": [-0.039233333333333315, 0.09995590644212575], "ARNA": [-0.1591, 0.09995590644212575], "AST": [0.16385384615384616, 0.09995590644212575], "BCRX": [0.07371111111111112, 0.09995590644212575], "BIIB": [-0.23835, 0.09995590644212575], "BMRN": [0.2023, 0.09995590644212575], "CALP": [0.0, 0.09995590644212575], "CRA": [0.0, 0.09995590644212575], "CRME": [0.802, 0.09995590644212575], "CTIC": [0.1317625, 0.09995590644212575], "DEPO": [0.25453333333333333, 0.09995590644212575], "DNDN": [0.0, 0.09995590644212575], "DSCO": [0.13762500000000003, 0.09995590644212575], "DVAX": [0.28764, 0.09995590644212575], "ENTA": [0.0, 0.09995590644212575], "FACT": [0.2626142857142857, 0.09995590644212575], "FMI": [0.4576, 0.09995590644212575], "FOLD": [0.3818, 0.09995590644212575], "GENZ": [0.19880909090909088, 0.09995590644212575], "GERN": [0.0, 0.09995590644212575], "GILD": [0.2407, 0.09995590644212575], "HGSI": [0.1069078431372549, 0.09995590644212575], "HZNP": [0.0, 0.09995590644212575], "ICEL": [0.8201, 0.09995590644212575], "ICOS": [0.0, 0.09995590644212575], "IMMU": [0.0, 0.09995590644212575], "INO": [-0.06554285714285714, 0.09995590644212575], "IONS": [0.10915000000000001, 0.09995590644212575], "ISTA": [0.4939, 0.09995590644212575], "JAZZ": [0.09576666666666667, 0.09995590644212575], "KERX": [-0.01220999999999999, 0.09995590644212575], "LBIO": [0.08680000000000004, 0.09995590644212575], "LIFE": [0.0, 0.09995590644212575], "LXRX": [0.0, 0.09995590644212575], "MYGN": [-0.23026666666666665, 0.09995590644212575], "NK": [0.05107000000000002, 0.09995590644212575], "NVAX": [0.023863636363636365, 0.09995590644212575], "ONTY": [0.10761249999999999, 0.09995590644212575], "ONXX": [0.148, 0.09995590644212575], "OREX": [0.0, 0.09995590644212575], "OTIC": [0.7269, 0.09995590644212575], "SAGE": [0.20229999999999998, 0.09995590644212575], "SGEN": [-0.44094999999999995, 0.09995590644212575], "SPPI": [-0.10472, 0.09995590644212575], "SQNM": [0.20190400000000003, 0.09995590644212575], "SVA": [0.2263, 0.09995590644212575], "TECH": [0.35425, 0.09995590644212575], "TEVA": [0.0, 0.09995590644212575], "USD": [0.0, 0.09995590644212575], "UTHR": [0.0, 0.09995590644212575], "VPHM": [0.03306, 0.09995590644212575], "VRNM": [0.014119999999999999, 0.09995590644212575], "VRTX": [0.0, 0.09995590644212575], "VVUS": [0.024440000000000007, 0.09995590644212575], "WCRX": [0.0, 0.09995590644212575]}