{"AAVL": [0.16763999999999998, 0.16479127468896806], "ACAD": [0.181975, 0.16479127468896806], "ACHN": [0.40711363636363634, 0.16479127468896806], "ACOR": [0.049938461538461536, 0.16479127468896806], "ACRX": [0.13634444444444446, 0.16479127468896806], "ADHD": [0.2808, 0.16479127468896806], "ADMS": [0.35232, 0.16479127468896806], "ADRO": [-0.082325, 0.16479127468896806], "AEGR": [0.4338866666666667, 0.16479127468896806], "AERI": [-0.046816666666666666, 0.16479127468896806], "AFFX": [0.2619666666666667, 0.16479127468896806], "AFFY": [0.19280000000000003, 0.16479127468896806], "AFMD": [0.39775, 0.16479127468896806], "AGEN": [0.12115, 0.16479127468896806], "AGIO": [0.08333333333333333, 0.16479127468896806], "AIMT": [-0.05338823529411765, 0.16479127468896806], "AKBA": [-0.0258, 0.16479127468896806], "AKRX": [0.04228571428571428, 0.16479127468896806], "ALDR": [0.0, 0.16479127468896806], "ALIM": [0.1703744680851064, 0.16479127468896806], "ALKS": [0.12186071428571425, 0.16479127468896806], "ALNY": [0.0, 0.16479127468896806], "ALTH": [0.09259666666666667, 0.16479127468896806], "ALTU": [0.52955, 0.16479127468896806], "ALXA": [-0.2732, 0.16479127468896806], "ALXN": [0.39740000000000003, 0.16479127468896806], "AMAG": [0.52955, 0.16479127468896806], "AMGN": [0.11903066666666667, 0.16479127468896806], "AMRN": [0.16572499999999998, 0.16479127468896806], "ANAC": [0.10895806451612905, 0.16479127468896806], "ANDS": [0.3045, 0.16479127468896806], "ANIP": [0.046262500000000005, 0.16479127468896806], "ANTH": [0.06886415094339622, 0.16479127468896806], "AQXP": [0.11013786407766991, 0.16479127468896806], "ARDX": [0.0, 0.16479127468896806], "ARIA": [0.09894901960784314, 0.16479127468896806], "ARNA": [0.2122092592592592, 0.16479127468896806], "ARQL": [0.148, 0.16479127468896806], "ARRY": [0.19760454545454545, 0.16479127468896806], "ARWR": [0.342286111111111, 0.16479127468896806], "ASPX": [-0.08025454545454545, 0.16479127468896806], "AST": [0.15644506437768263, 0.16479127468896806], "ASTX": [0.6588, 0.16479127468896806], "ATRA": [0.08457142857142856, 0.16479127468896806], "AUXL": [0.0, 0.16479127468896806], "AVEO": [0.1296596153846154, 0.16479127468896806], "AVNR": [0.49307999999999996, 0.16479127468896806], "BCRX": [0.14765769230769232, 0.16479127468896806], "BIIB": [0.11464848484848489, 0.16479127468896806], "BIOD": [0.05959868421052631, 0.16479127468896806], "BLCM": [0.0, 0.16479127468896806], "BLUE": [0.11659787234042554, 0.16479127468896806], "BMRN": [0.1316966666666667, 0.16479127468896806], "BPMC": [0.09866666666666667, 0.16479127468896806], "CADX": [0.34358, 0.16479127468896806], "CALP": [0.19125, 0.16479127468896806], "CARA": [0.3530333333333333, 0.16479127468896806], "CBPO": [0.3389, 0.16479127468896806], "CBST": [0.053380000000000004, 0.16479127468896806], "CCXI": [0.41596, 0.16479127468896806], "CELG": [0.13211923076923077, 0.16479127468896806], "CEMP": [0.018213333333333335, 0.16479127468896806], "CEPH": [0.4767, 0.16479127468896806], "CERS": [0.3530333333333333, 0.16479127468896806], "CHMA": [0.296, 0.16479127468896806], "CHRS": [0.2708, 0.16479127468896806], "CLCD": [0.0, 0.16479127468896806], "CLDN": [0.08822340425531916, 0.16479127468896806], "CLDX": [0.10684193548387096, 0.16479127468896806], "CLVS": [0.04715652173913044, 0.16479127468896806], "CMRX": [0.007999999999999997, 0.16479127468896806], "CNCE": [0.37567058823529415, 0.16479127468896806], "CNCT": [0.0, 0.16479127468896806], "COLL": [-0.027705128205128188, 0.16479127468896806], "CRA": [0.031082500000000002, 0.16479127468896806], "CRIS": [0.074, 0.16479127468896806], "CRME": [0.41302000000000005, 0.16479127468896806], "CTIC": [0.3480611111111111, 0.16479127468896806], "CTRX": [0.6588, 0.16479127468896806], "CXRX": [0.0, 0.16479127468896806], "CYTX": [0.2727124999999999, 0.16479127468896806], "DBVT": [0.0, 0.16479127468896806], "DEPO": [0.16423636363636362, 0.16479127468896806], "DERM": [0.08365263157894738, 0.16479127468896806], "DIGE": [0.0, 0.16479127468896806], "DNDN": [0.0, 0.16479127468896806], "DRNA": [0.34395000000000003, 0.16479127468896806], "DRRX": [0.0, 0.16479127468896806], "DSCO": [0.6276, 0.16479127468896806], "DVAX": [0.0449375, 0.16479127468896806], "DYAX": [0.14923500000000003, 0.16479127468896806], "ECYT": [0.4930800000000001, 0.16479127468896806], "EDIT": [0.334075, 0.16479127468896806], "EGLT": [0.28752500000000003, 0.16479127468896806], "EGRX": [0.18465, 0.16479127468896806], "EMIS": [-0.6597, 0.16479127468896806], "ENCY": [0.3455416666666667, 0.16479127468896806], "ENDP": [0.18445714285714285, 0.16479127468896806], "ENTA": [0.29474000000000006, 0.16479127468896806], "ENZN": [0.3826142857142857, 0.16479127468896806], "EPIX": [0.0, 0.16479127468896806], "EPZM": [0.485525, 0.16479127468896806], "ESPR": [0.0667231012658228, 0.16479127468896806], "EXEL": [0.13031346153846154, 0.16479127468896806], "FACT": [0.008971428571428583, 0.16479127468896806], "FGEN": [-0.16767692307692308, 0.16479127468896806], "FLKS": [0.19733333333333333, 0.16479127468896806], "FLML": [0.296, 0.16479127468896806], "FLXN": [0.296, 0.16479127468896806], "FMI": [0.09866666666666667, 0.16479127468896806], "FOLD": [0.1792057142857143, 0.16479127468896806], "FOMX": [0.3389, 0.16479127468896806], "FPRX": [0.30037142857142857, 0.16479127468896806], "GBT": [0.04019, 0.16479127468896806], "GENZ": [0.3612, 0.16479127468896806], "GERN": [0.1918122448979592, 0.16479127468896806], "GEVA": [0.3877875, 0.16479127468896806], "GHDX": [0.296, 0.16479127468896806], "GILD": [0.07713243243243244, 0.16479127468896806], "GNVC": [0.3530333333333333, 0.16479127468896806], "GPRO": [0.034555, 0.16479127468896806], "GRFS": [0.296, 0.16479127468896806], "GTXI": [0.0, 0.16479127468896806], "GWPH": [0.0, 0.16479127468896806], "HALO": [0.21599310344827588, 0.16479127468896806], "HZNP": [0.09368571428571427, 0.16479127468896806], "ICEL": [0.4294375, 0.16479127468896806], "ICPT": [0.10922500000000002, 0.16479127468896806], "ICY": [0.1901, 0.16479127468896806], "ILMN": [0.13253333333333334, 0.16479127468896806], "ILU": [-0.32552777777777775, 0.16479127468896806], "IMCL": [0.0, 0.16479127468896806], "IMDZ": [0.5267, 0.16479127468896806], "IMGN": [0.0, 0.16479127468896806], "IMMU": [0.14252222222222224, 0.16479127468896806], "INCR": [0.5506513888888889, 0.16479127468896806], "INCY": [0.2118, 0.16479127468896806], "INFI": [0.33634, 0.16479127468896806], "INGN": [-0.1366, 0.16479127468896806], "INO": [0.07868787878787878, 0.16479127468896806], "INSM": [0.2732, 0.16479127468896806], "INSY": [0.3654047619047619, 0.16479127468896806], "IONS": [0.011862068965517242, 0.16479127468896806], "IPXL": [0.2580857142857143, 0.16479127468896806], "IRWD": [0.0, 0.16479127468896806], "ISIS": [0.3612714285714286, 0.16479127468896806], "ISTA": [0.1817, 0.16479127468896806], "ITCI": [0.14077142857142858, 0.16479127468896806], "ITEK": [0.296, 0.16479127468896806], "JAZZ": [0.0, 0.16479127468896806], "JUNO": [0.15093297872340422, 0.16479127468896806], "KERX": [0.14164117647058824, 0.16479127468896806], "KITE": [0.038916666666666655, 0.16479127468896806], "KMPH": [0.3382, 0.16479127468896806], "KPTI": [0.0, 0.16479127468896806], "LBIO": [0.21039324324324324, 0.16479127468896806], "LGND": [0.1890913043478261, 0.16479127468896806], "LIFE": [0.3656500000000001, 0.16479127468896806], "LMNX": [0.0, 0.16479127468896806], "LXRX": [0.0, 0.16479127468896806], "MACK": [0.1676, 0.16479127468896806], "MAPP": [0.0, 0.16479127468896806], "MCRB": [-0.009035000000000001, 0.16479127468896806], "MDCO": [-0.025240000000000005, 0.16479127468896806], "MDVN": [0.19266250000000001, 0.16479127468896806], "MEDI": [0.16817536231884053, 0.16479127468896806], "MGNX": [0.09866666666666667, 0.16479127468896806], "MITI": [-0.2732, 0.16479127468896806], "MNK": [0.018917241379310328, 0.16479127468896806], "MNKD": [0.011995833333333338, 0.16479127468896806], "MNOV": [-0.2732, 0.16479127468896806], "MNTA": [0.0, 0.16479127468896806], "MRNA": [0.6588, 0.16479127468896806],