{"AAVL": [0.18465, 0.17250609050276824], "ACAD": [0.3497576923076923, 0.17250609050276824], "ACHN": [0.4159111111111111, 0.17250609050276824], "ACOR": [-0.010118518518518518, 0.17250609050276824], "ACRX": [0.052560416666666665, 0.17250609050276824], "ADHD": [0.32711666666666667, 0.17250609050276824], "ADRO": [0.0, 0.17250609050276824], "AEGR": [0.43835789473684217, 0.17250609050276824], "AERI": [0.0, 0.17250609050276824], "AFFX": [0.4632777777777777, 0.17250609050276824], "AFFY": [0.4632777777777778, 0.17250609050276824], "AFMD": [0.14707187500000002, 0.17250609050276824], "AGEN": [0.029599999999999998, 0.17250609050276824], "AGIX": [0.0, 0.17250609050276824], "AGTC": [0.0, 0.17250609050276824], "AKRX": [0.2394666666666667, 0.17250609050276824], "ALDR": [0.33053333333333335, 0.17250609050276824], "ALIM": [0.50205, 0.17250609050276824], "ALKS": [0.29812500000000003, 0.17250609050276824], "ALNY": [0.0, 0.17250609050276824], "ALTH": [0.17437671232876714, 0.17250609050276824], "ALTU": [0.5110714285714286, 0.17250609050276824], "ALXN": [0.23124090909090914, 0.17250609050276824], "AMAG": [0.39821000000000006, 0.17250609050276824], "AMGN": [0.09965, 0.17250609050276824], "AMPH": [0.0, 0.17250609050276824], "AMRI": [0.296, 0.17250609050276824], "AMRN": [0.13454021739130437, 0.17250609050276824], "ANAC": [0.13180294117647057, 0.17250609050276824], "ANDS": [0.03268181818181818, 0.17250609050276824], "ANIP": [0.0683, 0.17250609050276824], "ANTH": [0.05750781249999999, 0.17250609050276824], "AQXP": [-0.056833333333333326, 0.17250609050276824], "ARIA": [0.216232, 0.17250609050276824], "ARNA": [0.3975, 0.17250609050276824], "ARQL": [0.0258, 0.17250609050276824], "ARRY": [0.46568750000000003, 0.17250609050276824], "ARWR": [0.3281714285714286, 0.17250609050276824], "ASPX": [-0.20424000000000003, 0.17250609050276824], "AST": [0.13396969696969696, 0.17250609050276824], "ASTX": [0.4965333333333333, 0.17250609050276824], "ATRA": [-0.0626, 0.17250609050276824], "AVEO": [0.4627111111111111, 0.17250609050276824], "AVNR": [0.5187222222222222, 0.17250609050276824], "BCRX": [0.12402702702702703, 0.17250609050276824], "BIIB": [0.07823818181818183, 0.17250609050276824], "BIOD": [0.4215, 0.17250609050276824], "BLCM": [0.32344, 0.17250609050276824], "BLUE": [0.07643902439024389, 0.17250609050276824], "BMRN": [0.07000232558139535, 0.17250609050276824], "BPMC": [0.074, 0.17250609050276824], "CADX": [0.5110714285714285, 0.17250609050276824], "CARA": [0.3157733333333334, 0.17250609050276824], "CBPO": [0.0, 0.17250609050276824], "CCXI": [0.4471875, 0.17250609050276824], "CELG": [0.1219512396694215, 0.17250609050276824], "CEMP": [0.07805714285714285, 0.17250609050276824], "CERS": [0.25995333333333337, 0.17250609050276824], "CHMA": [0.2382, 0.17250609050276824], "CHRS": [0.6642, 0.17250609050276824], "CLCD": [0.0, 0.17250609050276824], "CLDN": [0.3118571428571429, 0.17250609050276824], "CLDX": [0.161968, 0.17250609050276824], "CLVS": [0.19715, 0.17250609050276824], "CMRX": [0.3922666666666667, 0.17250609050276824], "CNCT": [0.0, 0.17250609050276824], "COLL": [0.14528, 0.17250609050276824], "CRA": [-0.11788666666666667, 0.17250609050276824], "CRIS": [-0.03185714285714286, 0.17250609050276824], "CRME": [0.35775, 0.17250609050276824], "CTIC": [0.6249, 0.17250609050276824], "CTRX": [0.5110714285714286, 0.17250609050276824], "CYTK": [0.296, 0.17250609050276824], "CYTX": [0.32216666666666666, 0.17250609050276824], "DBVT": [0.05737592592592593, 0.17250609050276824], "DEPO": [0.19477446808510637, 0.17250609050276824], "DERM": [0.04933333333333333, 0.17250609050276824], "DNAI": [0.2382, 0.17250609050276824], "DRNA": [0.5399, 0.17250609050276824], "DRRX": [0.14509999999999992, 0.17250609050276824], "DVAX": [0.040563636363636364, 0.17250609050276824], "DYAX": [0.22087142857142858, 0.17250609050276824], "ECYT": [0.47251764705882354, 0.17250609050276824], "EDIT": [-0.0256, 0.17250609050276824], "EGLT": [-0.31245, 0.17250609050276824], "EGRX": [0.05632721893491125, 0.17250609050276824], "ENCY": [0.5437176470588234, 0.17250609050276824], "ENDP": [0.41190999999999994, 0.17250609050276824], "ENTA": [-0.0020166666666666666, 0.17250609050276824], "ENZN": [0.011603409090909093, 0.17250609050276824], "EPZM": [0.27435000000000004, 0.17250609050276824], "ESPR": [0.296, 0.17250609050276824], "EXEL": [0.10161428571428573, 0.17250609050276824], "FGEN": [0.22809090909090904, 0.17250609050276824], "FLKS": [0.148, 0.17250609050276824], "FLML": [0.07865454545454545, 0.17250609050276824], "FLXN": [0.296, 0.17250609050276824], "FMI": [0.09866666666666667, 0.17250609050276824], "FOLD": [0.03378226600985228, 0.17250609050276824], "FOMX": [0.296, 0.17250609050276824], "FPRX": [0.5110714285714286, 0.17250609050276824], "GBT": [0.0, 0.17250609050276824], "GERN": [0.053815625000000006, 0.17250609050276824], "GEVA": [0.44102727272727277, 0.17250609050276824], "GHDX": [0.0, 0.17250609050276824], "GILD": [0.047034980988593114, 0.17250609050276824], "GNVC": [0.5110714285714286, 0.17250609050276824], "GPRO": [0.006555789473684209, 0.17250609050276824], "GRFS": [0.0, 0.17250609050276824], "GWPH": [0.13904761904761903, 0.17250609050276824], "HALO": [0.0034712230215827246, 0.17250609050276824], "HZNP": [0.14244880952380953, 0.17250609050276824], "ICEL": [0.5151266666666667, 0.17250609050276824], "ICPT": [0.0, 0.17250609050276824], "ICY": [0.0, 0.17250609050276824], "ILMN": [0.03773571428571428, 0.17250609050276824], "IMGN": [0.15222727272727274, 0.17250609050276824], "IMMU": [0.2202, 0.17250609050276824], "INCR": [0.059199999999999996, 0.17250609050276824], "INCY": [0.027721052631578945, 0.17250609050276824], "INFI": [0.5110714285714286, 0.17250609050276824], "INO": [0.2910314285714286, 0.17250609050276824], "INSM": [0.0258, 0.17250609050276824], "INSY": [0.46689583333333345, 0.17250609050276824], "IONS": [0.041868421052631596, 0.17250609050276824], "IPXL": [0.5087625, 0.17250609050276824], "IRWD": [0.0, 0.17250609050276824], "ISIS": [0.1307609375, 0.17250609050276824], "ISTA": [0.18936666666666666, 0.17250609050276824], "ITCI": [0.23766875, 0.17250609050276824], "ITEK": [0.0, 0.17250609050276824], "JAZZ": [0.0, 0.17250609050276824], "JUNO": [0.14215357142857146, 0.17250609050276824], "KERX": [0.471864705882353, 0.17250609050276824], "KITE": [0.08908592592592597, 0.17250609050276824], "KPTI": [0.13212000000000004, 0.17250609050276824], "KYTH": [0.08287058823529413, 0.17250609050276824], "LBIO": [0.1295857142857143, 0.17250609050276824], "LGND": [0.44626666666666664, 0.17250609050276824], "LIFE": [0.21912105263157908, 0.17250609050276824], "LXRX": [0.0258, 0.17250609050276824], "MACK": [0.038622222222222224, 0.17250609050276824], "MCRB": [0.04068, 0.17250609050276824], "MDCO": [0.0011399999999999993, 0.17250609050276824], "MEDI": [0.20446874999999987, 0.17250609050276824], "MEDX": [0.0, 0.17250609050276824], "MGNX": [0.012686075949367093, 0.17250609050276824], "MNK": [-3.793103448275827e-05, 0.17250609050276824], "MNKD": [-3.793103448275827e-05, 0.17250609050276824], "MNOV": [0.0, 0.17250609050276824], "MNTA": [-0.1366, 0.17250609050276824], "MRNA": [0.5110714285714286, 0.17250609050276824], "MYGN": [0.5110714285714286, 0.17250609050276824], "MYL": [0.32646545454545467, 0.17250609050276824], "NABI": [0.0, 0.17250609050276824], "NBIX": [0.04144470588235293, 0.17250609050276824], "NDRM": [0.062287499999999996, 0.17250609050276824], "NH": [0.06450677966101695, 0.17250609050276824], "NK": [0.061465436241610744, 0.17250609050276824], "NKTR": [0.5110714285714286, 0.17250609050276824], "NLNK": [0.04013333333333333, 0.17250609050276824], "NPSP": [0.5012954545454545, 0.17250609050276824], "NVAX": [0.02151304347826087, 0.17250609050276824], "OCUL": [0.4404, 0.17250609050276824], "OMED": [0.4105846153846154, 0.17250609050276824], "OMER": [0.2241857142857143, 0.17250609050276824], "ONCE": [0.100475, 0.17250609050276824], "ONTY": [0.015064000000000004, 0.17250609050276824], "ONVO": [0.4045818181818182, 0.17250609050276824],