{"ACAD": [0.08778333333333332, 0.08206563055434249], "ACHN": [0.11235454545454546, 0.08206563055434249], "ACOR": [0.0, 0.08206563055434249], "ADRO": [0.20095, 0.08206563055434249], "AFFX": [0.06698333333333333, 0.08206563055434249], "AGEN": [0.3716, 0.08206563055434249], "ALKS": [0.0, 0.08206563055434249], "ALNY": [0.36985, 0.08206563055434249], "ALTH": [0.4435428571428571, 0.08206563055434249], "ALXA": [0.3501714285714286, 0.08206563055434249], "ALXN": [0.25755, 0.08206563055434249], "AMGN": [0.001381818181818186, 0.08206563055434249], "AMLN": [0.7906, 0.08206563055434249], "AMRN": [0.12994545454545453, 0.08206563055434249], "ANAC": [0.25756666666666667, 0.08206563055434249], "ANDS": [0.2553, 0.08206563055434249], "ANTH": [0.0, 0.08206563055434249], "ARIA": [0.07097407407407406, 0.08206563055434249], "ARNA": [0.038608695652173924, 0.08206563055434249], "ARQL": [0.0, 0.08206563055434249], "ARRY": [0.0, 0.08206563055434249], "ASPX": [0.10356190476190477, 0.08206563055434249], "AST": [0.031208943089430903, 0.08206563055434249], "ATRA": [0.0, 0.08206563055434249], "AVEO": [0.30105, 0.08206563055434249], "AVNR": [0.008757142857142861, 0.08206563055434249], "BCRX": [0.0, 0.08206563055434249], "BIIB": [0.11427142857142857, 0.08206563055434249], "BIOD": [0.0, 0.08206563055434249], "BLUE": [0.219475, 0.08206563055434249], "BMRN": [0.0, 0.08206563055434249], "BMTI": [0.11333333333333334, 0.08206563055434249], "BPAX": [0.27232, 0.08206563055434249], "BPMC": [0.0, 0.08206563055434249], "CALP": [0.0, 0.08206563055434249], "CBRX": [0.0, 0.08206563055434249], "CBST": [0.0, 0.08206563055434249], "CELG": [-0.1466806451612903, 0.08206563055434249], "CEPH": [0.0, 0.08206563055434249], "CERS": [0.17857142857142858, 0.08206563055434249], "CLDX": [-0.05654615384615385, 0.08206563055434249], "COLL": [-0.5859, 0.08206563055434249], "CRA": [0.1614375, 0.08206563055434249], "CRIS": [0.125, 0.08206563055434249], "CRME": [0.0, 0.08206563055434249], "CTIC": [0.4696, 0.08206563055434249], "CTRX": [0.08566923076923078, 0.08206563055434249], "CYTX": [0.14930714285714286, 0.08206563055434249], "DEPO": [0.0, 0.08206563055434249], "DNDN": [0.0064333333333333334, 0.08206563055434249], "DRNA": [0.0, 0.08206563055434249], "DSCO": [0.0, 0.08206563055434249], "DVAX": [0.21075, 0.08206563055434249], "EGRX": [0.0, 0.08206563055434249], "ENCY": [-0.11434999999999998, 0.08206563055434249], "ENDP": [0.27625714285714287, 0.08206563055434249], "ENTA": [0.13417777777777778, 0.08206563055434249], "ENZN": [0.0, 0.08206563055434249], "EXEL": [0.056606896551724135, 0.08206563055434249], "FACT": [0.027157142857142855, 0.08206563055434249], "FLML": [0.0, 0.08206563055434249], "FOLD": [0.0, 0.08206563055434249], "GENZ": [0.0, 0.08206563055434249], "GERN": [0.0, 0.08206563055434249], "GHDX": [0.0, 0.08206563055434249], "GILD": [0.08397777777777778, 0.08206563055434249], "GNVC": [0.5479, 0.08206563055434249], "GRFS": [0.0, 0.08206563055434249], "GTXI": [0.0, 0.08206563055434249], "HALO": [0.0, 0.08206563055434249], "HPTX": [0.0, 0.08206563055434249], "HZNP": [0.08620909090909092, 0.08206563055434249], "ICEL": [0.5019, 0.08206563055434249], "ICPT": [0.0, 0.08206563055434249], "ICY": [-0.02054, 0.08206563055434249], "IDIX": [-0.09048333333333335, 0.08206563055434249], "ILMN": [0.0, 0.08206563055434249], "IMGN": [0.17695000000000002, 0.08206563055434249], "IMMU": [0.2997, 0.08206563055434249], "INCR": [0.42652, 0.08206563055434249], "INCY": [0.0, 0.08206563055434249], "INFI": [-0.025733333333333334, 0.08206563055434249], "INO": [0.0, 0.08206563055434249], "IONS": [0.031113636363636357, 0.08206563055434249], "IPXL": [0.28099999999999997, 0.08206563055434249], "IRWD": [0.0, 0.08206563055434249], "ISIS": [0.26496, 0.08206563055434249], "ISTA": [-0.005850000000000004, 0.08206563055434249], "ITMN": [-0.05093333333333333, 0.08206563055434249], "JAZZ": [0.16094, 0.08206563055434249], "KERX": [-0.4939, 0.08206563055434249], "LBIO": [-0.04748333333333333, 0.08206563055434249], "LGND": [0.1909, 0.08206563055434249], "LIFE": [0.06748571428571429, 0.08206563055434249], "LXRX": [0.0, 0.08206563055434249], "MACK": [0.11424999999999999, 0.08206563055434249], "MAPP": [0.11038571428571428, 0.08206563055434249], "MAXY": [0.0, 0.08206563055434249], "MDVN": [0.0, 0.08206563055434249], "MEDI": [-0.022587499999999996, 0.08206563055434249], "MNK": [-0.29396666666666665, 0.08206563055434249], "MNKD": [-0.29396666666666665, 0.08206563055434249], "MRNA": [0.0, 0.08206563055434249], "MYGN": [-0.0801857142857143, 0.08206563055434249], "MYL": [0.0, 0.08206563055434249], "NABI": [0.2023, 0.08206563055434249], "NBIX": [0.19788, 0.08206563055434249], "NH": [0.1680357142857143, 0.08206563055434249], "NK": [0.03393508771929825, 0.08206563055434249], "NKTR": [0.0, 0.08206563055434249], "NVAX": [0.1560078947368421, 0.08206563055434249], "ONCE": [-0.21989999999999998, 0.08206563055434249], "ONTY": [0.08457142857142856, 0.08206563055434249], "ONVO": [0.39164444444444446, 0.08206563055434249], "ONXX": [0.14955, 0.08206563055434249], "OPK": [0.2495166666666667, 0.08206563055434249], "OPTR": [-0.7351, 0.08206563055434249], "OREX": [0.039556249999999994, 0.08206563055434249], "OSCI": [0.0, 0.08206563055434249], "OSIR": [0.0, 0.08206563055434249], "PANC": [-0.5328999999999999, 0.08206563055434249], "PCYC": [0.134175, 0.08206563055434249], "POZN": [0.14486666666666667, 0.08206563055434249], "PTX": [0.0, 0.08206563055434249], "QCOR": [0.06698333333333333, 0.08206563055434249], "RARE": [0.16688181818181816, 0.08206563055434249], "REGN": [0.008784999999999996, 0.08206563055434249], "RGLS": [0.0, 0.08206563055434249], "RPTP": [0.0, 0.08206563055434249], "SAGE": [0.1319818181818182, 0.08206563055434249], "SCLN": [0.0, 0.08206563055434249], "SCMP": [0.25, 0.08206563055434249], "SGEN": [0.09038333333333333, 0.08206563055434249], "SGMO": [0.0, 0.08206563055434249], "SGYP": [0.125, 0.08206563055434249], "SHPG": [0.13396666666666665, 0.08206563055434249], "SNTA": [0.1749524390243902, 0.08206563055434249], "SNTS": [0.0, 0.08206563055434249], "SPPI": [-0.061099999999999995, 0.08206563055434249], "SQNM": [0.07593333333333334, 0.08206563055434249], "SRPT": [0.18043896103896107, 0.08206563055434249], "STEM": [0.12777500000000003, 0.08206563055434249], "SVNT": [0.0, 0.08206563055434249], "TARO": [0.0, 0.08206563055434249], "TECH": [0.15704242424242426, 0.08206563055434249], "TEVA": [0.3592, 0.08206563055434249], "THLD": [-0.0058462962962962835, 0.08206563055434249], "USD": [0.029723204419889505, 0.08206563055434249], "UTHR": [0.45760000000000006, 0.08206563055434249], "VNDA": [0.6249, 0.08206563055434249], "VPHM": [0.3612, 0.08206563055434249], "VRNM": [0.0, 0.08206563055434249], "VRTX": [-0.07418461538461539, 0.08206563055434249], "VVUS": [-0.04056842105263158, 0.08206563055434249], "WCRX": [0.2294, 0.08206563055434249], "XNPT": [0.5592, 0.08206563055434249], "ZGNX": [0.29704800000000003, 0.08206563055434249], "ZLCS": [0.21034166666666668, 0.08206563055434249]}