{"AAVL": [0.4404, 0.13214952910523278], "ACAD": [0.31950833333333334, 0.13214952910523278], "ACRX": [0.4135333333333333, 0.13214952910523278], "ADRO": [0.0, 0.13214952910523278], "AEGR": [-0.05464, 0.13214952910523278], "AFMD": [0.30960000000000004, 0.13214952910523278], "AGEN": [0.0, 0.13214952910523278], "AGTC": [0.0, 0.13214952910523278], "AKRX": [0.7184, 0.13214952910523278], "ALDR": [-0.128, 0.13214952910523278], "ALKS": [0.0, 0.13214952910523278], "ALNY": [0.0, 0.13214952910523278], "ALTH": [0.16386666666666663, 0.13214952910523278], "ALXN": [0.0, 0.13214952910523278], "AMGN": [0.12130909090909091, 0.13214952910523278], "AMRN": [0.0, 0.13214952910523278], "ANIP": [0.4095555555555556, 0.13214952910523278], "ANTH": [0.5994, 0.13214952910523278], "AQXP": [0.0, 0.13214952910523278], "ARDX": [0.0, 0.13214952910523278], "ARIA": [0.0, 0.13214952910523278], "ARRY": [0.0, 0.13214952910523278], "ARWR": [0.12315, 0.13214952910523278], "ASPX": [-0.255225, 0.13214952910523278], "AST": [0.02475625000000002, 0.13214952910523278], "ATRA": [0.0, 0.13214952910523278], "BGNE": [0.0, 0.13214952910523278], "BIIB": [0.14494999999999997, 0.13214952910523278], "BLCM": [0.0, 0.13214952910523278], "BLUE": [0.7574, 0.13214952910523278], "BMRN": [0.1749, 0.13214952910523278], "CARA": [0.0, 0.13214952910523278], "CASC": [-0.296, 0.13214952910523278], "CBPO": [0.3182, 0.13214952910523278], "CELG": [0.08481818181818182, 0.13214952910523278], "CEMP": [0.1366, 0.13214952910523278], "CERS": [0.24695, 0.13214952910523278], "CGEN": [0.0, 0.13214952910523278], "CHRS": [0.0, 0.13214952910523278], "CLDN": [0.2732, 0.13214952910523278], "CLDX": [0.5106, 0.13214952910523278], "CMRX": [0.0, 0.13214952910523278], "COLL": [0.0, 0.13214952910523278], "CRA": [0.1974, 0.13214952910523278], "CRIS": [0.0, 0.13214952910523278], "CTIC": [0.0, 0.13214952910523278], "CYTK": [0.0, 0.13214952910523278], "CYTX": [0.618, 0.13214952910523278], "DERM": [0.296, 0.13214952910523278], "DNAI": [0.7003, 0.13214952910523278], "DRNA": [0.2746, 0.13214952910523278], "DRRX": [0.1719, 0.13214952910523278], "DVAX": [0.0, 0.13214952910523278], "DYAX": [0.0, 0.13214952910523278], "EDIT": [0.2853333333333334, 0.13214952910523278], "EGLT": [0.0, 0.13214952910523278], "EMIS": [0.0, 0.13214952910523278], "ENDP": [0.16223846153846155, 0.13214952910523278], "ENTA": [0.12663333333333335, 0.13214952910523278], "ENZN": [0.296, 0.13214952910523278], "EPZM": [-0.0675121212121212, 0.13214952910523278], "ESPR": [0.296, 0.13214952910523278], "EXEL": [0.0, 0.13214952910523278], "FACT": [0.2842, 0.13214952910523278], "FGEN": [0.148, 0.13214952910523278], "FLKS": [0.5859, 0.13214952910523278], "FLML": [0.296, 0.13214952910523278], "FMI": [0.148, 0.13214952910523278], "FOLD": [0.326725, 0.13214952910523278], "FPRX": [0.0, 0.13214952910523278], "FURX": [0.296, 0.13214952910523278], "GBT": [-0.5267, 0.13214952910523278], "GERN": [0.09866666666666667, 0.13214952910523278], "GEVA": [0.10615000000000001, 0.13214952910523278], "GHDX": [0.296, 0.13214952910523278], "GILD": [0.18545925925925924, 0.13214952910523278], "GNVC": [0.296, 0.13214952910523278], "GPRO": [0.14132499999999998, 0.13214952910523278], "GRFS": [0.296, 0.13214952910523278], "HALO": [0.07297142857142859, 0.13214952910523278], "HBIO": [0.296, 0.13214952910523278], "HITK": [0.296, 0.13214952910523278], "HPTX": [0.296, 0.13214952910523278], "HZNP": [0.09866666666666667, 0.13214952910523278], "ICPT": [-0.030657142857142865, 0.13214952910523278], "ICY": [0.34, 0.13214952910523278], "IDIX": [0.296, 0.13214952910523278], "ILMN": [0.0, 0.13214952910523278], "ILU": [-0.4847, 0.13214952910523278], "IMDZ": [0.56696, 0.13214952910523278], "IMGN": [0.0, 0.13214952910523278], "IMMU": [0.3758153846153846, 0.13214952910523278], "INCR": [0.24567999999999998, 0.13214952910523278], "INCY": [0.006666666666666664, 0.13214952910523278], "INFI": [-0.03462142857142857, 0.13214952910523278], "INO": [0.20079999999999998, 0.13214952910523278], "INSM": [-0.13090000000000002, 0.13214952910523278], "INSY": [-0.00462999999999999, 0.13214952910523278], "IONS": [0.26898421052631577, 0.13214952910523278], "IPXL": [0.09866666666666667, 0.13214952910523278], "IRWD": [0.09866666666666667, 0.13214952910523278], "ISIS": [0.6729333333333334, 0.13214952910523278], "ITCI": [0.0, 0.13214952910523278], "ITEK": [0.151, 0.13214952910523278], "ITMN": [0.296, 0.13214952910523278], "JAZZ": [0.0, 0.13214952910523278], "JUNO": [0.1673916666666667, 0.13214952910523278], "KERX": [0.0, 0.13214952910523278], "KITE": [-0.07148333333333333, 0.13214952910523278], "KMPH": [0.7177, 0.13214952910523278], "LBIO": [0.28768695652173915, 0.13214952910523278], "LGND": [0.0, 0.13214952910523278], "LIFE": [0.11753749999999999, 0.13214952910523278], "LMNX": [0.05146666666666667, 0.13214952910523278], "LOXO": [0.0, 0.13214952910523278], "MACK": [0.07987999999999999, 0.13214952910523278], "MDCO": [0.14237142857142857, 0.13214952910523278], "MDVN": [0.0625, 0.13214952910523278], "MEDI": [0.10276538461538458, 0.13214952910523278], "MNK": [0.18977142857142856, 0.13214952910523278], "MNKD": [0.1101, 0.13214952910523278], "MNTA": [0.34040000000000004, 0.13214952910523278], "MRNA": [-0.296, 0.13214952910523278], "MYGN": [0.46645000000000003, 0.13214952910523278], "MYL": [0.0, 0.13214952910523278], "NABI": [0.0, 0.13214952910523278], "NBIX": [0.296, 0.13214952910523278], "NDRM": [0.0, 0.13214952910523278], "NH": [0.02205454545454547, 0.13214952910523278], "NK": [0.14517941176470586, 0.13214952910523278], "NLNK": [0.17759999999999998, 0.13214952910523278], "NSTG": [0.0, 0.13214952910523278], "NVAX": [0.08332222222222223, 0.13214952910523278], "NVCR": [0.3182, 0.13214952910523278], "OCUL": [0.0, 0.13214952910523278], "OMED": [0.3558666666666666, 0.13214952910523278], "OMPI": [0.0, 0.13214952910523278], "ONCE": [0.7574, 0.13214952910523278], "ONTY": [-0.296, 0.13214952910523278], "OPHT": [0.0, 0.13214952910523278], "OPK": [0.14354, 0.13214952910523278], "OREX": [-0.02439999999999999, 0.13214952910523278], "OSCI": [0.212, 0.13214952910523278], "OTIC": [0.0, 0.13214952910523278], "OVAS": [0.6036, 0.13214952910523278], "PACB": [-0.056866666666666676, 0.13214952910523278], "PANC": [-0.2294, 0.13214952910523278], "PTCT": [0.8614, 0.13214952910523278], "PTX": [0.09866666666666667, 0.13214952910523278], "RARE": [0.0, 0.13214952910523278], "RLYP": [-0.7269, 0.13214952910523278], "RNAI": [0.0, 0.13214952910523278], "RVNC": [-0.5267, 0.13214952910523278], "SAGE": [0.24337999999999999, 0.13214952910523278], "SCLN": [0.148, 0.13214952910523278], "SGEN": [0.0, 0.13214952910523278], "SGMO": [0.0, 0.13214952910523278], "SGNT": [0.0, 0.13214952910523278], "SGYP": [0.5256, 0.13214952910523278], "SHPG": [0.3405, 0.13214952910523278], "SNTA": [0.4215, 0.13214952910523278], "SPPI": [-0.181725, 0.13214952910523278], "SQNM": [0.0, 0.13214952910523278], "SRPT": [0.29524285714285714, 0.13214952910523278], "STEM": [-0.025499999999999988, 0.13214952910523278], "TBPH": [0.34, 0.13214952910523278], "TECH": [0.06811162790697675, 0.13214952910523278], "TEVA": [0.0, 0.13214952910523278], "TSRO": [0.0, 0.13214952910523278], "USD": [0.0, 0.13214952910523278], "UTHR": [0.3062, 0.13214952910523278], "VICL": [0.0, 0.13214952910523278], "VNDA": [0.0, 0.13214952910523278], "VRTX": [0.0, 0.13214952910523278], "VTAE": [0.296, 0.13214952910523278], "VVUS": [0.8478, 0.13214952910523278], "XBIT": [0.0, 0.13214952910523278], "XLRN": [0.0, 0.13214952910523278], "XNCR": [0.16419999999999998, 0.13214952910523278], "XNPT": [0.3612, 0.13214952910523278], "XOMA": [0.1925, 0.13214952910523278], "ZGNX": [0.0, 0.13214952910523278], "ZSPH": [-0.7269, 0.13214952910523278]}