{"ACHN": [0.0, 0.1270965969567047], "ACRX": [0.0, 0.1270965969567047], "ADRO": [0.4019, 0.1270965969567047], "AKRX": [0.0, 0.1270965969567047], "ALKS": [0.09576666666666667, 0.1270965969567047], "ALNY": [0.0, 0.1270965969567047], "ALTH": [0.146475, 0.1270965969567047], "ALXA": [0.0, 0.1270965969567047], "ALXN": [0.90305, 0.1270965969567047], "AMAG": [0.0, 0.1270965969567047], "AMGN": [0.7299749999999999, 0.1270965969567047], "AMRN": [0.0677, 0.1270965969567047], "ANDS": [0.058633333333333336, 0.1270965969567047], "ANTH": [0.0, 0.1270965969567047], "ARIA": [0.0, 0.1270965969567047], "ARNA": [0.113375, 0.1270965969567047], "ARRY": [0.0, 0.1270965969567047], "ASPX": [0.11494025974025977, 0.1270965969567047], "AST": [0.06948387096774196, 0.1270965969567047], "ASTX": [0.0, 0.1270965969567047], "BCRX": [0.0, 0.1270965969567047], "BIIB": [0.2553, 0.1270965969567047], "BLUE": [0.1562, 0.1270965969567047], "BMRN": [0.2023, 0.1270965969567047], "CASC": [0.0, 0.1270965969567047], "CBST": [0.0, 0.1270965969567047], "CCXI": [0.0, 0.1270965969567047], "CELG": [0.37085500000000005, 0.1270965969567047], "CERS": [0.148, 0.1270965969567047], "CGEN": [0.0, 0.1270965969567047], "CLDX": [0.0, 0.1270965969567047], "COLL": [0.3818, 0.1270965969567047], "CRA": [0.47791111111111106, 0.1270965969567047], "CYTK": [0.0, 0.1270965969567047], "DEPO": [0.0, 0.1270965969567047], "DNDN": [0.4588, 0.1270965969567047], "DVAX": [0.23556923076923075, 0.1270965969567047], "DYAX": [0.0, 0.1270965969567047], "EDIT": [0.3612, 0.1270965969567047], "EGRX": [0.0, 0.1270965969567047], "EMIS": [0.4019, 0.1270965969567047], "ENCY": [0.042666666666666665, 0.1270965969567047], "ENDP": [0.10115, 0.1270965969567047], "EXEL": [0.0, 0.1270965969567047], "FACT": [0.1806, 0.1270965969567047], "FLKS": [0.15086666666666668, 0.1270965969567047], "FOLD": [0.2202, 0.1270965969567047], "FURX": [0.0, 0.1270965969567047], "GERN": [-0.10626666666666666, 0.1270965969567047], "GHDX": [0.0, 0.1270965969567047], "GILD": [0.08984666666666666, 0.1270965969567047], "GRFS": [0.0, 0.1270965969567047], "HALO": [0.0, 0.1270965969567047], "HGSI": [0.296, 0.1270965969567047], "HPTX": [-0.09866666666666667, 0.1270965969567047], "HZNP": [0.0, 0.1270965969567047], "ICEL": [0.4404, 0.1270965969567047], "ICY": [-0.0128375, 0.1270965969567047], "IDIX": [0.10115, 0.1270965969567047], "ILMN": [0.329125, 0.1270965969567047], "INCY": [0.0, 0.1270965969567047], "INFI": [0.10115, 0.1270965969567047], "INSM": [0.0, 0.1270965969567047], "IONS": [0.1147, 0.1270965969567047], "IPXL": [-0.09866666666666667, 0.1270965969567047], "ISTA": [0.0, 0.1270965969567047], "ITMN": [0.0, 0.1270965969567047], "JAZZ": [0.0, 0.1270965969567047], "LBIO": [0.07024999999999999, 0.1270965969567047], "LGND": [0.5628, 0.1270965969567047], "LIFE": [0.0, 0.1270965969567047], "MACK": [0.0, 0.1270965969567047], "MDVN": [0.0, 0.1270965969567047], "MEDI": [0.2253166666666667, 0.1270965969567047], "MYGN": [0.2023, 0.1270965969567047], "MYRX": [0.5106, 0.1270965969567047], "NH": [0.0, 0.1270965969567047], "NK": [0.074275, 0.1270965969567047], "NLNK": [0.4767, 0.1270965969567047], "OMED": [0.5574, 0.1270965969567047], "OMER": [0.0, 0.1270965969567047], "OMPI": [0.0, 0.1270965969567047], "ONTY": [0.0, 0.1270965969567047], "ONXX": [0.0, 0.1270965969567047], "OREX": [0.0, 0.1270965969567047], "OSCI": [0.3182, 0.1270965969567047], "PACB": [0.37929999999999997, 0.1270965969567047], "PANC": [0.4767, 0.1270965969567047], "PARD": [0.0, 0.1270965969567047], "POZN": [0.4404, 0.1270965969567047], "PTIE": [-0.3182, 0.1270965969567047], "PTX": [-0.09866666666666667, 0.1270965969567047], "REGN": [0.04916666666666667, 0.1270965969567047], "SAGE": [0.15756226415094343, 0.1270965969567047], "SCMP": [0.0, 0.1270965969567047], "SGYP": [-0.11279999999999998, 0.1270965969567047], "SHPG": [0.0, 0.1270965969567047], "SNTS": [0.0, 0.1270965969567047], "SPPI": [0.7506, 0.1270965969567047], "SQNM": [0.2023, 0.1270965969567047], "SRPT": [0.14909999999999998, 0.1270965969567047], "STEM": [0.10384, 0.1270965969567047], "SVA": [0.4215, 0.1270965969567047], "TECH": [0.03653636363636364, 0.1270965969567047], "TEVA": [0.0, 0.1270965969567047], "THLD": [0.0, 0.1270965969567047], "USD": [0.0896563829787234, 0.1270965969567047], "UTHR": [0.4215, 0.1270965969567047], "VICL": [0.0, 0.1270965969567047], "VNDA": [0.33768, 0.1270965969567047], "VPHM": [0.0, 0.1270965969567047], "VRTX": [0.0, 0.1270965969567047], "VRUS": [0.0, 0.1270965969567047], "WCRX": [0.0, 0.1270965969567047], "ZLCS": [0.12954000000000002, 0.1270965969567047]}