{"AAVL": [0.21102857142857143, 0.08167953376448324], "ACAD": [0.2537314285714286, 0.08167953376448324], "ACHN": [0.11099999999999999, 0.08167953376448324], "ACOR": [0.0, 0.08167953376448324], "ACRX": [0.12880714285714287, 0.08167953376448324], "ADHD": [0.0, 0.08167953376448324], "ADMS": [0.1053625, 0.08167953376448324], "ADRO": [0.0, 0.08167953376448324], "ADVM": [0.0, 0.08167953376448324], "AEGR": [0.0, 0.08167953376448324], "AERI": [0.034779310344827584, 0.08167953376448324], "AFFX": [0.0, 0.08167953376448324], "AFFY": [0.0, 0.08167953376448324], "AFMD": [0.26516666666666666, 0.08167953376448324], "AGEN": [0.18786250000000002, 0.08167953376448324], "AGIO": [0.05666666666666667, 0.08167953376448324], "AGTC": [0.06657777777777779, 0.08167953376448324], "AIMT": [0.0, 0.08167953376448324], "AKBA": [0.0, 0.08167953376448324], "AKRX": [0.2989857142857143, 0.08167953376448324], "ALDR": [0.0, 0.08167953376448324], "ALIM": [0.052777777777777764, 0.08167953376448324], "ALKS": [0.2969333333333333, 0.08167953376448324], "ALNY": [0.09176, 0.08167953376448324], "ALTH": [0.11544666666666667, 0.08167953376448324], "ALXA": [0.0, 0.08167953376448324], "ALXN": [0.1986470588235294, 0.08167953376448324], "AMAG": [0.03232857142857143, 0.08167953376448324], "AMGN": [0.18531250000000005, 0.08167953376448324], "AMPH": [0.0, 0.08167953376448324], "AMRI": [0.0, 0.08167953376448324], "AMRN": [0.31845, 0.08167953376448324], "ANAC": [0.0, 0.08167953376448324], "ANDS": [0.05135, 0.08167953376448324], "ANIP": [0.0, 0.08167953376448324], "ANTH": [0.15330000000000002, 0.08167953376448324], "AQXP": [-0.05303333333333333, 0.08167953376448324], "ARDX": [0.0, 0.08167953376448324], "ARIA": [0.09502857142857142, 0.08167953376448324], "ARLZ": [0.0, 0.08167953376448324], "ARNA": [0.17654999999999998, 0.08167953376448324], "ARQL": [0.0, 0.08167953376448324], "ARRY": [0.2849294117647059, 0.08167953376448324], "ARWR": [0.366, 0.08167953376448324], "ASPX": [0.443, 0.08167953376448324], "AST": [0.15921071428571423, 0.08167953376448324], "ASTX": [0.0, 0.08167953376448324], "AUXL": [0.0, 0.08167953376448324], "AVEO": [0.0, 0.08167953376448324], "AVNR": [0.0, 0.08167953376448324], "AVXS": [0.0, 0.08167953376448324], "BCRX": [0.14008888888888887, 0.08167953376448324], "BIIB": [0.07237058823529412, 0.08167953376448324], "BIOD": [0.07646666666666667, 0.08167953376448324], "BLCM": [0.31752, 0.08167953376448324], "BLUE": [0.15592972972972977, 0.08167953376448324], "BMRN": [0.16835833333333336, 0.08167953376448324], "BMTI": [0.0, 0.08167953376448324], "BOLD": [0.296, 0.08167953376448324], "CARA": [0.13266666666666668, 0.08167953376448324], "CBPO": [0.0, 0.08167953376448324], "CCXI": [0.0, 0.08167953376448324], "CELG": [0.12222727272727274, 0.08167953376448324], "CEMP": [0.08704285714285713, 0.08167953376448324], "CERS": [0.25294545454545453, 0.08167953376448324], "CGEN": [0.0, 0.08167953376448324], "CHRS": [0.18908571428571427, 0.08167953376448324], "CLCD": [0.10729999999999999, 0.08167953376448324], "CLDN": [0.4264333333333334, 0.08167953376448324], "CLDX": [0.31845, 0.08167953376448324], "CLVS": [0.05514666666666667, 0.08167953376448324], "CMRX": [0.037, 0.08167953376448324], "CNCE": [0.0, 0.08167953376448324], "COLL": [-0.13218, 0.08167953376448324], "CRA": [-0.11991666666666667, 0.08167953376448324], "CRIS": [0.2360125, 0.08167953376448324], "CRME": [0.0, 0.08167953376448324], "CTIC": [0.0, 0.08167953376448324], "CTRX": [0.0, 0.08167953376448324], "CXRX": [-0.012532000000000001, 0.08167953376448324], "CYTK": [0.24619999999999997, 0.08167953376448324], "CYTX": [0.0, 0.08167953376448324], "DEPO": [0.04692272727272726, 0.08167953376448324], "DERM": [0.3241, 0.08167953376448324], "DNDN": [0.0, 0.08167953376448324], "DRNA": [0.2715, 0.08167953376448324], "DRRX": [0.0, 0.08167953376448324], "DSCO": [0.0, 0.08167953376448324], "DVAX": [-0.13212000000000002, 0.08167953376448324], "DYAX": [0.0, 0.08167953376448324], "ECYT": [0.0, 0.08167953376448324], "EDIT": [0.1591, 0.08167953376448324], "EGLT": [0.20814, 0.08167953376448324], "EGRX": [0.14772000000000002, 0.08167953376448324], "EMIS": [0.07146666666666666, 0.08167953376448324], "ENCY": [-0.3818, 0.08167953376448324], "ENDP": [-0.0779681818181818, 0.08167953376448324], "ENTA": [0.047893333333333336, 0.08167953376448324], "ENZN": [0.0, 0.08167953376448324], "EPZM": [0.04641428571428573, 0.08167953376448324], "ESPR": [0.0, 0.08167953376448324], "EXEL": [0.19407692307692312, 0.08167953376448324], "FACT": [-0.4767, 0.08167953376448324], "FGEN": [0.052826086956521745, 0.08167953376448324], "FLKS": [0.0, 0.08167953376448324], "FLML": [0.0, 0.08167953376448324], "FLXN": [-0.014175000000000007, 0.08167953376448324], "FMI": [0.0, 0.08167953376448324], "FOLD": [0.005514285714285715, 0.08167953376448324], "FOMX": [0.0, 0.08167953376448324], "FPRX": [0.40145000000000003, 0.08167953376448324], "FURX": [0.0, 0.08167953376448324], "GBT": [0.3075, 0.08167953376448324], "GERN": [0.2211777777777778, 0.08167953376448324], "GEVA": [0.0909857142857143, 0.08167953376448324], "GHDX": [0.0, 0.08167953376448324], "GILD": [0.13206309523809526, 0.08167953376448324], "GNVC": [0.2553, 0.08167953376448324], "GPRO": [0.08538249999999999, 0.08167953376448324], "GRFS": [0.0, 0.08167953376448324], "GTXI": [0.0, 0.08167953376448324], "GWPH": [0.5859, 0.08167953376448324], "HALO": [0.15848260869565217, 0.08167953376448324], "HBIO": [-0.44586666666666663, 0.08167953376448324], "HITK": [0.0, 0.08167953376448324], "HPTX": [0.0, 0.08167953376448324], "HZNP": [0.039775, 0.08167953376448324], "ICEL": [0.0, 0.08167953376448324], "ICPT": [-0.0053461538461538425, 0.08167953376448324], "ICY": [0.46655, 0.08167953376448324], "IDIX": [0.0, 0.08167953376448324], "ILMN": [0.1149818181818182, 0.08167953376448324], "ILU": [-0.11927499999999999, 0.08167953376448324], "IMDZ": [0.0, 0.08167953376448324], "IMGN": [0.0, 0.08167953376448324], "IMMU": [0.2763666666666667, 0.08167953376448324], "INCR": [0.12098461538461538, 0.08167953376448324], "INCY": [0.14408947368421055, 0.08167953376448324], "INFI": [-0.1468, 0.08167953376448324], "INO": [0.2927642857142857, 0.08167953376448324], "INSM": [0.0, 0.08167953376448324], "INSY": [0.146475, 0.08167953376448324], "INVA": [0.0, 0.08167953376448324], "IONS": [0.1401016666666667, 0.08167953376448324], "IPXL": [0.0, 0.08167953376448324], "IRWD": [0.0, 0.08167953376448324], "ISIS": [0.38505000000000006, 0.08167953376448324], "ISTA": [0.1898, 0.08167953376448324], "ITCI": [0.0, 0.08167953376448324], "ITEK": [-0.030355555555555556, 0.08167953376448324], "ITMN": [0.0, 0.08167953376448324], "JAZZ": [0.100475, 0.08167953376448324], "JUNO": [0.34571666666666667, 0.08167953376448324], "KERX": [0.22018888888888888, 0.08167953376448324], "KITE": [0.09831666666666666, 0.08167953376448324], "KMPH": [-0.03260000000000002, 0.08167953376448324], "KPTI": [0.0, 0.08167953376448324], "KYTH": [0.0, 0.08167953376448324], "LBIO": [0.31573666666666667, 0.08167953376448324], "LGND": [0.29628333333333334, 0.08167953376448324], "LIFC": [-0.2263, 0.08167953376448324], "LIFE": [0.3392, 0.08167953376448324], "LMNX": [0.0, 0.08167953376448324], "LOXO": [0.23835, 0.08167953376448324], "LXRX": [0.10348235294117647, 0.08167953376448324], "MACK": [0.0826125, 0.08167953376448324], "MAPP": [0.2587333333333333, 0.08167953376448324], "MCRB": [0.2553, 0.08167953376448324], "MDCO": [0.0, 0.08167953376448324], "MDVN": [0.14777142857142858, 0.08167953376448324], "MEDI": [0.012304477611940295, 0.08167953376448324], "MGNX": [0.0, 0.08167953376448324], "MNK": [0.14607096774193548, 0.08167953376448324], "MNKD": [0.1402125, 0.08167953376448324], "MNOV": [0.0, 0.08167953376448324], "MNTA": [0.0, 0.08167953376448324], "MRNA": [0.0, 0.08167953376448324], "MYGN": [0.0, 0.08167953376448324], "MYL": [0.06114166666666666, 0.08167953376448324], "MYRX": [0.0, 0.08167953376448324], "NABI": [0.0, 0.08167953376448324], "NBIX": [0.09538, 0.08167953376448324], "NDRM": [0.14985, 0.08167953376448324],