{"AAVL": [0.2462, 0.13610021143239082], "ACAD": [0.09346315789473683, 0.13610021143239082], "ACHN": [0.3046625, 0.13610021143239082], "ACOR": [0.02220757575757576, 0.13610021143239082], "ACRX": [0.0, 0.13610021143239082], "ADHD": [0.1806, 0.13610021143239082], "ADMS": [0.15253333333333335, 0.13610021143239082], "ADRO": [0.0, 0.13610021143239082], "AEGR": [0.0, 0.13610021143239082], "AERI": [0.22124285714285713, 0.13610021143239082], "AFMD": [0.278425, 0.13610021143239082], "AGEN": [0.1283825454545455, 0.13610021143239082], "AGIO": [0.10775294117647058, 0.13610021143239082], "AGTC": [0.27585, 0.13610021143239082], "AIMT": [0.0, 0.13610021143239082], "AKBA": [0.07092941176470588, 0.13610021143239082], "AKRX": [0.5719, 0.13610021143239082], "ALDR": [0.2553, 0.13610021143239082], "ALIM": [0.20684, 0.13610021143239082], "ALKS": [0.21075, 0.13610021143239082], "ALNY": [0.058915384615384626, 0.13610021143239082], "ALTH": [0.17053535353535348, 0.13610021143239082], "ALXN": [0.15551454545454546, 0.13610021143239082], "AMAG": [0.10118666666666665, 0.13610021143239082], "AMGN": [0.16312131147540987, 0.13610021143239082], "AMRI": [0.0, 0.13610021143239082], "AMRN": [0.2239888888888889, 0.13610021143239082], "ANDS": [0.08665, 0.13610021143239082], "ANIP": [0.0, 0.13610021143239082], "ANTH": [0.10642499999999999, 0.13610021143239082], "ARDX": [0.0, 0.13610021143239082], "ARIA": [0.14710416666666667, 0.13610021143239082], "ARLZ": [0.06755, 0.13610021143239082], "ARNA": [0.0335423076923077, 0.13610021143239082], "ARQL": [0.3457666666666667, 0.13610021143239082], "ARRY": [0.2090235294117647, 0.13610021143239082], "ARWR": [0.05257333333333333, 0.13610021143239082], "ASPX": [0.23880000000000004, 0.13610021143239082], "AST": [0.12962447552447554, 0.13610021143239082], "ATRA": [0.24755555555555558, 0.13610021143239082], "AUXL": [0.0, 0.13610021143239082], "AVDL": [0.0, 0.13610021143239082], "AVEO": [0.18347000000000002, 0.13610021143239082], "AVXS": [0.1304275862068966, 0.13610021143239082], "BCRX": [0.18644999999999998, 0.13610021143239082], "BGNE": [0.2615846153846154, 0.13610021143239082], "BIIB": [0.13236363636363638, 0.13610021143239082], "BIOD": [0.0, 0.13610021143239082], "BIOV": [0.24695, 0.13610021143239082], "BLCM": [0.22843181818181818, 0.13610021143239082], "BLUE": [0.08436263736263737, 0.13610021143239082], "BMRN": [0.024603030303030304, 0.13610021143239082], "BOLD": [0.12429999999999998, 0.13610021143239082], "BPMC": [0.142375, 0.13610021143239082], "CALP": [0.0, 0.13610021143239082], "CARA": [0.17135272727272727, 0.13610021143239082], "CASC": [0.0, 0.13610021143239082], "CBPO": [0.017480000000000016, 0.13610021143239082], "CCXI": [0.36253, 0.13610021143239082], "CELG": [0.1453063291139241, 0.13610021143239082], "CEMP": [0.08635714285714287, 0.13610021143239082], "CERS": [-0.17864000000000002, 0.13610021143239082], "CGEN": [-0.17556666666666665, 0.13610021143239082], "CHMA": [-0.2023, 0.13610021143239082], "CHRS": [0.3511, 0.13610021143239082], "CLCD": [0.2936, 0.13610021143239082], "CLDN": [0.6249, 0.13610021143239082], "CLDX": [0.15853939393939395, 0.13610021143239082], "CLSD": [0.09866666666666667, 0.13610021143239082], "CLVS": [0.15991875, 0.13610021143239082], "CMRX": [0.34313999999999995, 0.13610021143239082], "CNCE": [0.0, 0.13610021143239082], "COLL": [0.2225333333333333, 0.13610021143239082], "CRA": [-0.03506666666666667, 0.13610021143239082], "CRIS": [0.12104999999999998, 0.13610021143239082], "CRME": [0.0933, 0.13610021143239082], "CTIC": [0.34389, 0.13610021143239082], "CTRX": [0.08895, 0.13610021143239082], "CXRX": [0.22076, 0.13610021143239082], "CYTK": [0.16184444444444443, 0.13610021143239082], "CYTX": [0.07083125000000001, 0.13610021143239082], "DBVT": [0.0, 0.13610021143239082], "DEPO": [0.1693947368421053, 0.13610021143239082], "DERM": [0.11703571428571428, 0.13610021143239082], "DIGE": [0.0, 0.13610021143239082], "DRNA": [0.12218181818181818, 0.13610021143239082], "DRRX": [0.28314285714285714, 0.13610021143239082], "DSCO": [0.0, 0.13610021143239082], "DVAX": [0.04823333333333332, 0.13610021143239082], "ECYT": [0.0, 0.13610021143239082], "EDIT": [0.20840384615384616, 0.13610021143239082], "EGLT": [0.3088107142857144, 0.13610021143239082], "EGRX": [0.1140375, 0.13610021143239082], "EMIS": [0.0, 0.13610021143239082], "ENCY": [-0.19784615384615384, 0.13610021143239082], "ENDP": [0.13239204545454542, 0.13610021143239082], "ENTA": [0.18700000000000003, 0.13610021143239082], "ENZN": [0.0, 0.13610021143239082], "EPZM": [0.307175, 0.13610021143239082], "ESPR": [0.054974999999999996, 0.13610021143239082], "EXEL": [0.15592499999999998, 0.13610021143239082], "FACT": [0.05528636363636366, 0.13610021143239082], "FGEN": [0.17997222222222223, 0.13610021143239082], "FLKS": [0.296, 0.13610021143239082], "FLML": [0.148, 0.13610021143239082], "FLXN": [0.26886666666666664, 0.13610021143239082], "FMI": [0.212, 0.13610021143239082], "FOLD": [0.143785, 0.13610021143239082], "FOMX": [0.743, 0.13610021143239082], "GBT": [0.10048333333333333, 0.13610021143239082], "GERN": [0.1390636363636364, 0.13610021143239082], "GEVA": [0.0, 0.13610021143239082], "GHDX": [-0.093968, 0.13610021143239082], "GILD": [0.11769911764705886, 0.13610021143239082], "GNVC": [0.125025, 0.13610021143239082], "GPRO": [0.17036060606060607, 0.13610021143239082], "GRFS": [0.02931176470588235, 0.13610021143239082], "GTXI": [0.34, 0.13610021143239082], "GWPH": [0.1336564705882353, 0.13610021143239082], "HALO": [0.15189444444444442, 0.13610021143239082], "HBIO": [0.296, 0.13610021143239082], "HGSI": [0.0772, 0.13610021143239082], "HZNP": [0.35153333333333336, 0.13610021143239082], "ICEL": [0.701175, 0.13610021143239082], "ICPT": [-0.23915675675675682, 0.13610021143239082], "ICY": [0.05102857142857142, 0.13610021143239082], "ILMN": [0.15891379310344828, 0.13610021143239082], "ILU": [0.7232, 0.13610021143239082], "IMGN": [0.074, 0.13610021143239082], "IMMU": [-0.07795625000000002, 0.13610021143239082], "INCR": [0.2555218181818181, 0.13610021143239082], "INCY": [0.12529697986577182, 0.13610021143239082], "INFI": [0.38450322580645163, 0.13610021143239082], "INGN": [-0.5106, 0.13610021143239082], "INO": [0.20176376811594202, 0.13610021143239082], "INSM": [0.34582857142857143, 0.13610021143239082], "INSY": [0.0, 0.13610021143239082], "INVA": [0.17182, 0.13610021143239082], "IONS": [0.10277795698924724, 0.13610021143239082], "IPXL": [0.2732, 0.13610021143239082], "IRWD": [0.023114285714285723, 0.13610021143239082], "ISIS": [0.21906666666666666, 0.13610021143239082], "ISPH": [0.10396666666666667, 0.13610021143239082], "ISTA": [0.0510625, 0.13610021143239082], "ITCI": [0.0, 0.13610021143239082], "ITEK": [0.2732, 0.13610021143239082], "JAZZ": [0.12497857142857141, 0.13610021143239082], "JUNO": [0.32307777777777774, 0.13610021143239082], "KERX": [0.06585333333333333, 0.13610021143239082], "KITE": [0.17692682926829273, 0.13610021143239082], "KMPH": [0.09866666666666667, 0.13610021143239082], "KPTI": [0.3988714285714286, 0.13610021143239082], "LBIO": [0.09975263157894737, 0.13610021143239082], "LGND": [0.06719166666666666, 0.13610021143239082], "LIFE": [0.20740000000000003, 0.13610021143239082], "LMNX": [0.12717142857142857, 0.13610021143239082], "LOXO": [-0.09545, 0.13610021143239082], "LXRX": [0.07524285714285714, 0.13610021143239082], "MACK": [0.27337916666666673, 0.13610021143239082], "MAPP": [0.2746571428571428, 0.13610021143239082], "MCRB": [0.013566666666666652, 0.13610021143239082], "MDCO": [0.03556774193548387, 0.13610021143239082], "MDVN": [0.24695, 0.13610021143239082], "MEDI": [0.09697068062827213, 0.13610021143239082], "MGNX": [0.12714545454545456, 0.13610021143239082], "MITI": [0.0772, 0.13610021143239082], "MNK": [0.15746333333333332, 0.13610021143239082], "MNKD": [0.4770142857142857, 0.13610021143239082], "MNTA": [-0.0023166666666666665, 0.13610021143239082], "MRNA": [0.06671666666666666, 0.13610021143239082], "MYGN": [0.028497222222222222, 0.13610021143239082],