{"ACHN": [0.0, 0.11334376561593078], "AFFX": [0.4019, 0.11334376561593078], "AFFY": [0.20095, 0.11334376561593078], "AGEN": [0.007499999999999997, 0.11334376561593078], "ALKS": [-0.045533333333333335, 0.11334376561593078], "ALTH": [0.40650000000000003, 0.11334376561593078], "ALXA": [0.1332307692307692, 0.11334376561593078], "ALXN": [0.057400000000000014, 0.11334376561593078], "AMGN": [0.0, 0.11334376561593078], "AMLN": [0.0, 0.11334376561593078], "AMPH": [0.0, 0.11334376561593078], "AMRN": [0.10846, 0.11334376561593078], "ANDS": [-0.07940000000000001, 0.11334376561593078], "ARIA": [0.26585000000000003, 0.11334376561593078], "ARNA": [0.2542888888888889, 0.11334376561593078], "ARQL": [0.0, 0.11334376561593078], "ARRY": [0.0, 0.11334376561593078], "ASPX": [-0.00038928571428571305, 0.11334376561593078], "AST": [0.19423584905660385, 0.11334376561593078], "AVII": [0.21230000000000002, 0.11334376561593078], "AVNR": [0.0, 0.11334376561593078], "CALP": [0.6449, 0.11334376561593078], "CBRX": [0.0, 0.11334376561593078], "CELG": [0.15431999999999998, 0.11334376561593078], "CEPH": [0.2815076923076923, 0.11334376561593078], "CRIS": [0.1842681818181818, 0.11334376561593078], "CRME": [0.08810000000000001, 0.11334376561593078], "CTIC": [0.0, 0.11334376561593078], "CYTK": [-0.0035499999999999976, 0.11334376561593078], "CYTX": [0.47677499999999995, 0.11334376561593078], "DEPO": [0.2288, 0.11334376561593078], "DNDN": [0.1874, 0.11334376561593078], "DVAX": [0.3908666666666667, 0.11334376561593078], "ENCY": [0.0, 0.11334376561593078], "ENDP": [-0.18642, 0.11334376561593078], "ENTA": [0.25, 0.11334376561593078], "EURX": [0.0, 0.11334376561593078], "EXEL": [-0.006041176470588228, 0.11334376561593078], "FACT": [0.2382, 0.11334376561593078], "GERN": [-0.22925, 0.11334376561593078], "GILD": [0.24783333333333335, 0.11334376561593078], "GNVC": [0.0, 0.11334376561593078], "HALO": [0.3182, 0.11334376561593078], "HGSI": [0.2232, 0.11334376561593078], "HITK": [0.40190000000000003, 0.11334376561593078], "ICEL": [0.4926, 0.11334376561593078], "ILMN": [-0.5106, 0.11334376561593078], "ILU": [-0.1531, 0.11334376561593078], "IMCL": [-0.03439999999999999, 0.11334376561593078], "INCR": [0.030149999999999955, 0.11334376561593078], "INCY": [0.34, 0.11334376561593078], "INHX": [0.0, 0.11334376561593078], "INO": [0.0, 0.11334376561593078], "IONS": [0.1223375, 0.11334376561593078], "IPXL": [0.0, 0.11334376561593078], "ISIS": [0.34, 0.11334376561593078], "JAZZ": [0.1779, 0.11334376561593078], "KERX": [0.0, 0.11334376561593078], "LBIO": [0.5741, 0.11334376561593078], "LIFE": [0.5384333333333333, 0.11334376561593078], "LXRX": [0.14049999999999999, 0.11334376561593078], "MACK": [0.41805000000000003, 0.11334376561593078], "MAPP": [-0.4019, 0.11334376561593078], "MDVN": [-0.15984999999999996, 0.11334376561593078], "MEDI": [0.31066666666666665, 0.11334376561593078], "MNK": [-0.06005000000000002, 0.11334376561593078], "MNKD": [-0.06005000000000002, 0.11334376561593078], "MNTA": [0.10332352941176469, 0.11334376561593078], "MYL": [-0.056575, 0.11334376561593078], "NABI": [0.105375, 0.11334376561593078], "NBIX": [0.25476, 0.11334376561593078], "NH": [0.12843333333333332, 0.11334376561593078], "NK": [0.05841176470588233, 0.11334376561593078], "NKTR": [0.0, 0.11334376561593078], "NVAX": [0.0, 0.11334376561593078], "OMED": [0.0, 0.11334376561593078], "OMER": [-0.2462, 0.11334376561593078], "ONCE": [0.0, 0.11334376561593078], "ONXX": [0.010450000000000003, 0.11334376561593078], "OREX": [0.24502763819095477, 0.11334376561593078], "OSCI": [0.0, 0.11334376561593078], "PDLI": [0.2679333333333333, 0.11334376561593078], "POZN": [0.1290714285714286, 0.11334376561593078], "QCOR": [0.3450307692307692, 0.11334376561593078], "QLTI": [0.0, 0.11334376561593078], "RDEA": [0.5859, 0.11334376561593078], "REGN": [0.0, 0.11334376561593078], "RPTP": [-0.1231, 0.11334376561593078], "SAGE": [0.0, 0.11334376561593078], "SCLN": [0.34, 0.11334376561593078], "SGMO": [-0.007999999999999993, 0.11334376561593078], "SLXP": [0.0, 0.11334376561593078], "SPPI": [0.32084999999999997, 0.11334376561593078], "SQNM": [0.03776666666666668, 0.11334376561593078], "STEM": [0.23297777777777778, 0.11334376561593078], "SVNT": [0.0, 0.11334376561593078], "TECH": [0.15713000000000002, 0.11334376561593078], "TEVA": [0.28455, 0.11334376561593078], "TRGT": [0.0, 0.11334376561593078], "TRMS": [0.3612, 0.11334376561593078], "USD": [-0.049372727272727276, 0.11334376561593078], "VRNM": [0.0, 0.11334376561593078], "VRTX": [0.15635, 0.11334376561593078], "VVUS": [0.2600555555555555, 0.11334376561593078], "WCRX": [0.0, 0.11334376561593078], "XNPT": [0.0, 0.11334376561593078]}