{"ACAD": [0.19894285714285712, 0.15792490145659507], "ACHN": [0.20014999999999997, 0.15792490145659507], "ACOR": [-0.01765, 0.15792490145659507], "ACRX": [0.18276666666666666, 0.15792490145659507], "ADHD": [0.0, 0.15792490145659507], "ADMS": [0.0, 0.15792490145659507], "AEGR": [0.40802000000000005, 0.15792490145659507], "AFFX": [0.17155714285714282, 0.15792490145659507], "AFFY": [0.24017999999999998, 0.15792490145659507], "AGEN": [-0.074, 0.15792490145659507], "AGTC": [0.0, 0.15792490145659507], "AKBA": [0.0, 0.15792490145659507], "AKRX": [0.0, 0.15792490145659507], "ALIM": [0.3146, 0.15792490145659507], "ALKS": [0.26009374999999996, 0.15792490145659507], "ALNY": [0.3094, 0.15792490145659507], "ALTH": [-0.12725, 0.15792490145659507], "ALTU": [0.4003, 0.15792490145659507], "ALXA": [0.0, 0.15792490145659507], "ALXN": [0.19796666666666668, 0.15792490145659507], "AMAG": [0.4003, 0.15792490145659507], "AMGN": [0.0, 0.15792490145659507], "AMRI": [0.0, 0.15792490145659507], "AMRN": [0.3523875, 0.15792490145659507], "ANAC": [0.057071428571428565, 0.15792490145659507], "ANDS": [0.29599999999999993, 0.15792490145659507], "ANIP": [0.0, 0.15792490145659507], "ANTH": [0.0, 0.15792490145659507], "AQXP": [0.0, 0.15792490145659507], "ARIA": [0.11740526315789475, 0.15792490145659507], "ARNA": [0.2705928571428572, 0.15792490145659507], "ARRY": [0.38386, 0.15792490145659507], "ARWR": [0.20869333333333331, 0.15792490145659507], "ASPX": [0.0, 0.15792490145659507], "AST": [0.12449565217391304, 0.15792490145659507], "ASTX": [0.4003, 0.15792490145659507], "AVEO": [0.37092727272727277, 0.15792490145659507], "AVNR": [0.34815, 0.15792490145659507], "AXCA": [-0.10115, 0.15792490145659507], "BCRX": [0.30022499999999996, 0.15792490145659507], "BIIB": [0.0801675, 0.15792490145659507], "BIOD": [0.17, 0.15792490145659507], "BLUE": [0.0, 0.15792490145659507], "BMRN": [0.0, 0.15792490145659507], "CADX": [0.3376333333333334, 0.15792490145659507], "CARA": [0.30022499999999996, 0.15792490145659507], "CBRX": [0.0, 0.15792490145659507], "CBST": [0.10415, 0.15792490145659507], "CCXI": [0.33358333333333334, 0.15792490145659507], "CELG": [0.08396129032258065, 0.15792490145659507], "CERS": [0.21012, 0.15792490145659507], "CLDN": [0.148, 0.15792490145659507], "CLDX": [0.23370000000000002, 0.15792490145659507], "CLVS": [0.0, 0.15792490145659507], "CNCE": [0.0, 0.15792490145659507], "COLL": [0.296, 0.15792490145659507], "CRA": [-0.3727888888888889, 0.15792490145659507], "CRIS": [0.21075, 0.15792490145659507], "CRME": [0.20015, 0.15792490145659507], "CTIC": [0.1228875, 0.15792490145659507], "CTRX": [0.1794909090909091, 0.15792490145659507], "CYTK": [0.28404999999999997, 0.15792490145659507], "DEPO": [0.38291666666666674, 0.15792490145659507], "DNDN": [0.431525, 0.15792490145659507], "DRNA": [0.1806, 0.15792490145659507], "DRRX": [-0.5106, 0.15792490145659507], "DSCO": [-0.1531, 0.15792490145659507], "DVAX": [0.36819999999999997, 0.15792490145659507], "DYAX": [0.33628, 0.15792490145659507], "ECYT": [0.37092727272727277, 0.15792490145659507], "EGRX": [0.0, 0.15792490145659507], "ENCY": [0.2732, 0.15792490145659507], "ENDP": [0.17694444444444443, 0.15792490145659507], "ENTA": [0.18444615384615387, 0.15792490145659507], "EPZM": [-0.005339999999999989, 0.15792490145659507], "ESPR": [0.0, 0.15792490145659507], "EXEL": [0.27415, 0.15792490145659507], "FGEN": [0.0, 0.15792490145659507], "FLKS": [0.0, 0.15792490145659507], "FLML": [0.0, 0.15792490145659507], "FLXN": [0.0, 0.15792490145659507], "FMI": [0.0, 0.15792490145659507], "FOLD": [0.0, 0.15792490145659507], "FPRX": [0.33358333333333334, 0.15792490145659507], "GERN": [0.10626666666666666, 0.15792490145659507], "GEVA": [0.26686666666666664, 0.15792490145659507], "GHDX": [0.0, 0.15792490145659507], "GILD": [0.04854657534246575, 0.15792490145659507], "GNVC": [0.4003, 0.15792490145659507], "GRFS": [0.24695, 0.15792490145659507], "GWPH": [0.3058666666666667, 0.15792490145659507], "HALO": [0.2280875, 0.15792490145659507], "HBIO": [0.0, 0.15792490145659507], "HITK": [0.4588, 0.15792490145659507], "HPTX": [0.0, 0.15792490145659507], "HZNP": [0.100075, 0.15792490145659507], "ICEL": [0.4003, 0.15792490145659507], "ICPT": [0.2956222222222223, 0.15792490145659507], "IDIX": [0.0, 0.15792490145659507], "ILMN": [0.29967499999999997, 0.15792490145659507], "ILU": [0.4767, 0.15792490145659507], "IMGN": [0.0, 0.15792490145659507], "IMMU": [0.0, 0.15792490145659507], "INCR": [0.34746875, 0.15792490145659507], "INCY": [0.14686153846153846, 0.15792490145659507], "INFI": [0.30022499999999996, 0.15792490145659507], "INO": [0.15276800000000001, 0.15792490145659507], "INSM": [0.0, 0.15792490145659507], "INSY": [0.3639090909090909, 0.15792490145659507], "IONS": [0.2150192307692308, 0.15792490145659507], "IPXL": [0.2859285714285714, 0.15792490145659507], "IRWD": [0.0, 0.15792490145659507], "ISIS": [0.21043000000000003, 0.15792490145659507], "ISTA": [0.4215, 0.15792490145659507], "ITCI": [0.0, 0.15792490145659507], "ITMN": [0.31486666666666663, 0.15792490145659507], "JAZZ": [0.3331, 0.15792490145659507], "KERX": [0.41330000000000006, 0.15792490145659507], "KPTI": [0.0, 0.15792490145659507], "LBIO": [0.0926, 0.15792490145659507], "LGND": [0.3038444444444445, 0.15792490145659507], "LIFE": [0.22543749999999999, 0.15792490145659507], "LMNX": [0.0, 0.15792490145659507], "LXRX": [0.3703, 0.15792490145659507], "MACK": [-0.033099999999999984, 0.15792490145659507], "MAPP": [0.8074, 0.15792490145659507], "MDCO": [0.296, 0.15792490145659507], "MDVN": [0.0903, 0.15792490145659507], "MEDI": [0.27129430894308904, 0.15792490145659507], "MGNX": [0.19583333333333333, 0.15792490145659507], "MNK": [0.029042857142857148, 0.15792490145659507], "MNKD": [0.020121428571428575, 0.15792490145659507], "MNOV": [0.6369, 0.15792490145659507], "MNTA": [-0.25306666666666666, 0.15792490145659507], "MRNA": [0.20516250000000003, 0.15792490145659507], "MYGN": [0.06211999999999999, 0.15792490145659507], "MYL": [-0.2053333333333333, 0.15792490145659507], "NABI": [0.0, 0.15792490145659507], "NBIX": [0.26953333333333335, 0.15792490145659507], "NH": [0.09048571428571428, 0.15792490145659507], "NK": [0.11987959183673469, 0.15792490145659507], "NKTR": [0.39659999999999995, 0.15792490145659507], "NLNK": [-0.296, 0.15792490145659507], "NOVN": [0.0, 0.15792490145659507], "NPSP": [0.3619571428571428, 0.15792490145659507], "NVAX": [0.19733333333333333, 0.15792490145659507], "OMED": [0.2920125, 0.15792490145659507], "OMER": [0.2908833333333333, 0.15792490145659507], "ONCE": [0.0, 0.15792490145659507], "ONTY": [0.30022499999999996, 0.15792490145659507], "ONVO": [0.16395454545454546, 0.15792490145659507], "ONXX": [0.0, 0.15792490145659507], "OPHT": [0.0, 0.15792490145659507], "OPK": [0.22770769230769233, 0.15792490145659507], "OPTR": [0.0, 0.15792490145659507], "OREX": [0.26358125000000004, 0.15792490145659507], "OSCI": [0.18098333333333336, 0.15792490145659507], "OSIR": [0.10115, 0.15792490145659507], "OTIC": [0.0, 0.15792490145659507], "OVAS": [0.4215, 0.15792490145659507], "PCRX": [0.0, 0.15792490145659507], "PGNX": [0.40801999999999994, 0.15792490145659507], "POZN": [0.3612, 0.15792490145659507], "PRGO": [0.4003, 0.15792490145659507], "PTIE": [-0.6597, 0.15792490145659507], "PTX": [0.0, 0.15792490145659507], "QCOR": [0.10928, 0.15792490145659507], "RARE": [0.60465, 0.15792490145659507], "RCPT": [0.0, 0.15792490145659507], "REGN": [0.38075, 0.15792490145659507], "RLYP": [0.0, 0.15792490145659507], "RNAI": [0.49477499999999996, 0.15792490145659507], "RPTP": [0.4471, 0.15792490145659507], "RTRX": [0.2732, 0.15792490145659507], "SAGE": [0.09971666666666668, 0.15792490145659507], "SCLN": [0.0258, 0.15792490145659507], "SCMP": [0.296, 0.15792490145659507], "SGEN": [0.26335, 0.15792490145659507], "SGMO": [0.148, 0.15792490145659507], "SGNT": [0.0, 0.15792490145659507], "SGYP": [0.33896, 0.15792490145659507], "SHPG": [0.0, 0.15792490145659507], "SLXP": [0.1101, 0.15792490145659507], "SNTA": [0.54785, 0.15792490145659507],