{"ACOR": [0.0, 0.10333272763364866], "ADLR": [0.13486666666666666, 0.10333272763364866], "AFFX": [0.0, 0.10333272763364866], "AGEN": [0.0, 0.10333272763364866], "AKRX": [0.12120555555555554, 0.10333272763364866], "ALKS": [0.0, 0.10333272763364866], "ALTH": [0.29880833333333334, 0.10333272763364866], "ALXA": [0.2263, 0.10333272763364866], "ALXN": [0.4404, 0.10333272763364866], "AMGN": [0.03284, 0.10333272763364866], "AMLN": [0.0, 0.10333272763364866], "AMRN": [0.26247272727272725, 0.10333272763364866], "ANAC": [0.0, 0.10333272763364866], "ANDS": [0.0, 0.10333272763364866], "ARIA": [0.15425, 0.10333272763364866], "ARRY": [0.1366, 0.10333272763364866], "ASPX": [0.15973636363636368, 0.10333272763364866], "AST": [0.10709090909090908, 0.10333272763364866], "AUXL": [0.24523999999999999, 0.10333272763364866], "AVII": [0.0, 0.10333272763364866], "BCRX": [0.0, 0.10333272763364866], "BIOD": [0.125, 0.10333272763364866], "BMTI": [0.0, 0.10333272763364866], "BPAX": [0.03338333333333333, 0.10333272763364866], "CALP": [0.28595, 0.10333272763364866], "CEPH": [0.0, 0.10333272763364866], "CHRS": [0.35470000000000007, 0.10333272763364866], "CLDN": [0.0, 0.10333272763364866], "CLDX": [0.0, 0.10333272763364866], "CRA": [0.32849999999999996, 0.10333272763364866], "CTIC": [0.29669, 0.10333272763364866], "CYTK": [0.0, 0.10333272763364866], "DNDN": [0.17225000000000001, 0.10333272763364866], "DVAX": [0.0, 0.10333272763364866], "ENCY": [0.0, 0.10333272763364866], "ENDP": [0.0, 0.10333272763364866], "ENTA": [-0.06124, 0.10333272763364866], "ENZN": [0.0, 0.10333272763364866], "EXEL": [0.0, 0.10333272763364866], "FACT": [0.1468, 0.10333272763364866], "GERN": [-0.011410526315789477, 0.10333272763364866], "GILD": [-0.21075, 0.10333272763364866], "HALO": [0.0, 0.10333272763364866], "HGSI": [0.0772, 0.10333272763364866], "HITK": [0.0, 0.10333272763364866], "ICPT": [0.0, 0.10333272763364866], "IDIX": [0.0, 0.10333272763364866], "ILMN": [-0.2202, 0.10333272763364866], "ILU": [0.0, 0.10333272763364866], "IMGN": [0.17735714285714282, 0.10333272763364866], "IMMU": [0.0, 0.10333272763364866], "INCR": [0.3182, 0.10333272763364866], "INCY": [0.0, 0.10333272763364866], "IONS": [0.016733333333333333, 0.10333272763364866], "IRWD": [0.0, 0.10333272763364866], "ISIS": [0.0, 0.10333272763364866], "ISTA": [-0.5562, 0.10333272763364866], "ITMN": [0.0, 0.10333272763364866], "JAZZ": [0.19638333333333335, 0.10333272763364866], "KERX": [0.14054285714285714, 0.10333272763364866], "LGND": [0.0, 0.10333272763364866], "LIFE": [0.25806666666666667, 0.10333272763364866], "LMNX": [0.0, 0.10333272763364866], "LXRX": [0.06743333333333333, 0.10333272763364866], "MDVN": [0.0772, 0.10333272763364866], "MEDI": [0.4019, 0.10333272763364866], "MNK": [0.04046, 0.10333272763364866], "MNKD": [0.04046, 0.10333272763364866], "MRNA": [0.25498571428571426, 0.10333272763364866], "MYGN": [0.3182, 0.10333272763364866], "MYL": [0.20095, 0.10333272763364866], "NBIX": [0.0, 0.10333272763364866], "NH": [0.0, 0.10333272763364866], "NK": [0.14389999999999997, 0.10333272763364866], "NOVN": [0.4019, 0.10333272763364866], "ONTY": [0.0, 0.10333272763364866], "ONXX": [0.0, 0.10333272763364866], "OPK": [0.39502499999999996, 0.10333272763364866], "OPTR": [0.14286666666666667, 0.10333272763364866], "OREX": [0.0734, 0.10333272763364866], "OSCI": [0.0, 0.10333272763364866], "OTIC": [0.0, 0.10333272763364866], "PACB": [0.4588, 0.10333272763364866], "PCRX": [0.4712, 0.10333272763364866], "PCYC": [0.0, 0.10333272763364866], "PDLI": [0.1909, 0.10333272763364866], "POZN": [0.19595, 0.10333272763364866], "PRGO": [0.4588, 0.10333272763364866], "QCOR": [0.4019, 0.10333272763364866], "REGN": [0.48532499999999995, 0.10333272763364866], "SAGE": [0.1559541666666667, 0.10333272763364866], "SGEN": [0.5267, 0.10333272763364866], "SPPI": [0.12498000000000001, 0.10333272763364866], "SQNM": [-0.164925, 0.10333272763364866], "STEM": [0.2649666666666667, 0.10333272763364866], "SUPG": [0.0, 0.10333272763364866], "TECH": [0.022033333333333332, 0.10333272763364866], "TEVA": [0.0, 0.10333272763364866], "THLD": [0.21989999999999998, 0.10333272763364866], "TSRX": [0.0, 0.10333272763364866], "USD": [0.1864428571428572, 0.10333272763364866], "VICL": [0.0, 0.10333272763364866], "VNDA": [0.0, 0.10333272763364866], "VPHM": [0.0, 0.10333272763364866], "VRNM": [0.0, 0.10333272763364866], "VRUS": [0.0, 0.10333272763364866], "VVUS": [0.19515833333333335, 0.10333272763364866], "XNPT": [0.0, 0.10333272763364866], "XOMA": [-0.012899999999999995, 0.10333272763364866], "ZGNX": [0.2023, 0.10333272763364866], "ZLCS": [0.34, 0.10333272763364866]}