{"ACOR": [0.0, 0.12792531172765584], "AFFX": [0.2247, 0.12792531172765584], "ALTH": [0.7667999999999999, 0.12792531172765584], "AMLN": [0.34, 0.12792531172765584], "ARIA": [0.3612, 0.12792531172765584], "ASPX": [0.0, 0.12792531172765584], "AST": [0.15240833333333334, 0.12792531172765584], "BIIB": [-0.121525, 0.12792531172765584], "BPAX": [0.38622, 0.12792531172765584], "CADX": [0.0, 0.12792531172765584], "CGEN": [0.0, 0.12792531172765584], "CHRS": [0.0, 0.12792531172765584], "CLDX": [0.13427777777777777, 0.12792531172765584], "CRIS": [0.296, 0.12792531172765584], "CSKI": [0.07703750000000001, 0.12792531172765584], "CTIC": [0.2848, 0.12792531172765584], "CYTX": [0.2294, 0.12792531172765584], "DEPO": [0.03443333333333334, 0.12792531172765584], "DNDN": [-0.01466666666666667, 0.12792531172765584], "DSCO": [0.43979999999999997, 0.12792531172765584], "DVAX": [0.0, 0.12792531172765584], "EMIS": [0.4738, 0.12792531172765584], "ENDP": [0.06743333333333333, 0.12792531172765584], "ENTA": [-0.296, 0.12792531172765584], "ENZN": [-0.36496666666666666, 0.12792531172765584], "EXEL": [0.0, 0.12792531172765584], "FMI": [0.0, 0.12792531172765584], "GENZ": [-0.1474166666666667, 0.12792531172765584], "GILD": [0.21951666666666667, 0.12792531172765584], "GNVC": [0.32135, 0.12792531172765584], "HGSI": [0.045274999999999996, 0.12792531172765584], "HZNP": [0.3612, 0.12792531172765584], "INCR": [0.2732, 0.12792531172765584], "IONS": [0.4019, 0.12792531172765584], "IPXL": [0.02841333333333333, 0.12792531172765584], "ISTA": [0.3612, 0.12792531172765584], "JAZZ": [0.0, 0.12792531172765584], "KERX": [0.13486666666666666, 0.12792531172765584], "LBIO": [0.8621, 0.12792531172765584], "LGND": [0.1806, 0.12792531172765584], "LIFE": [0.0, 0.12792531172765584], "LXRX": [0.0, 0.12792531172765584], "MACK": [-0.5267, 0.12792531172765584], "MAPP": [0.4215, 0.12792531172765584], "MNTA": [0.296, 0.12792531172765584], "MYGN": [0.5606, 0.12792531172765584], "MYL": [0.18452000000000002, 0.12792531172765584], "NH": [0.4819, 0.12792531172765584], "NK": [0.033725000000000005, 0.12792531172765584], "OMER": [0.0, 0.12792531172765584], "OREX": [0.0516, 0.12792531172765584], "OTIC": [0.06743333333333333, 0.12792531172765584], "SAGE": [0.24355000000000002, 0.12792531172765584], "SCLN": [0.0, 0.12792531172765584], "SLXP": [0.33932, 0.12792531172765584], "SQNM": [0.0814235294117647, 0.12792531172765584], "STEM": [0.0, 0.12792531172765584], "TECH": [-0.28542500000000004, 0.12792531172765584], "TEVA": [0.15843333333333334, 0.12792531172765584], "USD": [0.07183076923076923, 0.12792531172765584], "VRNM": [-0.45735000000000003, 0.12792531172765584], "VRTX": [-0.296, 0.12792531172765584], "VVUS": [0.1806, 0.12792531172765584], "XNPT": [0.06690204081632653, 0.12792531172765584]}