{"ACAD": [0.1468, 0.07720019124589025], "ACOR": [0.0, 0.07720019124589025], "AEGR": [0.2263, 0.07720019124589025], "AFFY": [0.0, 0.07720019124589025], "AGEN": [0.0, 0.07720019124589025], "ALTH": [0.06061666666666667, 0.07720019124589025], "ALXA": [0.0, 0.07720019124589025], "ALXN": [0.0, 0.07720019124589025], "AMAG": [0.0, 0.07720019124589025], "AMGN": [0.0250448275862069, 0.07720019124589025], "AMRN": [0.04933333333333333, 0.07720019124589025], "ANDS": [0.0, 0.07720019124589025], "ARIA": [0.0, 0.07720019124589025], "ARNA": [0.0, 0.07720019124589025], "ARRY": [0.0, 0.07720019124589025], "ARWR": [0.0, 0.07720019124589025], "ASPX": [0.0283, 0.07720019124589025], "AST": [0.06708421052631582, 0.07720019124589025], "AUXL": [0.0, 0.07720019124589025], "AVII": [0.34, 0.07720019124589025], "AVNR": [0.09003333333333331, 0.07720019124589025], "BCRX": [0.0, 0.07720019124589025], "CBST": [0.4404, 0.07720019124589025], "CELG": [0.03733333333333334, 0.07720019124589025], "CEPH": [-0.018662499999999995, 0.07720019124589025], "CGPI": [-0.25, 0.07720019124589025], "CHRS": [0.5859, 0.07720019124589025], "CRA": [0.4137, 0.07720019124589025], "CRME": [0.0, 0.07720019124589025], "CSKI": [-0.0683, 0.07720019124589025], "CTIC": [0.0, 0.07720019124589025], "CYTK": [0.1379, 0.07720019124589025], "DEPO": [0.0, 0.07720019124589025], "DSCO": [0.0, 0.07720019124589025], "EMIS": [0.0, 0.07720019124589025], "ENCY": [-0.1909, 0.07720019124589025], "ENTA": [-0.09866666666666667, 0.07720019124589025], "ENZN": [0.0, 0.07720019124589025], "EXEL": [0.05883999999999999, 0.07720019124589025], "FACT": [0.0, 0.07720019124589025], "FOLD": [0.34, 0.07720019124589025], "GENZ": [0.08092, 0.07720019124589025], "GHDX": [0.2023, 0.07720019124589025], "GILD": [0.0, 0.07720019124589025], "GNVC": [0.0, 0.07720019124589025], "GPRO": [0.34, 0.07720019124589025], "HALO": [0.058966666666666674, 0.07720019124589025], "HGSI": [0.6597, 0.07720019124589025], "ICEL": [0.4665, 0.07720019124589025], "ILMN": [0.12738, 0.07720019124589025], "INCY": [0.20229999999999998, 0.07720019124589025], "INFI": [0.0, 0.07720019124589025], "INHX": [0.33935000000000004, 0.07720019124589025], "INSM": [0.0, 0.07720019124589025], "IONS": [0.2202, 0.07720019124589025], "IPXL": [0.10936956521739132, 0.07720019124589025], "ISIS": [0.0, 0.07720019124589025], "ISPH": [0.0, 0.07720019124589025], "ISTA": [0.6369, 0.07720019124589025], "ITMN": [0.0, 0.07720019124589025], "JAZZ": [0.19546, 0.07720019124589025], "LBIO": [-0.12685, 0.07720019124589025], "LGND": [0.0, 0.07720019124589025], "LIFE": [0.10491111111111111, 0.07720019124589025], "MAXY": [0.0, 0.07720019124589025], "MDCO": [-0.1531, 0.07720019124589025], "MEDI": [0.0973, 0.07720019124589025], "MITI": [0.34, 0.07720019124589025], "MNK": [0.0, 0.07720019124589025], "MNKD": [0.0, 0.07720019124589025], "MNTA": [0.0, 0.07720019124589025], "MYGN": [0.0, 0.07720019124589025], "MYL": [0.0, 0.07720019124589025], "NABI": [0.0, 0.07720019124589025], "NH": [0.33935000000000004, 0.07720019124589025], "NK": [0.09465000000000001, 0.07720019124589025], "NKTR": [0.15144000000000002, 0.07720019124589025], "NVAX": [0.09145, 0.07720019124589025], "OMED": [0.0, 0.07720019124589025], "OMER": [0.0, 0.07720019124589025], "ONCE": [-0.1531, 0.07720019124589025], "ONTY": [0.0, 0.07720019124589025], "ONXX": [-0.7959999999999999, 0.07720019124589025], "OPTR": [0.0, 0.07720019124589025], "OREX": [0.11307142857142857, 0.07720019124589025], "OSIR": [0.134975, 0.07720019124589025], "OTIC": [0.4137, 0.07720019124589025], "POZN": [0.1591, 0.07720019124589025], "QCOR": [0.2023, 0.07720019124589025], "REGN": [-0.7959999999999999, 0.07720019124589025], "SAGE": [0.0, 0.07720019124589025], "SGEN": [0.294775, 0.07720019124589025], "SGMO": [0.34, 0.07720019124589025], "SNTA": [0.296, 0.07720019124589025], "SNTS": [0.0, 0.07720019124589025], "SPPI": [0.2841473684210526, 0.07720019124589025], "SQNM": [0.0, 0.07720019124589025], "STEM": [0.07747142857142857, 0.07720019124589025], "TECH": [0.14002173913043475, 0.07720019124589025], "TEVA": [0.0, 0.07720019124589025], "TLCR": [0.0, 0.07720019124589025], "USD": [0.06848499999999999, 0.07720019124589025], "VICL": [0.2787, 0.07720019124589025], "VPHM": [0.0, 0.07720019124589025], "VRTX": [0.49910000000000004, 0.07720019124589025], "WCRX": [-0.17020000000000002, 0.07720019124589025], "XNPT": [0.25502, 0.07720019124589025], "XOMA": [-0.2263, 0.07720019124589025], "ZLCS": [0.0, 0.07720019124589025]}