{"ACHN": [0.0, 0.07950787089244717], "ACOR": [0.0, 0.07950787089244717], "ADLR": [0.18422500000000003, 0.07950787089244717], "AEGR": [0.08333333333333333, 0.07950787089244717], "AFFX": [0.0, 0.07950787089244717], "AFFY": [0.10262857142857143, 0.07950787089244717], "AKRX": [0.0, 0.07950787089244717], "ALKS": [0.6808, 0.07950787089244717], "ALTH": [0.19967999999999997, 0.07950787089244717], "ALXA": [0.057803703703703704, 0.07950787089244717], "ALXN": [0.0, 0.07950787089244717], "AMGN": [0.0, 0.07950787089244717], "AMRN": [-0.0345125, 0.07950787089244717], "ANDS": [0.0, 0.07950787089244717], "ANIP": [-0.296, 0.07950787089244717], "ARIA": [-0.169, 0.07950787089244717], "ARNA": [0.14365, 0.07950787089244717], "ARWR": [-0.3818, 0.07950787089244717], "AST": [0.0012818181818181793, 0.07950787089244717], "ASTX": [0.0, 0.07950787089244717], "AVEO": [-0.13185, 0.07950787089244717], "AVNR": [-0.20916666666666664, 0.07950787089244717], "BCRX": [0.0, 0.07950787089244717], "BIIB": [0.0, 0.07950787089244717], "BIOD": [0.0, 0.07950787089244717], "BPAX": [-0.12765, 0.07950787089244717], "CADX": [0.0, 0.07950787089244717], "CALP": [0.05666666666666667, 0.07950787089244717], "CBRX": [0.38355, 0.07950787089244717], "CBST": [0.0, 0.07950787089244717], "CELG": [0.3618461538461538, 0.07950787089244717], "CERS": [0.4404, 0.07950787089244717], "CHRS": [-0.004224999999999993, 0.07950787089244717], "CLDX": [0.028974999999999994, 0.07950787089244717], "CRA": [0.5289200000000001, 0.07950787089244717], "CRIS": [0.26476666666666665, 0.07950787089244717], "CRME": [-0.09106666666666667, 0.07950787089244717], "CTIC": [0.10878333333333333, 0.07950787089244717], "CYTK": [0.12263076923076924, 0.07950787089244717], "DEPO": [0.54635, 0.07950787089244717], "DNDN": [0.11035, 0.07950787089244717], "DSCO": [0.05505, 0.07950787089244717], "DVAX": [0.105375, 0.07950787089244717], "ENCY": [0.0, 0.07950787089244717], "ENDP": [0.25, 0.07950787089244717], "ENTA": [-0.07655, 0.07950787089244717], "ENZN": [0.0, 0.07950787089244717], "EXEL": [0.2484, 0.07950787089244717], "GBT": [0.5106, 0.07950787089244717], "GERN": [0.08750000000000002, 0.07950787089244717], "GILD": [0.0, 0.07950787089244717], "GNTA": [0.0, 0.07950787089244717], "HALO": [0.31845, 0.07950787089244717], "HEPH": [-0.296, 0.07950787089244717], "ICY": [0.0, 0.07950787089244717], "IDIX": [0.12734666666666666, 0.07950787089244717], "ILU": [0.0, 0.07950787089244717], "INCR": [0.6074375, 0.07950787089244717], "INCY": [0.0, 0.07950787089244717], "INFI": [0.3982, 0.07950787089244717], "INO": [0.0, 0.07950787089244717], "IONS": [0.021179999999999997, 0.07950787089244717], "IPXL": [0.25, 0.07950787089244717], "IRWD": [0.0, 0.07950787089244717], "ISIS": [0.25, 0.07950787089244717], "ISTA": [0.3548, 0.07950787089244717], "ITMN": [0.08092, 0.07950787089244717], "JAZZ": [0.8316, 0.07950787089244717], "LBIO": [0.27115, 0.07950787089244717], "LGND": [0.1909, 0.07950787089244717], "LIFE": [0.042666666666666665, 0.07950787089244717], "LXRX": [0.4215, 0.07950787089244717], "MAXY": [0.0, 0.07950787089244717], "MDVN": [0.0, 0.07950787089244717], "MNK": [0.14504, 0.07950787089244717], "MNKD": [0.14504, 0.07950787089244717], "MNOV": [0.0, 0.07950787089244717], "MNTA": [0.0, 0.07950787089244717], "MYL": [-0.10606666666666666, 0.07950787089244717], "NH": [0.0, 0.07950787089244717], "NK": [0.1701, 0.07950787089244717], "NKTR": [0.0, 0.07950787089244717], "NPSP": [0.0, 0.07950787089244717], "OMPI": [0.2023, 0.07950787089244717], "ONCE": [0.0, 0.07950787089244717], "ONTY": [0.21102142857142855, 0.07950787089244717], "ONXX": [0.0, 0.07950787089244717], "OPK": [0.148, 0.07950787089244717], "OPTR": [0.0, 0.07950787089244717], "OREX": [0.13396666666666665, 0.07950787089244717], "OSIR": [0.0, 0.07950787089244717], "OTIC": [0.0, 0.07950787089244717], "PCRX": [0.02966, 0.07950787089244717], "PCYC": [-0.06291428571428571, 0.07950787089244717], "QCOR": [0.0, 0.07950787089244717], "QLTI": [0.0, 0.07950787089244717], "REGN": [-0.074, 0.07950787089244717], "SCLN": [0.0, 0.07950787089244717], "SGEN": [0.08966666666666667, 0.07950787089244717], "SIGA": [0.0, 0.07950787089244717], "SPPI": [-0.03912500000000001, 0.07950787089244717], "SQNM": [0.0, 0.07950787089244717], "STEM": [0.0818, 0.07950787089244717], "SUPG": [0.0, 0.07950787089244717], "TBPH": [0.296, 0.07950787089244717], "TECH": [0.11822727272727268, 0.07950787089244717], "TEVA": [-0.10606666666666666, 0.07950787089244717], "THLD": [0.0, 0.07950787089244717], "THRX": [0.148, 0.07950787089244717], "USD": [0.18752777777777777, 0.07950787089244717], "UTHR": [-0.5106, 0.07950787089244717], "VICL": [0.15013333333333334, 0.07950787089244717], "VPHM": [0.0, 0.07950787089244717], "VRTX": [-0.18127777777777776, 0.07950787089244717], "VRUS": [0.0, 0.07950787089244717], "VVUS": [-0.009899999999999997, 0.07950787089244717], "ZGNX": [-0.2732, 0.07950787089244717], "ZLCS": [0.4767, 0.07950787089244717]}