{"ACAD": [0.5719, 0.0881971178639814], "ACHN": [-0.06203636363636364, 0.0881971178639814], "ACRX": [-0.158575, 0.0881971178639814], "AEGR": [0.0, 0.0881971178639814], "AGEN": [0.0, 0.0881971178639814], "AGIO": [-0.2225, 0.0881971178639814], "AKRX": [0.14317272727272726, 0.0881971178639814], "ALIM": [0.0, 0.0881971178639814], "ALNY": [0.22490909090909092, 0.0881971178639814], "ALTH": [0.4099789473684212, 0.0881971178639814], "ALTU": [0.0, 0.0881971178639814], "ALXA": [0.26089999999999997, 0.0881971178639814], "ALXN": [0.07314285714285715, 0.0881971178639814], "AMAG": [-0.10339999999999999, 0.0881971178639814], "AMRI": [0.2732, 0.0881971178639814], "AMRN": [0.17400833333333335, 0.0881971178639814], "ANAC": [0.0, 0.0881971178639814], "ARIA": [0.38073999999999997, 0.0881971178639814], "ARNA": [0.0, 0.0881971178639814], "ARRY": [0.0, 0.0881971178639814], "ARWR": [0.10662083333333333, 0.0881971178639814], "ASPX": [-0.025900000000000034, 0.0881971178639814], "AST": [0.02155304347826087, 0.0881971178639814], "AUXL": [0.41895000000000004, 0.0881971178639814], "AVEO": [0.05464, 0.0881971178639814], "AVNR": [0.13396666666666665, 0.0881971178639814], "BCRX": [0.3286, 0.0881971178639814], "BIIB": [0.0, 0.0881971178639814], "BLUE": [0.06554285714285714, 0.0881971178639814], "CADX": [0.244725, 0.0881971178639814], "CARA": [0.0, 0.0881971178639814], "CBST": [0.4754, 0.0881971178639814], "CCXI": [0.0, 0.0881971178639814], "CELG": [0.0, 0.0881971178639814], "CEPH": [0.0, 0.0881971178639814], "CERS": [0.4215, 0.0881971178639814], "CHMA": [0.0, 0.0881971178639814], "CLDX": [-0.08639999999999999, 0.0881971178639814], "CLVS": [-0.09223333333333332, 0.0881971178639814], "CNCE": [0.0, 0.0881971178639814], "CRA": [-0.5657, 0.0881971178639814], "CRME": [0.0, 0.0881971178639814], "CSKI": [0.0, 0.0881971178639814], "CTIC": [0.8507, 0.0881971178639814], "CTRX": [0.0, 0.0881971178639814], "DEPO": [0.1858, 0.0881971178639814], "DYAX": [0.0, 0.0881971178639814], "ECYT": [0.08038, 0.0881971178639814], "EDIT": [0.5423, 0.0881971178639814], "EGRX": [0.0, 0.0881971178639814], "ENCY": [0.0129, 0.0881971178639814], "ENDP": [0.3966571428571429, 0.0881971178639814], "ENTA": [-0.19063333333333332, 0.0881971178639814], "FLKS": [0.4767, 0.0881971178639814], "FLML": [0.0, 0.0881971178639814], "FOLD": [-0.6705, 0.0881971178639814], "FOMX": [0.21692, 0.0881971178639814], "FPRX": [0.0, 0.0881971178639814], "GBT": [0.0, 0.0881971178639814], "GEVA": [0.0, 0.0881971178639814], "GILD": [0.11867727272727273, 0.0881971178639814], "GNVC": [0.0, 0.0881971178639814], "GPRO": [0.1431625, 0.0881971178639814], "GTXI": [0.0, 0.0881971178639814], "GWPH": [0.06743333333333333, 0.0881971178639814], "HALO": [0.10324615384615385, 0.0881971178639814], "HZNP": [0.0, 0.0881971178639814], "ICEL": [0.0, 0.0881971178639814], "ICPT": [0.0, 0.0881971178639814], "ILMN": [-0.1366, 0.0881971178639814], "ILU": [-0.5267, 0.0881971178639814], "INO": [0.2311, 0.0881971178639814], "INSY": [0.0, 0.0881971178639814], "IONS": [0.05321666666666667, 0.0881971178639814], "IPXL": [0.0, 0.0881971178639814], "ISIS": [0.0837, 0.0881971178639814], "ISTA": [0.27446666666666664, 0.0881971178639814], "ITMN": [-0.0516, 0.0881971178639814], "JAZZ": [0.12083999999999999, 0.0881971178639814], "KERX": [0.08038, 0.0881971178639814], "KITE": [0.2732, 0.0881971178639814], "LBIO": [0.2845, 0.0881971178639814], "LGND": [0.0, 0.0881971178639814], "LIFE": [0.11148, 0.0881971178639814], "MACK": [0.0, 0.0881971178639814], "MAPP": [0.636, 0.0881971178639814], "MDCO": [0.5574, 0.0881971178639814], "MDVN": [0.20758000000000001, 0.0881971178639814], "MEDI": [0.2867214285714284, 0.0881971178639814], "MGNX": [-0.3182, 0.0881971178639814], "MNK": [0.13214, 0.0881971178639814], "MNKD": [0.16517500000000002, 0.0881971178639814], "MYGN": [0.0, 0.0881971178639814], "MYL": [0.15425714285714287, 0.0881971178639814], "NEOS": [0.0, 0.0881971178639814], "NH": [0.0, 0.0881971178639814], "NK": [0.13909354838709675, 0.0881971178639814], "NKTR": [0.0, 0.0881971178639814], "NLNK": [0.24080000000000001, 0.0881971178639814], "NPSP": [0.38585, 0.0881971178639814], "OCUL": [0.0, 0.0881971178639814], "OMED": [-0.1335, 0.0881971178639814], "OMER": [0.1806, 0.0881971178639814], "OMPI": [0.0, 0.0881971178639814], "ONTX": [-0.5267, 0.0881971178639814], "ONTY": [0.61736, 0.0881971178639814], "ONVO": [0.0, 0.0881971178639814], "OPK": [0.0, 0.0881971178639814], "OREX": [0.13540833333333332, 0.0881971178639814], "OTIC": [0.0, 0.0881971178639814], "PCYC": [0.0, 0.0881971178639814], "PGNX": [0.0, 0.0881971178639814], "PRGO": [0.0, 0.0881971178639814], "PTCT": [0.0086, 0.0881971178639814], "QCOR": [0.0, 0.0881971178639814], "QLTI": [0.3612, 0.0881971178639814], "RARE": [0.0, 0.0881971178639814], "RCPT": [0.0, 0.0881971178639814], "REGN": [0.0, 0.0881971178639814], "RNAI": [0.5828800000000001, 0.0881971178639814], "RPTP": [0.0, 0.0881971178639814], "SAGE": [0.0, 0.0881971178639814], "SGMO": [0.0, 0.0881971178639814], "SIGA": [0.23835, 0.0881971178639814], "SLXP": [0.5423, 0.0881971178639814], "SPPI": [0.0, 0.0881971178639814], "SRPT": [0.1367857142857143, 0.0881971178639814], "STEM": [-0.2023, 0.0881971178639814], "SVA": [0.0, 0.0881971178639814], "TECH": [0.16493870967741936, 0.0881971178639814], "TEVA": [0.6369, 0.0881971178639814], "THLD": [0.0, 0.0881971178639814], "TKAI": [0.0699, 0.0881971178639814], "TRGT": [0.0, 0.0881971178639814], "TTPH": [0.0, 0.0881971178639814], "USD": [0.225857894736842, 0.0881971178639814], "VRTX": [0.21230000000000002, 0.0881971178639814], "VSTM": [-0.2225, 0.0881971178639814], "VVUS": [0.0, 0.0881971178639814], "XOMA": [0.13396666666666665, 0.0881971178639814]}