{"ACAD": [0.07559310344827586, 0.12364110422053519], "ACHN": [0.3131333333333334, 0.12364110422053519], "ACOR": [0.5679333333333333, 0.12364110422053519], "ACRX": [0.05330000000000001, 0.12364110422053519], "AEGR": [0.194975, 0.12364110422053519], "AFFX": [0.13486666666666666, 0.12364110422053519], "AFFY": [0.148, 0.12364110422053519], "AGEN": [0.6369, 0.12364110422053519], "AKRX": [0.2214, 0.12364110422053519], "ALKS": [0.45115294117647065, 0.12364110422053519], "ALNY": [0.15452666666666665, 0.12364110422053519], "ALTH": [0.14902, 0.12364110422053519], "ALTU": [0.0, 0.12364110422053519], "ALXA": [0.0, 0.12364110422053519], "ALXN": [0.4939, 0.12364110422053519], "AMGN": [0.22772692307692305, 0.12364110422053519], "AMRN": [0.05517916666666667, 0.12364110422053519], "ANAC": [0.1556727272727273, 0.12364110422053519], "ANDS": [0.077025, 0.12364110422053519], "ARIA": [0.3159071428571429, 0.12364110422053519], "ARNA": [0.1028917808219178, 0.12364110422053519], "ARQL": [-0.074, 0.12364110422053519], "ARRY": [0.0, 0.12364110422053519], "ASPX": [0.08362129032258063, 0.12364110422053519], "AST": [0.05631524390243904, 0.12364110422053519], "ASTX": [0.20095, 0.12364110422053519], "AUXL": [-0.128, 0.12364110422053519], "AVEO": [0.4215, 0.12364110422053519], "AVNR": [0.4404, 0.12364110422053519], "BCRX": [-0.020423478260869564, 0.12364110422053519], "BIIB": [0.31314705882352944, 0.12364110422053519], "BIOD": [0.2529, 0.12364110422053519], "BLUE": [0.063825, 0.12364110422053519], "BMRN": [0.31438, 0.12364110422053519], "BMTI": [0.0, 0.12364110422053519], "BPAX": [0.0, 0.12364110422053519], "CBRX": [0.059350000000000014, 0.12364110422053519], "CBST": [0.357525, 0.12364110422053519], "CCXI": [0.0, 0.12364110422053519], "CELG": [0.09680422535211267, 0.12364110422053519], "CLCD": [0.0, 0.12364110422053519], "CLDX": [0.028900000000000002, 0.12364110422053519], "COLL": [0.11155, 0.12364110422053519], "CRA": [0.10282, 0.12364110422053519], "CRIS": [0.0, 0.12364110422053519], "CRME": [0.0, 0.12364110422053519], "CTIC": [0.0, 0.12364110422053519], "CTRX": [-0.045533333333333335, 0.12364110422053519], "CYTX": [0.0, 0.12364110422053519], "DEPO": [0.13161666666666666, 0.12364110422053519], "DNDN": [0.0, 0.12364110422053519], "DRNA": [0.0, 0.12364110422053519], "DRRX": [0.1686, 0.12364110422053519], "DVAX": [0.41124444444444447, 0.12364110422053519], "ECYT": [0.3818, 0.12364110422053519], "EDIT": [0.34056, 0.12364110422053519], "ENCY": [-0.4013333333333333, 0.12364110422053519], "ENTA": [0.24614545454545453, 0.12364110422053519], "ENZN": [0.07781111111111111, 0.12364110422053519], "EXEL": [0.023700000000000016, 0.12364110422053519], "FACT": [0.0, 0.12364110422053519], "FLKS": [0.0, 0.12364110422053519], "FLML": [0.09866666666666667, 0.12364110422053519], "FMI": [0.2023, 0.12364110422053519], "FOLD": [0.10631666666666667, 0.12364110422053519], "FURX": [0.0, 0.12364110422053519], "GERN": [0.0, 0.12364110422053519], "GHDX": [0.0, 0.12364110422053519], "GILD": [0.26362272727272723, 0.12364110422053519], "GNVC": [0.0, 0.12364110422053519], "GPRO": [0.0, 0.12364110422053519], "GRFS": [0.6542, 0.12364110422053519], "GTXI": [0.043885714285714285, 0.12364110422053519], "HALO": [0.13103478260869564, 0.12364110422053519], "HGSI": [0.0, 0.12364110422053519], "HPTX": [0.07189999999999999, 0.12364110422053519], "HZNP": [0.0, 0.12364110422053519], "ICEL": [0.4404, 0.12364110422053519], "ICY": [0.06922727272727273, 0.12364110422053519], "IDIX": [-0.06567272727272727, 0.12364110422053519], "ILMN": [0.050575, 0.12364110422053519], "ILU": [0.6369, 0.12364110422053519], "IMGN": [0.3207548387096774, 0.12364110422053519], "IMMU": [0.0, 0.12364110422053519], "INCR": [0.47865, 0.12364110422053519], "INCY": [0.09722916666666666, 0.12364110422053519], "INFI": [0.12726666666666667, 0.12364110422053519], "INO": [0.07380666666666666, 0.12364110422053519], "IONS": [0.1521464285714286, 0.12364110422053519], "IPXL": [0.45456521739130434, 0.12364110422053519], "IRWD": [0.024836363636363636, 0.12364110422053519], "ISIS": [0.11825714285714287, 0.12364110422053519], "ISTA": [-0.03443333333333334, 0.12364110422053519], "ITMN": [0.028140000000000002, 0.12364110422053519], "JAZZ": [0.3370166666666667, 0.12364110422053519], "KERX": [0.14802857142857143, 0.12364110422053519], "KYTH": [0.0, 0.12364110422053519], "LBIO": [0.00823333333333333, 0.12364110422053519], "LIFE": [0.0, 0.12364110422053519], "LMNX": [0.0129, 0.12364110422053519], "LXRX": [0.0, 0.12364110422053519], "MACK": [0.0, 0.12364110422053519], "MAPP": [0.0, 0.12364110422053519], "MDVN": [0.45493571428571433, 0.12364110422053519], "MEDI": [-0.05431818181818182, 0.12364110422053519], "MNK": [0.20095, 0.12364110422053519], "MNKD": [0.20095, 0.12364110422053519], "MNTA": [0.137475, 0.12364110422053519], "MRNA": [0.0, 0.12364110422053519], "MYL": [0.449, 0.12364110422053519], "NBIX": [0.29375, 0.12364110422053519], "NH": [-0.053040000000000004, 0.12364110422053519], "NK": [0.18963265306122448, 0.12364110422053519], "NKTR": [0.0, 0.12364110422053519], "NVAX": [-0.1318777777777778, 0.12364110422053519], "OMED": [0.0, 0.12364110422053519], "OMER": [0.4509, 0.12364110422053519], "ONCE": [0.019199999999999995, 0.12364110422053519], "ONTY": [0.09789, 0.12364110422053519], "ONVO": [0.1353375, 0.12364110422053519], "ONXX": [0.33058260869565215, 0.12364110422053519], "OPK": [0.08181428571428571, 0.12364110422053519], "OREX": [-0.0007487179487179531, 0.12364110422053519], "OSCI": [0.08927142857142857, 0.12364110422053519], "OTIC": [0.296, 0.12364110422053519], "PACB": [0.1446181818181818, 0.12364110422053519], "PCYC": [0.402225, 0.12364110422053519], "PRGO": [0.4939, 0.12364110422053519], "PTX": [0.07189999999999999, 0.12364110422053519], "RARE": [0.1920666666666667, 0.12364110422053519], "REGN": [0.41158333333333336, 0.12364110422053519], "SAGE": [0.0913495867768595, 0.12364110422053519], "SCLN": [0.0, 0.12364110422053519], "SCMP": [0.0, 0.12364110422053519], "SGMO": [0.16410833333333333, 0.12364110422053519], "SGYP": [-0.06761666666666667, 0.12364110422053519], "SIGA": [0.0, 0.12364110422053519], "SNTA": [-0.059199999999999996, 0.12364110422053519], "SNTS": [0.04228571428571428, 0.12364110422053519], "SPPI": [0.110275, 0.12364110422053519], "SQNM": [0.13935, 0.12364110422053519], "SRPT": [0.1506925, 0.12364110422053519], "STEM": [-0.39225, 0.12364110422053519], "SUPN": [0.0, 0.12364110422053519], "SVA": [-0.1505, 0.12364110422053519], "TECH": [0.14548055555555553, 0.12364110422053519], "TELK": [0.02007666666666667, 0.12364110422053519], "TEVA": [-0.07468666666666667, 0.12364110422053519], "THLD": [0.32335, 0.12364110422053519], "TRGT": [0.0, 0.12364110422053519], "TSRX": [0.13325833333333334, 0.12364110422053519], "USD": [0.036433739837398386, 0.12364110422053519], "UTHR": [0.268775, 0.12364110422053519], "VICL": [-0.22575, 0.12364110422053519], "VNDA": [0.3715, 0.12364110422053519], "VPHM": [0.0, 0.12364110422053519], "VRNM": [0.0, 0.12364110422053519], "VRTX": [0.2102, 0.12364110422053519], "VRUS": [0.0, 0.12364110422053519], "VVUS": [0.08582999999999999, 0.12364110422053519], "XNPT": [0.0, 0.12364110422053519], "XOMA": [0.0, 0.12364110422053519], "ZGNX": [0.32794000000000006, 0.12364110422053519], "ZLCS": [0.12620833333333334, 0.12364110422053519]}