{"ACAD": [0.08875882352941178, 0.10029057885961262], "ACHN": [-0.1909, 0.10029057885961262], "ACRX": [-0.20720000000000002, 0.10029057885961262], "AFFX": [0.0, 0.10029057885961262], "AFFY": [0.07925925925925925, 0.10029057885961262], "AKRX": [0.45968, 0.10029057885961262], "ALKS": [0.16463333333333333, 0.10029057885961262], "ALNY": [0.16957383177570096, 0.10029057885961262], "ALTH": [0.12691999999999998, 0.10029057885961262], "ALXA": [0.1998, 0.10029057885961262], "ALXN": [0.0760529411764706, 0.10029057885961262], "AMGN": [0.06848125, 0.10029057885961262], "AMLN": [0.11653076923076923, 0.10029057885961262], "AMRN": [0.007305555555555555, 0.10029057885961262], "ANDS": [0.0, 0.10029057885961262], "ANPI": [0.3149, 0.10029057885961262], "ANTH": [0.20031675126903545, 0.10029057885961262], "ARIA": [0.0, 0.10029057885961262], "ARNA": [0.19851415929203545, 0.10029057885961262], "ARQL": [0.0, 0.10029057885961262], "ARRY": [0.16695172413793102, 0.10029057885961262], "ASPX": [0.14440000000000003, 0.10029057885961262], "AST": [0.10496462585034015, 0.10029057885961262], "ASTX": [0.36479090909090905, 0.10029057885961262], "AUXL": [0.4939, 0.10029057885961262], "AVNR": [0.0, 0.10029057885961262], "BCRX": [-0.009533333333333331, 0.10029057885961262], "BIIB": [0.2202, 0.10029057885961262], "BIOD": [0.17020000000000002, 0.10029057885961262], "BLUE": [0.2324142857142857, 0.10029057885961262], "BMRN": [0.0, 0.10029057885961262], "BPAX": [0.0, 0.10029057885961262], "BPMC": [0.0, 0.10029057885961262], "CADX": [0.0, 0.10029057885961262], "CALP": [0.0, 0.10029057885961262], "CBRX": [0.0, 0.10029057885961262], "CBST": [0.26944999999999997, 0.10029057885961262], "CELG": [0.021306250000000002, 0.10029057885961262], "CEPH": [0.13396666666666665, 0.10029057885961262], "CERS": [0.2121333333333333, 0.10029057885961262], "CGEN": [0.0, 0.10029057885961262], "CLDX": [0.31845, 0.10029057885961262], "CLVS": [0.5566249999999999, 0.10029057885961262], "COLL": [0.0, 0.10029057885961262], "CRA": [-0.00448000000000001, 0.10029057885961262], "CRME": [0.0, 0.10029057885961262], "CTIC": [0.040628571428571424, 0.10029057885961262], "CYTK": [-0.17, 0.10029057885961262], "DNDN": [0.0, 0.10029057885961262], "DRRX": [-0.1458857142857143, 0.10029057885961262], "DSCO": [0.0, 0.10029057885961262], "EDIT": [0.3182, 0.10029057885961262], "ENCY": [-0.1909, 0.10029057885961262], "ENDP": [0.0, 0.10029057885961262], "ENTA": [0.63875, 0.10029057885961262], "ENZN": [0.0, 0.10029057885961262], "EXEL": [-0.0193, 0.10029057885961262], "FACT": [0.014742857142857143, 0.10029057885961262], "FGEN": [0.0, 0.10029057885961262], "FLKS": [0.2023, 0.10029057885961262], "FLML": [0.0, 0.10029057885961262], "FOLD": [0.07224, 0.10029057885961262], "FURX": [0.296, 0.10029057885961262], "GILD": [0.29164999999999996, 0.10029057885961262], "GRFS": [-0.534, 0.10029057885961262], "GTXI": [0.16419999999999998, 0.10029057885961262], "HALO": [0.2597, 0.10029057885961262], "HGSI": [0.11621067415730342, 0.10029057885961262], "HITK": [0.0, 0.10029057885961262], "HZNP": [0.13249375, 0.10029057885961262], "ICEL": [0.4404, 0.10029057885961262], "ICY": [0.0, 0.10029057885961262], "IDIX": [-0.296, 0.10029057885961262], "ILMN": [0.0908625, 0.10029057885961262], "ILU": [-0.2294, 0.10029057885961262], "IMGN": [0.0, 0.10029057885961262], "IMMU": [0.20095, 0.10029057885961262], "INCR": [0.21685, 0.10029057885961262], "INCY": [0.039775, 0.10029057885961262], "INFI": [0.0, 0.10029057885961262], "INHX": [0.0, 0.10029057885961262], "INO": [-0.052585714285714284, 0.10029057885961262], "IONS": [0.1669612903225807, 0.10029057885961262], "IPXL": [0.0, 0.10029057885961262], "IRWD": [0.13574999999999998, 0.10029057885961262], "ISIS": [0.0, 0.10029057885961262], "ISTA": [0.0712, 0.10029057885961262], "JAZZ": [0.006971428571428573, 0.10029057885961262], "KERX": [0.17, 0.10029057885961262], "LBIO": [0.15008695652173917, 0.10029057885961262], "LGND": [0.44785, 0.10029057885961262], "LIFE": [0.17677, 0.10029057885961262], "LMNX": [0.06743333333333333, 0.10029057885961262], "LXRX": [0.20820967741935484, 0.10029057885961262], "MAPP": [0.0, 0.10029057885961262], "MDCO": [0.6369, 0.10029057885961262], "MDVN": [0.09616666666666668, 0.10029057885961262], "MEDI": [0.22896363636363637, 0.10029057885961262], "MLNM": [0.0, 0.10029057885961262], "MNK": [0.7269, 0.10029057885961262], "MNKD": [0.7269, 0.10029057885961262], "MNOV": [0.0, 0.10029057885961262], "MYGN": [0.0, 0.10029057885961262], "MYL": [0.0, 0.10029057885961262], "NBIX": [0.21075, 0.10029057885961262], "NERV": [0.1027, 0.10029057885961262], "NH": [0.2191095238095238, 0.10029057885961262], "NK": [0.15931447368421053, 0.10029057885961262], "NKTR": [0.1187421052631579, 0.10029057885961262], "NOVN": [0.0, 0.10029057885961262], "NVAX": [0.39957000000000004, 0.10029057885961262], "OMED": [0.3178, 0.10029057885961262], "OMER": [0.0, 0.10029057885961262], "OMPI": [0.07467272727272727, 0.10029057885961262], "ONCE": [-0.2787, 0.10029057885961262], "ONTY": [0.0, 0.10029057885961262], "ONVO": [0.0, 0.10029057885961262], "ONXX": [0.0991764705882353, 0.10029057885961262], "OPK": [0.0, 0.10029057885961262], "OPTR": [0.06, 0.10029057885961262], "OREX": [0.1363080536912752, 0.10029057885961262], "OSCI": [0.0, 0.10029057885961262], "PACB": [0.0, 0.10029057885961262], "PARD": [0.0, 0.10029057885961262], "PCRX": [-0.5106, 0.10029057885961262], "PCYC": [0.07728666666666667, 0.10029057885961262], "PDLI": [0.0, 0.10029057885961262], "PGNX": [0.0734, 0.10029057885961262], "POZN": [0.0, 0.10029057885961262], "QCOR": [0.5911666666666666, 0.10029057885961262], "RARE": [0.2136, 0.10029057885961262], "REGN": [0.0, 0.10029057885961262], "RIGL": [0.3818, 0.10029057885961262], "RNAI": [0.01726666666666669, 0.10029057885961262], "SAGE": [0.16087142857142855, 0.10029057885961262], "SCLN": [0.0, 0.10029057885961262], "SGEN": [0.23248333333333335, 0.10029057885961262], "SGMO": [0.0, 0.10029057885961262], "SIGA": [0.23156666666666667, 0.10029057885961262], "SNTS": [0.0, 0.10029057885961262], "SPPI": [0.1167083333333333, 0.10029057885961262], "STEM": [0.08979999999999999, 0.10029057885961262], "SUPN": [-0.6249, 0.10029057885961262], "SVA": [-0.148, 0.10029057885961262], "TBPH": [0.40886666666666666, 0.10029057885961262], "TECH": [0.11356052631578945, 0.10029057885961262], "TEVA": [-0.12040000000000001, 0.10029057885961262], "THLD": [0.1591, 0.10029057885961262], "THRX": [0.17522857142857143, 0.10029057885961262], "TSRX": [0.0, 0.10029057885961262], "USD": [0.036701395348837214, 0.10029057885961262], "UTHR": [0.5093, 0.10029057885961262], "VPHM": [0.0, 0.10029057885961262], "VRNM": [0.39135, 0.10029057885961262], "VRTX": [0.12018571428571427, 0.10029057885961262], "VRUS": [0.0, 0.10029057885961262], "VSTM": [0.0, 0.10029057885961262], "VVUS": [0.14159011627906978, 0.10029057885961262], "XNPT": [0.15293333333333334, 0.10029057885961262], "XOMA": [0.0734, 0.10029057885961262], "ZGNX": [0.29456956521739136, 0.10029057885961262], "ZLCS": [0.08548372093023254, 0.10029057885961262]}