{"ACAD": [0.148, 0.09998510980575867], "ACHN": [0.0, 0.09998510980575867], "ACOR": [0.0, 0.09998510980575867], "AFFX": [0.34, 0.09998510980575867], "AFFY": [0.1977923076923077, 0.09998510980575867], "AGEN": [-0.1591, 0.09998510980575867], "ALKS": [0.0, 0.09998510980575867], "ALNY": [0.2023, 0.09998510980575867], "ALTH": [0.09264285714285715, 0.09998510980575867], "ALXA": [0.2087217391304348, 0.09998510980575867], "AMAG": [0.2023, 0.09998510980575867], "AMGN": [0.1101, 0.09998510980575867], "AMRN": [0.233375, 0.09998510980575867], "ANAC": [0.2023, 0.09998510980575867], "ARIA": [0.7696, 0.09998510980575867], "ARNA": [0.19742, 0.09998510980575867], "ARQL": [0.34, 0.09998510980575867], "ARRY": [0.0, 0.09998510980575867], "ASPX": [0.02714054054054054, 0.09998510980575867], "AST": [-0.051012499999999995, 0.09998510980575867], "AVII": [0.0, 0.09998510980575867], "BCRX": [0.34, 0.09998510980575867], "BIIB": [0.1858, 0.09998510980575867], "BIOD": [0.23169259259259262, 0.09998510980575867], "BPAX": [0.13989000000000001, 0.09998510980575867], "CALP": [0.041800000000000004, 0.09998510980575867], "CELG": [0.0, 0.09998510980575867], "CEPH": [0.0, 0.09998510980575867], "CERS": [0.08927142857142857, 0.09998510980575867], "CGEN": [0.04829090909090909, 0.09998510980575867], "CHRS": [0.5423, 0.09998510980575867], "CRA": [-0.34, 0.09998510980575867], "CRIS": [0.014450000000000001, 0.09998510980575867], "CSKI": [-0.308625, 0.09998510980575867], "CTIC": [0.20095, 0.09998510980575867], "CYTK": [-0.2294, 0.09998510980575867], "DIGE": [0.0, 0.09998510980575867], "DNDN": [0.0, 0.09998510980575867], "ENCY": [0.0, 0.09998510980575867], "ENDP": [0.0, 0.09998510980575867], "ENTA": [0.0, 0.09998510980575867], "ENZN": [0.0, 0.09998510980575867], "EXEL": [0.11676666666666667, 0.09998510980575867], "FOLD": [-0.09106666666666667, 0.09998510980575867], "GENZ": [0.16810434782608694, 0.09998510980575867], "GILD": [0.085, 0.09998510980575867], "GNTA": [0.35609999999999997, 0.09998510980575867], "GNVC": [0.052025, 0.09998510980575867], "HALO": [0.0, 0.09998510980575867], "HGSI": [-0.025144444444444445, 0.09998510980575867], "ICEL": [0.4404, 0.09998510980575867], "ICY": [0.0, 0.09998510980575867], "ILMN": [0.05103333333333334, 0.09998510980575867], "IMMU": [0.6486, 0.09998510980575867], "INCR": [0.2732, 0.09998510980575867], "INO": [-0.5859, 0.09998510980575867], "INSM": [0.0, 0.09998510980575867], "IONS": [0.17020000000000002, 0.09998510980575867], "IPXL": [0.1822, 0.09998510980575867], "ISPH": [0.039775, 0.09998510980575867], "ITMN": [0.0, 0.09998510980575867], "JAZZ": [0.0086, 0.09998510980575867], "KERX": [0.1149, 0.09998510980575867], "LBIO": [-0.17972, 0.09998510980575867], "LIFE": [-0.2732, 0.09998510980575867], "LXRX": [0.3454, 0.09998510980575867], "MDCO": [0.17406666666666668, 0.09998510980575867], "MEDI": [0.0, 0.09998510980575867], "MNK": [0.13391666666666668, 0.09998510980575867], "MNKD": [0.13391666666666668, 0.09998510980575867], "MYL": [0.0, 0.09998510980575867], "MYRX": [0.4215, 0.09998510980575867], "NH": [0.0, 0.09998510980575867], "NK": [0.15619444444444444, 0.09998510980575867], "NPSP": [0.12315, 0.09998510980575867], "NVAX": [0.0, 0.09998510980575867], "OMPI": [0.2023, 0.09998510980575867], "ONXX": [0.6597, 0.09998510980575867], "OREX": [0.045475, 0.09998510980575867], "OSIR": [-0.1205, 0.09998510980575867], "QCOR": [0.0258, 0.09998510980575867], "RPTP": [0.6249, 0.09998510980575867], "SAGE": [-0.1366, 0.09998510980575867], "SGEN": [0.0, 0.09998510980575867], "SGMO": [0.0, 0.09998510980575867], "SPPI": [0.0, 0.09998510980575867], "SQNM": [0.0, 0.09998510980575867], "STEM": [-0.0172, 0.09998510980575867], "TECH": [0.09066666666666666, 0.09998510980575867], "THLD": [0.0, 0.09998510980575867], "USD": [0.0105, 0.09998510980575867], "UTHR": [0.6124, 0.09998510980575867], "VRTX": [0.063825, 0.09998510980575867], "VVUS": [0.37697142857142857, 0.09998510980575867], "WCRX": [0.2023, 0.09998510980575867], "XNPT": [0.0, 0.09998510980575867], "ZLCS": [0.0, 0.09998510980575867]}