{"ACAD": [0.135, 0.032794002514705295], "ACRX": [0.0, 0.032794002514705295], "AFFY": [0.0, 0.032794002514705295], "AGEN": [-0.3241, 0.032794002514705295], "ALIM": [0.0, 0.032794002514705295], "ALKS": [0.0, 0.032794002514705295], "ALNY": [-0.14049999999999999, 0.032794002514705295], "ALTH": [0.1513, 0.032794002514705295], "AMGN": [0.04046, 0.032794002514705295], "AMRN": [-0.1704, 0.032794002514705295], "ANAC": [-0.2023, 0.032794002514705295], "ANIP": [0.1779, 0.032794002514705295], "ANTH": [0.0, 0.032794002514705295], "ARNA": [-0.06647142857142856, 0.032794002514705295], "ARRY": [0.22666666666666668, 0.032794002514705295], "ARWR": [-0.4215, 0.032794002514705295], "ASPX": [0.10313636363636364, 0.032794002514705295], "AST": [0.04789097744360905, 0.032794002514705295], "ASTX": [0.0, 0.032794002514705295], "AVEO": [0.0, 0.032794002514705295], "BCRX": [0.0, 0.032794002514705295], "BIIB": [0.13486666666666666, 0.032794002514705295], "BIOD": [0.0, 0.032794002514705295], "BLUE": [0.038275, 0.032794002514705295], "BPAX": [0.0, 0.032794002514705295], "CADX": [0.0, 0.032794002514705295], "CASC": [0.0, 0.032794002514705295], "CBRX": [0.6369, 0.032794002514705295], "CBST": [0.0, 0.032794002514705295], "CELG": [0.25667272727272733, 0.032794002514705295], "CEMP": [0.0, 0.032794002514705295], "COLL": [-0.3404, 0.032794002514705295], "CRA": [-0.4383, 0.032794002514705295], "CTIC": [0.0, 0.032794002514705295], "DRNA": [0.0, 0.032794002514705295], "DVAX": [0.3182, 0.032794002514705295], "DYAX": [0.0258, 0.032794002514705295], "EGRX": [0.25, 0.032794002514705295], "EMIS": [0.0, 0.032794002514705295], "ENCY": [0.0898, 0.032794002514705295], "ENTA": [0.0, 0.032794002514705295], "ENZN": [0.0, 0.032794002514705295], "ESPR": [0.0, 0.032794002514705295], "EXEL": [0.0, 0.032794002514705295], "FLKS": [0.10115, 0.032794002514705295], "FOLD": [0.317, 0.032794002514705295], "FURX": [0.0, 0.032794002514705295], "GILD": [0.47669999999999996, 0.032794002514705295], "GTXI": [0.0, 0.032794002514705295], "HPTX": [0.0, 0.032794002514705295], "HZNP": [-0.4215, 0.032794002514705295], "ICOS": [0.0, 0.032794002514705295], "ICY": [0.0, 0.032794002514705295], "ILU": [0.31096666666666667, 0.032794002514705295], "IMGN": [0.4404, 0.032794002514705295], "INCY": [0.0, 0.032794002514705295], "INFI": [0.08333333333333333, 0.032794002514705295], "INO": [-0.18025714285714287, 0.032794002514705295], "IONS": [0.03818, 0.032794002514705295], "IPXL": [0.0, 0.032794002514705295], "ISIS": [0.0, 0.032794002514705295], "ISTA": [-0.12831428571428571, 0.032794002514705295], "JAZZ": [0.0, 0.032794002514705295], "KERX": [-0.07071111111111111, 0.032794002514705295], "LGND": [0.0, 0.032794002514705295], "LIFE": [0.0, 0.032794002514705295], "LXRX": [0.0, 0.032794002514705295], "MACK": [0.1471, 0.032794002514705295], "MAPP": [0.28935, 0.032794002514705295], "MDCO": [0.2023, 0.032794002514705295], "MDVN": [0.0, 0.032794002514705295], "MEDI": [-0.04833, 0.032794002514705295], "MNK": [0.0, 0.032794002514705295], "MNKD": [0.0, 0.032794002514705295], "MNTA": [0.139075, 0.032794002514705295], "MRNA": [0.0, 0.032794002514705295], "MYL": [0.0, 0.032794002514705295], "NBIX": [0.47669999999999996, 0.032794002514705295], "NH": [0.262, 0.032794002514705295], "NK": [-0.018340000000000002, 0.032794002514705295], "NLNK": [0.0, 0.032794002514705295], "NPSP": [0.7088, 0.032794002514705295], "OMED": [0.0, 0.032794002514705295], "OMER": [-0.2922, 0.032794002514705295], "OMPI": [0.0, 0.032794002514705295], "ONVO": [0.0, 0.032794002514705295], "ONXX": [0.0, 0.032794002514705295], "OPK": [-0.34, 0.032794002514705295], "OPTR": [0.061350000000000016, 0.032794002514705295], "OREX": [0.10615000000000001, 0.032794002514705295], "PARD": [-0.3818, 0.032794002514705295], "PRAH": [0.1027, 0.032794002514705295], "PTIE": [0.47669999999999996, 0.032794002514705295], "PTX": [0.0, 0.032794002514705295], "QCOR": [-0.5256, 0.032794002514705295], "RNAI": [-0.4215, 0.032794002514705295], "SAGE": [0.16952727272727272, 0.032794002514705295], "SGEN": [0.0, 0.032794002514705295], "SGMO": [0.0, 0.032794002514705295], "SIGA": [0.0, 0.032794002514705295], "SNTA": [0.0, 0.032794002514705295], "SPPI": [0.1909, 0.032794002514705295], "SQNM": [0.0, 0.032794002514705295], "SRPT": [-0.004256249999999993, 0.032794002514705295], "STEM": [0.12738, 0.032794002514705295], "TBPH": [0.0, 0.032794002514705295], "TECH": [-0.021854999999999982, 0.032794002514705295], "TEVA": [0.09063636363636364, 0.032794002514705295], "THLD": [-0.5256, 0.032794002514705295], "THRX": [0.0, 0.032794002514705295], "TRGT": [0.34, 0.032794002514705295], "TSRX": [0.6369, 0.032794002514705295], "USD": [0.07412247191011236, 0.032794002514705295], "UTHR": [0.3488, 0.032794002514705295], "VVUS": [-0.06275, 0.032794002514705295], "WCRX": [0.0, 0.032794002514705295]}