{"ALTH": [0.0, -0.007325000000000012], "ARRY": [0.0, -0.007325000000000012], "AST": [0.3818, -0.007325000000000012], "CELG": [0.0, -0.007325000000000012], "CHRS": [0.0, -0.007325000000000012], "CSKI": [0.0, -0.007325000000000012], "CTIC": [0.0, -0.007325000000000012], "DVAX": [0.0, -0.007325000000000012], "GERN": [-0.2202, -0.007325000000000012], "MAPP": [0.1909, -0.007325000000000012], "SQNM": [0.0, -0.007325000000000012], "STEM": [-0.4404, -0.007325000000000012]}