{"ACOR": [0.0, 0.07199808779275496], "ADLR": [0.25465, 0.07199808779275496], "ADRO": [-0.6597, 0.07199808779275496], "AFFY": [-0.068, 0.07199808779275496], "AKRX": [0.0, 0.07199808779275496], "ALIM": [0.0, 0.07199808779275496], "ALKS": [0.0, 0.07199808779275496], "ALNY": [0.5719, 0.07199808779275496], "ALTH": [-0.021740000000000016, 0.07199808779275496], "ALTU": [0.0, 0.07199808779275496], "ALXA": [0.0, 0.07199808779275496], "ALXN": [0.2023, 0.07199808779275496], "AMGN": [0.22014444444444448, 0.07199808779275496], "AMLN": [0.10928, 0.07199808779275496], "AMRI": [-0.2732, 0.07199808779275496], "AMRN": [0.0, 0.07199808779275496], "ANAC": [0.0, 0.07199808779275496], "ARIA": [0.2294, 0.07199808779275496], "ARNA": [0.0, 0.07199808779275496], "ARQL": [-0.24996000000000002, 0.07199808779275496], "ARRY": [-0.08802857142857143, 0.07199808779275496], "ARWR": [0.033523076923076926, 0.07199808779275496], "ASPX": [0.1010924528301887, 0.07199808779275496], "AST": [0.05194457831325302, 0.07199808779275496], "AUXL": [-0.17020000000000002, 0.07199808779275496], "BCRX": [0.0, 0.07199808779275496], "BIIB": [0.5106, 0.07199808779275496], "BIOD": [0.0, 0.07199808779275496], "BLUE": [0.0652, 0.07199808779275496], "BMTI": [0.0, 0.07199808779275496], "BPAX": [0.004592307692307699, 0.07199808779275496], "BPMC": [0.0, 0.07199808779275496], "CALP": [0.10827142857142857, 0.07199808779275496], "CARA": [0.0, 0.07199808779275496], "CBRX": [0.07024999999999999, 0.07199808779275496], "CBST": [0.5093, 0.07199808779275496], "CELG": [0.04857142857142858, 0.07199808779275496], "CEPH": [0.0, 0.07199808779275496], "CHRS": [0.21168, 0.07199808779275496], "COLL": [0.213, 0.07199808779275496], "CRA": [0.05636666666666665, 0.07199808779275496], "CRIS": [0.09568333333333334, 0.07199808779275496], "CTIC": [0.06818181818181818, 0.07199808779275496], "CYTK": [0.0, 0.07199808779275496], "CYTX": [0.0, 0.07199808779275496], "DSCO": [0.0, 0.07199808779275496], "DVAX": [0.4926, 0.07199808779275496], "ECYT": [0.0, 0.07199808779275496], "EDIT": [0.1909, 0.07199808779275496], "ENDP": [0.0, 0.07199808779275496], "ENTA": [0.0, 0.07199808779275496], "ENZN": [0.0, 0.07199808779275496], "EXEL": [0.0, 0.07199808779275496], "FOLD": [-0.02363333333333333, 0.07199808779275496], "GENZ": [0.0, 0.07199808779275496], "GHDX": [0.5106, 0.07199808779275496], "GILD": [0.29383750000000003, 0.07199808779275496], "GNTA": [0.18783333333333332, 0.07199808779275496], "GTXI": [0.0, 0.07199808779275496], "HALO": [0.0, 0.07199808779275496], "HGSI": [-0.2765666666666666, 0.07199808779275496], "ICEL": [0.4404, 0.07199808779275496], "ICY": [0.0, 0.07199808779275496], "IDIX": [0.5055714285714287, 0.07199808779275496], "ILMN": [0.3612, 0.07199808779275496], "ILU": [0.3612, 0.07199808779275496], "IMGN": [0.38295000000000007, 0.07199808779275496], "IMMU": [0.0, 0.07199808779275496], "INCR": [0.215125, 0.07199808779275496], "INCY": [0.005462500000000004, 0.07199808779275496], "INHX": [0.209825, 0.07199808779275496], "IONS": [0.20572222222222225, 0.07199808779275496], "IPXL": [-0.5106, 0.07199808779275496], "IRWD": [0.0, 0.07199808779275496], "ISIS": [0.5719, 0.07199808779275496], "ISTA": [0.0, 0.07199808779275496], "ITEK": [-0.4939, 0.07199808779275496], "ITMN": [0.0, 0.07199808779275496], "KERX": [0.07555, 0.07199808779275496], "LBIO": [0.004839999999999961, 0.07199808779275496], "LGND": [0.38055, 0.07199808779275496], "LIFE": [0.07955, 0.07199808779275496], "LMNX": [0.0, 0.07199808779275496], "MACK": [0.0, 0.07199808779275496], "MAPP": [0.0, 0.07199808779275496], "MAXY": [0.2263, 0.07199808779275496], "MDCO": [-0.0253, 0.07199808779275496], "MDVN": [-0.0020571428571428607, 0.07199808779275496], "MEDI": [-0.039775, 0.07199808779275496], "MNK": [0.21075, 0.07199808779275496], "MNKD": [0.21075, 0.07199808779275496], "MRNA": [0.0, 0.07199808779275496], "MYL": [0.0, 0.07199808779275496], "NBIX": [0.13115, 0.07199808779275496], "NH": [0.15736875, 0.07199808779275496], "NK": [0.13091875000000003, 0.07199808779275496], "NPSP": [0.2940285714285714, 0.07199808779275496], "NVAX": [0.0, 0.07199808779275496], "OMPI": [0.12138, 0.07199808779275496], "ONCE": [0.2997, 0.07199808779275496], "OPK": [0.0, 0.07199808779275496], "OREX": [0.0, 0.07199808779275496], "PACB": [0.0, 0.07199808779275496], "PANC": [-0.6597, 0.07199808779275496], "PCRX": [0.0, 0.07199808779275496], "PDLI": [0.37956000000000006, 0.07199808779275496], "QCOR": [0.5106, 0.07199808779275496], "RARE": [0.0, 0.07199808779275496], "REGN": [0.646075, 0.07199808779275496], "SAGE": [0.09849491525423727, 0.07199808779275496], "SGMO": [0.0, 0.07199808779275496], "SHPG": [0.34, 0.07199808779275496], "SLXP": [0.27845000000000003, 0.07199808779275496], "SNTA": [-0.477375, 0.07199808779275496], "SPPI": [0.0, 0.07199808779275496], "SQNM": [-0.4939, 0.07199808779275496], "STEM": [-0.1366, 0.07199808779275496], "TECH": [0.15255000000000002, 0.07199808779275496], "TELK": [0.0, 0.07199808779275496], "TEVA": [0.048933333333333336, 0.07199808779275496], "TRGT": [0.1122625, 0.07199808779275496], "USD": [0.04225105105105103, 0.07199808779275496], "VICL": [0.38295, 0.07199808779275496], "VPHM": [0.09786666666666667, 0.07199808779275496], "VRNM": [0.0, 0.07199808779275496], "VRTX": [0.07219333333333332, 0.07199808779275496], "VRUS": [-0.34040000000000004, 0.07199808779275496], "VVUS": [0.0, 0.07199808779275496], "WCRX": [0.296, 0.07199808779275496], "XNPT": [0.27604999999999996, 0.07199808779275496], "XOMA": [0.0, 0.07199808779275496], "ZGNX": [-0.14175, 0.07199808779275496], "ZLCS": [0.0, 0.07199808779275496]}