{"AFFY": [0.7783, 0.08265907488577731], "ALNY": [0.0, 0.08265907488577731], "ALTH": [0.2787, 0.08265907488577731], "ALXA": [0.3912, 0.08265907488577731], "ALXN": [0.0, 0.08265907488577731], "AMGN": [0.0, 0.08265907488577731], "AMLN": [0.0, 0.08265907488577731], "AMRN": [-0.178, 0.08265907488577731], "ANDS": [0.0, 0.08265907488577731], "ANTH": [-0.3182, 0.08265907488577731], "ARIA": [0.085, 0.08265907488577731], "ARNA": [0.24509999999999996, 0.08265907488577731], "ARRY": [0.4019, 0.08265907488577731], "ASPX": [0.05345555555555556, 0.08265907488577731], "AST": [0.19526774193548396, 0.08265907488577731], "AVNR": [-0.3182, 0.08265907488577731], "BIIB": [-0.2732, 0.08265907488577731], "BIOD": [0.0, 0.08265907488577731], "BMRN": [0.0, 0.08265907488577731], "BSTE": [0.0, 0.08265907488577731], "CALP": [0.23966000000000004, 0.08265907488577731], "CBPO": [0.0, 0.08265907488577731], "CBRX": [0.14049999999999999, 0.08265907488577731], "CELG": [0.056816666666666675, 0.08265907488577731], "CEPH": [-0.029599999999999998, 0.08265907488577731], "CHRS": [0.0, 0.08265907488577731], "CRA": [0.10089999999999999, 0.08265907488577731], "CRIS": [0.0, 0.08265907488577731], "CRME": [0.24693749999999998, 0.08265907488577731], "CSKI": [0.0, 0.08265907488577731], "CTIC": [0.0, 0.08265907488577731], "CYTK": [0.0, 0.08265907488577731], "DEPO": [0.04308000000000001, 0.08265907488577731], "DVAX": [0.07655, 0.08265907488577731], "DYAX": [0.0, 0.08265907488577731], "EDIT": [0.6901, 0.08265907488577731], "ENDP": [-0.4215, 0.08265907488577731], "ENTA": [0.0, 0.08265907488577731], "EURX": [0.0, 0.08265907488577731], "EXEL": [0.22782500000000003, 0.08265907488577731], "FACT": [0.5719, 0.08265907488577731], "GENZ": [0.0, 0.08265907488577731], "GERN": [-0.10827142857142857, 0.08265907488577731], "GHDX": [0.0, 0.08265907488577731], "GILD": [0.07308333333333333, 0.08265907488577731], "HALO": [-0.037, 0.08265907488577731], "HBIO": [0.20230000000000004, 0.08265907488577731], "HGSI": [0.0, 0.08265907488577731], "HITK": [0.20229999999999998, 0.08265907488577731], "IDIX": [-0.21075, 0.08265907488577731], "ILMN": [-0.5106, 0.08265907488577731], "IMMU": [0.0, 0.08265907488577731], "INCR": [0.4404, 0.08265907488577731], "INCY": [-0.220175, 0.08265907488577731], "INHX": [0.2337916666666667, 0.08265907488577731], "INO": [0.0, 0.08265907488577731], "INSM": [0.5228, 0.08265907488577731], "IONS": [-0.37895, 0.08265907488577731], "IPXL": [0.0, 0.08265907488577731], "ISTA": [-0.4767, 0.08265907488577731], "JAZZ": [0.0, 0.08265907488577731], "KERX": [0.3393, 0.08265907488577731], "LBIO": [-0.3182, 0.08265907488577731], "LIFE": [-0.370425, 0.08265907488577731], "LXRX": [0.5106, 0.08265907488577731], "MDCO": [0.5574, 0.08265907488577731], "MEDI": [0.2787, 0.08265907488577731], "MNK": [0.0, 0.08265907488577731], "MNKD": [0.0, 0.08265907488577731], "MNTA": [0.0, 0.08265907488577731], "MYGN": [0.064, 0.08265907488577731], "MYL": [0.09866666666666667, 0.08265907488577731], "NABI": [0.4215, 0.08265907488577731], "NH": [0.23136923076923077, 0.08265907488577731], "NK": [0.14279090909090908, 0.08265907488577731], "NPSP": [0.17, 0.08265907488577731], "NVAX": [0.0, 0.08265907488577731], "OMED": [0.0, 0.08265907488577731], "OMER": [0.0, 0.08265907488577731], "ONCE": [0.6749, 0.08265907488577731], "OREX": [0.2091490909090909, 0.08265907488577731], "POZN": [0.0, 0.08265907488577731], "PRGO": [0.0, 0.08265907488577731], "SAGE": [0.10364999999999999, 0.08265907488577731], "SLXP": [0.0, 0.08265907488577731], "SNTA": [0.14215, 0.08265907488577731], "SNTS": [0.4215, 0.08265907488577731], "SPPI": [0.0, 0.08265907488577731], "SQNM": [-0.038025, 0.08265907488577731], "STEM": [0.0, 0.08265907488577731], "TECH": [0.2813785714285715, 0.08265907488577731], "TEVA": [0.20756388888888885, 0.08265907488577731], "THRX": [0.1909, 0.08265907488577731], "USD": [0.10621333333333333, 0.08265907488577731], "VPHM": [0.0, 0.08265907488577731], "VRNM": [0.4184, 0.08265907488577731], "VRTX": [0.0, 0.08265907488577731], "VVUS": [0.17663333333333334, 0.08265907488577731], "XNPT": [0.22907142857142856, 0.08265907488577731], "XOMA": [0.0, 0.08265907488577731]}