{"ACAD": [0.05581249999999999, 0.14853467001084286], "ACHN": [0.09900378048780491, 0.14853467001084286], "ACOR": [0.08045, 0.14853467001084286], "ACRX": [0.23945555555555556, 0.14853467001084286], "ADHD": [0.15293333333333334, 0.14853467001084286], "ADMS": [0.04645, 0.14853467001084286], "AEGR": [0.37532999999999994, 0.14853467001084286], "AFFX": [0.29621250000000005, 0.14853467001084286], "AFFY": [0.592425, 0.14853467001084286], "AGEN": [-0.05558, 0.14853467001084286], "AGIO": [0.0843, 0.14853467001084286], "AKBA": [0.34, 0.14853467001084286], "AKRX": [-0.19063333333333332, 0.14853467001084286], "ALDR": [0.0, 0.14853467001084286], "ALIM": [0.3914657142857145, 0.14853467001084286], "ALKS": [0.14933703703703702, 0.14853467001084286], "ALNY": [-0.27618095238095236, 0.14853467001084286], "ALTH": [0.15071206896551723, 0.14853467001084286], "ALTU": [0.6197, 0.14853467001084286], "ALXA": [0.0, 0.14853467001084286], "ALXN": [0.0581875, 0.14853467001084286], "AMAG": [-0.08590000000000003, 0.14853467001084286], "AMGN": [0.4588, 0.14853467001084286], "AMRN": [0.34434444444444445, 0.14853467001084286], "ANAC": [0.2699777777777778, 0.14853467001084286], "ANDS": [0.23534999999999998, 0.14853467001084286], "ANIP": [0.033716666666666666, 0.14853467001084286], "ANPI": [0.0, 0.14853467001084286], "ANTH": [0.3045285714285714, 0.14853467001084286], "AQXP": [0.4588, 0.14853467001084286], "ARDX": [0.04933333333333333, 0.14853467001084286], "ARIA": [0.09253333333333333, 0.14853467001084286], "ARNA": [0.13527241379310348, 0.14853467001084286], "ARQL": [0.31574, 0.14853467001084286], "ARRY": [0.16786428571428574, 0.14853467001084286], "ARWR": [0.12933243243243242, 0.14853467001084286], "ASPX": [0.12475499999999998, 0.14853467001084286], "AST": [0.3405913513513516, 0.14853467001084286], "ASTX": [0.6197, 0.14853467001084286], "AUXL": [0.18409999999999999, 0.14853467001084286], "AVEO": [0.2666507246376812, 0.14853467001084286], "AVNR": [0.25126764705882343, 0.14853467001084286], "AXCA": [0.16463333333333333, 0.14853467001084286], "BCRX": [-0.1642142857142857, 0.14853467001084286], "BIIB": [0.23877058823529412, 0.14853467001084286], "BIOD": [0.07893125000000001, 0.14853467001084286], "BLUE": [0.074, 0.14853467001084286], "BMRN": [0.10422857142857143, 0.14853467001084286], "BOLD": [0.5574, 0.14853467001084286], "CADX": [0.5707, 0.14853467001084286], "CALP": [-0.057383333333333335, 0.14853467001084286], "CARA": [0.5707, 0.14853467001084286], "CBRX": [-0.0772, 0.14853467001084286], "CBST": [-0.10708, 0.14853467001084286], "CCXI": [0.6442, 0.14853467001084286], "CELG": [0.16644285714285714, 0.14853467001084286], "CEMP": [-0.09107999999999998, 0.14853467001084286], "CEPH": [0.3544, 0.14853467001084286], "CERS": [0.24206249999999999, 0.14853467001084286], "CHMA": [0.1796, 0.14853467001084286], "CLDX": [0.08329142857142856, 0.14853467001084286], "CLVS": [0.06865098039215686, 0.14853467001084286], "CMRX": [-0.16914285714285712, 0.14853467001084286], "COLL": [0.1572, 0.14853467001084286], "CRA": [-0.0956816326530612, 0.14853467001084286], "CRIS": [0.036070000000000005, 0.14853467001084286], "CRME": [0.047558333333333334, 0.14853467001084286], "CTIC": [0.12458108108108107, 0.14853467001084286], "CTRX": [0.3804666666666667, 0.14853467001084286], "CYTK": [0.0386, 0.14853467001084286], "CYTX": [0.07224, 0.14853467001084286], "DEPO": [0.25875882352941176, 0.14853467001084286], "DERM": [0.16463333333333333, 0.14853467001084286], "DIGE": [0.0, 0.14853467001084286], "DNDN": [0.000931250000000005, 0.14853467001084286], "DRNA": [0.0, 0.14853467001084286], "DRRX": [0.0, 0.14853467001084286], "DSCO": [0.08510000000000001, 0.14853467001084286], "DVAX": [0.22692727272727273, 0.14853467001084286], "DYAX": [-0.092824, 0.14853467001084286], "ECYT": [0.4823692307692307, 0.14853467001084286], "EDIT": [0.28325999999999996, 0.14853467001084286], "EGLT": [-0.08274999999999996, 0.14853467001084286], "EGRX": [0.0, 0.14853467001084286], "EMIS": [0.296, 0.14853467001084286], "ENDP": [0.18999375, 0.14853467001084286], "ENTA": [0.012664583333333321, 0.14853467001084286], "ENZN": [0.06385423728813558, 0.14853467001084286], "EPZM": [-0.01544, 0.14853467001084286], "EXEL": [0.09594, 0.14853467001084286], "FACT": [0.1611, 0.14853467001084286], "FLKS": [0.4215, 0.14853467001084286], "FMI": [0.033525, 0.14853467001084286], "FOLD": [-0.02855000000000001, 0.14853467001084286], "FPRX": [0.6442, 0.14853467001084286], "GERN": [0.16258028169014085, 0.14853467001084286], "GEVA": [0.43806666666666666, 0.14853467001084286], "GHDX": [0.10986363636363636, 0.14853467001084286], "GILD": [0.03321824817518248, 0.14853467001084286], "GNVC": [0.19023333333333334, 0.14853467001084286], "GRFS": [0.07655, 0.14853467001084286], "GTXI": [0.3598333333333334, 0.14853467001084286], "GWPH": [0.20163999999999999, 0.14853467001084286], "HALO": [-0.04972571428571429, 0.14853467001084286], "HEPH": [0.0, 0.14853467001084286], "HPTX": [0.296, 0.14853467001084286], "HZNP": [0.16769696969696973, 0.14853467001084286], "ICEL": [0.6178875, 0.14853467001084286], "ICPT": [-0.20806999999999998, 0.14853467001084286], "ICY": [0.0, 0.14853467001084286], "IDIX": [0.0929070351758794, 0.14853467001084286], "ILMN": [0.09699444444444445, 0.14853467001084286], "ILU": [-0.36920000000000003, 0.14853467001084286], "IMMU": [-0.24502758620689657, 0.14853467001084286], "INCR": [0.18750740740740746, 0.14853467001084286], "INCY": [0.17, 0.14853467001084286], "INFI": [0.538775, 0.14853467001084286], "INHX": [-0.2023, 0.14853467001084286], "INO": [0.049054545454545455, 0.14853467001084286], "INSY": [0.46197333333333346, 0.14853467001084286], "IONS": [0.06496428571428572, 0.14853467001084286], "IPXL": [0.29436666666666667, 0.14853467001084286], "IRWD": [0.2023, 0.14853467001084286], "ISIS": [0.11769074074074076, 0.14853467001084286], "ISPH": [-0.6908, 0.14853467001084286], "ISTA": [0.14953076923076924, 0.14853467001084286], "ITMN": [0.13509090909090912, 0.14853467001084286], "JAZZ": [0.03925, 0.14853467001084286], "KERX": [0.4496428571428571, 0.14853467001084286], "KPTI": [-0.013919999999999997, 0.14853467001084286], "KYTH": [0.3612, 0.14853467001084286], "LBIO": [0.14358896551724126, 0.14853467001084286], "LGND": [0.44995555555555555, 0.14853467001084286], "LIFE": [0.0773, 0.14853467001084286], "LMNX": [0.7184, 0.14853467001084286], "LXRX": [0.0, 0.14853467001084286], "MACK": [0.3384, 0.14853467001084286], "MAPP": [-0.1531, 0.14853467001084286], "MEDI": [0.28815797101449486, 0.14853467001084286], "MGNX": [0.0172, 0.14853467001084286], "MNK": [0.024890000000000006, 0.14853467001084286], "MNKD": [0.015302985074626853, 0.14853467001084286], "MNTA": [0.25, 0.14853467001084286], "MRNA": [0.5707, 0.14853467001084286], "MYGN": [0.0817875, 0.14853467001084286], "MYL": [0.10322, 0.14853467001084286], "NABI": [0.09106666666666667, 0.14853467001084286], "NEOL": [0.296, 0.14853467001084286], "NERV": [0.04228571428571428, 0.14853467001084286], "NH": [0.007059090909090914, 0.14853467001084286], "NK": [0.10033296089385475, 0.14853467001084286], "NKTR": [-0.13063636363636366, 0.14853467001084286], "NLNK": [0.2202, 0.14853467001084286], "NPSP": [-0.019380434782608695, 0.14853467001084286], "NVAX": [-0.0023833333333333298, 0.14853467001084286], "OMED": [0.32751249999999993, 0.14853467001084286], "OMER": [0.1564, 0.14853467001084286], "OMPI": [0.5994, 0.14853467001084286], "ONCE": [-0.05143636363636364, 0.14853467001084286], "ONTX": [0.3291, 0.14853467001084286], "ONTY": [0.3123923076923077, 0.14853467001084286], "ONVO": [0.21746363636363633, 0.14853467001084286], "OPHT": [0.25, 0.14853467001084286], "OPK": [0.16911250000000003, 0.14853467001084286], "ORCH": [0.0, 0.14853467001084286], "OREX": [0.09443783783783781, 0.14853467001084286], "OSCI": [0.029599999999999998, 0.14853467001084286], "OTIC": [0.11175, 0.14853467001084286], "OVAS": [0.17759999999999998, 0.14853467001084286], "PANC": [-0.21989999999999998, 0.14853467001084286], "PCYC": [0.16490909090909092, 0.14853467001084286],