{"AAVL": [0.13794666666666666, 0.15903092278167033], "ACAD": [0.32454375, 0.15903092278167033], "ACHN": [0.34750000000000003, 0.15903092278167033], "ACOR": [0.15977391304347824, 0.15903092278167033], "ACRX": [0.53495, 0.15903092278167033], "ADHD": [-0.042666666666666665, 0.15903092278167033], "ADRO": [0.08027, 0.15903092278167033], "AEGR": [0.31656923076923077, 0.15903092278167033], "AERI": [0.0, 0.15903092278167033], "AFFX": [0.41822, 0.15903092278167033], "AFFY": [0.43520000000000003, 0.15903092278167033], "AFMD": [0.12743157894736842, 0.15903092278167033], "AGEN": [0.25508888888888887, 0.15903092278167033], "AGIO": [0.03524166666666667, 0.15903092278167033], "AGTC": [0.041666666666666664, 0.15903092278167033], "AIMT": [0.3348, 0.15903092278167033], "AKBA": [0.5106, 0.15903092278167033], "AKRX": [0.16398333333333334, 0.15903092278167033], "ALDR": [0.23022222222222222, 0.15903092278167033], "ALIM": [0.31300833333333333, 0.15903092278167033], "ALKS": [0.11163947368421052, 0.15903092278167033], "ALNY": [0.07086923076923077, 0.15903092278167033], "ALTH": [0.060104878048780494, 0.15903092278167033], "ALTU": [0.35663333333333336, 0.15903092278167033], "ALXA": [0.0, 0.15903092278167033], "ALXN": [0.05409032258064515, 0.15903092278167033], "AMAG": [0.013683333333333344, 0.15903092278167033], "AMGN": [0.016541025641025647, 0.15903092278167033], "AMPH": [0.6597, 0.15903092278167033], "AMRI": [0.2553, 0.15903092278167033], "AMRN": [0.13097999999999999, 0.15903092278167033], "ANAC": [0.16295333333333334, 0.15903092278167033], "ANDS": [0.1806, 0.15903092278167033], "ANIP": [-0.3544, 0.15903092278167033], "ANTH": [0.046418181818181824, 0.15903092278167033], "AQXP": [0.23707499999999998, 0.15903092278167033], "ARDX": [0.296, 0.15903092278167033], "ARIA": [0.08575208333333333, 0.15903092278167033], "ARNA": [0.05106818181818182, 0.15903092278167033], "ARQL": [0.2997, 0.15903092278167033], "ARRY": [0.19706842105263161, 0.15903092278167033], "ARWR": [0.166125, 0.15903092278167033], "ASPX": [0.06194166666666665, 0.15903092278167033], "AST": [0.1408562499999999, 0.15903092278167033], "ASTX": [0.53495, 0.15903092278167033], "ATRA": [0.039028571428571426, 0.15903092278167033], "AUXL": [0.0, 0.15903092278167033], "AVEO": [0.5019166666666667, 0.15903092278167033], "AVNR": [0.6696, 0.15903092278167033], "BCRX": [0.34158571428571427, 0.15903092278167033], "BIIB": [0.13934035087719301, 0.15903092278167033], "BIOD": [0.03466666666666668, 0.15903092278167033], "BLCM": [0.22438888888888886, 0.15903092278167033], "BLUE": [0.15426033057851238, 0.15903092278167033], "BMRN": [0.13584137931034482, 0.15903092278167033], "BPMC": [0.0, 0.15903092278167033], "CADX": [0.636, 0.15903092278167033], "CARA": [0.27141818181818184, 0.15903092278167033], "CCXI": [0.54555, 0.15903092278167033], "CELG": [0.11954695652173915, 0.15903092278167033], "CEMP": [0.18464285714285714, 0.15903092278167033], "CEPH": [0.2553, 0.15903092278167033], "CERS": [0.34295000000000003, 0.15903092278167033], "CHMA": [0.0, 0.15903092278167033], "CHRS": [0.296, 0.15903092278167033], "CLCD": [0.0, 0.15903092278167033], "CLDN": [0.22911904761904764, 0.15903092278167033], "CLDX": [0.23199999999999998, 0.15903092278167033], "CLVS": [0.10690285714285716, 0.15903092278167033], "CMRX": [0.0, 0.15903092278167033], "CNCE": [0.2023, 0.15903092278167033], "COLL": [-0.3105807692307693, 0.15903092278167033], "CRA": [0.017635483870967743, 0.15903092278167033], "CRIS": [0.37085, 0.15903092278167033], "CRME": [0.6696, 0.15903092278167033], "CTIC": [0.02897894736842105, 0.15903092278167033], "CTRX": [0.35663333333333336, 0.15903092278167033], "CXRX": [0.0, 0.15903092278167033], "CYTK": [-0.14016249999999997, 0.15903092278167033], "CYTX": [0.31529285714285715, 0.15903092278167033], "DBVT": [0.09578571428571428, 0.15903092278167033], "DEPO": [0.11656326530612245, 0.15903092278167033], "DERM": [0.14137142857142856, 0.15903092278167033], "DIGE": [0.0, 0.15903092278167033], "DNDN": [-0.608, 0.15903092278167033], "DRNA": [0.0, 0.15903092278167033], "DRRX": [0.0, 0.15903092278167033], "DSCO": [0.0, 0.15903092278167033], "DVAX": [0.25975714285714285, 0.15903092278167033], "DYAX": [0.13134878048780488, 0.15903092278167033], "ECYT": [0.5019166666666667, 0.15903092278167033], "EDIT": [0.27014000000000005, 0.15903092278167033], "EGLT": [0.0, 0.15903092278167033], "EGRX": [0.16046875, 0.15903092278167033], "EMIS": [0.28618, 0.15903092278167033], "ENCY": [0.16800624999999997, 0.15903092278167033], "ENDP": [0.047636842105263144, 0.15903092278167033], "ENTA": [0.06903666666666666, 0.15903092278167033], "ENZN": [0.1793070175438596, 0.15903092278167033], "EPZM": [0.38480000000000003, 0.15903092278167033], "ESPR": [0.27592, 0.15903092278167033], "EXEL": [0.08051666666666667, 0.15903092278167033], "FACT": [-0.030747619047619044, 0.15903092278167033], "FGEN": [0.04309130434782609, 0.15903092278167033], "FLKS": [-0.039028571428571426, 0.15903092278167033], "FLXN": [0.0, 0.15903092278167033], "FMI": [0.24466000000000002, 0.15903092278167033], "FOLD": [0.0991, 0.15903092278167033], "FOMX": [-0.02261333333333333, 0.15903092278167033], "FPRX": [0.131537037037037, 0.15903092278167033], "GBT": [-0.032, 0.15903092278167033], "GERN": [0.10468055555555555, 0.15903092278167033], "GEVA": [0.247075, 0.15903092278167033], "GHDX": [0.0, 0.15903092278167033], "GILD": [0.1480752747252746, 0.15903092278167033], "GNVC": [0.17877142857142858, 0.15903092278167033], "GPRO": [0.010786363636363636, 0.15903092278167033], "GRFS": [0.0, 0.15903092278167033], "GWPH": [0.17534, 0.15903092278167033], "HALO": [0.1950568627450981, 0.15903092278167033], "HBIO": [0.08808, 0.15903092278167033], "HZNP": [0.08650000000000002, 0.15903092278167033], "ICEL": [0.25661999999999996, 0.15903092278167033], "ICPT": [0.1631, 0.15903092278167033], "ICY": [0.21265, 0.15903092278167033], "ILMN": [0.08072727272727272, 0.15903092278167033], "ILU": [-0.064, 0.15903092278167033], "IMDZ": [0.5267, 0.15903092278167033], "IMGN": [0.0, 0.15903092278167033], "IMMU": [-0.12267142857142858, 0.15903092278167033], "INCR": [0.19714736842105263, 0.15903092278167033], "INCY": [0.16509130434782612, 0.15903092278167033], "INFI": [0.32175714285714285, 0.15903092278167033], "INGN": [0.11102857142857143, 0.15903092278167033], "INO": [0.2054, 0.15903092278167033], "INSY": [0.014352325581395367, 0.15903092278167033], "IONS": [0.021749668874172182, 0.15903092278167033], "IPXL": [0.22319999999999998, 0.15903092278167033], "IRWD": [0.0, 0.15903092278167033], "ISIS": [0.31117096774193553, 0.15903092278167033], "ISPH": [0.0, 0.15903092278167033], "ISTA": [0.5409333333333334, 0.15903092278167033], "ITCI": [0.05748888888888889, 0.15903092278167033], "ITEK": [0.0, 0.15903092278167033], "ITMN": [-0.4404, 0.15903092278167033], "JAZZ": [0.5634615384615383, 0.15903092278167033], "JUNO": [0.07801, 0.15903092278167033], "KERX": [0.06029999999999999, 0.15903092278167033], "KITE": [0.08735156250000002, 0.15903092278167033], "LBIO": [0.16565, 0.15903092278167033], "LGND": [0.426675, 0.15903092278167033], "LIFE": [0.09578400000000002, 0.15903092278167033], "LOXO": [0.06743333333333333, 0.15903092278167033], "LXRX": [0.57035, 0.15903092278167033], "MACK": [0.09003529411764705, 0.15903092278167033], "MAPP": [-0.2732, 0.15903092278167033], "MCRB": [0.33485, 0.15903092278167033], "MDCO": [-0.009738461538461541, 0.15903092278167033], "MDVN": [0.117345, 0.15903092278167033], "MEDI": [0.2629820000000015, 0.15903092278167033], "MGNX": [0.3708, 0.15903092278167033], "MNK": [0.06798888888888886, 0.15903092278167033], "MNKD": [0.1715142857142857, 0.15903092278167033], "MNTA": [0.21645, 0.15903092278167033], "MRNA": [0.18651428571428572, 0.15903092278167033], "MYGN": [0.0795, 0.15903092278167033], "MYL": [0.07031749999999998, 0.15903092278167033], "NABI": [0.0, 0.15903092278167033], "NBIX": [0.0, 0.15903092278167033], "NDRM": [0.19212, 0.15903092278167033], "NEOS": [0.0, 0.15903092278167033], "NH": [0.0800904761904762, 0.15903092278167033],