{"AAVL": [0.19861111111111113, 0.19268232926478354], "ACAD": [0.3883, 0.19268232926478354], "ACHN": [0.16375416666666667, 0.19268232926478354], "ACRX": [0.48929999999999996, 0.19268232926478354], "ADHD": [0.1366, 0.19268232926478354], "ADRO": [0.0903, 0.19268232926478354], "AEGR": [0.46470322580645146, 0.19268232926478354], "AERI": [0.0, 0.19268232926478354], "AFFX": [0.2861105263157895, 0.19268232926478354], "AFFY": [0.4541545454545455, 0.19268232926478354], "AFMD": [0.13096666666666668, 0.19268232926478354], "AGEN": [0.16148, 0.19268232926478354], "AGIO": [0.7985, 0.19268232926478354], "AKBA": [0.0, 0.19268232926478354], "AKRX": [-0.13023, 0.19268232926478354], "ALDR": [0.33525, 0.19268232926478354], "ALIM": [0.48929999999999996, 0.19268232926478354], "ALKS": [0.1716571428571429, 0.19268232926478354], "ALNY": [0.37794444444444447, 0.19268232926478354], "ALTH": [0.054224999999999995, 0.19268232926478354], "ALTU": [0.4731181818181817, 0.19268232926478354], "ALXA": [0.0, 0.19268232926478354], "ALXN": [0.15838095238095237, 0.19268232926478354], "AMAG": [0.3278, 0.19268232926478354], "AMGN": [0.2009981818181818, 0.19268232926478354], "AMPH": [0.0, 0.19268232926478354], "AMRN": [0.4286736842105262, 0.19268232926478354], "ANAC": [0.38143703703703696, 0.19268232926478354], "ANDS": [0.22003333333333333, 0.19268232926478354], "ANIP": [-0.4019, 0.19268232926478354], "ANTH": [0.05193409090909091, 0.19268232926478354], "ARDX": [0.12728, 0.19268232926478354], "ARIA": [-0.008449425287356326, 0.19268232926478354], "ARNA": [0.3307848484848484, 0.19268232926478354], "ARQL": [0.0, 0.19268232926478354], "ARRY": [0.32855999999999996, 0.19268232926478354], "ARWR": [0.4893, 0.19268232926478354], "ASPX": [-0.03511111111111113, 0.19268232926478354], "AST": [0.38517881355932243, 0.19268232926478354], "ASTX": [0.48929999999999996, 0.19268232926478354], "ATRA": [0.51152, 0.19268232926478354], "AVEO": [0.4916206896551722, 0.19268232926478354], "AVNR": [0.55292, 0.19268232926478354], "BCRX": [0.3052933333333333, 0.19268232926478354], "BIIB": [0.34618124999999994, 0.19268232926478354], "BIOD": [0.15293333333333334, 0.19268232926478354], "BLCM": [0.28604999999999997, 0.19268232926478354], "BLUE": [0.12664583333333332, 0.19268232926478354], "BMRN": [-0.11628571428571428, 0.19268232926478354], "BPMC": [0.0, 0.19268232926478354], "CADX": [0.4596333333333333, 0.19268232926478354], "CARA": [0.45963333333333334, 0.19268232926478354], "CBPO": [-0.3182, 0.19268232926478354], "CCXI": [0.36697499999999994, 0.19268232926478354], "CELG": [0.35585294117647054, 0.19268232926478354], "CERS": [0.32595, 0.19268232926478354], "CLDN": [0.0, 0.19268232926478354], "CLDX": [0.301125, 0.19268232926478354], "CLVS": [0.2294, 0.19268232926478354], "CNCE": [0.0, 0.19268232926478354], "CNCT": [0.0, 0.19268232926478354], "COLL": [0.31245, 0.19268232926478354], "COLY": [0.0, 0.19268232926478354], "CRA": [0.22008333333333333, 0.19268232926478354], "CRME": [0.4893, 0.19268232926478354], "CTIC": [0.12714545454545456, 0.19268232926478354], "CTRX": [0.487344, 0.19268232926478354], "CYTK": [0.0, 0.19268232926478354], "DEPO": [0.48929999999999996, 0.19268232926478354], "DRNA": [0.000809090909090931, 0.19268232926478354], "DRRX": [0.0, 0.19268232926478354], "DSCO": [0.6249, 0.19268232926478354], "DVAX": [0.0, 0.19268232926478354], "DYAX": [0.38547499999999996, 0.19268232926478354], "ECYT": [0.4956571428571427, 0.19268232926478354], "EDIT": [0.28635, 0.19268232926478354], "EGLT": [0.18213333333333334, 0.19268232926478354], "EGRX": [0.6202799999999999, 0.19268232926478354], "EMIS": [0.0258, 0.19268232926478354], "ENDP": [0.24967894736842106, 0.19268232926478354], "ENTA": [0.14746923076923074, 0.19268232926478354], "ENZN": [0.29894999999999994, 0.19268232926478354], "ESPR": [0.0, 0.19268232926478354], "EXEL": [0.34737000000000007, 0.19268232926478354], "FGEN": [0.13695999999999997, 0.19268232926478354], "FLKS": [0.17020000000000002, 0.19268232926478354], "FMI": [0.128, 0.19268232926478354], "FOLD": [0.0, 0.19268232926478354], "FPRX": [0.5029923076923077, 0.19268232926478354], "GERN": [0.14223333333333332, 0.19268232926478354], "GEVA": [0.4824538461538461, 0.19268232926478354], "GILD": [0.04413043478260871, 0.19268232926478354], "GNVC": [0.4893, 0.19268232926478354], "GPRO": [-0.10373548387096773, 0.19268232926478354], "GWPH": [0.23034, 0.19268232926478354], "HALO": [0.10357936507936505, 0.19268232926478354], "HZNP": [0.18943749999999995, 0.19268232926478354], "ICEL": [0.4731181818181817, 0.19268232926478354], "ICPT": [0.04933333333333333, 0.19268232926478354], "ILMN": [0.18081333333333333, 0.19268232926478354], "ILU": [0.0, 0.19268232926478354], "IMGN": [0.08092, 0.19268232926478354], "IMMU": [0.16071818181818182, 0.19268232926478354], "INCR": [0.2295545454545455, 0.19268232926478354], "INCY": [-0.15151666666666666, 0.19268232926478354], "INFI": [0.4384428571428572, 0.19268232926478354], "INO": [0.4232085714285712, 0.19268232926478354], "INSM": [0.3062, 0.19268232926478354], "INSY": [0.229821875, 0.19268232926478354], "IONS": [0.1896081081081081, 0.19268232926478354], "IPXL": [0.1939392857142857, 0.19268232926478354], "IRWD": [-0.3182, 0.19268232926478354], "ISIS": [0.3763846153846154, 0.19268232926478354], "ISTA": [0.44035, 0.19268232926478354], "JAZZ": [-0.3182, 0.19268232926478354], "JUNO": [0.06601153846153845, 0.19268232926478354], "KERX": [0.48929999999999996, 0.19268232926478354], "KITE": [0.23403636363636365, 0.19268232926478354], "KMPH": [-0.4389166666666666, 0.19268232926478354], "KPTI": [0.3303, 0.19268232926478354], "KYTH": [0.0, 0.19268232926478354], "LBIO": [0.07843478260869564, 0.19268232926478354], "LGND": [0.40818823529411763, 0.19268232926478354], "LIFE": [0.486574074074074, 0.19268232926478354], "LOXO": [0.0, 0.19268232926478354], "LXRX": [0.15798, 0.19268232926478354], "MACK": [-0.3182, 0.19268232926478354], "MDCO": [0.0, 0.19268232926478354], "MDVN": [-0.2121333333333333, 0.19268232926478354], "MEDI": [0.28051749999999986, 0.19268232926478354], "MGNX": [0.0, 0.19268232926478354], "MNK": [0.04318787878787878, 0.19268232926478354], "MNKD": [0.059715384615384615, 0.19268232926478354], "MNTA": [0.20215, 0.19268232926478354], "MRNA": [0.4670500000000001, 0.19268232926478354], "MYGN": [0.45963333333333334, 0.19268232926478354], "MYL": [0.12274054054054052, 0.19268232926478354], "NBIX": [0.0, 0.19268232926478354], "NDRM": [0.8439, 0.19268232926478354], "NEOS": [0.0, 0.19268232926478354], "NERV": [0.34, 0.19268232926478354], "NH": [0.1755625, 0.19268232926478354], "NK": [0.15951166666666675, 0.19268232926478354], "NKTR": [0.4058159999999999, 0.19268232926478354], "NLNK": [-0.3182, 0.19268232926478354], "NPSP": [0.4797766666666664, 0.19268232926478354], "NSTG": [0.0, 0.19268232926478354], "NVAX": [0.02054, 0.19268232926478354], "OCUL": [0.074, 0.19268232926478354], "OMED": [0.35661071428571434, 0.19268232926478354], "OMER": [0.473, 0.19268232926478354], "OMPI": [0.25, 0.19268232926478354], "ONCE": [-0.030279999999999994, 0.19268232926478354], "ONTY": [0.18484444444444445, 0.19268232926478354], "ONVO": [0.39684482758620687, 0.19268232926478354], "ONXX": [0.0, 0.19268232926478354], "OPHT": [-0.34330000000000005, 0.19268232926478354], "OPK": [0.29222000000000004, 0.19268232926478354], "OREX": [0.18624999999999997, 0.19268232926478354], "OSCI": [-0.21070000000000003, 0.19268232926478354], "OTIC": [0.09290000000000001, 0.19268232926478354], "OVAS": [0.4215, 0.19268232926478354], "PACB": [0.5259470588235293, 0.19268232926478354], "PCRX": [0.0, 0.19268232926478354], "PDLI": [-0.4671285714285714, 0.19268232926478354], "PETX": [0.0, 0.19268232926478354], "PGNX": [0.48929999999999996, 0.19268232926478354], "PRAH": [0.4767, 0.19268232926478354], "PRGO": [0.38084827586206904, 0.19268232926478354], "PRTA": [0.0, 0.19268232926478354], "PTLA": [-0.13203333333333334, 0.19268232926478354], "PTX": [0.0, 0.19268232926478354], "QURE": [0.06811428571428572, 0.19268232926478354], "RDUS": [0.1727, 0.19268232926478354],