{"ACAD": [0.2625818181818182, 0.059796790882525756], "ACHN": [0.0, 0.059796790882525756], "ACOR": [0.0, 0.059796790882525756], "ACRX": [0.14049999999999999, 0.059796790882525756], "ADHD": [0.6705, 0.059796790882525756], "AFFX": [0.2202, 0.059796790882525756], "AFFY": [-0.04566, 0.059796790882525756], "AGEN": [-0.32985, 0.059796790882525756], "AKRX": [0.02227857142857143, 0.059796790882525756], "ALIM": [0.38966, 0.059796790882525756], "ALKS": [0.1935, 0.059796790882525756], "ALNY": [-0.152575, 0.059796790882525756], "ALTH": [0.126525, 0.059796790882525756], "ALXA": [0.05135, 0.059796790882525756], "ALXN": [0.13133333333333333, 0.059796790882525756], "AMGN": [0.09591375000000005, 0.059796790882525756], "AMRN": [0.08737142857142856, 0.059796790882525756], "ANAC": [0.1909, 0.059796790882525756], "ANDS": [-0.0376, 0.059796790882525756], "ANIP": [-0.6103, 0.059796790882525756], "ANTH": [0.26812, 0.059796790882525756], "ARIA": [0.052161538461538454, 0.059796790882525756], "ARNA": [-0.019363157894736836, 0.059796790882525756], "ARQL": [0.4215, 0.059796790882525756], "ARRY": [0.1445, 0.059796790882525756], "ARWR": [0.3595, 0.059796790882525756], "ASPX": [0.3108666666666667, 0.059796790882525756], "AST": [0.15379672897196278, 0.059796790882525756], "ASTX": [0.1671773869346736, 0.059796790882525756], "ATRA": [0.0, 0.059796790882525756], "AUXL": [0.19385294117647062, 0.059796790882525756], "AVEO": [-0.2023, 0.059796790882525756], "AVNR": [0.07326470588235294, 0.059796790882525756], "AXCA": [-0.32985, 0.059796790882525756], "BCRX": [0.024608108108108106, 0.059796790882525756], "BIIB": [-0.06342857142857142, 0.059796790882525756], "BIOD": [0.05673333333333333, 0.059796790882525756], "BLUE": [0.4404, 0.059796790882525756], "BMRN": [0.1943, 0.059796790882525756], "BSTE": [-0.5432, 0.059796790882525756], "CALP": [0.4215, 0.059796790882525756], "CBST": [-0.08115714285714283, 0.059796790882525756], "CCXI": [-0.2023, 0.059796790882525756], "CELG": [0.05157317073170733, 0.059796790882525756], "CEMP": [0.4215, 0.059796790882525756], "CGEN": [0.0, 0.059796790882525756], "CLDX": [0.022665217391304348, 0.059796790882525756], "CLVS": [0.0, 0.059796790882525756], "CMRX": [0.296, 0.059796790882525756], "COLL": [0.0, 0.059796790882525756], "CRA": [-0.008363636363636366, 0.059796790882525756], "CRIS": [0.3275857142857143, 0.059796790882525756], "CTIC": [-0.4040333333333334, 0.059796790882525756], "CYTK": [0.0441125, 0.059796790882525756], "CYTX": [0.0, 0.059796790882525756], "DEPO": [0.0, 0.059796790882525756], "DNDN": [0.0, 0.059796790882525756], "DVAX": [0.6705, 0.059796790882525756], "DYAX": [0.0, 0.059796790882525756], "EDIT": [-0.6103, 0.059796790882525756], "EMIS": [0.0, 0.059796790882525756], "ENCY": [0.0, 0.059796790882525756], "ENDP": [0.16430526315789476, 0.059796790882525756], "ENTA": [0.21989999999999998, 0.059796790882525756], "ENZN": [0.0, 0.059796790882525756], "EPZM": [0.1806, 0.059796790882525756], "ESPR": [-0.5719, 0.059796790882525756], "EXEL": [0.20229999999999998, 0.059796790882525756], "FLKS": [0.3315833333333333, 0.059796790882525756], "GILD": [0.136462, 0.059796790882525756], "GRFS": [0.0, 0.059796790882525756], "HALO": [0.12130625000000002, 0.059796790882525756], "HITK": [0.0, 0.059796790882525756], "HPTX": [0.0, 0.059796790882525756], "HZNP": [-0.356775, 0.059796790882525756], "ICEL": [0.5327333333333333, 0.059796790882525756], "ICY": [0.0258, 0.059796790882525756], "IDIX": [0.36400000000000005, 0.059796790882525756], "ILMN": [-0.1631142857142857, 0.059796790882525756], "ILU": [-0.43060000000000004, 0.059796790882525756], "IMGN": [0.1284903225806452, 0.059796790882525756], "IMMU": [0.10280624999999997, 0.059796790882525756], "INCR": [0.38389999999999996, 0.059796790882525756], "INCY": [0.09590652173913047, 0.059796790882525756], "INO": [-0.069675, 0.059796790882525756], "INSM": [0.03955555555555555, 0.059796790882525756], "INSY": [-0.1376, 0.059796790882525756], "IONS": [0.14104583333333334, 0.059796790882525756], "ISIS": [0.15961578947368424, 0.059796790882525756], "ISTA": [-0.05684999999999997, 0.059796790882525756], "ITMN": [0.0, 0.059796790882525756], "JAZZ": [0.20095, 0.059796790882525756], "KERX": [0.014571428571428572, 0.059796790882525756], "LBIO": [0.18869999999999998, 0.059796790882525756], "LGND": [0.29848750000000007, 0.059796790882525756], "LIFE": [0.2023, 0.059796790882525756], "MACK": [-0.04473999999999999, 0.059796790882525756], "MAPP": [0.296, 0.059796790882525756], "MDVN": [-0.010666666666666666, 0.059796790882525756], "MEDI": [0.10735, 0.059796790882525756], "MNK": [0.045561111111111115, 0.059796790882525756], "MNKD": [0.006438461538461538, 0.059796790882525756], "MYL": [0.0502375, 0.059796790882525756], "NEOL": [0.0, 0.059796790882525756], "NH": [0.0, 0.059796790882525756], "NK": [0.07596904761904762, 0.059796790882525756], "NLNK": [-0.4019, 0.059796790882525756], "NPSP": [0.02878333333333333, 0.059796790882525756], "NVAX": [0.0480375, 0.059796790882525756], "OMED": [0.3612, 0.059796790882525756], "OMER": [0.8126, 0.059796790882525756], "ONCE": [0.0, 0.059796790882525756], "ONTX": [-0.05673333333333334, 0.059796790882525756], "ONTY": [-0.03805, 0.059796790882525756], "ONVO": [0.19488000000000003, 0.059796790882525756], "ONXX": [0.07515490196078432, 0.059796790882525756], "OPK": [-0.22876, 0.059796790882525756], "OPTR": [-0.010349999999999998, 0.059796790882525756], "OREX": [-0.08042368421052631, 0.059796790882525756], "OSCI": [0.059199999999999996, 0.059796790882525756], "OSIR": [0.0, 0.059796790882525756], "OTIC": [-0.17556666666666665, 0.059796790882525756], "PACB": [0.301, 0.059796790882525756], "PANC": [-0.0046799999999999915, 0.059796790882525756], "PGNX": [0.0, 0.059796790882525756], "POZN": [0.37842857142857145, 0.059796790882525756], "QCOR": [0.0, 0.059796790882525756], "RARE": [0.0, 0.059796790882525756], "REGN": [0.08995714285714286, 0.059796790882525756], "RIGL": [0.0, 0.059796790882525756], "RNAI": [0.0, 0.059796790882525756], "SAGE": [0.3996857142857143, 0.059796790882525756], "SGEN": [0.16768800000000003, 0.059796790882525756], "SGMO": [0.19733333333333333, 0.059796790882525756], "SNTA": [0.2263, 0.059796790882525756], "SNTS": [0.031381818181818184, 0.059796790882525756], "SPPI": [-0.0604, 0.059796790882525756], "SRPT": [0.37550909090909096, 0.059796790882525756], "STEM": [-0.37753333333333333, 0.059796790882525756], "SUPN": [0.43239999999999995, 0.059796790882525756], "SVA": [0.258, 0.059796790882525756], "TBPH": [0.0, 0.059796790882525756], "TECH": [0.043697101449275376, 0.059796790882525756], "TELK": [-0.014400000000000005, 0.059796790882525756], "TEVA": [-0.0899909090909091, 0.059796790882525756], "THLD": [0.21670000000000003, 0.059796790882525756], "THRX": [0.0, 0.059796790882525756], "TSRX": [0.021312499999999998, 0.059796790882525756], "TTPH": [-0.050875000000000004, 0.059796790882525756], "USD": [-0.021314545454545444, 0.059796790882525756], "UTHR": [-0.296, 0.059796790882525756], "VICL": [-0.807, 0.059796790882525756], "VNDA": [0.0258, 0.059796790882525756], "VPHM": [0.0, 0.059796790882525756], "VRTX": [0.2834625, 0.059796790882525756], "VSTM": [0.0, 0.059796790882525756], "VTL": [0.0, 0.059796790882525756], "VVUS": [-0.10115, 0.059796790882525756], "XNPT": [0.2023, 0.059796790882525756], "XOMA": [0.09633913043478262, 0.059796790882525756], "ZLCS": [0.08175454545454545, 0.059796790882525756]}