{"ACAD": [0.2856642857142857, 0.1083334305299263], "ACHN": [0.2992, 0.1083334305299263], "ACOR": [0.6369, 0.1083334305299263], "ACRX": [0.8442, 0.1083334305299263], "ADHD": [0.0027500000000000024, 0.1083334305299263], "AEGR": [0.296, 0.1083334305299263], "AERI": [0.0, 0.1083334305299263], "AGEN": [0.4576, 0.1083334305299263], "AKRX": [0.1027, 0.1083334305299263], "ALKS": [0.5106, 0.1083334305299263], "ALNY": [0.21230000000000002, 0.1083334305299263], "ALTH": [0.16330769230769232, 0.1083334305299263], "ALXN": [0.0, 0.1083334305299263], "AMGN": [0.07824615384615384, 0.1083334305299263], "AMRN": [0.04001538461538461, 0.1083334305299263], "ANAC": [0.02699090909090909, 0.1083334305299263], "ANIP": [0.0, 0.1083334305299263], "ANTH": [0.03401428571428571, 0.1083334305299263], "APCVZ&": [0.0, 0.1083334305299263], "APPX": [0.0, 0.1083334305299263], "ARIA": [0.06679191176470589, 0.1083334305299263], "ARNA": [0.12535056179775284, 0.1083334305299263], "ARRY": [-0.148, 0.1083334305299263], "ARWR": [0.33015, 0.1083334305299263], "ARXT": [0.0, 0.1083334305299263], "ASPX": [0.04465555555555555, 0.1083334305299263], "AST": [0.1623658536585366, 0.1083334305299263], "AUXL": [0.0, 0.1083334305299263], "AVEO": [0.35680000000000006, 0.1083334305299263], "AVNR": [-0.04967272727272727, 0.1083334305299263], "AXCA": [0.0, 0.1083334305299263], "BCRX": [0.01032, 0.1083334305299263], "BGIXX": [0.0, 0.1083334305299263], "BIIB": [0.02303076923076923, 0.1083334305299263], "BIOD": [-0.11763333333333335, 0.1083334305299263], "BIVN": [0.0, 0.1083334305299263], "BLKFDS": [0.0, 0.1083334305299263], "BLUE": [0.05741428571428571, 0.1083334305299263], "BLUS": [0.0, 0.1083334305299263], "BMRN": [0.0, 0.1083334305299263], "BPAX": [0.0, 0.1083334305299263], "BRIXX": [0.0, 0.1083334305299263], "BTRX": [0.0, 0.1083334305299263], "CALP": [0.0, 0.1083334305299263], "CELG": [0.1753764705882353, 0.1083334305299263], "CEMP": [0.30093333333333333, 0.1083334305299263], "CGEN": [0.0, 0.1083334305299263], "CLDX": [0.05737916666666667, 0.1083334305299263], "CMRX": [0.0, 0.1083334305299263], "COLL": [0.4019, 0.1083334305299263], "COLY": [0.0, 0.1083334305299263], "CRA": [-0.0305625, 0.1083334305299263], "CRIS": [-0.14003333333333332, 0.1083334305299263], "CTIC": [0.021824999999999983, 0.1083334305299263], "CYTK": [0.0, 0.1083334305299263], "CYTX": [0.0, 0.1083334305299263], "DEPO": [0.0522, 0.1083334305299263], "DERM": [0.3818, 0.1083334305299263], "DNDN": [0.0, 0.1083334305299263], "DRAX": [0.0, 0.1083334305299263], "DRRX": [0.1937777777777778, 0.1083334305299263], "DSCO": [0.0, 0.1083334305299263], "DVAX": [0.18435833333333332, 0.1083334305299263], "DYAX": [0.0, 0.1083334305299263], "ECYT": [0.07626666666666666, 0.1083334305299263], "ENCY": [0.0, 0.1083334305299263], "ENDP": [-0.023033333333333312, 0.1083334305299263], "ENTA": [0.16937, 0.1083334305299263], "ENZN": [0.0, 0.1083334305299263], "EPZM": [0.2023, 0.1083334305299263], "ESPR": [0.0, 0.1083334305299263], "EURX": [0.0, 0.1083334305299263], "EXEL": [0.39719999999999994, 0.1083334305299263], "FMI": [-0.4201, 0.1083334305299263], "GERN": [0.09001999999999999, 0.1083334305299263], "GHDX": [-0.059199999999999996, 0.1083334305299263], "GILD": [0.1667310344827586, 0.1083334305299263], "GNVC": [-0.1366, 0.1083334305299263], "GPRO": [0.3182, 0.1083334305299263], "GTXI": [0.0, 0.1083334305299263], "HALO": [0.08631176470588234, 0.1083334305299263], "HITK": [0.017116666666666665, 0.1083334305299263], "HZNP": [0.31665, 0.1083334305299263], "ICY": [0.0, 0.1083334305299263], "IDIX": [0.04188, 0.1083334305299263], "ILMN": [-0.05135, 0.1083334305299263], "ILU": [0.0, 0.1083334305299263], "IMGN": [0.4019, 0.1083334305299263], "IMMU": [-0.1289, 0.1083334305299263], "INCR": [0.34295000000000003, 0.1083334305299263], "INCY": [-0.032299999999999995, 0.1083334305299263], "INFI": [0.3182, 0.1083334305299263], "INO": [0.18020990099009904, 0.1083334305299263], "INSY": [0.0, 0.1083334305299263], "INVA": [0.0, 0.1083334305299263], "IONS": [0.07282857142857144, 0.1083334305299263], "IRWD": [0.22199999999999998, 0.1083334305299263], "ISIS": [0.00338333333333334, 0.1083334305299263], "ISTA": [0.1159375, 0.1083334305299263], "JAZZ": [0.1735, 0.1083334305299263], "KERX": [0.0, 0.1083334305299263], "LBIO": [0.05147142857142859, 0.1083334305299263], "LIFE": [0.16385555555555556, 0.1083334305299263], "LXRX": [0.4404, 0.1083334305299263], "MACK": [0.20772857142857146, 0.1083334305299263], "MDCO": [0.4019, 0.1083334305299263], "MEDI": [0.2311, 0.1083334305299263], "MNK": [0.06364, 0.1083334305299263], "MNKD": [0.06364, 0.1083334305299263], "MNTA": [0.11207142857142859, 0.1083334305299263], "MYL": [0.255, 0.1083334305299263], "MYRX": [0.6369, 0.1083334305299263], "NBIX": [0.0, 0.1083334305299263], "NFLD": [0.0, 0.1083334305299263], "NH": [0.1457142857142857, 0.1083334305299263], "NK": [0.04768571428571429, 0.1083334305299263], "NKTR": [0.014799999999999999, 0.1083334305299263], "NLNK": [0.1591, 0.1083334305299263], "NPSP": [0.151725, 0.1083334305299263], "NRMX": [0.0, 0.1083334305299263], "NSTG": [0.0258, 0.1083334305299263], "NVAX": [0.05299285714285714, 0.1083334305299263], "OMED": [0.0, 0.1083334305299263], "OMER": [0.0, 0.1083334305299263], "ONCE": [0.25806666666666667, 0.1083334305299263], "ONVO": [0.10776315789473684, 0.1083334305299263], "ONXX": [0.5719, 0.1083334305299263], "OPK": [0.1435142857142857, 0.1083334305299263], "OREX": [0.04657777777777778, 0.1083334305299263], "OSCI": [0.0, 0.1083334305299263], "OSIR": [0.0, 0.1083334305299263], "OTIC": [0.5783333333333335, 0.1083334305299263], "PCRX": [0.0, 0.1083334305299263], "PCYC": [0.4588, 0.1083334305299263], "PETX": [0.0, 0.1083334305299263], "PGNX": [0.14322727272727273, 0.1083334305299263], "PRGO": [0.0, 0.1083334305299263], "PTLA": [0.0, 0.1083334305299263], "QCOR": [0.11301249999999999, 0.1083334305299263], "QLTI": [0.0, 0.1083334305299263], "RCPT": [0.0, 0.1083334305299263], "REGN": [0.06743333333333333, 0.1083334305299263], "RIGL": [0.25115, 0.1083334305299263], "RNAI": [0.5719, 0.1083334305299263], "RTRX": [0.0, 0.1083334305299263], "SAGE": [0.17446666666666666, 0.1083334305299263], "SCLN": [0.296, 0.1083334305299263], "SCMP": [0.296, 0.1083334305299263], "SGEN": [0.4215, 0.1083334305299263], "SGYP": [0.1914925925925926, 0.1083334305299263], "SLXA": [0.0, 0.1083334305299263], "SLXP": [0.09545, 0.1083334305299263], "SNTA": [-0.007371428571428571, 0.1083334305299263], "SNTS": [0.0, 0.1083334305299263], "SPPI": [0.37905999999999995, 0.1083334305299263], "SRPT": [0.20644705882352937, 0.1083334305299263], "STEM": [0.07851999999999999, 0.1083334305299263], "SUPN": [-0.009262499999999993, 0.1083334305299263], "TARO": [0.0, 0.1083334305299263], "TECH": [0.07857971014492754, 0.1083334305299263], "TELK": [0.34, 0.1083334305299263], "TEVA": [-0.02121333333333333, 0.1083334305299263], "THRX": [0.0, 0.1083334305299263], "TNOX": [0.0, 0.1083334305299263], "TSRO": [-0.5267, 0.1083334305299263], "TTPH": [0.5994, 0.1083334305299263], "TWTI": [0.0, 0.1083334305299263], "USD": [0.1170666666666667, 0.1083334305299263], "UTHR": [-0.049825, 0.1083334305299263], "VICL": [0.0, 0.1083334305299263], "VNDA": [0.2195, 0.1083334305299263], "VRTX": [0.1157090909090909, 0.1083334305299263], "VVUS": [0.0, 0.1083334305299263], "XLRN": [0.0, 0.1083334305299263], "XNPT": [0.0, 0.1083334305299263], "XOMA": [0.04683333333333333, 0.1083334305299263], "ZGNX": [0.07224, 0.1083334305299263], "ZLCS": [0.3197666666666667, 0.1083334305299263]}