{"AMGN": [-0.296, -0.08763534412955462], "AMLN": [0.0, -0.08763534412955462], "ARIA": [-0.50935, -0.08763534412955462], "ARNA": [-0.802, -0.08763534412955462], "ASPX": [0.0, -0.08763534412955462], "CELG": [0.12453846153846156, -0.08763534412955462], "CEPH": [0.0, -0.08763534412955462], "CTIC": [0.3395, -0.08763534412955462], "CYTX": [-0.2023, -0.08763534412955462], "GENZ": [-0.6249, -0.08763534412955462], "GILD": [-0.20285999999999998, -0.08763534412955462], "IMMU": [0.0, -0.08763534412955462], "INCR": [0.4588, -0.08763534412955462], "INSM": [0.0, -0.08763534412955462], "IONS": [0.0, -0.08763534412955462], "MYGN": [0.1909, -0.08763534412955462], "OREX": [-0.18490000000000004, -0.08763534412955462], "SAGE": [0.3395, -0.08763534412955462], "TECH": [-0.296, -0.08763534412955462]}