{"AAVL": [0.2462, 0.09852743381543874], "ACAD": [-0.11275294117647063, 0.09852743381543874], "ACHN": [0.10996666666666667, 0.09852743381543874], "ACOR": [0.0, 0.09852743381543874], "ACRX": [-0.0036285714285714285, 0.09852743381543874], "ADHD": [0.12008421052631578, 0.09852743381543874], "ADMS": [0.0, 0.09852743381543874], "ADRO": [-0.1199, 0.09852743381543874], "ADVM": [0.0, 0.09852743381543874], "AERI": [0.4461571428571429, 0.09852743381543874], "AFFY": [0.0, 0.09852743381543874], "AFMD": [0.07955, 0.09852743381543874], "AGEN": [0.29964782608695656, 0.09852743381543874], "AGIO": [0.35650588235294123, 0.09852743381543874], "AGTC": [0.0, 0.09852743381543874], "AIMT": [-0.16164285714285714, 0.09852743381543874], "AKRX": [0.4775285714285714, 0.09852743381543874], "ALDR": [0.45879999999999993, 0.09852743381543874], "ALIM": [0.1018, 0.09852743381543874], "ALKS": [0.2497428571428571, 0.09852743381543874], "ALNY": [0.06911333333333335, 0.09852743381543874], "ALTH": [0.00427380952380953, 0.09852743381543874], "ALXN": [0.0048375000000000015, 0.09852743381543874], "AMAG": [-0.06743333333333333, 0.09852743381543874], "AMGN": [0.2233120967741936, 0.09852743381543874], "AMPH": [0.029899999999999996, 0.09852743381543874], "AMRI": [-0.0092, 0.09852743381543874], "AMRN": [0.09685000000000002, 0.09852743381543874], "ANAC": [0.0, 0.09852743381543874], "ANDS": [-0.1526375, 0.09852743381543874], "ANIP": [-0.5983, 0.09852743381543874], "ANTH": [-0.045121739130434775, 0.09852743381543874], "APPX": [0.836, 0.09852743381543874], "AQXP": [0.04173333333333334, 0.09852743381543874], "ARDX": [0.0, 0.09852743381543874], "ARIA": [-0.09591666666666665, 0.09852743381543874], "ARLZ": [0.13879999999999995, 0.09852743381543874], "ARNA": [0.15, 0.09852743381543874], "ARQL": [0.0, 0.09852743381543874], "ARRY": [0.136, 0.09852743381543874], "ARWR": [0.20698, 0.09852743381543874], "ASPX": [-0.037436000000000004, 0.09852743381543874], "AST": [0.08848950276243091, 0.09852743381543874], "ATRA": [0.05505, 0.09852743381543874], "AVDL": [0.25020000000000003, 0.09852743381543874], "AVEO": [0.2263, 0.09852743381543874], "AVXS": [0.10006896551724134, 0.09852743381543874], "BCRX": [0.19470000000000004, 0.09852743381543874], "BIIB": [0.05229545454545455, 0.09852743381543874], "BIOD": [0.55968, 0.09852743381543874], "BIOV": [-0.031799999999999995, 0.09852743381543874], "BLCM": [0.2547809523809524, 0.09852743381543874], "BLUE": [0.15119115044247788, 0.09852743381543874], "BMRN": [0.138703125, 0.09852743381543874], "BOLD": [-0.08533333333333333, 0.09852743381543874], "BPMC": [0.05228421052631579, 0.09852743381543874], "CALP": [0.09188571428571428, 0.09852743381543874], "CARA": [0.008282608695652173, 0.09852743381543874], "CBPO": [0.0, 0.09852743381543874], "CCXI": [0.25149999999999995, 0.09852743381543874], "CELG": [0.25827692307692307, 0.09852743381543874], "CEMP": [0.09106666666666667, 0.09852743381543874], "CEPH": [-0.07608, 0.09852743381543874], "CERS": [0.12905, 0.09852743381543874], "CGEN": [-0.050575, 0.09852743381543874], "CHMA": [0.13721923076923076, 0.09852743381543874], "CHRS": [0.15233999999999998, 0.09852743381543874], "CLDN": [0.46176666666666666, 0.09852743381543874], "CLDX": [0.055569230769230774, 0.09852743381543874], "CLSD": [0.025380952380952376, 0.09852743381543874], "CLVS": [0.15738888888888888, 0.09852743381543874], "CMRX": [0.0, 0.09852743381543874], "CNCE": [0.08636111111111112, 0.09852743381543874], "COLL": [0.07207499999999999, 0.09852743381543874], "CRA": [-0.052903124999999995, 0.09852743381543874], "CRIS": [0.035125, 0.09852743381543874], "CRME": [-0.128, 0.09852743381543874], "CTIC": [0.0, 0.09852743381543874], "CTRX": [0.4404, 0.09852743381543874], "CXRX": [0.06613333333333332, 0.09852743381543874], "CYTK": [0.12949999999999998, 0.09852743381543874], "CYTX": [0.0, 0.09852743381543874], "DBVT": [0.026578947368421053, 0.09852743381543874], "DEPO": [0.12989473684210529, 0.09852743381543874], "DERM": [0.073425, 0.09852743381543874], "DIGE": [0.0, 0.09852743381543874], "DRNA": [0.2202, 0.09852743381543874], "DRRX": [-0.0666, 0.09852743381543874], "DVAX": [0.08138750000000002, 0.09852743381543874], "ECYT": [0.3205105263157895, 0.09852743381543874], "EDIT": [0.24082428571428574, 0.09852743381543874], "EGLT": [-0.3092090909090908, 0.09852743381543874], "EGRX": [0.04804444444444444, 0.09852743381543874], "EMIS": [0.0, 0.09852743381543874], "ENCY": [0.06381666666666667, 0.09852743381543874], "ENDP": [-0.080166, 0.09852743381543874], "ENTA": [0.16769534883720932, 0.09852743381543874], "EPZM": [0.07607272727272728, 0.09852743381543874], "ESPR": [0.153478, 0.09852743381543874], "EXEL": [0.16383333333333333, 0.09852743381543874], "FACT": [-0.07195142857142857, 0.09852743381543874], "FGEN": [0.19241999999999995, 0.09852743381543874], "FLKS": [0.0, 0.09852743381543874], "FLML": [-0.20095, 0.09852743381543874], "FLXN": [0.0, 0.09852743381543874], "FMI": [0.19063333333333332, 0.09852743381543874], "FOLD": [0.024657142857142853, 0.09852743381543874], "FOMX": [0.0, 0.09852743381543874], "GBT": [0.03486764705882354, 0.09852743381543874], "GERN": [0.19019999999999998, 0.09852743381543874], "GEVA": [0.31845, 0.09852743381543874], "GHDX": [0.021199999999999997, 0.09852743381543874], "GILD": [0.1480681034482758, 0.09852743381543874], "GPRO": [0.09059709172259506, 0.09852743381543874], "GRFS": [0.1511, 0.09852743381543874], "GTXI": [0.0, 0.09852743381543874], "GWPH": [0.13687021276595746, 0.09852743381543874], "HALO": [0.2936157894736842, 0.09852743381543874], "HITK": [0.296, 0.09852743381543874], "HZNP": [0.06499166666666668, 0.09852743381543874], "ICEL": [0.41656000000000004, 0.09852743381543874], "ICPT": [0.17387272727272726, 0.09852743381543874], "ICY": [-0.2809, 0.09852743381543874], "ILMN": [0.184395, 0.09852743381543874], "ILU": [-0.02577500000000002, 0.09852743381543874], "IMDZ": [0.7096, 0.09852743381543874], "IMGN": [0.12765, 0.09852743381543874], "IMMU": [-0.018503703703703692, 0.09852743381543874], "INCR": [0.1662323529411765, 0.09852743381543874], "INCY": [0.1835509090909091, 0.09852743381543874], "INFI": [0.1511241379310345, 0.09852743381543874], "INGN": [0.0, 0.09852743381543874], "INHX": [0.0, 0.09852743381543874], "INO": [-0.02128901098901097, 0.09852743381543874], "INSM": [0.0, 0.09852743381543874], "INSY": [-0.045538461538461535, 0.09852743381543874], "INVA": [0.0, 0.09852743381543874], "IONS": [0.07840147783251232, 0.09852743381543874], "IPXL": [0.074, 0.09852743381543874], "IRWD": [0.04387142857142857, 0.09852743381543874], "ISIS": [0.3449, 0.09852743381543874], "ISPH": [0.0, 0.09852743381543874], "ISTA": [0.08551333333333334, 0.09852743381543874], "ITCI": [0.13874285714285714, 0.09852743381543874], "ITEK": [0.15389811320754718, 0.09852743381543874], "JAZZ": [0.04491764705882353, 0.09852743381543874], "JUNO": [0.09035, 0.09852743381543874], "KERX": [0.0, 0.09852743381543874], "KITE": [0.10476666666666667, 0.09852743381543874], "KMPH": [-0.22295555555555557, 0.09852743381543874], "KPTI": [0.026866666666666667, 0.09852743381543874], "KYTH": [0.0772, 0.09852743381543874], "LBIO": [0.2104074074074074, 0.09852743381543874], "LGND": [0.0, 0.09852743381543874], "LIFE": [0.10097619047619047, 0.09852743381543874], "LMNX": [0.0, 0.09852743381543874], "LOXO": [-0.028444444444444446, 0.09852743381543874], "LXRX": [0.0, 0.09852743381543874], "MACK": [0.10873802816901411, 0.09852743381543874], "MAPP": [0.3080333333333333, 0.09852743381543874], "MCRB": [0.03942827004219408, 0.09852743381543874], "MDCO": [0.1939846153846154, 0.09852743381543874], "MEDI": [0.0700608510638297, 0.09852743381543874], "MEDX": [0.24476923076923077, 0.09852743381543874], "MLNM": [0.0, 0.09852743381543874], "MNK": [0.08834040404040405, 0.09852743381543874], "MNKD": [0.07990128205128207, 0.09852743381543874], "MRNA": [0.0, 0.09852743381543874], "MYGN": [0.1424, 0.09852743381543874], "MYL": [0.15673749999999997, 0.09852743381543874], "NABI": [0.2524909090909091, 0.09852743381543874],