{"AAVL": [0.0, 0.11516447717469992], "ACAD": [0.07127, 0.11516447717469992], "ACHN": [0.04486603773584906, 0.11516447717469992], "ACOR": [0.06318095238095237, 0.11516447717469992], "ACRX": [0.058378571428571405, 0.11516447717469992], "ADHD": [0.08816923076923076, 0.11516447717469992], "ADMS": [-0.064, 0.11516447717469992], "ADRO": [-0.5574, 0.11516447717469992], "ADVM": [0.0, 0.11516447717469992], "AERI": [0.0, 0.11516447717469992], "AFMD": [0.1832317073170732, 0.11516447717469992], "AGEN": [0.03631052631578948, 0.11516447717469992], "AGIO": [0.07353536585365855, 0.11516447717469992], "AGTC": [0.46367500000000006, 0.11516447717469992], "AIMT": [0.12042857142857143, 0.11516447717469992], "AKBA": [0.0, 0.11516447717469992], "AKRX": [0.5641333333333334, 0.11516447717469992], "ALDR": [0.037, 0.11516447717469992], "ALIM": [0.0, 0.11516447717469992], "ALKS": [0.0, 0.11516447717469992], "ALNY": [0.1443268292682927, 0.11516447717469992], "ALTH": [0.21531030927835046, 0.11516447717469992], "ALXN": [0.11474591836734695, 0.11516447717469992], "AMAG": [0.2619363636363637, 0.11516447717469992], "AMGN": [0.14549402173913045, 0.11516447717469992], "AMPH": [0.09866666666666667, 0.11516447717469992], "AMRI": [0.0, 0.11516447717469992], "AMRN": [0.27214400000000005, 0.11516447717469992], "ANDS": [-0.007883333333333334, 0.11516447717469992], "ANIP": [-0.0075294117647058826, 0.11516447717469992], "ANPI": [0.0, 0.11516447717469992], "ANTH": [0.1259074074074074, 0.11516447717469992], "APCVZ&": [0.0, 0.11516447717469992], "APPX": [0.0, 0.11516447717469992], "ARDX": [0.05725416666666666, 0.11516447717469992], "ARIA": [0.11361904761904762, 0.11516447717469992], "ARLZ": [0.059199999999999996, 0.11516447717469992], "ARNA": [0.3459857142857143, 0.11516447717469992], "ARRY": [0.19743513513513514, 0.11516447717469992], "ARWR": [0.2837821428571429, 0.11516447717469992], "ARXT": [0.0, 0.11516447717469992], "ASPX": [0.13604545454545458, 0.11516447717469992], "AST": [0.11433953488372083, 0.11516447717469992], "ATRA": [0.10520833333333333, 0.11516447717469992], "AVDL": [0.0, 0.11516447717469992], "AVXS": [0.0, 0.11516447717469992], "AXCA": [0.0, 0.11516447717469992], "BCRX": [0.07430344827586206, 0.11516447717469992], "BGIXX": [0.0, 0.11516447717469992], "BGNE": [0.17354545454545453, 0.11516447717469992], "BIIB": [0.1940454545454546, 0.11516447717469992], "BIVN": [0.0, 0.11516447717469992], "BLCM": [0.12672666666666668, 0.11516447717469992], "BLKFDS": [0.0, 0.11516447717469992], "BLUE": [0.11421025641025641, 0.11516447717469992], "BLUS": [0.0, 0.11516447717469992], "BMRN": [0.21346818181818186, 0.11516447717469992], "BOLD": [0.0, 0.11516447717469992], "BPMC": [0.06844285714285714, 0.11516447717469992], "BRIXX": [0.0, 0.11516447717469992], "BTRX": [0.0, 0.11516447717469992], "CALP": [0.03994444444444444, 0.11516447717469992], "CARA": [0.026245000000000008, 0.11516447717469992], "CBPO": [0.2553, 0.11516447717469992], "CCXI": [0.3908666666666667, 0.11516447717469992], "CELG": [0.11320256410256409, 0.11516447717469992], "CEMP": [0.0, 0.11516447717469992], "CEPH": [0.0, 0.11516447717469992], "CERS": [-0.0758625, 0.11516447717469992], "CGEN": [0.03535555555555556, 0.11516447717469992], "CHMA": [0.128, 0.11516447717469992], "CHRS": [0.11159999999999999, 0.11516447717469992], "CLCD": [0.2294, 0.11516447717469992], "CLDN": [0.6249, 0.11516447717469992], "CLDX": [0.3445, 0.11516447717469992], "CLSD": [0.05505, 0.11516447717469992], "CLVS": [0.2646163265306123, 0.11516447717469992], "CMRX": [-0.0756, 0.11516447717469992], "CNCT": [0.0, 0.11516447717469992], "COLL": [0.1160285714285714, 0.11516447717469992], "COLY": [0.0, 0.11516447717469992], "CRA": [0.1960516129032258, 0.11516447717469992], "CRIS": [0.08633582089552237, 0.11516447717469992], "CTIC": [0.45376000000000005, 0.11516447717469992], "CXRX": [0.11608571428571428, 0.11516447717469992], "CYTK": [0.17037272727272726, 0.11516447717469992], "CYTX": [0.0777939393939394, 0.11516447717469992], "DBVT": [0.0, 0.11516447717469992], "DEPO": [0.008299999999999986, 0.11516447717469992], "DERM": [-0.20418000000000003, 0.11516447717469992], "DNAI": [0.296, 0.11516447717469992], "DRAX": [-0.048799999999999996, 0.11516447717469992], "DRNA": [0.2357593220338983, 0.11516447717469992], "DRRX": [-0.151725, 0.11516447717469992], "DSCO": [0.0, 0.11516447717469992], "DVAX": [0.0, 0.11516447717469992], "DYAX": [0.0, 0.11516447717469992], "ECYT": [0.5106, 0.11516447717469992], "EDIT": [0.19531026785714284, 0.11516447717469992], "EGLT": [0.03592631578947368, 0.11516447717469992], "EGRX": [0.22419999999999998, 0.11516447717469992], "ENCY": [0.02212727272727273, 0.11516447717469992], "ENDP": [0.01026862745098038, 0.11516447717469992], "ENTA": [0.15040833333333334, 0.11516447717469992], "EPZM": [0.3023285714285714, 0.11516447717469992], "ESPR": [0.17675555555555558, 0.11516447717469992], "EURX": [0.0, 0.11516447717469992], "EXEL": [0.17493050847457625, 0.11516447717469992], "FACT": [0.04288518518518519, 0.11516447717469992], "FGEN": [0.245532, 0.11516447717469992], "FLKS": [0.42921666666666675, 0.11516447717469992], "FLML": [0.0, 0.11516447717469992], "FLXN": [0.148, 0.11516447717469992], "FMI": [0.085, 0.11516447717469992], "FOLD": [0.2373, 0.11516447717469992], "FOMX": [0.40119999999999995, 0.11516447717469992], "FPRX": [0.5719, 0.11516447717469992], "GBT": [0.25575714285714274, 0.11516447717469992], "GERN": [0.14375, 0.11516447717469992], "GEVA": [0.18073076923076922, 0.11516447717469992], "GHDX": [0.11286923076923078, 0.11516447717469992], "GILD": [0.10580590909090909, 0.11516447717469992], "GNVC": [0.2013769230769231, 0.11516447717469992], "GPRO": [0.21976666666666667, 0.11516447717469992], "GRFS": [-0.27113333333333334, 0.11516447717469992], "GTXI": [-0.151725, 0.11516447717469992], "GWPH": [0.14017254901960785, 0.11516447717469992], "HALO": [0.1913058823529412, 0.11516447717469992], "HBIO": [0.0, 0.11516447717469992], "HEPH": [0.0, 0.11516447717469992], "HITK": [0.0, 0.11516447717469992], "HZNP": [0.26505714285714294, 0.11516447717469992], "ICEL": [0.5917, 0.11516447717469992], "ICOS": [0.0, 0.11516447717469992], "ICPT": [0.06745555555555555, 0.11516447717469992], "ICY": [0.0946, 0.11516447717469992], "ILMN": [0.15695454545454546, 0.11516447717469992], "ILU": [-0.14238, 0.11516447717469992], "IMGN": [0.1569111111111111, 0.11516447717469992], "IMMU": [0.10617428571428571, 0.11516447717469992], "INCR": [0.34457692307692295, 0.11516447717469992], "INCY": [0.22831639344262294, 0.11516447717469992], "INFI": [0.43022857142857146, 0.11516447717469992], "INO": [0.15430645161290324, 0.11516447717469992], "INSM": [0.0, 0.11516447717469992], "INSY": [-0.04019, 0.11516447717469992], "INVA": [0.2732, 0.11516447717469992], "IONS": [0.12421564625850334, 0.11516447717469992], "IRWD": [0.08576, 0.11516447717469992], "ISIS": [0.059199999999999996, 0.11516447717469992], "ISTA": [-0.07367368421052632, 0.11516447717469992], "ITCI": [0.19733333333333333, 0.11516447717469992], "ITEK": [-0.0044399999999999995, 0.11516447717469992], "JAZZ": [0.3064692307692308, 0.11516447717469992], "JUNO": [0.22788064516129033, 0.11516447717469992], "KERX": [-0.10533999999999999, 0.11516447717469992], "KITE": [0.11602857142857143, 0.11516447717469992], "KMPH": [-0.5574, 0.11516447717469992], "KPTI": [0.4215, 0.11516447717469992], "LBIO": [0.08789411764705883, 0.11516447717469992], "LGND": [0.6688, 0.11516447717469992], "LIFE": [0.20011, 0.11516447717469992], "LMNX": [-0.0683, 0.11516447717469992], "LOXO": [0.56045, 0.11516447717469992], "LXRX": [0.2583, 0.11516447717469992], "MACK": [0.41591428571428574, 0.11516447717469992], "MAPP": [0.6035294117647056, 0.11516447717469992], "MCRB": [0.303525, 0.11516447717469992], "MDCO": [0.29639230769230773, 0.11516447717469992], "MEDI": [0.12961590909090895, 0.11516447717469992], "MGNX": [0.1064909090909091, 0.11516447717469992], "MNK": [0.027331578947368425, 0.11516447717469992], "MNKD": [-0.0739875, 0.11516447717469992],