{"AAVL": [0.21987142857142858, 0.13954672812495336], "ACAD": [0.13134545454545454, 0.13954672812495336], "ACHN": [-0.10212000000000002, 0.13954672812495336], "ACOR": [0.21075, 0.13954672812495336], "ACRX": [0.0, 0.13954672812495336], "ADHD": [0.20945999999999998, 0.13954672812495336], "AEGR": [0.12090000000000001, 0.13954672812495336], "AFFX": [0.09866666666666667, 0.13954672812495336], "AFFY": [0.074, 0.13954672812495336], "AFMD": [0.4588, 0.13954672812495336], "AGEN": [-0.2732, 0.13954672812495336], "AGIO": [0.15566666666666665, 0.13954672812495336], "AGTC": [0.2553, 0.13954672812495336], "AKRX": [0.12037407407407408, 0.13954672812495336], "ALIM": [0.0, 0.13954672812495336], "ALKS": [0.0, 0.13954672812495336], "ALNY": [0.0, 0.13954672812495336], "ALTH": [0.3327705882352941, 0.13954672812495336], "ALTU": [0.0, 0.13954672812495336], "ALXA": [0.0, 0.13954672812495336], "ALXN": [-0.6369, 0.13954672812495336], "AMGN": [0.018372413793103445, 0.13954672812495336], "AMRN": [0.08702105263157894, 0.13954672812495336], "ANAC": [0.0, 0.13954672812495336], "ANDS": [0.43779999999999997, 0.13954672812495336], "ANIP": [-0.14804, 0.13954672812495336], "ANTH": [0.8635, 0.13954672812495336], "ARIA": [0.17265185185185186, 0.13954672812495336], "ARNA": [0.2782, 0.13954672812495336], "ARQL": [0.4939, 0.13954672812495336], "ARRY": [0.25046285714285715, 0.13954672812495336], "ARWR": [0.29271176470588234, 0.13954672812495336], "ASPX": [0.06783333333333331, 0.13954672812495336], "AST": [0.33973614457831336, 0.13954672812495336], "ASTX": [0.0, 0.13954672812495336], "AVEO": [0.0, 0.13954672812495336], "AVNR": [0.551325, 0.13954672812495336], "BCRX": [0.0, 0.13954672812495336], "BIIB": [0.12387567567567567, 0.13954672812495336], "BIOD": [0.10775, 0.13954672812495336], "BLCM": [0.10526363636363635, 0.13954672812495336], "BLUE": [0.17768571428571428, 0.13954672812495336], "BMRN": [0.0, 0.13954672812495336], "CADX": [0.0, 0.13954672812495336], "CARA": [0.063825, 0.13954672812495336], "CBPO": [0.0, 0.13954672812495336], "CCXI": [0.0, 0.13954672812495336], "CELG": [0.0422235294117647, 0.13954672812495336], "CEMP": [0.2463, 0.13954672812495336], "CERS": [0.21462222222222216, 0.13954672812495336], "CHRS": [0.19415909090909092, 0.13954672812495336], "CLDN": [0.0, 0.13954672812495336], "CLDX": [0.0, 0.13954672812495336], "CLVS": [0.56475, 0.13954672812495336], "CMRX": [0.0, 0.13954672812495336], "CNCE": [0.2221, 0.13954672812495336], "CNCT": [0.0, 0.13954672812495336], "COLL": [0.28515, 0.13954672812495336], "CRA": [0.5824419354838711, 0.13954672812495336], "CRIS": [0.3366, 0.13954672812495336], "CTIC": [0.119575, 0.13954672812495336], "CTRX": [0.025733333333333334, 0.13954672812495336], "CYTX": [0.6908, 0.13954672812495336], "DNDN": [0.4605333333333333, 0.13954672812495336], "DRNA": [0.0, 0.13954672812495336], "DVAX": [0.17975, 0.13954672812495336], "ECYT": [0.0, 0.13954672812495336], "EDIT": [0.5485, 0.13954672812495336], "EGRX": [0.18465, 0.13954672812495336], "EMIS": [0.0, 0.13954672812495336], "ENDP": [0.135325, 0.13954672812495336], "ENTA": [0.09576363636363636, 0.13954672812495336], "ESPR": [0.0, 0.13954672812495336], "EXEL": [0.6044916666666668, 0.13954672812495336], "FACT": [0.6124, 0.13954672812495336], "FGEN": [0.5106, 0.13954672812495336], "FLKS": [0.0, 0.13954672812495336], "FLML": [0.4939, 0.13954672812495336], "FLXN": [0.0, 0.13954672812495336], "FOLD": [0.41695000000000004, 0.13954672812495336], "FOMX": [0.05673333333333334, 0.13954672812495336], "FPRX": [0.09878, 0.13954672812495336], "GERN": [0.6302285714285715, 0.13954672812495336], "GEVA": [0.31845, 0.13954672812495336], "GHDX": [0.0, 0.13954672812495336], "GILD": [0.04249791666666666, 0.13954672812495336], "GNVC": [0.07984666666666668, 0.13954672812495336], "GPRO": [0.05313895348837209, 0.13954672812495336], "GTOP": [0.0, 0.13954672812495336], "GWPH": [-0.07537142857142858, 0.13954672812495336], "HALO": [0.017958333333333333, 0.13954672812495336], "HBIO": [0.0, 0.13954672812495336], "HZNP": [0.38599999999999995, 0.13954672812495336], "ICEL": [0.0, 0.13954672812495336], "ICPT": [0.12955000000000003, 0.13954672812495336], "ILMN": [0.21837499999999999, 0.13954672812495336], "IMGN": [0.09866666666666667, 0.13954672812495336], "IMMU": [0.6587166666666667, 0.13954672812495336], "INCR": [0.3863, 0.13954672812495336], "INCY": [0.0, 0.13954672812495336], "INFI": [0.0, 0.13954672812495336], "INGN": [0.0, 0.13954672812495336], "INO": [0.028900000000000002, 0.13954672812495336], "INSM": [0.1806, 0.13954672812495336], "INSY": [0.0, 0.13954672812495336], "IONS": [0.07861571428571427, 0.13954672812495336], "IPXL": [0.0, 0.13954672812495336], "ISIS": [0.21399090909090912, 0.13954672812495336], "ISPH": [0.16632, 0.13954672812495336], "ISTA": [0.35, 0.13954672812495336], "ITCI": [0.24695, 0.13954672812495336], "ITEK": [0.0, 0.13954672812495336], "JAZZ": [0.0, 0.13954672812495336], "JUNO": [0.030100000000000002, 0.13954672812495336], "KERX": [0.0256, 0.13954672812495336], "KITE": [0.0, 0.13954672812495336], "KYTH": [0.2827, 0.13954672812495336], "LBIO": [0.1804709677419355, 0.13954672812495336], "LGND": [0.0, 0.13954672812495336], "LIFE": [0.1806, 0.13954672812495336], "LMNX": [0.0, 0.13954672812495336], "LXRX": [0.5209333333333334, 0.13954672812495336], "MACK": [0.20064999999999997, 0.13954672812495336], "MDCO": [0.0, 0.13954672812495336], "MEDI": [0.2530229508196719, 0.13954672812495336], "MGNX": [0.0, 0.13954672812495336], "MNK": [0.2159380952380953, 0.13954672812495336], "MNKD": [0.2159380952380953, 0.13954672812495336], "MNOV": [-0.542675, 0.13954672812495336], "MNTA": [0.0, 0.13954672812495336], "MRNA": [0.0, 0.13954672812495336], "MYGN": [0.0, 0.13954672812495336], "MYL": [0.0, 0.13954672812495336], "NBIX": [0.025994736842105265, 0.13954672812495336], "NDRM": [0.12666, 0.13954672812495336], "NH": [0.13826, 0.13954672812495336], "NK": [0.21679368421052633, 0.13954672812495336], "NKTR": [-0.06721999999999999, 0.13954672812495336], "NLNK": [0.0, 0.13954672812495336], "NPSP": [0.0, 0.13954672812495336], "NVAX": [0.21324999999999994, 0.13954672812495336], "OCUL": [-0.1926, 0.13954672812495336], "OMED": [-0.04228571428571428, 0.13954672812495336], "OMER": [0.0, 0.13954672812495336], "OMPI": [0.25, 0.13954672812495336], "ONCE": [0.06109999999999999, 0.13954672812495336], "ONTY": [0.0, 0.13954672812495336], "ONVO": [0.028085714285714287, 0.13954672812495336], "OPK": [0.0909857142857143, 0.13954672812495336], "OREX": [0.0999625, 0.13954672812495336], "OSCI": [0.18935714285714284, 0.13954672812495336], "OTIC": [0.18465, 0.13954672812495336], "OVAS": [0.13486666666666666, 0.13954672812495336], "PACB": [0.0, 0.13954672812495336], "PCYC": [0.0, 0.13954672812495336], "PGNX": [0.0, 0.13954672812495336], "PRGO": [0.0, 0.13954672812495336], "PTX": [0.4122, 0.13954672812495336], "QURE": [0.0, 0.13954672812495336], "RARE": [-0.7402, 0.13954672812495336], "RGLS": [0.0, 0.13954672812495336], "RNAI": [0.0687, 0.13954672812495336], "RTRX": [0.4926, 0.13954672812495336], "SAGE": [0.038925925925925926, 0.13954672812495336], "SCLN": [0.0, 0.13954672812495336], "SCMP": [0.0, 0.13954672812495336], "SGMO": [0.11680000000000001, 0.13954672812495336], "SGYP": [0.36755, 0.13954672812495336], "SHPG": [0.7387, 0.13954672812495336], "SLXP": [0.023950000000000027, 0.13954672812495336], "SNTA": [0.59372, 0.13954672812495336], "SQNM": [0.47563333333333335, 0.13954672812495336], "SRPT": [0.026438709677419354, 0.13954672812495336], "STEM": [0.123475, 0.13954672812495336], "TARO": [0.0, 0.13954672812495336], "TBPH": [0.0, 0.13954672812495336], "TECH": [0.07090000000000002, 0.13954672812495336], "TEVA": [0.06021428571428571, 0.13954672812495336], "THLD": [0.7675555555555555, 0.13954672812495336], "THRX": [0.0, 0.13954672812495336], "TTPH": [0.0, 0.13954672812495336], "USD": [0.23951395348837182, 0.13954672812495336], "UTHR": [0.0, 0.13954672812495336], "VRTX": [0.09866666666666667, 0.13954672812495336], "VSTM": [0.123475, 0.13954672812495336],