{"AAVL": [0.047819999999999994, 0.13901376540575167], "ACAD": [0.18673939393939393, 0.13901376540575167], "ACHN": [0.294225, 0.13901376540575167], "ACOR": [0.0, 0.13901376540575167], "ACRX": [0.23758333333333337, 0.13901376540575167], "ADMS": [0.0, 0.13901376540575167], "ADRO": [0.2553, 0.13901376540575167], "AEGR": [0.2713866666666666, 0.13901376540575167], "AERI": [0.0, 0.13901376540575167], "AFFX": [0.5379, 0.13901376540575167], "AFFY": [0.4389, 0.13901376540575167], "AFMD": [0.11346666666666667, 0.13901376540575167], "AGEN": [0.0843, 0.13901376540575167], "AGIO": [0.27684000000000003, 0.13901376540575167], "AGTC": [0.0, 0.13901376540575167], "AIMT": [-0.0911, 0.13901376540575167], "AKBA": [0.0, 0.13901376540575167], "AKRX": [0.2735714285714286, 0.13901376540575167], "ALDR": [0.0, 0.13901376540575167], "ALIM": [0.0857909090909091, 0.13901376540575167], "ALKS": [0.1463, 0.13901376540575167], "ALNY": [0.17007777777777777, 0.13901376540575167], "ALTH": [0.05469999999999999, 0.13901376540575167], "ALTU": [0.4389, 0.13901376540575167], "ALXN": [0.26245, 0.13901376540575167], "AMAG": [0.4389, 0.13901376540575167], "AMGN": [0.0987487804878049, 0.13901376540575167], "AMRN": [0.17682142857142863, 0.13901376540575167], "ANAC": [0.12830384615384616, 0.13901376540575167], "ANIP": [0.01976666666666667, 0.13901376540575167], "ANTH": [0.0, 0.13901376540575167], "AQXP": [0.0840608695652174, 0.13901376540575167], "ARIA": [0.13326428571428575, 0.13901376540575167], "ARNA": [0.2556307692307692, 0.13901376540575167], "ARQL": [0.3158666666666667, 0.13901376540575167], "ARRY": [0.3774799999999999, 0.13901376540575167], "ARWR": [0.16268461538461537, 0.13901376540575167], "ASPX": [-0.12765, 0.13901376540575167], "AST": [0.15734782608695658, 0.13901376540575167], "ASTX": [0.4389, 0.13901376540575167], "ATRA": [0.5445666666666668, 0.13901376540575167], "AVEO": [0.14558484848484848, 0.13901376540575167], "AVNR": [0.46525999999999995, 0.13901376540575167], "BCRX": [0.109725, 0.13901376540575167], "BIIB": [0.12995116279069768, 0.13901376540575167], "BIOD": [0.0, 0.13901376540575167], "BLCM": [0.0, 0.13901376540575167], "BLUE": [0.19422727272727272, 0.13901376540575167], "BMRN": [0.245825, 0.13901376540575167], "CADX": [0.45772857142857143, 0.13901376540575167], "CARA": [0.042758974358974355, 0.13901376540575167], "CASC": [0.0, 0.13901376540575167], "CBPO": [0.0, 0.13901376540575167], "CBST": [0.050575, 0.13901376540575167], "CCXI": [0.4828333333333334, 0.13901376540575167], "CELG": [0.13264036697247708, 0.13901376540575167], "CEMP": [0.0, 0.13901376540575167], "CERS": [0.4389, 0.13901376540575167], "CGEN": [-0.0512, 0.13901376540575167], "CHRS": [0.10980000000000001, 0.13901376540575167], "CLDN": [0.39187500000000003, 0.13901376540575167], "CLDX": [0.24145405405405415, 0.13901376540575167], "CLVS": [0.04789285714285714, 0.13901376540575167], "CMRX": [0.0, 0.13901376540575167], "CNCT": [0.4404, 0.13901376540575167], "CRA": [0.013933333333333317, 0.13901376540575167], "CRIS": [-0.20095, 0.13901376540575167], "CRME": [0.47185, 0.13901376540575167], "CTIC": [0.15039999999999998, 0.13901376540575167], "CTRX": [0.43889999999999996, 0.13901376540575167], "CXRX": [0.0, 0.13901376540575167], "CYTX": [0.10438421052631579, 0.13901376540575167], "DEPO": [0.2632125, 0.13901376540575167], "DERM": [0.0, 0.13901376540575167], "DNDN": [0.0, 0.13901376540575167], "DRNA": [0.07097500000000001, 0.13901376540575167], "DRRX": [0.08927142857142857, 0.13901376540575167], "DVAX": [0.10747999999999999, 0.13901376540575167], "DYAX": [0.18206, 0.13901376540575167], "ECYT": [0.3865333333333333, 0.13901376540575167], "EDIT": [0.2511, 0.13901376540575167], "EGLT": [-0.2083, 0.13901376540575167], "EGRX": [0.0456, 0.13901376540575167], "ENCY": [0.2791777777777778, 0.13901376540575167], "ENDP": [0.06046875, 0.13901376540575167], "ENTA": [0.040517647058823526, 0.13901376540575167], "ENZN": [0.38642499999999996, 0.13901376540575167], "EPZM": [0.3785, 0.13901376540575167], "ESPR": [0.06689444444444444, 0.13901376540575167], "EXEL": [0.24740952380952383, 0.13901376540575167], "FLKS": [0.10928, 0.13901376540575167], "FLML": [0.1779, 0.13901376540575167], "FLXN": [0.18213333333333334, 0.13901376540575167], "FMI": [0.2936, 0.13901376540575167], "FOLD": [0.013021739130434787, 0.13901376540575167], "FPRX": [0.1316818181818182, 0.13901376540575167], "GBT": [0.0, 0.13901376540575167], "GERN": [-0.0067125, 0.13901376540575167], "GEVA": [0.31553749999999997, 0.13901376540575167], "GHDX": [-0.042666666666666665, 0.13901376540575167], "GILD": [0.13199898989898992, 0.13901376540575167], "GNVC": [0.17282000000000003, 0.13901376540575167], "GPRO": [0.0738814814814815, 0.13901376540575167], "GRFS": [0.2023, 0.13901376540575167], "GWPH": [-0.00537, 0.13901376540575167], "HALO": [0.08952833333333335, 0.13901376540575167], "HBIO": [-0.2732, 0.13901376540575167], "HZNP": [0.03627681159420289, 0.13901376540575167], "ICEL": [0.4389, 0.13901376540575167], "ICOS": [0.0, 0.13901376540575167], "ICPT": [0.3433764705882353, 0.13901376540575167], "ILMN": [0.11639999999999999, 0.13901376540575167], "IMGN": [-0.029808333333333336, 0.13901376540575167], "IMMU": [-0.05436666666666667, 0.13901376540575167], "INCR": [0.12622400000000003, 0.13901376540575167], "INCY": [0.0593, 0.13901376540575167], "INFI": [0.263925, 0.13901376540575167], "INO": [0.26090476190476186, 0.13901376540575167], "INSM": [0.31705, 0.13901376540575167], "INSY": [0.2502789473684211, 0.13901376540575167], "IONS": [0.07208333333333333, 0.13901376540575167], "IPXL": [0.11418235294117647, 0.13901376540575167], "IRWD": [-0.042769999999999996, 0.13901376540575167], "ISIS": [0.3235307692307693, 0.13901376540575167], "ISTA": [0.296, 0.13901376540575167], "ITCI": [-0.06810000000000001, 0.13901376540575167], "ITEK": [0.02312608695652174, 0.13901376540575167], "JAZZ": [0.09755000000000001, 0.13901376540575167], "JUNO": [0.3322791666666667, 0.13901376540575167], "KERX": [0.19506818181818183, 0.13901376540575167], "KITE": [0.14674102564102567, 0.13901376540575167], "KPTI": [0.0, 0.13901376540575167], "LBIO": [0.2429, 0.13901376540575167], "LGND": [0.09450625, 0.13901376540575167], "LIFE": [0.271795, 0.13901376540575167], "LXRX": [0.028745454545454553, 0.13901376540575167], "MACK": [0.0, 0.13901376540575167], "MDCO": [-0.03469999999999999, 0.13901376540575167], "MDVN": [-0.045773684210526314, 0.13901376540575167], "MEDI": [0.20517419354838715, 0.13901376540575167], "MGNX": [-0.08034000000000001, 0.13901376540575167], "MNK": [0.12178529411764707, 0.13901376540575167], "MNKD": [0.19724583333333343, 0.13901376540575167], "MNOV": [-0.0772, 0.13901376540575167], "MNTA": [0.0464375, 0.13901376540575167], "MRNA": [0.4389, 0.13901376540575167], "MYGN": [0.29647999999999997, 0.13901376540575167], "MYL": [0.09324074074074072, 0.13901376540575167], "NABI": [-0.296, 0.13901376540575167], "NBIX": [0.0, 0.13901376540575167], "NDRM": [0.12040000000000001, 0.13901376540575167], "NH": [0.042658974358974366, 0.13901376540575167], "NK": [0.0794410810810811, 0.13901376540575167], "NKTR": [0.26334, 0.13901376540575167], "NLNK": [-0.042666666666666665, 0.13901376540575167], "NPSP": [0.4535444444444445, 0.13901376540575167], "NSTG": [0.0, 0.13901376540575167], "NVAX": [0.0, 0.13901376540575167], "OCUL": [0.0, 0.13901376540575167], "OMED": [0.1865625, 0.13901376540575167], "OMER": [0.2538394736842106, 0.13901376540575167], "ONCE": [0.6165083333333333, 0.13901376540575167], "ONTX": [0.0, 0.13901376540575167], "ONTY": [0.028710000000000003, 0.13901376540575167], "ONVO": [0.20568999999999998, 0.13901376540575167], "OPHT": [-0.004216666666666667, 0.13901376540575167], "OPK": [0.18193333333333334, 0.13901376540575167], "OPTR": [0.0, 0.13901376540575167], "OREX": [-0.050513333333333334, 0.13901376540575167], "OSCI": [-0.23802727272727273, 0.13901376540575167], "OSIR": [0.34040000000000004, 0.13901376540575167], "OTIC": [0.1919111111111111, 0.13901376540575167], "PACB": [0.3840375, 0.13901376540575167],