{"AAVL": [0.11159999999999999, 0.0709401196011962], "ACAD": [0.0766659090909091, 0.0709401196011962], "ACHN": [0.17251379310344825, 0.0709401196011962], "ACOR": [0.0541, 0.0709401196011962], "ACRX": [-0.1338533333333333, 0.0709401196011962], "ADHD": [0.0, 0.0709401196011962], "ADLR": [-0.6597, 0.0709401196011962], "ADMS": [0.037617391304347825, 0.0709401196011962], "ADRO": [-0.02558823529411765, 0.0709401196011962], "AEGR": [0.07731764705882352, 0.0709401196011962], "AERI": [0.050575, 0.0709401196011962], "AFFX": [-0.03327142857142856, 0.0709401196011962], "AFFY": [-0.1182666666666667, 0.0709401196011962], "AFMD": [0.22601875, 0.0709401196011962], "AGEN": [0.19640312500000004, 0.0709401196011962], "AGIO": [-0.15670399999999998, 0.0709401196011962], "AIMT": [0.05420999999999998, 0.0709401196011962], "AKBA": [0.15617777777777778, 0.0709401196011962], "AKRX": [0.13167, 0.0709401196011962], "ALDR": [0.0, 0.0709401196011962], "ALIM": [-0.032, 0.0709401196011962], "ALKS": [0.029742857142857126, 0.0709401196011962], "ALNY": [0.11505833333333333, 0.0709401196011962], "ALTH": [0.06704859813084113, 0.0709401196011962], "ALXA": [0.0, 0.0709401196011962], "ALXN": [0.056124137931034476, 0.0709401196011962], "AMGN": [0.04889775280898876, 0.0709401196011962], "AMRI": [0.0, 0.0709401196011962], "AMRN": [0.1910285714285714, 0.0709401196011962], "ANAC": [0.08200588235294116, 0.0709401196011962], "ANDS": [0.0, 0.0709401196011962], "ANIP": [0.3562, 0.0709401196011962], "ANTH": [0.08740400000000001, 0.0709401196011962], "AQXP": [0.036186666666666666, 0.0709401196011962], "ARDX": [0.009882352941176469, 0.0709401196011962], "ARIA": [0.11885555555555553, 0.0709401196011962], "ARLZ": [0.0, 0.0709401196011962], "ARNA": [0.36021071428571433, 0.0709401196011962], "ARRY": [0.19761428571428571, 0.0709401196011962], "ARWR": [0.2703047619047619, 0.0709401196011962], "ASPX": [0.12302307692307692, 0.0709401196011962], "AST": [0.0647906779661017, 0.0709401196011962], "ATRA": [-0.15215238095238093, 0.0709401196011962], "AVEO": [0.0, 0.0709401196011962], "AVXS": [-0.06544, 0.0709401196011962], "BCRX": [0.1432744186046512, 0.0709401196011962], "BGNE": [0.07347500000000001, 0.0709401196011962], "BIIB": [0.06803333333333333, 0.0709401196011962], "BIOD": [0.06717692307692308, 0.0709401196011962], "BLCM": [0.0817, 0.0709401196011962], "BLUE": [0.0071359375000000155, 0.0709401196011962], "BMRN": [0.054786904761904766, 0.0709401196011962], "BPMC": [0.107475, 0.0709401196011962], "CALP": [0.125, 0.0709401196011962], "CARA": [0.06611666666666666, 0.0709401196011962], "CBPO": [-0.6308103448275861, 0.0709401196011962], "CCXI": [-0.1779, 0.0709401196011962], "CELG": [0.183272, 0.0709401196011962], "CEMP": [0.2306, 0.0709401196011962], "CEPH": [-0.119175, 0.0709401196011962], "CERS": [-0.04587368421052631, 0.0709401196011962], "CGEN": [0.0714875, 0.0709401196011962], "CGPI": [0.0, 0.0709401196011962], "CHMA": [0.1643, 0.0709401196011962], "CHRS": [0.31037499999999996, 0.0709401196011962], "CLCD": [0.28595, 0.0709401196011962], "CLDN": [0.14254285714285714, 0.0709401196011962], "CLDX": [0.021589682539682548, 0.0709401196011962], "CLVS": [0.07026842105263158, 0.0709401196011962], "CMRX": [0.05129615384615385, 0.0709401196011962], "CNCE": [0.22876, 0.0709401196011962], "COLL": [0.0512, 0.0709401196011962], "CRA": [0.047525, 0.0709401196011962], "CRIS": [0.04913636363636364, 0.0709401196011962], "CRME": [0.0, 0.0709401196011962], "CTIC": [0.11620000000000001, 0.0709401196011962], "CXRX": [0.00965, 0.0709401196011962], "CYTK": [0.09866666666666667, 0.0709401196011962], "CYTX": [0.36834999999999996, 0.0709401196011962], "DBVT": [-0.08713684210526315, 0.0709401196011962], "DEPO": [0.08333333333333333, 0.0709401196011962], "DERM": [0.13534, 0.0709401196011962], "DIGE": [0.0, 0.0709401196011962], "DNAI": [0.059199999999999996, 0.0709401196011962], "DNDN": [0.0, 0.0709401196011962], "DRNA": [0.2470272727272727, 0.0709401196011962], "DRRX": [0.037, 0.0709401196011962], "DSCO": [0.63472, 0.0709401196011962], "DVAX": [0.08377857142857145, 0.0709401196011962], "DYAX": [0.3182, 0.0709401196011962], "ECYT": [0.06577777777777777, 0.0709401196011962], "EDIT": [0.16278720930232557, 0.0709401196011962], "EGLT": [-0.006851851851851843, 0.0709401196011962], "EGRX": [0.1509185185185185, 0.0709401196011962], "ENCY": [-0.26335, 0.0709401196011962], "ENDP": [0.05178000000000001, 0.0709401196011962], "ENTA": [0.2790499999999999, 0.0709401196011962], "EPZM": [0.20160000000000006, 0.0709401196011962], "ESPR": [-0.23359999999999995, 0.0709401196011962], "EXEL": [0.0, 0.0709401196011962], "FACT": [0.12307499999999999, 0.0709401196011962], "FGEN": [0.19638181818181819, 0.0709401196011962], "FLKS": [-0.018669565217391305, 0.0709401196011962], "FLML": [-0.030355555555555556, 0.0709401196011962], "FLXN": [0.0367, 0.0709401196011962], "FMI": [0.135775, 0.0709401196011962], "FOLD": [0.12479523809523813, 0.0709401196011962], "FOMX": [0.12765, 0.0709401196011962], "FPRX": [0.0, 0.0709401196011962], "GBT": [0.0, 0.0709401196011962], "GERN": [0.4041071428571429, 0.0709401196011962], "GEVA": [0.0, 0.0709401196011962], "GHDX": [0.032888888888888884, 0.0709401196011962], "GILD": [0.1357782258064516, 0.0709401196011962], "GNVC": [0.0, 0.0709401196011962], "GPRO": [-0.055165000000000006, 0.0709401196011962], "GRFS": [0.09253666666666666, 0.0709401196011962], "GTXI": [0.296, 0.0709401196011962], "GWPH": [0.0, 0.0709401196011962], "HALO": [0.1951125, 0.0709401196011962], "HBIO": [0.0, 0.0709401196011962], "HZNP": [0.016484000000000002, 0.0709401196011962], "ICEL": [0.4404, 0.0709401196011962], "ICPT": [0.11621666666666668, 0.0709401196011962], "ICY": [0.1591, 0.0709401196011962], "IDIX": [-0.2144, 0.0709401196011962], "ILMN": [0.07770422535211267, 0.0709401196011962], "ILU": [-0.39315000000000005, 0.0709401196011962], "IMDZ": [0.11035555555555557, 0.0709401196011962], "IMGN": [0.19954, 0.0709401196011962], "IMMU": [0.14988666666666667, 0.0709401196011962], "INCR": [0.2316978260869565, 0.0709401196011962], "INCY": [0.09647999999999998, 0.0709401196011962], "INFI": [0.3608375, 0.0709401196011962], "INO": [0.002954285714285711, 0.0709401196011962], "INSM": [0.074, 0.0709401196011962], "INSY": [0.13227142857142857, 0.0709401196011962], "INVA": [-0.28008, 0.0709401196011962], "IONS": [0.14606785714285708, 0.0709401196011962], "IPXL": [0.11265714285714286, 0.0709401196011962], "ISIS": [0.48904000000000003, 0.0709401196011962], "ISPH": [0.1531, 0.0709401196011962], "ISTA": [0.09188571428571428, 0.0709401196011962], "ITCI": [0.04068000000000001, 0.0709401196011962], "ITEK": [0.537, 0.0709401196011962], "JAZZ": [0.08188695652173913, 0.0709401196011962], "JUNO": [0.11845128205128205, 0.0709401196011962], "KERX": [0.43475384615384616, 0.0709401196011962], "KITE": [-0.00743076923076923, 0.0709401196011962], "KMPH": [0.003257142857142855, 0.0709401196011962], "KPTI": [0.3338, 0.0709401196011962], "LBIO": [0.03952830188679247, 0.0709401196011962], "LGND": [0.2804, 0.0709401196011962], "LIFE": [0.1291791666666667, 0.0709401196011962], "LMNX": [0.04933333333333333, 0.0709401196011962], "LOXO": [0.0, 0.0709401196011962], "LXRX": [0.03472142857142857, 0.0709401196011962], "MACK": [-0.04175185185185185, 0.0709401196011962], "MCRB": [0.033716666666666666, 0.0709401196011962], "MDCO": [0.016628571428571427, 0.0709401196011962], "MDVN": [0.19702758620689653, 0.0709401196011962], "MEDI": [0.06006397515527942, 0.0709401196011962], "MGNX": [0.095275, 0.0709401196011962], "MNK": [0.027613333333333327, 0.0709401196011962], "MNKD": [-0.07516666666666666, 0.0709401196011962], "MNOV": [0.0, 0.0709401196011962], "MNTA": [0.0, 0.0709401196011962], "MYGN": [0.09593076923076921, 0.0709401196011962], "MYL": [0.1292470588235294, 0.0709401196011962], "NABI": [0.17556666666666665, 0.0709401196011962], "NBIX": [0.059199999999999996, 0.0709401196011962], "NDRM": [0.12040000000000001, 0.0709401196011962], "NEOS": [0.0, 0.0709401196011962],