{"AAVL": [0.07156875, 0.1472126292725587], "ACAD": [0.10418636363636362, 0.1472126292725587], "ACHN": [0.04949354838709677, 0.1472126292725587], "ACOR": [0.039818181818181815, 0.1472126292725587], "ACRX": [0.26686666666666664, 0.1472126292725587], "ADMS": [-0.3182, 0.1472126292725587], "AEGR": [0.13471176470588236, 0.1472126292725587], "AERI": [0.0, 0.1472126292725587], "AFFX": [0.20086666666666667, 0.1472126292725587], "AFFY": [0.07163571428571427, 0.1472126292725587], "AFMD": [0.1457142857142857, 0.1472126292725587], "AGEN": [-0.025120000000000007, 0.1472126292725587], "AGIO": [0.29253018867924546, 0.1472126292725587], "AKBA": [0.6826666666666666, 0.1472126292725587], "AKRX": [0.16997727272727273, 0.1472126292725587], "ALIM": [0.38537499999999997, 0.1472126292725587], "ALKS": [0.142445, 0.1472126292725587], "ALNY": [0.05849333333333332, 0.1472126292725587], "ALTH": [0.1372090909090909, 0.1472126292725587], "ALTU": [0.32023999999999997, 0.1472126292725587], "ALXA": [0.08146666666666666, 0.1472126292725587], "ALXN": [0.09651764705882353, 0.1472126292725587], "AMAG": [0.4003, 0.1472126292725587], "AMGN": [0.20200909090909092, 0.1472126292725587], "AMRI": [0.296, 0.1472126292725587], "AMRN": [0.22373076923076923, 0.1472126292725587], "ANAC": [0.20014999999999997, 0.1472126292725587], "ANDS": [-0.4730666666666667, 0.1472126292725587], "ANIP": [0.15045714285714284, 0.1472126292725587], "ANPI": [0.4859, 0.1472126292725587], "ANTH": [0.0949625, 0.1472126292725587], "ARDX": [0.0, 0.1472126292725587], "ARIA": [0.08665744680851063, 0.1472126292725587], "ARNA": [0.1752466666666667, 0.1472126292725587], "ARQL": [0.0, 0.1472126292725587], "ARRY": [0.19269999999999998, 0.1472126292725587], "ARWR": [0.1496, 0.1472126292725587], "ASPX": [0.059381818181818154, 0.1472126292725587], "AST": [0.08199948453608244, 0.1472126292725587], "ASTX": [0.4003, 0.1472126292725587], "ATRA": [0.4019, 0.1472126292725587], "AUXL": [0.148, 0.1472126292725587], "AVEO": [0.34311428571428576, 0.1472126292725587], "AVNR": [0.12171304347826084, 0.1472126292725587], "AXCA": [0.4871, 0.1472126292725587], "BCRX": [0.08235, 0.1472126292725587], "BIIB": [0.18434897959183674, 0.1472126292725587], "BIOD": [0.0, 0.1472126292725587], "BLCM": [0.16076, 0.1472126292725587], "BLUE": [0.12226676557863494, 0.1472126292725587], "BMRN": [0.1334809523809524, 0.1472126292725587], "BPAX": [0.0, 0.1472126292725587], "CADX": [0.08618898305084746, 0.1472126292725587], "CALP": [0.27899999999999997, 0.1472126292725587], "CARA": [0.22812000000000002, 0.1472126292725587], "CBST": [0.035743478260869564, 0.1472126292725587], "CCXI": [0.45749999999999996, 0.1472126292725587], "CELG": [0.30588861788617877, 0.1472126292725587], "CEMP": [0.1691539682539683, 0.1472126292725587], "CEPH": [0.07291428571428574, 0.1472126292725587], "CERS": [0.15025789473684212, 0.1472126292725587], "CGEN": [0.5719, 0.1472126292725587], "CHMA": [0.0, 0.1472126292725587], "CHRS": [0.0, 0.1472126292725587], "CLDN": [0.174496, 0.1472126292725587], "CLDX": [0.048395555555555546, 0.1472126292725587], "CLVS": [0.3177133333333334, 0.1472126292725587], "CMRX": [0.24766666666666667, 0.1472126292725587], "CNCE": [0.04816, 0.1472126292725587], "COLL": [0.0, 0.1472126292725587], "CRA": [0.23131428571428578, 0.1472126292725587], "CRIS": [0.502875, 0.1472126292725587], "CRME": [0.23051666666666662, 0.1472126292725587], "CTIC": [0.0841162162162162, 0.1472126292725587], "CTRX": [0.10738666666666671, 0.1472126292725587], "CYTK": [0.2083, 0.1472126292725587], "CYTX": [0.184204, 0.1472126292725587], "DEPO": [0.043506666666666666, 0.1472126292725587], "DERM": [0.2121777777777778, 0.1472126292725587], "DNDN": [0.1721285714285714, 0.1472126292725587], "DRNA": [0.24305, 0.1472126292725587], "DSCO": [0.14439, 0.1472126292725587], "DVAX": [0.09414999999999998, 0.1472126292725587], "DYAX": [0.30022499999999996, 0.1472126292725587], "ECYT": [0.23146999999999998, 0.1472126292725587], "EDIT": [0.3593083333333334, 0.1472126292725587], "EGRX": [-0.2263, 0.1472126292725587], "ENCY": [-0.08391666666666667, 0.1472126292725587], "ENDP": [0.18203214285714284, 0.1472126292725587], "ENTA": [0.3766763888888886, 0.1472126292725587], "ENZN": [0.24072, 0.1472126292725587], "EPZM": [0.11680000000000001, 0.1472126292725587], "ESPR": [0.09447307692307692, 0.1472126292725587], "EXEL": [0.20015, 0.1472126292725587], "FACT": [0.17206666666666667, 0.1472126292725587], "FGEN": [0.1475181818181818, 0.1472126292725587], "FLKS": [0.296, 0.1472126292725587], "FLML": [0.0, 0.1472126292725587], "FLXN": [0.296, 0.1472126292725587], "FMI": [0.08868000000000001, 0.1472126292725587], "FOLD": [0.08861, 0.1472126292725587], "FOMX": [0.050585714285714296, 0.1472126292725587], "FPRX": [0.47836, 0.1472126292725587], "GERN": [0.17259473684210525, 0.1472126292725587], "GEVA": [0.3300874999999999, 0.1472126292725587], "GHDX": [-0.16385000000000002, 0.1472126292725587], "GILD": [0.10916406250000003, 0.1472126292725587], "GNVC": [0.06706666666666665, 0.1472126292725587], "GPRO": [0.06939857142857142, 0.1472126292725587], "GRFS": [0.3818, 0.1472126292725587], "GTXI": [0.1591, 0.1472126292725587], "GWPH": [0.07373636363636366, 0.1472126292725587], "HALO": [0.04631764705882353, 0.1472126292725587], "HBIO": [0.3857, 0.1472126292725587], "HITK": [0.4754, 0.1472126292725587], "HPTX": [0.10354615384615383, 0.1472126292725587], "HZNP": [0.31527857142857135, 0.1472126292725587], "ICEL": [0.3835833333333334, 0.1472126292725587], "ICPT": [0.3371055555555556, 0.1472126292725587], "ICY": [0.022183333333333322, 0.1472126292725587], "ILMN": [0.15115806451612904, 0.1472126292725587], "ILU": [-0.3259, 0.1472126292725587], "IMDZ": [-0.009142857142857144, 0.1472126292725587], "IMGN": [0.15939, 0.1472126292725587], "IMMU": [0.137375, 0.1472126292725587], "INCR": [0.3636576923076923, 0.1472126292725587], "INCY": [0.11574, 0.1472126292725587], "INFI": [0.08936176470588235, 0.1472126292725587], "INGN": [-0.7383, 0.1472126292725587], "INO": [0.18631176470588237, 0.1472126292725587], "INSM": [0.22615000000000002, 0.1472126292725587], "INSY": [0.14874, 0.1472126292725587], "IONS": [0.15027555555555558, 0.1472126292725587], "IPXL": [0.259575, 0.1472126292725587], "IRWD": [0.10652727272727272, 0.1472126292725587], "ISIS": [0.16323846153846153, 0.1472126292725587], "ISPH": [0.9371, 0.1472126292725587], "ISTA": [-0.04673478260869564, 0.1472126292725587], "ITCI": [0.4404, 0.1472126292725587], "ITMN": [0.17566666666666667, 0.1472126292725587], "JAZZ": [0.08637333333333334, 0.1472126292725587], "JUNO": [0.04676111111111111, 0.1472126292725587], "KERX": [0.24983333333333335, 0.1472126292725587], "KITE": [0.14212258064516128, 0.1472126292725587], "KPTI": [0.0, 0.1472126292725587], "LBIO": [0.11243939393939394, 0.1472126292725587], "LGND": [0.08589272727272727, 0.1472126292725587], "LIFE": [0.19475238095238095, 0.1472126292725587], "LXRX": [0.0, 0.1472126292725587], "MACK": [0.005970000000000006, 0.1472126292725587], "MAPP": [-0.05416, 0.1472126292725587], "MDCO": [0.0, 0.1472126292725587], "MDVN": [0.14457500000000004, 0.1472126292725587], "MEDI": [0.28711368821292815, 0.1472126292725587], "MGNX": [0.045425, 0.1472126292725587], "MNK": [0.10599736842105267, 0.1472126292725587], "MNKD": [0.22810000000000002, 0.1472126292725587], "MNOV": [0.0, 0.1472126292725587], "MNTA": [0.0, 0.1472126292725587], "MRNA": [0.1357, 0.1472126292725587], "MYGN": [0.0041818181818181754, 0.1472126292725587], "MYL": [0.05361276595744681, 0.1472126292725587], "NABI": [-0.1998, 0.1472126292725587], "NBIX": [0.09054651162790699, 0.1472126292725587], "NDRM": [0.0, 0.1472126292725587], "NEOS": [-0.032125, 0.1472126292725587], "NH": [0.0653609756097561, 0.1472126292725587], "NK": [0.11090805369127518, 0.1472126292725587], "NKTR": [0.25403, 0.1472126292725587], "NLNK": [-0.0072863636363636386, 0.1472126292725587], "NPSP": [0.2129863636363636, 0.1472126292725587], "NVAX": [-0.04779714285714285, 0.1472126292725587], "OMED": [0.03873870967741935, 0.1472126292725587],