{"AAVL": [0.39265000000000005, 0.14587963732547302], "ACAD": [0.07349, 0.14587963732547302], "ACHN": [0.11714716981132077, 0.14587963732547302], "ACOR": [0.0, 0.14587963732547302], "ACRX": [-0.10591818181818181, 0.14587963732547302], "ADHD": [0.0, 0.14587963732547302], "ADRO": [0.2263, 0.14587963732547302], "AEGR": [0.08637954545454547, 0.14587963732547302], "AERI": [0.0, 0.14587963732547302], "AFFX": [0.11069999999999999, 0.14587963732547302], "AFFY": [0.13747777777777778, 0.14587963732547302], "AGEN": [0.048933333333333336, 0.14587963732547302], "AGIO": [0.25281428571428577, 0.14587963732547302], "AGTC": [0.665025, 0.14587963732547302], "AKBA": [-0.5267, 0.14587963732547302], "AKRX": [-0.009153846153846153, 0.14587963732547302], "ALDR": [0.026516666666666664, 0.14587963732547302], "ALIM": [0.4389, 0.14587963732547302], "ALKS": [0.257725, 0.14587963732547302], "ALNY": [0.16061363636363638, 0.14587963732547302], "ALTH": [0.16681875000000002, 0.14587963732547302], "ALTU": [0.4389, 0.14587963732547302], "ALXA": [0.2104, 0.14587963732547302], "ALXN": [0.16188181818181818, 0.14587963732547302], "AMAG": [0.4389, 0.14587963732547302], "AMGN": [0.24423750000000005, 0.14587963732547302], "AMRI": [0.0516, 0.14587963732547302], "AMRN": [0.11833750000000001, 0.14587963732547302], "ANAC": [0.26216666666666666, 0.14587963732547302], "ANDS": [0.06511428571428572, 0.14587963732547302], "ANIP": [0.04588846153846155, 0.14587963732547302], "ANTH": [0.0, 0.14587963732547302], "ARIA": [0.33535555555555563, 0.14587963732547302], "ARNA": [0.04313030303030303, 0.14587963732547302], "ARQL": [0.09204999999999999, 0.14587963732547302], "ARRY": [0.13052, 0.14587963732547302], "ARWR": [0.04563478260869565, 0.14587963732547302], "ASPX": [-0.061451851851851855, 0.14587963732547302], "AST": [0.07196170212765957, 0.14587963732547302], "ASTX": [0.4389, 0.14587963732547302], "ATRA": [0.08377499999999999, 0.14587963732547302], "AUXL": [0.148, 0.14587963732547302], "AVEO": [0.43889999999999996, 0.14587963732547302], "AVNR": [0.21875, 0.14587963732547302], "BCRX": [0.17268823529411764, 0.14587963732547302], "BIIB": [0.14437241379310345, 0.14587963732547302], "BIOD": [0.0, 0.14587963732547302], "BLUE": [0.15657142857142858, 0.14587963732547302], "BMRN": [0.2189241379310344, 0.14587963732547302], "BMTI": [0.1909, 0.14587963732547302], "BPAX": [0.0, 0.14587963732547302], "CADX": [0.4389, 0.14587963732547302], "CALP": [0.2732, 0.14587963732547302], "CARA": [0.17556, 0.14587963732547302], "CBPO": [0.0, 0.14587963732547302], "CBST": [0.021437499999999998, 0.14587963732547302], "CCXI": [0.4389, 0.14587963732547302], "CELG": [0.10504705882352941, 0.14587963732547302], "CEMP": [0.08586153846153846, 0.14587963732547302], "CEPH": [0.2497, 0.14587963732547302], "CERS": [0.10364444444444446, 0.14587963732547302], "CGEN": [0.3167, 0.14587963732547302], "CHRS": [0.0, 0.14587963732547302], "CLDN": [0.14111428571428572, 0.14587963732547302], "CLDX": [0.1442125, 0.14587963732547302], "CLVS": [0.34965416666666665, 0.14587963732547302], "CMRX": [0.2958142857142857, 0.14587963732547302], "CNCE": [0.148, 0.14587963732547302], "COLL": [0.0023454545454545455, 0.14587963732547302], "CRA": [0.03433870967741936, 0.14587963732547302], "CRIS": [0.0, 0.14587963732547302], "CRME": [0.17556, 0.14587963732547302], "CTIC": [0.15164666666666668, 0.14587963732547302], "CTRX": [0.21015555555555554, 0.14587963732547302], "CYTX": [0.3389, 0.14587963732547302], "DBVT": [0.0, 0.14587963732547302], "DEPO": [0.15801818181818184, 0.14587963732547302], "DERM": [0.09866666666666667, 0.14587963732547302], "DRNA": [0.024999999999999994, 0.14587963732547302], "DRRX": [-0.08786923076923076, 0.14587963732547302], "DSCO": [0.0, 0.14587963732547302], "DVAX": [0.2908, 0.14587963732547302], "DYAX": [0.1002923076923077, 0.14587963732547302], "ECYT": [0.3448857142857143, 0.14587963732547302], "EDIT": [0.2691777777777778, 0.14587963732547302], "EGRX": [0.3182, 0.14587963732547302], "EMIS": [0.11333333333333334, 0.14587963732547302], "ENCY": [-0.20604999999999998, 0.14587963732547302], "ENDP": [0.21700666666666668, 0.14587963732547302], "ENTA": [0.0009619047619047617, 0.14587963732547302], "ENZN": [0.0, 0.14587963732547302], "EPZM": [0.16716999999999999, 0.14587963732547302], "ESPR": [0.1453090909090909, 0.14587963732547302], "EXEL": [0.27831249999999996, 0.14587963732547302], "FACT": [0.19157142857142856, 0.14587963732547302], "FLKS": [0.0, 0.14587963732547302], "FLML": [-0.056575, 0.14587963732547302], "FMI": [0.2010071428571428, 0.14587963732547302], "FOLD": [0.04933333333333333, 0.14587963732547302], "FPRX": [0.17017142857142858, 0.14587963732547302], "GERN": [0.03669246753246755, 0.14587963732547302], "GEVA": [0.2926, 0.14587963732547302], "GILD": [0.13465785714285713, 0.14587963732547302], "GNVC": [0.4389, 0.14587963732547302], "GPRO": [0.13749615384615382, 0.14587963732547302], "GRFS": [-0.128, 0.14587963732547302], "GTXI": [0.0, 0.14587963732547302], "GWPH": [0.39353333333333335, 0.14587963732547302], "HALO": [0.09086428571428572, 0.14587963732547302], "HPTX": [0.0, 0.14587963732547302], "HZNP": [0.365925, 0.14587963732547302], "ICEL": [0.40673333333333334, 0.14587963732547302], "ICPT": [-0.041012499999999986, 0.14587963732547302], "ICY": [0.12383999999999999, 0.14587963732547302], "ILMN": [0.18672727272727271, 0.14587963732547302], "ILU": [-0.148, 0.14587963732547302], "IMGN": [-0.032888888888888884, 0.14587963732547302], "IMMU": [0.0666625, 0.14587963732547302], "INCR": [0.23536344086021474, 0.14587963732547302], "INCY": [0.053789473684210526, 0.14587963732547302], "INFI": [0.19436, 0.14587963732547302], "INO": [0.1335, 0.14587963732547302], "INSM": [0.784, 0.14587963732547302], "INSY": [0.3283555555555555, 0.14587963732547302], "IONS": [0.02933098591549296, 0.14587963732547302], "IPXL": [0.42257500000000003, 0.14587963732547302], "IRWD": [0.148, 0.14587963732547302], "ISIS": [0.17711333333333334, 0.14587963732547302], "ISPH": [0.0, 0.14587963732547302], "ISTA": [-0.057244444444444445, 0.14587963732547302], "ITCI": [-0.04026153846153846, 0.14587963732547302], "JAZZ": [0.1613048780487805, 0.14587963732547302], "KERX": [0.3234384615384616, 0.14587963732547302], "KITE": [0.2506, 0.14587963732547302], "KPTI": [-0.3895833333333332, 0.14587963732547302], "KYTH": [0.0, 0.14587963732547302], "LBIO": [0.014702564102564101, 0.14587963732547302], "LGND": [0.4389, 0.14587963732547302], "LIFE": [0.11484444444444446, 0.14587963732547302], "LXRX": [0.0, 0.14587963732547302], "MACK": [0.14350000000000002, 0.14587963732547302], "MAPP": [0.2943444444444444, 0.14587963732547302], "MDCO": [-0.09877499999999999, 0.14587963732547302], "MDVN": [0.5079374999999999, 0.14587963732547302], "MEDI": [0.27462161572052673, 0.14587963732547302], "MGNX": [0.6597, 0.14587963732547302], "MITI": [0.0, 0.14587963732547302], "MNK": [0.04632421052631578, 0.14587963732547302], "MNKD": [0.028324999999999993, 0.14587963732547302], "MNOV": [0.0, 0.14587963732547302], "MRNA": [0.4389, 0.14587963732547302], "MYGN": [0.24537727272727275, 0.14587963732547302], "MYL": [0.3528428571428571, 0.14587963732547302], "NABI": [0.4215, 0.14587963732547302], "NBIX": [0.04674193548387096, 0.14587963732547302], "NDRM": [0.09866666666666667, 0.14587963732547302], "NEOS": [0.0, 0.14587963732547302], "NERV": [-0.2732, 0.14587963732547302], "NH": [0.13849230769230772, 0.14587963732547302], "NK": [0.12108533333333331, 0.14587963732547302], "NKTR": [0.23095, 0.14587963732547302], "NLNK": [0.10465925925925923, 0.14587963732547302], "NOVN": [0.4215, 0.14587963732547302], "NPSP": [0.14432352941176468, 0.14587963732547302], "NSTG": [0.0, 0.14587963732547302], "NVAX": [0.15698888888888887, 0.14587963732547302], "OMED": [0.28195000000000003, 0.14587963732547302], "OMER": [0.18038888888888888, 0.14587963732547302], "OMPI": [0.31245, 0.14587963732547302], "ONCE": [0.29486666666666667, 0.14587963732547302], "ONTY": [0.21945, 0.14587963732547302], "ONVO": [0.031946363636363634, 0.14587963732547302],