{"AAVL": [0.0041800000000000006, 0.08478520234185935], "ACAD": [0.128012, 0.08478520234185935], "ACHN": [0.09295353535353534, 0.08478520234185935], "ACOR": [-0.089096, 0.08478520234185935], "ACRX": [0.09806363636363637, 0.08478520234185935], "ADHD": [-0.05719, 0.08478520234185935], "ADMS": [0.0, 0.08478520234185935], "ADRO": [-0.05574285714285714, 0.08478520234185935], "AEGR": [0.08466153846153847, 0.08478520234185935], "AERI": [-0.3962, 0.08478520234185935], "AFFX": [0.24310526315789477, 0.08478520234185935], "AFFY": [0.24496666666666667, 0.08478520234185935], "AFMD": [0.4329882352941176, 0.08478520234185935], "AGEN": [0.0063944444444444465, 0.08478520234185935], "AGIO": [0.14996029411764705, 0.08478520234185935], "AGTC": [0.4479285714285715, 0.08478520234185935], "AKBA": [-0.296, 0.08478520234185935], "AKRX": [-0.13405416666666667, 0.08478520234185935], "ALDR": [0.04522820512820512, 0.08478520234185935], "ALIM": [0.09405, 0.08478520234185935], "ALKS": [-0.03329259259259259, 0.08478520234185935], "ALNY": [0.014285294117647057, 0.08478520234185935], "ALTH": [0.06375402298850576, 0.08478520234185935], "ALTU": [0.2926, 0.08478520234185935], "ALXA": [-0.14942, 0.08478520234185935], "ALXN": [-0.01791249999999999, 0.08478520234185935], "AMAG": [0.14282, 0.08478520234185935], "AMGN": [0.09976043956043956, 0.08478520234185935], "AMRI": [0.04038490566037736, 0.08478520234185935], "AMRN": [0.1674, 0.08478520234185935], "ANAC": [0.054641666666666665, 0.08478520234185935], "ANDS": [-0.1333375, 0.08478520234185935], "ANIP": [-0.13516666666666668, 0.08478520234185935], "ANTH": [0.12289999999999997, 0.08478520234185935], "AQXP": [0.09866666666666667, 0.08478520234185935], "ARDX": [0.4019, 0.08478520234185935], "ARIA": [-0.0019245059288537606, 0.08478520234185935], "ARNA": [0.1974682926829269, 0.08478520234185935], "ARQL": [-0.03256666666666667, 0.08478520234185935], "ARRY": [0.07976767676767677, 0.08478520234185935], "ARWR": [0.13946250000000002, 0.08478520234185935], "ASPX": [0.07268666666666666, 0.08478520234185935], "AST": [0.123051884700665, 0.08478520234185935], "ASTX": [0.2926, 0.08478520234185935], "ATRA": [0.07663636363636363, 0.08478520234185935], "AVEO": [0.22795555555555558, 0.08478520234185935], "AVNR": [0.18114545454545453, 0.08478520234185935], "BCRX": [0.28704, 0.08478520234185935], "BIIB": [0.06546330275229358, 0.08478520234185935], "BIOD": [0.008311363636363636, 0.08478520234185935], "BLCM": [0.033855555555555555, 0.08478520234185935], "BLUE": [0.11033666666666668, 0.08478520234185935], "BMRN": [-0.06485606060606061, 0.08478520234185935], "BMTI": [0.296, 0.08478520234185935], "BPAX": [0.0, 0.08478520234185935], "BPMC": [-0.10206666666666668, 0.08478520234185935], "BSTE": [0.0, 0.08478520234185935], "BTRX": [0.0, 0.08478520234185935], "CADX": [0.3084625, 0.08478520234185935], "CALP": [-0.2553, 0.08478520234185935], "CARA": [0.2926, 0.08478520234185935], "CBPO": [-0.17606000000000002, 0.08478520234185935], "CCXI": [-0.07719130434782608, 0.08478520234185935], "CELG": [0.036130800000000005, 0.08478520234185935], "CEMP": [0.0, 0.08478520234185935], "CEPH": [0.13432, 0.08478520234185935], "CERS": [0.009368421052631581, 0.08478520234185935], "CGEN": [-0.128, 0.08478520234185935], "CHMA": [0.6124, 0.08478520234185935], "CHRS": [0.09966666666666667, 0.08478520234185935], "CLCD": [0.4019, 0.08478520234185935], "CLDN": [-0.07718928571428571, 0.08478520234185935], "CLDX": [0.1351081081081081, 0.08478520234185935], "CLVS": [0.05363333333333333, 0.08478520234185935], "CMRX": [0.3361, 0.08478520234185935], "CNCE": [0.12386666666666667, 0.08478520234185935], "CNCT": [-0.059199999999999996, 0.08478520234185935], "COLL": [0.047671428571428566, 0.08478520234185935], "COLY": [0.0, 0.08478520234185935], "CRA": [-0.1212952380952381, 0.08478520234185935], "CRIS": [0.21076666666666666, 0.08478520234185935], "CRME": [0.07715000000000001, 0.08478520234185935], "CTIC": [0.03525526315789473, 0.08478520234185935], "CTRX": [0.291275, 0.08478520234185935], "CYTK": [0.0772, 0.08478520234185935], "CYTX": [0.11975925925925923, 0.08478520234185935], "DEPO": [0.1193, 0.08478520234185935], "DERM": [0.0, 0.08478520234185935], "DNDN": [0.0, 0.08478520234185935], "DRNA": [0.12219999999999999, 0.08478520234185935], "DRRX": [0.16406224489795918, 0.08478520234185935], "DSCO": [-0.004812499999999997, 0.08478520234185935], "DVAX": [0.0, 0.08478520234185935], "DYAX": [0.060733333333333334, 0.08478520234185935], "ECYT": [0.27783157894736843, 0.08478520234185935], "EDIT": [0.143175, 0.08478520234185935], "EGRX": [0.1226227272727273, 0.08478520234185935], "EMIS": [0.0, 0.08478520234185935], "ENCY": [0.5747208333333335, 0.08478520234185935], "ENDP": [0.07188542713567837, 0.08478520234185935], "ENTA": [0.11781176470588235, 0.08478520234185935], "ENZN": [0.22297142857142854, 0.08478520234185935], "EPZM": [0.07055714285714286, 0.08478520234185935], "ESPR": [0.2051314285714286, 0.08478520234185935], "EXEL": [0.03957419354838709, 0.08478520234185935], "FACT": [0.1468, 0.08478520234185935], "FGEN": [-0.10448888888888891, 0.08478520234185935], "FLKS": [0.341175, 0.08478520234185935], "FLML": [0.036477272727272726, 0.08478520234185935], "FMI": [0.037, 0.08478520234185935], "FOLD": [0.17464545454545455, 0.08478520234185935], "FOMX": [0.05719, 0.08478520234185935], "FPRX": [0.09871666666666667, 0.08478520234185935], "GERN": [-0.10530000000000002, 0.08478520234185935], "GEVA": [0.14953, 0.08478520234185935], "GHDX": [0.22951666666666667, 0.08478520234185935], "GILD": [0.06894562043795607, 0.08478520234185935], "GNVC": [0.2926, 0.08478520234185935], "GPRO": [0.08905991561181434, 0.08478520234185935], "GRFS": [0.0, 0.08478520234185935], "GTOP": [0.0, 0.08478520234185935], "GTXI": [-0.12777, 0.08478520234185935], "GWPH": [0.17208, 0.08478520234185935], "HALO": [-0.05074888888888888, 0.08478520234185935], "HBIO": [0.0, 0.08478520234185935], "HGSI": [0.21075, 0.08478520234185935], "HITK": [0.0772, 0.08478520234185935], "HPTX": [0.085, 0.08478520234185935], "HZNP": [0.020912587412587415, 0.08478520234185935], "ICEL": [0.3654333333333333, 0.08478520234185935], "ICPT": [0.13604615384615387, 0.08478520234185935], "ICY": [0.0, 0.08478520234185935], "ILMN": [0.02585294117647059, 0.08478520234185935], "ILU": [-0.52889, 0.08478520234185935], "IMCL": [0.0, 0.08478520234185935], "IMDZ": [0.0, 0.08478520234185935], "IMGN": [0.0, 0.08478520234185935], "IMMU": [-0.04741428571428571, 0.08478520234185935], "INCR": [0.1877568627450981, 0.08478520234185935], "INCY": [0.015576923076923075, 0.08478520234185935], "INFI": [0.21087692307692307, 0.08478520234185935], "INO": [0.09545942028985509, 0.08478520234185935], "INSM": [0.0, 0.08478520234185935], "INSY": [-0.05177678571428568, 0.08478520234185935], "INVA": [-0.08895000000000003, 0.08478520234185935], "IONS": [0.09094739884393065, 0.08478520234185935], "IPXL": [-0.03348571428571427, 0.08478520234185935], "IRWD": [-0.2156586206896552, 0.08478520234185935], "ISIS": [0.063465306122449, 0.08478520234185935], "ISPH": [0.159225, 0.08478520234185935], "ISTA": [0.061631250000000005, 0.08478520234185935], "ITCI": [0.18134444444444442, 0.08478520234185935], "ITEK": [0.4939, 0.08478520234185935], "JAZZ": [-0.15388125000000002, 0.08478520234185935], "JUNO": [0.0232021978021978, 0.08478520234185935], "KERX": [0.43285, 0.08478520234185935], "KITE": [0.009153960396039603, 0.08478520234185935], "KMPH": [0.0, 0.08478520234185935], "KPTI": [0.17021363636363637, 0.08478520234185935], "KYTH": [0.07020689655172416, 0.08478520234185935], "LBIO": [0.09380225563909778, 0.08478520234185935], "LGND": [0.1474181818181818, 0.08478520234185935], "LIFE": [0.10068260869565215, 0.08478520234185935], "LMNX": [0.0, 0.08478520234185935], "LXRX": [0.0, 0.08478520234185935], "MACK": [0.03573755102040818, 0.08478520234185935], "MDCO": [-0.07745, 0.08478520234185935], "MDVN": [0.0040500000000000015, 0.08478520234185935], "MEDI": [0.264967268041239, 0.08478520234185935], "MGNX": [0.15147, 0.08478520234185935],