{"GILD": [0.0, 0.16140000000000002], "MEDI": [0.0, 0.16140000000000002], "MYGN": [0.0, 0.16140000000000002], "REGN": [0.0, 0.16140000000000002], "VRTX": [0.807, 0.16140000000000002]}