{"ACAD": [-0.048933333333333336, 0.1265237024302474], "ACHN": [0.0, 0.1265237024302474], "ACOR": [0.2732, 0.1265237024302474], "ADHD": [0.4404, 0.1265237024302474], "ADRO": [-0.4404, 0.1265237024302474], "AEGR": [0.14450000000000002, 0.1265237024302474], "AFFY": [0.0, 0.1265237024302474], "AGEN": [0.6597, 0.1265237024302474], "ALKS": [0.2023, 0.1265237024302474], "ALNY": [0.0, 0.1265237024302474], "ALTH": [0.296, 0.1265237024302474], "AMAG": [-0.2263, 0.1265237024302474], "AMGN": [-0.21050000000000002, 0.1265237024302474], "AMRI": [-0.128, 0.1265237024302474], "AMRN": [0.30339999999999995, 0.1265237024302474], "ARIA": [0.025675, 0.1265237024302474], "ARNA": [0.1659142857142857, 0.1265237024302474], "ARRY": [0.5574, 0.1265237024302474], "ARWR": [0.0, 0.1265237024302474], "ASPX": [0.0, 0.1265237024302474], "AST": [0.18214444444444447, 0.1265237024302474], "ASTX": [0.296, 0.1265237024302474], "AVNR": [0.0, 0.1265237024302474], "BCRX": [0.17779999999999999, 0.1265237024302474], "BIIB": [0.13486666666666666, 0.1265237024302474], "BIOD": [0.35095000000000004, 0.1265237024302474], "BLUE": [0.0, 0.1265237024302474], "BMRN": [0.25, 0.1265237024302474], "CADX": [0.4767, 0.1265237024302474], "CBST": [0.0, 0.1265237024302474], "CELG": [0.11958333333333333, 0.1265237024302474], "CEMP": [0.0516, 0.1265237024302474], "CERS": [0.2263, 0.1265237024302474], "CLDX": [0.60055, 0.1265237024302474], "COLL": [0.0, 0.1265237024302474], "CRA": [-0.1822, 0.1265237024302474], "CRIS": [0.0, 0.1265237024302474], "DRRX": [-0.1591, 0.1265237024302474], "DVAX": [0.875, 0.1265237024302474], "ECYT": [-0.0036857142857142857, 0.1265237024302474], "EDIT": [0.3818, 0.1265237024302474], "ENTA": [0.0, 0.1265237024302474], "EPZM": [0.6369, 0.1265237024302474], "FACT": [0.5719, 0.1265237024302474], "GEVA": [0.0, 0.1265237024302474], "GILD": [0.0, 0.1265237024302474], "HALO": [0.296, 0.1265237024302474], "IDIX": [0.0, 0.1265237024302474], "ILMN": [0.11826666666666667, 0.1265237024302474], "ILU": [-0.34, 0.1265237024302474], "IMGN": [0.148, 0.1265237024302474], "IMMU": [0.148, 0.1265237024302474], "INCR": [0.28906666666666664, 0.1265237024302474], "INFI": [0.0, 0.1265237024302474], "INO": [0.056979999999999996, 0.1265237024302474], "IONS": [0.048728571428571434, 0.1265237024302474], "ISIS": [0.0, 0.1265237024302474], "JAZZ": [0.0, 0.1265237024302474], "KERX": [0.0, 0.1265237024302474], "KYTH": [0.296, 0.1265237024302474], "LBIO": [-0.09106666666666667, 0.1265237024302474], "LGND": [0.0, 0.1265237024302474], "LIFE": [0.4404, 0.1265237024302474], "LXRX": [0.0, 0.1265237024302474], "MACK": [0.0, 0.1265237024302474], "MDVN": [0.38354999999999995, 0.1265237024302474], "MEDI": [0.296, 0.1265237024302474], "MNK": [0.16715714285714287, 0.1265237024302474], "MNKD": [0.16715714285714287, 0.1265237024302474], "MNTA": [-0.44062500000000004, 0.1265237024302474], "MYL": [0.056575, 0.1265237024302474], "NBIX": [-0.2263, 0.1265237024302474], "NH": [0.09211666666666667, 0.1265237024302474], "NK": [0.22538260869565216, 0.1265237024302474], "NKTR": [0.0, 0.1265237024302474], "NPSP": [0.0, 0.1265237024302474], "OMED": [0.2732, 0.1265237024302474], "ONTX": [0.32805000000000006, 0.1265237024302474], "ONTY": [0.296, 0.1265237024302474], "ONVO": [0.105375, 0.1265237024302474], "OPK": [0.0, 0.1265237024302474], "PACB": [0.0, 0.1265237024302474], "PCRX": [0.0, 0.1265237024302474], "PDLI": [0.10115, 0.1265237024302474], "POZN": [0.0, 0.1265237024302474], "PTIE": [0.4404, 0.1265237024302474], "RARE": [0.17993333333333336, 0.1265237024302474], "REGN": [0.3548, 0.1265237024302474], "RIGL": [0.4215, 0.1265237024302474], "SAGE": [-0.10837142857142856, 0.1265237024302474], "SGEN": [0.1909, 0.1265237024302474], "SGNT": [0.0, 0.1265237024302474], "SIGA": [0.0, 0.1265237024302474], "SNTA": [0.0516, 0.1265237024302474], "SNTS": [-0.05295, 0.1265237024302474], "SPPI": [0.34, 0.1265237024302474], "SQNM": [0.0, 0.1265237024302474], "SRPT": [0.3819333333333333, 0.1265237024302474], "STEM": [0.0, 0.1265237024302474], "SUPN": [0.0, 0.1265237024302474], "TARO": [0.0, 0.1265237024302474], "TECH": [0.10461428571428573, 0.1265237024302474], "TEVA": [-0.35250000000000004, 0.1265237024302474], "TSRX": [0.0, 0.1265237024302474], "TTPH": [0.0, 0.1265237024302474], "USD": [-0.020433333333333303, 0.1265237024302474], "UTHR": [0.4215, 0.1265237024302474], "VICL": [0.7003, 0.1265237024302474], "VNDA": [0.0, 0.1265237024302474], "VRTX": [0.0, 0.1265237024302474], "ZGNX": [0.4404, 0.1265237024302474], "ZLCS": [0.44040000000000007, 0.1265237024302474]}