{"ACAD": [0.15710769230769234, 0.09857595179001319], "ACOR": [0.0, 0.09857595179001319], "ADRO": [0.0, 0.09857595179001319], "AFFX": [0.34, 0.09857595179001319], "AFFY": [0.063025, 0.09857595179001319], "AGEN": [0.296, 0.09857595179001319], "AKRX": [-0.033716666666666666, 0.09857595179001319], "ALIM": [0.5358600000000001, 0.09857595179001319], "ALKS": [0.7003, 0.09857595179001319], "ALTH": [0.07264117647058824, 0.09857595179001319], "ALXA": [0.11744545454545455, 0.09857595179001319], "ALXN": [-0.28112, 0.09857595179001319], "AMAG": [0.0, 0.09857595179001319], "AMGN": [0.0502074074074074, 0.09857595179001319], "AMLN": [0.173925, 0.09857595179001319], "AMRI": [0.0129, 0.09857595179001319], "AMRN": [0.17818695652173913, 0.09857595179001319], "ANAC": [0.0, 0.09857595179001319], "ANDS": [0.08383, 0.09857595179001319], "APCVZ&": [0.0, 0.09857595179001319], "APPX": [0.0, 0.09857595179001319], "ARIA": [0.39725000000000005, 0.09857595179001319], "ARQL": [0.34, 0.09857595179001319], "ARRY": [0.08294285714285714, 0.09857595179001319], "ARXT": [0.0, 0.09857595179001319], "ASPX": [-0.04485, 0.09857595179001319], "AST": [0.05140672268907565, 0.09857595179001319], "AVEO": [-0.11864, 0.09857595179001319], "AVII": [0.31859000000000004, 0.09857595179001319], "AVNR": [0.0, 0.09857595179001319], "AXCA": [0.2202, 0.09857595179001319], "BCRX": [-0.0425, 0.09857595179001319], "BGIXX": [0.0, 0.09857595179001319], "BIIB": [0.10090769230769231, 0.09857595179001319], "BIVN": [0.0, 0.09857595179001319], "BLKFDS": [0.0, 0.09857595179001319], "BLUE": [-0.015433333333333334, 0.09857595179001319], "BLUS": [0.0, 0.09857595179001319], "BMTI": [0.0, 0.09857595179001319], "BPAX": [0.16509893048128343, 0.09857595179001319], "BPMC": [0.0, 0.09857595179001319], "BRIXX": [0.0, 0.09857595179001319], "BTRX": [0.0, 0.09857595179001319], "CADX": [-0.06846666666666666, 0.09857595179001319], "CALP": [0.06998333333333333, 0.09857595179001319], "CASC": [0.0, 0.09857595179001319], "CBPO": [0.0, 0.09857595179001319], "CBRX": [0.38295, 0.09857595179001319], "CBST": [0.27055, 0.09857595179001319], "CELG": [0.19033333333333333, 0.09857595179001319], "CEPH": [0.2023, 0.09857595179001319], "CGEN": [0.0, 0.09857595179001319], "CLDX": [0.0, 0.09857595179001319], "COLL": [0.016366666666666665, 0.09857595179001319], "COLY": [0.0, 0.09857595179001319], "CRA": [0.31758333333333333, 0.09857595179001319], "CRIS": [0.10856666666666667, 0.09857595179001319], "CTIC": [0.25, 0.09857595179001319], "DEPO": [-0.04683333333333333, 0.09857595179001319], "DNDN": [0.26503333333333334, 0.09857595179001319], "DRAX": [0.0, 0.09857595179001319], "ECYT": [0.16859285714285716, 0.09857595179001319], "EDIT": [0.35811000000000004, 0.09857595179001319], "ENCY": [0.14049999999999999, 0.09857595179001319], "ENDP": [0.0193, 0.09857595179001319], "ENTA": [0.0, 0.09857595179001319], "ENZN": [0.0, 0.09857595179001319], "EURX": [0.0, 0.09857595179001319], "EXEL": [0.31823333333333337, 0.09857595179001319], "FACT": [0.0, 0.09857595179001319], "FLKS": [0.16666666666666666, 0.09857595179001319], "FMI": [-0.5423, 0.09857595179001319], "FOLD": [0.0, 0.09857595179001319], "FURX": [0.0, 0.09857595179001319], "GERN": [-0.04123125, 0.09857595179001319], "GEVA": [0.21075, 0.09857595179001319], "GILD": [0.24327500000000002, 0.09857595179001319], "HALO": [0.0, 0.09857595179001319], "HGSI": [0.08653333333333334, 0.09857595179001319], "HZNP": [-0.2732, 0.09857595179001319], "ICEL": [0.6006666666666667, 0.09857595179001319], "ICY": [-0.02054, 0.09857595179001319], "IDIX": [0.5994, 0.09857595179001319], "ILMN": [0.0, 0.09857595179001319], "ILU": [0.0, 0.09857595179001319], "INCR": [-0.01479999999999998, 0.09857595179001319], "INCY": [0.3215666666666667, 0.09857595179001319], "INHX": [0.14438648648648647, 0.09857595179001319], "INO": [0.3803, 0.09857595179001319], "IONS": [0.0, 0.09857595179001319], "IPXL": [0.5106, 0.09857595179001319], "ISIS": [-0.6249, 0.09857595179001319], "ISTA": [0.1101, 0.09857595179001319], "ITMN": [0.0, 0.09857595179001319], "JAZZ": [0.0, 0.09857595179001319], "KERX": [0.1101, 0.09857595179001319], "LBIO": [0.11315, 0.09857595179001319], "LIFE": [-0.039414285714285714, 0.09857595179001319], "LXRX": [0.5106, 0.09857595179001319], "MACK": [0.0, 0.09857595179001319], "MAPP": [0.0, 0.09857595179001319], "MAXY": [0.0, 0.09857595179001319], "MDCO": [0.20095, 0.09857595179001319], "MDVN": [0.059640000000000006, 0.09857595179001319], "MEDI": [-0.026454545454545453, 0.09857595179001319], "MITI": [0.4767, 0.09857595179001319], "MNK": [-0.4035, 0.09857595179001319], "MNKD": [-0.4035, 0.09857595179001319], "MNTA": [0.12109230769230768, 0.09857595179001319], "NBIX": [0.0, 0.09857595179001319], "NFLD": [0.0, 0.09857595179001319], "NH": [0.15215581395348837, 0.09857595179001319], "NK": [0.06366923076923078, 0.09857595179001319], "NKTR": [0.0, 0.09857595179001319], "NRMX": [0.0, 0.09857595179001319], "NVAX": [-0.34, 0.09857595179001319], "OMER": [0.0, 0.09857595179001319], "ONCE": [0.04046, 0.09857595179001319], "ONTY": [0.0516, 0.09857595179001319], "ONXX": [0.0, 0.09857595179001319], "OPK": [0.09866666666666667, 0.09857595179001319], "OREX": [-0.0019777777777777636, 0.09857595179001319], "OSCI": [0.0, 0.09857595179001319], "PACB": [0.11092857142857145, 0.09857595179001319], "PARD": [0.02965, 0.09857595179001319], "PCYC": [0.2695071428571429, 0.09857595179001319], "PDLI": [0.0, 0.09857595179001319], "PGNX": [0.6046285714285714, 0.09857595179001319], "PHRM": [0.6808, 0.09857595179001319], "POZN": [-0.009336363636363636, 0.09857595179001319], "PRGO": [0.3143666666666667, 0.09857595179001319], "QCOR": [0.0, 0.09857595179001319], "QGEN": [0.296, 0.09857595179001319], "QLTI": [0.0, 0.09857595179001319], "SAGE": [0.06117, 0.09857595179001319], "SCLN": [0.5106, 0.09857595179001319], "SCMP": [0.0, 0.09857595179001319], "SGEN": [0.3829666666666667, 0.09857595179001319], "SIGA": [0.0, 0.09857595179001319], "SLXA": [0.0, 0.09857595179001319], "SLXP": [0.59155, 0.09857595179001319], "SNTS": [0.19063333333333332, 0.09857595179001319], "SPPI": [0.09480000000000001, 0.09857595179001319], "SQNM": [0.0, 0.09857595179001319], "STEM": [0.0, 0.09857595179001319], "SVA": [-0.3818, 0.09857595179001319], "SVNT": [0.3639428571428572, 0.09857595179001319], "TECH": [0.18187, 0.09857595179001319], "TELK": [0.316125, 0.09857595179001319], "TEVA": [0.31245, 0.09857595179001319], "TNOX": [0.0, 0.09857595179001319], "TRGT": [0.0, 0.09857595179001319], "TRMS": [0.0, 0.09857595179001319], "TSRX": [0.07490000000000001, 0.09857595179001319], "TWTI": [0.0, 0.09857595179001319], "USD": [0.04347201565557729, 0.09857595179001319], "UTHR": [0.42637499999999995, 0.09857595179001319], "VPHM": [0.024666666666666667, 0.09857595179001319], "VRTX": [0.5478750000000001, 0.09857595179001319], "VRUS": [0.07800625, 0.09857595179001319], "VVUS": [0.07771555555555557, 0.09857595179001319], "WCRX": [0.27115, 0.09857595179001319], "XOMA": [0.0, 0.09857595179001319], "ZGNX": [0.107625, 0.09857595179001319], "ZLCS": [0.16651538461538465, 0.09857595179001319]}