{"ACAD": [0.0, 0.1145674485725813], "ACHN": [-0.1531, 0.1145674485725813], "AEGR": [0.5423, 0.1145674485725813], "AFFY": [0.0, 0.1145674485725813], "AKBA": [-0.3987, 0.1145674485725813], "ALIM": [0.0, 0.1145674485725813], "ALTH": [0.027499999999999997, 0.1145674485725813], "ALXN": [0.0, 0.1145674485725813], "AMRI": [-0.04215, 0.1145674485725813], "ANAC": [0.25, 0.1145674485725813], "ANTH": [0.4404, 0.1145674485725813], "ARIA": [0.19329090909090907, 0.1145674485725813], "ARNA": [-0.123475, 0.1145674485725813], "ARRY": [0.2023, 0.1145674485725813], "ARWR": [0.33549999999999996, 0.1145674485725813], "ASPX": [-0.008909090909090901, 0.1145674485725813], "AST": [0.09077857142857144, 0.1145674485725813], "AVNR": [0.6144666666666666, 0.1145674485725813], "BIIB": [-0.09132727272727272, 0.1145674485725813], "BIOD": [0.6315833333333334, 0.1145674485725813], "CBPO": [0.0, 0.1145674485725813], "CBST": [0.0, 0.1145674485725813], "CELG": [-0.02948717948717949, 0.1145674485725813], "CERS": [0.5106, 0.1145674485725813], "CLDN": [0.0772, 0.1145674485725813], "CMRX": [0.12008571428571428, 0.1145674485725813], "CRA": [-0.093725, 0.1145674485725813], "CRIS": [0.5574, 0.1145674485725813], "CTIC": [0.0, 0.1145674485725813], "DEPO": [0.1858, 0.1145674485725813], "DIGE": [0.7506, 0.1145674485725813], "DRRX": [0.2023, 0.1145674485725813], "DYAX": [0.042899999999999994, 0.1145674485725813], "EDIT": [0.0, 0.1145674485725813], "EMIS": [0.13396666666666665, 0.1145674485725813], "ENCY": [0.0, 0.1145674485725813], "ENDP": [0.15443333333333334, 0.1145674485725813], "ENTA": [-0.08862999999999999, 0.1145674485725813], "EXEL": [-0.11909999999999998, 0.1145674485725813], "FACT": [-0.4389, 0.1145674485725813], "FLML": [0.0, 0.1145674485725813], "FMI": [0.3852666666666667, 0.1145674485725813], "FURX": [0.34450000000000003, 0.1145674485725813], "GERN": [-0.03075, 0.1145674485725813], "GEVA": [0.0, 0.1145674485725813], "GILD": [-0.03195555555555556, 0.1145674485725813], "GWPH": [0.296325, 0.1145674485725813], "HALO": [0.1144, 0.1145674485725813], "HITK": [0.0, 0.1145674485725813], "HZNP": [0.03088, 0.1145674485725813], "ICEL": [0.5574, 0.1145674485725813], "ICPT": [0.32639770114942535, 0.1145674485725813], "ICY": [0.0, 0.1145674485725813], "IDIX": [0.0, 0.1145674485725813], "ILMN": [0.5574, 0.1145674485725813], "INCR": [0.5719, 0.1145674485725813], "INCY": [0.1531, 0.1145674485725813], "INO": [0.0, 0.1145674485725813], "INSM": [0.4404, 0.1145674485725813], "INSY": [0.8957, 0.1145674485725813], "IONS": [0.16254615384615384, 0.1145674485725813], "IPXL": [0.0, 0.1145674485725813], "ISIS": [-0.26988571428571434, 0.1145674485725813], "ISTA": [-0.1522666666666667, 0.1145674485725813], "ITMN": [0.20761818181818184, 0.1145674485725813], "JAZZ": [-0.5423, 0.1145674485725813], "KERX": [0.03558, 0.1145674485725813], "KYTH": [0.0, 0.1145674485725813], "LBIO": [0.11256666666666666, 0.1145674485725813], "LGND": [0.0, 0.1145674485725813], "MACK": [0.0, 0.1145674485725813], "MDCO": [-0.4588, 0.1145674485725813], "MEDI": [0.29609499999999955, 0.1145674485725813], "MNK": [0.05719, 0.1145674485725813], "MNKD": [0.06354444444444445, 0.1145674485725813], "MNOV": [0.0772, 0.1145674485725813], "MNTA": [-0.119175, 0.1145674485725813], "MYGN": [0.2023, 0.1145674485725813], "MYL": [0.1147, 0.1145674485725813], "MYRX": [0.0, 0.1145674485725813], "NBIX": [0.0, 0.1145674485725813], "NERV": [-0.2732, 0.1145674485725813], "NH": [0.13396666666666665, 0.1145674485725813], "NK": [0.0032590909090909085, 0.1145674485725813], "NPSP": [0.0, 0.1145674485725813], "ONTY": [0.0, 0.1145674485725813], "ONVO": [0.4939, 0.1145674485725813], "OPK": [0.24935000000000002, 0.1145674485725813], "OREX": [0.0, 0.1145674485725813], "OTIC": [-0.1779, 0.1145674485725813], "OVAS": [-0.4389, 0.1145674485725813], "PCYC": [-0.21075, 0.1145674485725813], "PGNX": [0.7579, 0.1145674485725813], "POZN": [0.0, 0.1145674485725813], "PTIE": [0.5859, 0.1145674485725813], "QCOR": [-0.09866666666666667, 0.1145674485725813], "RARE": [0.2023, 0.1145674485725813], "REGN": [-0.2732, 0.1145674485725813], "RIGL": [-0.105375, 0.1145674485725813], "RNAI": [0.33549999999999996, 0.1145674485725813], "RPTP": [-0.4215, 0.1145674485725813], "RTRX": [0.2023, 0.1145674485725813], "RVNC": [0.2023, 0.1145674485725813], "SAGE": [0.09704999999999998, 0.1145674485725813], "SCMP": [0.0, 0.1145674485725813], "SGMO": [0.0, 0.1145674485725813], "SGNT": [0.2023, 0.1145674485725813], "SGYP": [0.0, 0.1145674485725813], "SHPG": [0.1858, 0.1145674485725813], "SLXP": [0.0, 0.1145674485725813], "SNTS": [0.0, 0.1145674485725813], "SPPI": [0.7579, 0.1145674485725813], "SRPT": [0.40812499999999996, 0.1145674485725813], "SUPN": [0.15925714285714285, 0.1145674485725813], "TARO": [0.4019, 0.1145674485725813], "TECH": [0.12203055555555557, 0.1145674485725813], "TEVA": [0.226, 0.1145674485725813], "THLD": [0.5574, 0.1145674485725813], "TSRO": [0.16184, 0.1145674485725813], "TSRX": [0.3818, 0.1145674485725813], "USD": [0.2854582010582005, 0.1145674485725813], "UTHR": [0.5574, 0.1145674485725813], "VNDA": [0.0, 0.1145674485725813], "VRTX": [0.0, 0.1145674485725813], "VVUS": [-0.109725, 0.1145674485725813], "XOMA": [0.0, 0.1145674485725813]}