{"ACAD": [0.10097272727272727, 0.16625946989830095], "ACHN": [-0.10313333333333334, 0.16625946989830095], "AEGR": [0.47, 0.16625946989830095], "AERI": [0.0, 0.16625946989830095], "AFFX": [0.0, 0.16625946989830095], "AFFY": [0.14229999999999998, 0.16625946989830095], "AGEN": [0.3919, 0.16625946989830095], "AKRX": [0.26335, 0.16625946989830095], "ALKS": [-0.037166666666666674, 0.16625946989830095], "ALNY": [0.17, 0.16625946989830095], "ALTH": [0.2667185185185185, 0.16625946989830095], "ALXA": [0.24095555555555556, 0.16625946989830095], "ALXN": [0.1889, 0.16625946989830095], "AMAG": [-0.4939, 0.16625946989830095], "AMGN": [0.1270888888888889, 0.16625946989830095], "AMLN": [-0.00815384615384616, 0.16625946989830095], "AMRN": [0.1687941176470588, 0.16625946989830095], "ANTH": [0.126875, 0.16625946989830095], "ARIA": [0.6369, 0.16625946989830095], "ARNA": [0.13149878048780494, 0.16625946989830095], "ARQL": [0.0, 0.16625946989830095], "ARRY": [0.0, 0.16625946989830095], "ASPX": [0.1633558823529412, 0.16625946989830095], "AST": [0.09315363636363638, 0.16625946989830095], "ASTX": [0.18544000000000002, 0.16625946989830095], "AUXL": [-0.005654545454545453, 0.16625946989830095], "AVEO": [0.0, 0.16625946989830095], "AVNR": [0.0, 0.16625946989830095], "BCRX": [0.22104615384615386, 0.16625946989830095], "BIIB": [0.0641888888888889, 0.16625946989830095], "BIOD": [-0.06275, 0.16625946989830095], "BLUE": [0.07732, 0.16625946989830095], "BLUS": [0.4738, 0.16625946989830095], "BMRN": [0.16184, 0.16625946989830095], "BMTI": [0.6369, 0.16625946989830095], "BPAX": [0.14448, 0.16625946989830095], "BPMC": [0.0, 0.16625946989830095], "CALP": [-0.04465555555555555, 0.16625946989830095], "CASC": [0.2537142857142857, 0.16625946989830095], "CBRX": [0.0, 0.16625946989830095], "CELG": [0.09713809523809525, 0.16625946989830095], "CEMP": [0.0, 0.16625946989830095], "CHRS": [0.4939, 0.16625946989830095], "CLDX": [0.04748000000000001, 0.16625946989830095], "COLL": [0.0, 0.16625946989830095], "CRA": [0.1157625, 0.16625946989830095], "CRIS": [0.0, 0.16625946989830095], "CYPB": [0.0, 0.16625946989830095], "CYTK": [0.7184, 0.16625946989830095], "DNDN": [-0.048749999999999995, 0.16625946989830095], "DRRX": [0.296, 0.16625946989830095], "DVAX": [0.14583333333333334, 0.16625946989830095], "DYAX": [0.3612, 0.16625946989830095], "ECYT": [0.30579999999999996, 0.16625946989830095], "EDIT": [-0.167625, 0.16625946989830095], "ENTA": [0.025733333333333334, 0.16625946989830095], "ENZN": [0.0, 0.16625946989830095], "EXEL": [0.17584285714285716, 0.16625946989830095], "FACT": [0.0, 0.16625946989830095], "FOLD": [0.30354000000000003, 0.16625946989830095], "GERN": [-0.005849999999999998, 0.16625946989830095], "GILD": [0.5256, 0.16625946989830095], "GTXI": [0.0, 0.16625946989830095], "HALO": [0.3078857142857143, 0.16625946989830095], "HGSI": [0.05991666666666667, 0.16625946989830095], "HZNP": [0.18146363636363633, 0.16625946989830095], "ICEL": [0.31103333333333333, 0.16625946989830095], "ICY": [0.20015, 0.16625946989830095], "IDIX": [0.11340666666666667, 0.16625946989830095], "ILMN": [-0.2023, 0.16625946989830095], "ILU": [0.5563, 0.16625946989830095], "IMGN": [0.15012, 0.16625946989830095], "IMMU": [-0.24171666666666666, 0.16625946989830095], "INCR": [0.22998000000000007, 0.16625946989830095], "INCY": [0.5388000000000001, 0.16625946989830095], "INFI": [0.0, 0.16625946989830095], "INO": [0.1593, 0.16625946989830095], "INSM": [0.698025, 0.16625946989830095], "IONS": [0.133425, 0.16625946989830095], "IPXL": [0.0, 0.16625946989830095], "ISIS": [0.0, 0.16625946989830095], "ISTA": [0.0731111111111111, 0.16625946989830095], "ITMN": [0.0, 0.16625946989830095], "JAZZ": [0.4019, 0.16625946989830095], "KERX": [0.645090909090909, 0.16625946989830095], "LBIO": [0.32121999999999995, 0.16625946989830095], "LGND": [0.2657181818181818, 0.16625946989830095], "LIFE": [-0.2482, 0.16625946989830095], "LXRX": [0.0, 0.16625946989830095], "MACK": [0.16463333333333333, 0.16625946989830095], "MAPP": [0.5388000000000001, 0.16625946989830095], "MDVN": [-0.2787, 0.16625946989830095], "MEDI": [0.03275714285714287, 0.16625946989830095], "MNK": [0.4939, 0.16625946989830095], "MNKD": [0.4939, 0.16625946989830095], "MRNA": [0.7184, 0.16625946989830095], "MYL": [0.0, 0.16625946989830095], "MYRX": [0.0, 0.16625946989830095], "NH": [0.04448571428571429, 0.16625946989830095], "NK": [0.2600606060606061, 0.16625946989830095], "NKTR": [0.48713333333333336, 0.16625946989830095], "NLNK": [0.0, 0.16625946989830095], "NPSP": [0.0, 0.16625946989830095], "OMED": [-0.24171666666666666, 0.16625946989830095], "OMER": [0.7184, 0.16625946989830095], "OMPI": [0.278325, 0.16625946989830095], "ONCE": [0.13713999999999998, 0.16625946989830095], "ONTY": [0.092475, 0.16625946989830095], "ONVO": [0.2263, 0.16625946989830095], "ONXX": [0.17974285714285715, 0.16625946989830095], "OPHT": [0.1316, 0.16625946989830095], "OPK": [0.13486666666666666, 0.16625946989830095], "OPTR": [0.1531, 0.16625946989830095], "OREX": [0.03999761904761907, 0.16625946989830095], "OSCI": [0.0, 0.16625946989830095], "OSIR": [0.4789333333333334, 0.16625946989830095], "OTIC": [0.31245, 0.16625946989830095], "OVAS": [-0.5994, 0.16625946989830095], "PARD": [0.6369, 0.16625946989830095], "PCRX": [0.24682580645161292, 0.16625946989830095], "PCYC": [0.44880000000000003, 0.16625946989830095], "PGNX": [0.022769230769230767, 0.16625946989830095], "PTIE": [0.7184, 0.16625946989830095], "PTX": [0.0, 0.16625946989830095], "QCOR": [-0.23433333333333337, 0.16625946989830095], "RARE": [0.0, 0.16625946989830095], "REGN": [0.0021926829268292653, 0.16625946989830095], "RIGL": [0.7096, 0.16625946989830095], "RPTP": [0.0772, 0.16625946989830095], "SAGE": [0.16150227272727272, 0.16625946989830095], "SCLN": [-0.12560000000000002, 0.16625946989830095], "SGEN": [0.24884444444444442, 0.16625946989830095], "SGNT": [0.296, 0.16625946989830095], "SGYP": [0.24080000000000001, 0.16625946989830095], "SIGA": [0.0, 0.16625946989830095], "SLXP": [0.0, 0.16625946989830095], "SNTA": [-0.08587142857142857, 0.16625946989830095], "SQNM": [0.57245, 0.16625946989830095], "STEM": [0.0, 0.16625946989830095], "SUPG": [0.3182, 0.16625946989830095], "SUPN": [0.5369, 0.16625946989830095], "SVNT": [0.0, 0.16625946989830095], "TBPH": [0.6369, 0.16625946989830095], "TECH": [0.18693500000000002, 0.16625946989830095], "TEVA": [-0.24594285714285716, 0.16625946989830095], "THLD": [0.05305000000000002, 0.16625946989830095], "THRX": [0.6369, 0.16625946989830095], "TSRX": [0.0, 0.16625946989830095], "USD": [0.06092425742574257, 0.16625946989830095], "UTHR": [0.38414444444444446, 0.16625946989830095], "VICL": [0.370425, 0.16625946989830095], "VNDA": [0.0, 0.16625946989830095], "VPHM": [0.0, 0.16625946989830095], "VRTX": [0.29000000000000004, 0.16625946989830095], "VVUS": [0.1319, 0.16625946989830095], "WCRX": [0.17616, 0.16625946989830095], "XNPT": [0.18377333333333332, 0.16625946989830095], "XOMA": [0.7184, 0.16625946989830095], "ZGNX": [0.0, 0.16625946989830095], "ZLCS": [0.03806923076923077, 0.16625946989830095]}