{"AAVL": [0.0, 0.19326761717318774], "ACAD": [0.23639047619047623, 0.19326761717318774], "ACHN": [0.0516421052631579, 0.19326761717318774], "ACOR": [-0.183775, 0.19326761717318774], "ACRX": [0.4389, 0.19326761717318774], "AEGR": [0.4389, 0.19326761717318774], "AERI": [0.0, 0.19326761717318774], "AFFX": [0.35112, 0.19326761717318774], "AFFY": [0.329175, 0.19326761717318774], "AGEN": [-0.41158333333333336, 0.19326761717318774], "AGIO": [0.03726666666666667, 0.19326761717318774], "AKBA": [0.47624999999999995, 0.19326761717318774], "AKRX": [0.0, 0.19326761717318774], "ALIM": [0.5155399999999999, 0.19326761717318774], "ALKS": [0.329175, 0.19326761717318774], "ALNY": [0.0, 0.19326761717318774], "ALTH": [0.04997499999999999, 0.19326761717318774], "ALTU": [0.43889999999999996, 0.19326761717318774], "ALXA": [0.296, 0.19326761717318774], "ALXN": [0.24963333333333335, 0.19326761717318774], "AMAG": [0.4389, 0.19326761717318774], "AMGN": [0.06292413793103449, 0.19326761717318774], "AMPH": [0.0, 0.19326761717318774], "AMRN": [0.0, 0.19326761717318774], "ANAC": [0.4389, 0.19326761717318774], "ANDS": [0.06040000000000001, 0.19326761717318774], "ANIP": [0.011876923076923078, 0.19326761717318774], "ARIA": [-0.036890624999999996, 0.19326761717318774], "ARNA": [0.5592750000000001, 0.19326761717318774], "ARRY": [0.1686736842105263, 0.19326761717318774], "ARWR": [0.21487692307692308, 0.19326761717318774], "ASPX": [-0.1545777777777778, 0.19326761717318774], "AST": [0.3791050458715594, 0.19326761717318774], "ASTX": [0.35112, 0.19326761717318774], "AUXL": [0.0, 0.19326761717318774], "AVEO": [0.251475, 0.19326761717318774], "AVNR": [0.30294000000000004, 0.19326761717318774], "BCRX": [0.35112, 0.19326761717318774], "BIIB": [0.11517708333333336, 0.19326761717318774], "BIOD": [0.0, 0.19326761717318774], "BLCM": [0.0, 0.19326761717318774], "BLUE": [-0.03236000000000001, 0.19326761717318774], "BLUS": [0.453, 0.19326761717318774], "BMRN": [0.0, 0.19326761717318774], "CADX": [0.4389, 0.19326761717318774], "CALP": [0.10271818181818183, 0.19326761717318774], "CARA": [0.13182, 0.19326761717318774], "CELG": [0.06862000000000001, 0.19326761717318774], "CEMP": [0.4982333333333333, 0.19326761717318774], "CERS": [0.2939454545454545, 0.19326761717318774], "CGPI": [0.0, 0.19326761717318774], "CHRS": [0.54745, 0.19326761717318774], "CLDN": [0.2856714285714285, 0.19326761717318774], "CLDX": [0.21131818181818182, 0.19326761717318774], "CLVS": [0.0, 0.19326761717318774], "CMRX": [0.10529230769230767, 0.19326761717318774], "COLL": [0.765, 0.19326761717318774], "CRA": [0.26885, 0.19326761717318774], "CRIS": [0.5486, 0.19326761717318774], "CRME": [0.4389, 0.19326761717318774], "CTIC": [-0.012140000000000005, 0.19326761717318774], "CTRX": [0.3762, 0.19326761717318774], "CYTK": [0.0, 0.19326761717318774], "CYTX": [0.0, 0.19326761717318774], "DEPO": [0.0, 0.19326761717318774], "DNDN": [-0.13775, 0.19326761717318774], "DVAX": [0.24377142857142856, 0.19326761717318774], "DYAX": [0.4389, 0.19326761717318774], "ECYT": [0.4389, 0.19326761717318774], "EDIT": [0.2185, 0.19326761717318774], "EGRX": [0.0, 0.19326761717318774], "ENCY": [0.03622499999999999, 0.19326761717318774], "ENDP": [0.2926, 0.19326761717318774], "ENTA": [0.620825, 0.19326761717318774], "ENZN": [0.2787, 0.19326761717318774], "EPZM": [-0.26827142857142855, 0.19326761717318774], "EXEL": [0.34425999999999995, 0.19326761717318774], "FACT": [-0.5106, 0.19326761717318774], "FGEN": [0.29601538461538457, 0.19326761717318774], "FMI": [-0.4939, 0.19326761717318774], "FOLD": [0.3743875, 0.19326761717318774], "FOMX": [0.0, 0.19326761717318774], "FPRX": [0.4389, 0.19326761717318774], "GERN": [0.10913181818181818, 0.19326761717318774], "GEVA": [0.4389, 0.19326761717318774], "GILD": [0.09141313131313133, 0.19326761717318774], "GNVC": [0.13606000000000001, 0.19326761717318774], "GPRO": [0.06653181818181818, 0.19326761717318774], "GWPH": [-0.16909166666666667, 0.19326761717318774], "HALO": [0.3200823529411765, 0.19326761717318774], "HGSI": [0.0, 0.19326761717318774], "HZNP": [0.4389, 0.19326761717318774], "ICEL": [0.4390666666666666, 0.19326761717318774], "ICPT": [0.29896, 0.19326761717318774], "ILMN": [0.31379999999999997, 0.19326761717318774], "ILU": [-0.62285, 0.19326761717318774], "IMGN": [0.3612, 0.19326761717318774], "IMMU": [0.1806, 0.19326761717318774], "INCR": [0.18668, 0.19326761717318774], "INCY": [0.12738, 0.19326761717318774], "INFI": [0.17556, 0.19326761717318774], "INO": [0.3992727272727272, 0.19326761717318774], "INSM": [0.0, 0.19326761717318774], "INSY": [0.0, 0.19326761717318774], "IONS": [-0.007133333333333331, 0.19326761717318774], "IRWD": [0.0, 0.19326761717318774], "ISIS": [0.23226, 0.19326761717318774], "ISTA": [0.10345, 0.19326761717318774], "JAZZ": [0.075, 0.19326761717318774], "JUNO": [0.07962666666666668, 0.19326761717318774], "KERX": [0.09753333333333333, 0.19326761717318774], "KITE": [0.059970370370370375, 0.19326761717318774], "KYTH": [0.0, 0.19326761717318774], "LBIO": [0.38159259259259254, 0.19326761717318774], "LGND": [0.21945, 0.19326761717318774], "LIFE": [0.36927692307692317, 0.19326761717318774], "MACK": [0.6908, 0.19326761717318774], "MDVN": [0.523, 0.19326761717318774], "MEDI": [0.29031499999999966, 0.19326761717318774], "MNK": [0.4116108808290151, 0.19326761717318774], "MNKD": [0.0, 0.19326761717318774], "MNTA": [-0.296, 0.19326761717318774], "MRNA": [0.4389, 0.19326761717318774], "MYGN": [0.4389, 0.19326761717318774], "MYL": [0.26334, 0.19326761717318774], "NABI": [0.0, 0.19326761717318774], "NBIX": [0.0, 0.19326761717318774], "NDRM": [0.062380000000000005, 0.19326761717318774], "NH": [0.07266666666666667, 0.19326761717318774], "NK": [0.34155669291338575, 0.19326761717318774], "NKTR": [0.43889999999999996, 0.19326761717318774], "NLNK": [-0.005014285714285717, 0.19326761717318774], "NPSP": [0.3741846153846154, 0.19326761717318774], "OMED": [0.1463, 0.19326761717318774], "OMER": [0.270025, 0.19326761717318774], "ONCE": [0.0, 0.19326761717318774], "ONTY": [0.35112, 0.19326761717318774], "ONVO": [0.41112000000000004, 0.19326761717318774], "ONXX": [0.4754, 0.19326761717318774], "OPHT": [0.0, 0.19326761717318774], "OPK": [0.22553333333333334, 0.19326761717318774], "OPTR": [0.4754, 0.19326761717318774], "OREX": [-0.02572142857142858, 0.19326761717318774], "OSCI": [0.15846666666666667, 0.19326761717318774], "OSIR": [0.0, 0.19326761717318774], "OTIC": [0.0, 0.19326761717318774], "OVAS": [0.050575, 0.19326761717318774], "PACB": [0.4754, 0.19326761717318774], "PANC": [0.0, 0.19326761717318774], "PCYC": [0.0, 0.19326761717318774], "PETX": [0.0, 0.19326761717318774], "PGNX": [0.0548625, 0.19326761717318774], "PRGO": [0.4389, 0.19326761717318774], "PTIE": [0.0, 0.19326761717318774], "PTX": [0.0, 0.19326761717318774], "QURE": [0.0, 0.19326761717318774], "RARE": [0.0, 0.19326761717318774], "RCPT": [0.0, 0.19326761717318774], "REGN": [0.26968000000000003, 0.19326761717318774], "RGLS": [0.0, 0.19326761717318774], "RIGL": [0.0, 0.19326761717318774], "RNAI": [0.6757, 0.19326761717318774], "RPTP": [0.4389, 0.19326761717318774], "RTRX": [0.4926, 0.19326761717318774], "SAGE": [0.14637333333333336, 0.19326761717318774], "SCLN": [0.7717, 0.19326761717318774], "SGEN": [0.0, 0.19326761717318774], "SGMO": [0.20651999999999998, 0.19326761717318774], "SGYP": [0.27285714285714285, 0.19326761717318774], "SLXP": [0.0, 0.19326761717318774], "SNTA": [0.0, 0.19326761717318774], "SPPI": [0.0, 0.19326761717318774], "SQNM": [0.872, 0.19326761717318774], "SRPT": [0.01561111111111111, 0.19326761717318774], "STEM": [0.20095, 0.19326761717318774], "SVA": [0.2926, 0.19326761717318774], "TECH": [0.10401666666666667, 0.19326761717318774], "TEVA": [0.34669090909090916, 0.19326761717318774], "THLD": [-0.08231666666666666, 0.19326761717318774], "TRGT": [0.4389, 0.19326761717318774], "TSRX": [0.8162, 0.19326761717318774], "TTPH": [0.36444999999999994, 0.19326761717318774], "USD": [0.24040999999999965, 0.19326761717318774],