{"ACAD": [0.0, 0.10877092405400234], "ACHN": [0.0, 0.10877092405400234], "ACOR": [0.5719, 0.10877092405400234], "ACRX": [-0.5267, 0.10877092405400234], "ADRO": [0.4019, 0.10877092405400234], "AFFX": [0.0, 0.10877092405400234], "AFFY": [0.4019, 0.10877092405400234], "AKRX": [0.13441250000000002, 0.10877092405400234], "ALTH": [0.4190600000000001, 0.10877092405400234], "ALXA": [0.20472222222222222, 0.10877092405400234], "ALXN": [0.3757428571428572, 0.10877092405400234], "AMGN": [0.14428928571428573, 0.10877092405400234], "AMLN": [0.0, 0.10877092405400234], "AMRN": [0.2579285714285714, 0.10877092405400234], "ANDS": [0.33525, 0.10877092405400234], "ARNA": [0.25, 0.10877092405400234], "ARRY": [0.2817, 0.10877092405400234], "ASPX": [0.09390769230769232, 0.10877092405400234], "AST": [0.035249193548387105, 0.10877092405400234], "ASTX": [-0.35015, 0.10877092405400234], "AUXL": [-0.3182, 0.10877092405400234], "BCRX": [-0.21242999999999998, 0.10877092405400234], "BIIB": [0.36471428571428577, 0.10877092405400234], "BLUE": [-0.054877777777777775, 0.10877092405400234], "BMTI": [0.0, 0.10877092405400234], "BPAX": [0.1574927272727273, 0.10877092405400234], "CADX": [-0.296, 0.10877092405400234], "CALP": [0.0, 0.10877092405400234], "CBRX": [0.38295, 0.10877092405400234], "CELG": [0.33111904761904765, 0.10877092405400234], "CLDX": [0.2716, 0.10877092405400234], "COLL": [0.0, 0.10877092405400234], "CRA": [0.13265714285714283, 0.10877092405400234], "CRIS": [0.35295000000000004, 0.10877092405400234], "CTIC": [0.25, 0.10877092405400234], "CYTX": [0.0, 0.10877092405400234], "DEPO": [0.0, 0.10877092405400234], "DNDN": [0.42115, 0.10877092405400234], "DRRX": [0.0, 0.10877092405400234], "ECYT": [-0.0252875, 0.10877092405400234], "EDIT": [0.38180000000000003, 0.10877092405400234], "ENCY": [0.0, 0.10877092405400234], "ENDP": [0.0, 0.10877092405400234], "ENTA": [0.056575, 0.10877092405400234], "ENZN": [0.0, 0.10877092405400234], "EXEL": [-0.11544999999999998, 0.10877092405400234], "FLKS": [0.125, 0.10877092405400234], "FOLD": [0.0, 0.10877092405400234], "GILD": [0.1917882352941176, 0.10877092405400234], "HALO": [0.2202, 0.10877092405400234], "HGSI": [0.0, 0.10877092405400234], "HITK": [0.5267, 0.10877092405400234], "ICEL": [0.4926, 0.10877092405400234], "ICY": [0.0, 0.10877092405400234], "IDIX": [0.0, 0.10877092405400234], "ILMN": [0.0, 0.10877092405400234], "INCR": [-0.06839999999999999, 0.10877092405400234], "INHX": [0.13159, 0.10877092405400234], "INSM": [-0.15653333333333333, 0.10877092405400234], "IONS": [0.0, 0.10877092405400234], "ISTA": [0.0386, 0.10877092405400234], "ITMN": [0.24205000000000002, 0.10877092405400234], "JAZZ": [0.5106, 0.10877092405400234], "KERX": [0.2128727272727273, 0.10877092405400234], "LBIO": [0.04526, 0.10877092405400234], "LGND": [0.0, 0.10877092405400234], "LIFE": [0.0, 0.10877092405400234], "LXRX": [0.18695789473684213, 0.10877092405400234], "MACK": [0.0, 0.10877092405400234], "MAPP": [0.0, 0.10877092405400234], "MEDI": [0.023641176470588235, 0.10877092405400234], "MNTA": [0.13764, 0.10877092405400234], "MRNA": [0.16463333333333333, 0.10877092405400234], "MYL": [0.0, 0.10877092405400234], "NABI": [0.0, 0.10877092405400234], "NBIX": [0.0, 0.10877092405400234], "NH": [0.20227916666666668, 0.10877092405400234], "NK": [0.04784761904761904, 0.10877092405400234], "NKTR": [0.0, 0.10877092405400234], "NLNK": [0.0, 0.10877092405400234], "NVAX": [-0.7081, 0.10877092405400234], "ONCE": [0.29522499999999996, 0.10877092405400234], "ONTY": [0.2235090909090909, 0.10877092405400234], "ONXX": [0.14135, 0.10877092405400234], "OPK": [0.0, 0.10877092405400234], "OREX": [0.0, 0.10877092405400234], "PACB": [0.5106, 0.10877092405400234], "PARD": [-0.5267, 0.10877092405400234], "PCYC": [0.0, 0.10877092405400234], "PGNX": [0.1806, 0.10877092405400234], "POZN": [0.0, 0.10877092405400234], "PRGO": [0.3511333333333333, 0.10877092405400234], "QCOR": [0.2553, 0.10877092405400234], "QLTI": [0.0, 0.10877092405400234], "RARE": [0.0, 0.10877092405400234], "REGN": [0.5106, 0.10877092405400234], "SAGE": [0.103825, 0.10877092405400234], "SCMP": [0.0, 0.10877092405400234], "SIGA": [0.5106, 0.10877092405400234], "SLXP": [0.18725, 0.10877092405400234], "SPPI": [0.16858, 0.10877092405400234], "SQNM": [-0.11315, 0.10877092405400234], "STEM": [0.0, 0.10877092405400234], "SVA": [-0.7081, 0.10877092405400234], "SVNT": [0.6369, 0.10877092405400234], "TECH": [0.15406153846153847, 0.10877092405400234], "TEVA": [0.22455, 0.10877092405400234], "THLD": [0.2716, 0.10877092405400234], "TRGT": [0.074, 0.10877092405400234], "TSRX": [0.06338333333333333, 0.10877092405400234], "USD": [0.042526732673267315, 0.10877092405400234], "UTHR": [0.34, 0.10877092405400234], "VICL": [0.2716, 0.10877092405400234], "VPHM": [0.018285714285714287, 0.10877092405400234], "VRTX": [0.5106, 0.10877092405400234], "VTL": [-0.3182, 0.10877092405400234], "VVUS": [0.07225000000000001, 0.10877092405400234], "XLRN": [0.0, 0.10877092405400234], "XOMA": [0.0, 0.10877092405400234], "ZGNX": [0.5106, 0.10877092405400234], "ZLCS": [0.5194, 0.10877092405400234]}