{"ACAD": [0.21384545454545456, 0.13360194154389501], "ACHN": [0.06326818181818182, 0.13360194154389501], "ACOR": [0.07165454545454546, 0.13360194154389501], "ACRX": [0.0982076923076923, 0.13360194154389501], "ADHD": [-0.040845454545454546, 0.13360194154389501], "AEGR": [0.1509125, 0.13360194154389501], "AERI": [0.366375, 0.13360194154389501], "AFFX": [0.24910000000000002, 0.13360194154389501], "AFFY": [0.237375, 0.13360194154389501], "AGEN": [0.08124374999999999, 0.13360194154389501], "AGIO": [0.29605, 0.13360194154389501], "AKRX": [0.4019, 0.13360194154389501], "ALIM": [0.212, 0.13360194154389501], "ALKS": [0.21448181818181816, 0.13360194154389501], "ALNY": [0.08678749999999999, 0.13360194154389501], "ALTH": [0.23879487179487177, 0.13360194154389501], "ALTU": [0.1463, 0.13360194154389501], "ALXA": [0.0, 0.13360194154389501], "ALXN": [0.21018095238095238, 0.13360194154389501], "AMAG": [0.2086285714285714, 0.13360194154389501], "AMGN": [0.054625, 0.13360194154389501], "AMPH": [0.0, 0.13360194154389501], "AMRN": [0.2542714285714286, 0.13360194154389501], "ANAC": [0.1425, 0.13360194154389501], "ANDS": [0.5420499999999999, 0.13360194154389501], "ANIP": [-0.296, 0.13360194154389501], "ANTH": [0.03812666666666666, 0.13360194154389501], "AQXP": [0.233025, 0.13360194154389501], "ARIA": [0.08673055555555556, 0.13360194154389501], "ARNA": [0.14341162790697673, 0.13360194154389501], "ARRY": [0.11813333333333335, 0.13360194154389501], "ARWR": [0.09373636363636365, 0.13360194154389501], "ASPX": [-0.15473333333333333, 0.13360194154389501], "AST": [0.11362750929368036, 0.13360194154389501], "ASTX": [0.1463, 0.13360194154389501], "ATRA": [0.074, 0.13360194154389501], "AUXL": [0.12818536585365856, 0.13360194154389501], "AVEO": [0.23912857142857144, 0.13360194154389501], "AVNR": [0.09009473684210527, 0.13360194154389501], "BCRX": [0.09901000000000001, 0.13360194154389501], "BIIB": [0.045394117647058814, 0.13360194154389501], "BIOD": [-0.014800000000000008, 0.13360194154389501], "BLUE": [0.16373333333333334, 0.13360194154389501], "BMRN": [0.2879076923076923, 0.13360194154389501], "CADX": [0.17556, 0.13360194154389501], "CALP": [0.26353333333333334, 0.13360194154389501], "CARA": [0.1463, 0.13360194154389501], "CBST": [0.4019, 0.13360194154389501], "CCXI": [0.212, 0.13360194154389501], "CELG": [0.1132372549019608, 0.13360194154389501], "CEMP": [0.0, 0.13360194154389501], "CEPH": [0.5165, 0.13360194154389501], "CERS": [0.12659999999999996, 0.13360194154389501], "CLDX": [0.022260000000000002, 0.13360194154389501], "CLVS": [0.0, 0.13360194154389501], "CMRX": [-0.036958426966292125, 0.13360194154389501], "COLL": [0.5562, 0.13360194154389501], "CRA": [0.03096842105263158, 0.13360194154389501], "CRIS": [0.0, 0.13360194154389501], "CRME": [0.17915, 0.13360194154389501], "CTIC": [0.296, 0.13360194154389501], "CTRX": [0.17500909090909092, 0.13360194154389501], "CYTX": [0.06577777777777777, 0.13360194154389501], "DEPO": [0.28247500000000003, 0.13360194154389501], "DERM": [0.36819999999999997, 0.13360194154389501], "DIGE": [0.5267, 0.13360194154389501], "DNDN": [0.5423, 0.13360194154389501], "DRRX": [0.047725, 0.13360194154389501], "DSCO": [0.0, 0.13360194154389501], "DVAX": [0.3243, 0.13360194154389501], "DYAX": [0.21498, 0.13360194154389501], "ECYT": [0.06637142857142857, 0.13360194154389501], "EDIT": [0.33480000000000004, 0.13360194154389501], "EGLT": [0.0, 0.13360194154389501], "EGRX": [0.0, 0.13360194154389501], "EMIS": [0.0, 0.13360194154389501], "ENCY": [-0.11114999999999998, 0.13360194154389501], "ENDP": [0.07327804878048783, 0.13360194154389501], "ENTA": [0.12201219512195123, 0.13360194154389501], "ENZN": [0.0, 0.13360194154389501], "EPZM": [0.1302222222222222, 0.13360194154389501], "ESPR": [0.29968750000000005, 0.13360194154389501], "EXEL": [0.19578333333333334, 0.13360194154389501], "FMI": [0.0, 0.13360194154389501], "FOLD": [0.536775, 0.13360194154389501], "FOMX": [0.765, 0.13360194154389501], "FPRX": [0.212, 0.13360194154389501], "FURX": [0.2732, 0.13360194154389501], "GERN": [-0.31096666666666667, 0.13360194154389501], "GEVA": [0.268725, 0.13360194154389501], "GHDX": [0.29736666666666667, 0.13360194154389501], "GILD": [0.22040351562499993, 0.13360194154389501], "GNTA": [0.1779, 0.13360194154389501], "GNVC": [0.268725, 0.13360194154389501], "GPRO": [0.025694736842105263, 0.13360194154389501], "GRFS": [0.22962500000000002, 0.13360194154389501], "GTXI": [0.0, 0.13360194154389501], "GWPH": [-0.012479999999999991, 0.13360194154389501], "HALO": [0.09643548387096774, 0.13360194154389501], "HPTX": [0.0, 0.13360194154389501], "HZNP": [0.28368571428571426, 0.13360194154389501], "ICEL": [0.1463, 0.13360194154389501], "ICOS": [0.1027, 0.13360194154389501], "ICPT": [0.2646882352941176, 0.13360194154389501], "ICY": [0.20913333333333334, 0.13360194154389501], "ILMN": [0.19442142857142855, 0.13360194154389501], "ILU": [-0.4855, 0.13360194154389501], "IMGN": [0.0, 0.13360194154389501], "IMMU": [0.18198124999999998, 0.13360194154389501], "INCR": [0.3391692307692307, 0.13360194154389501], "INCY": [-0.128, 0.13360194154389501], "INFI": [0.20162, 0.13360194154389501], "INGN": [0.0, 0.13360194154389501], "INO": [0.20154375000000002, 0.13360194154389501], "INSY": [0.14133333333333334, 0.13360194154389501], "INVA": [-0.4767, 0.13360194154389501], "IONS": [0.2112862068965517, 0.13360194154389501], "IPXL": [0.12114883720930233, 0.13360194154389501], "IRWD": [0.21989999999999998, 0.13360194154389501], "ISIS": [0.10030686274509804, 0.13360194154389501], "ISPH": [0.09866666666666667, 0.13360194154389501], "ISTA": [0.0, 0.13360194154389501], "ITCI": [0.2581, 0.13360194154389501], "ITMN": [0.0, 0.13360194154389501], "JAZZ": [0.059199999999999996, 0.13360194154389501], "KERX": [-0.016660000000000005, 0.13360194154389501], "LBIO": [0.1785368421052632, 0.13360194154389501], "LGND": [0.12227500000000001, 0.13360194154389501], "LIFE": [0.10580769230769228, 0.13360194154389501], "LMNX": [0.16811428571428572, 0.13360194154389501], "MACK": [-0.03401111111111111, 0.13360194154389501], "MAPP": [0.15224, 0.13360194154389501], "MDCO": [0.13625999999999996, 0.13360194154389501], "MDVN": [0.21548181818181816, 0.13360194154389501], "MEDI": [0.2843844230769245, 0.13360194154389501], "MGNX": [0.42674444444444437, 0.13360194154389501], "MNK": [0.10100999999999997, 0.13360194154389501], "MNKD": [0.09206086956521738, 0.13360194154389501], "MNTA": [0.11157142857142856, 0.13360194154389501], "MRNA": [0.07315, 0.13360194154389501], "MYGN": [0.10586999999999999, 0.13360194154389501], "MYL": [0.1794703703703704, 0.13360194154389501], "NABI": [0.0, 0.13360194154389501], "NEOS": [0.296, 0.13360194154389501], "NH": [0.1964590909090909, 0.13360194154389501], "NK": [0.07833596491228069, 0.13360194154389501], "NKTR": [0.1463, 0.13360194154389501], "NLNK": [0.004969230769230771, 0.13360194154389501], "NPSP": [0.25112222222222225, 0.13360194154389501], "NVAX": [0.1909, 0.13360194154389501], "OMED": [0.1614, 0.13360194154389501], "OMER": [0.21498, 0.13360194154389501], "ONCE": [-0.4124071428571428, 0.13360194154389501], "ONTX": [0.0, 0.13360194154389501], "ONTY": [0.027512500000000002, 0.13360194154389501], "ONVO": [0.2860785714285714, 0.13360194154389501], "ONXX": [-0.15086666666666668, 0.13360194154389501], "OPHT": [0.0, 0.13360194154389501], "OPK": [0.1303, 0.13360194154389501], "OREX": [0.02227021276595743, 0.13360194154389501], "OSIR": [0.24935, 0.13360194154389501], "OTIC": [0.01961666666666667, 0.13360194154389501], "OVAS": [-0.128, 0.13360194154389501], "PACB": [0.11315, 0.13360194154389501], "PANC": [0.38705999999999996, 0.13360194154389501], "PCYC": [0.3418142857142857, 0.13360194154389501], "PDLI": [0.0, 0.13360194154389501], "PGNX": [0.212, 0.13360194154389501], "POZN": [0.18409999999999999, 0.13360194154389501], "PRGO": [0.3583, 0.13360194154389501], "PTCT": [0.20403749999999998, 0.13360194154389501], "PTIE": [-0.5106, 0.13360194154389501], "PTX": [0.0, 0.13360194154389501], "QCOR": [0.0, 0.13360194154389501],