{"ACAD": [0.5106, 0.11673690139985156], "ACHN": [0.0, 0.11673690139985156], "ACOR": [0.20229999999999998, 0.11673690139985156], "ADLR": [0.30636, 0.11673690139985156], "AFFY": [0.0903, 0.11673690139985156], "AGEN": [-0.12536666666666665, 0.11673690139985156], "AKRX": [0.0, 0.11673690139985156], "ALKS": [0.0, 0.11673690139985156], "ALNY": [0.0, 0.11673690139985156], "ALTH": [0.1798625, 0.11673690139985156], "ALXA": [-0.012066666666666661, 0.11673690139985156], "ALXN": [0.16632, 0.11673690139985156], "AMAG": [-0.296, 0.11673690139985156], "AMGN": [0.0, 0.11673690139985156], "AMPH": [-0.1027, 0.11673690139985156], "AMRN": [0.16020555555555557, 0.11673690139985156], "ANAC": [0.2105, 0.11673690139985156], "ANDS": [0.08176881720430107, 0.11673690139985156], "ARIA": [0.17073333333333332, 0.11673690139985156], "ARNA": [0.2732, 0.11673690139985156], "ARRY": [0.12726666666666667, 0.11673690139985156], "ASPX": [0.18891594202898543, 0.11673690139985156], "AST": [0.067421568627451, 0.11673690139985156], "AVEO": [0.20229999999999998, 0.11673690139985156], "AVNR": [0.08643749999999999, 0.11673690139985156], "BCRX": [0.0, 0.11673690139985156], "BIIB": [0.4008, 0.11673690139985156], "BLUE": [0.06375, 0.11673690139985156], "BMRN": [0.0, 0.11673690139985156], "BMTI": [0.0, 0.11673690139985156], "BPAX": [0.11899999999999998, 0.11673690139985156], "BTRX": [0.0, 0.11673690139985156], "CASC": [0.3612, 0.11673690139985156], "CBRX": [0.40848000000000007, 0.11673690139985156], "CCXI": [0.0, 0.11673690139985156], "CELG": [-0.06075555555555555, 0.11673690139985156], "CERS": [0.0, 0.11673690139985156], "CHRS": [0.146475, 0.11673690139985156], "CLDX": [0.0, 0.11673690139985156], "COLL": [0.0, 0.11673690139985156], "CRA": [-0.04165999999999999, 0.11673690139985156], "CRIS": [-0.26133333333333336, 0.11673690139985156], "CTIC": [0.14449090909090906, 0.11673690139985156], "CYTX": [0.5106, 0.11673690139985156], "DEPO": [0.1479, 0.11673690139985156], "DNDN": [0.20212500000000003, 0.11673690139985156], "DVAX": [0.34040000000000004, 0.11673690139985156], "EDIT": [0.4588, 0.11673690139985156], "EMIS": [-0.4389, 0.11673690139985156], "ENCY": [-0.12726666666666667, 0.11673690139985156], "ENDP": [0.5423, 0.11673690139985156], "ENTA": [0.0, 0.11673690139985156], "ENZN": [0.0502375, 0.11673690139985156], "EXEL": [0.0, 0.11673690139985156], "FLKS": [0.2263, 0.11673690139985156], "FMI": [0.5106, 0.11673690139985156], "FOLD": [0.06743333333333333, 0.11673690139985156], "FURX": [0.296, 0.11673690139985156], "GBT": [0.0, 0.11673690139985156], "GERN": [0.19878, 0.11673690139985156], "GILD": [0.3291928571428571, 0.11673690139985156], "GPRO": [0.296, 0.11673690139985156], "GTXI": [0.4588, 0.11673690139985156], "HALO": [0.50005, 0.11673690139985156], "HGSI": [0.08810714285714286, 0.11673690139985156], "ICEL": [0.8401, 0.11673690139985156], "ICY": [0.0500375, 0.11673690139985156], "IDIX": [0.03666923076923077, 0.11673690139985156], "ILMN": [0.17845714285714287, 0.11673690139985156], "IMGN": [0.5106, 0.11673690139985156], "INCR": [0.21615, 0.11673690139985156], "INCY": [0.10457142857142857, 0.11673690139985156], "INFI": [-0.10928571428571429, 0.11673690139985156], "INHX": [0.020094736842105276, 0.11673690139985156], "INO": [0.1806, 0.11673690139985156], "INSM": [0.49765000000000004, 0.11673690139985156], "INVA": [0.0, 0.11673690139985156], "IONS": [0.2246928571428571, 0.11673690139985156], "ISIS": [-0.392, 0.11673690139985156], "ISTA": [0.0929, 0.11673690139985156], "ITMN": [0.1617526315789474, 0.11673690139985156], "KERX": [0.1663625, 0.11673690139985156], "LBIO": [0.11125714285714285, 0.11673690139985156], "LIFE": [-0.08038, 0.11673690139985156], "LXRX": [0.0, 0.11673690139985156], "MACK": [-0.109725, 0.11673690139985156], "MAPP": [0.0, 0.11673690139985156], "MEDI": [0.0, 0.11673690139985156], "MITI": [0.3391142857142858, 0.11673690139985156], "MNK": [-0.2732, 0.11673690139985156], "MNKD": [-0.2732, 0.11673690139985156], "MNOV": [0.0, 0.11673690139985156], "MNTA": [0.02761428571428571, 0.11673690139985156], "MRNA": [0.18636956521739131, 0.11673690139985156], "MYGN": [0.0, 0.11673690139985156], "MYL": [0.12738, 0.11673690139985156], "NBIX": [0.148, 0.11673690139985156], "NH": [0.017354545454545466, 0.11673690139985156], "NK": [0.10124761904761904, 0.11673690139985156], "OMED": [0.42005, 0.11673690139985156], "ONCE": [0.23343333333333335, 0.11673690139985156], "ONTY": [0.3753, 0.11673690139985156], "ONXX": [0.0, 0.11673690139985156], "OPK": [0.2904533333333334, 0.11673690139985156], "OPTR": [0.5106, 0.11673690139985156], "ORCH": [0.0, 0.11673690139985156], "OREX": [0.06434999999999999, 0.11673690139985156], "OSCI": [0.148, 0.11673690139985156], "PANC": [-0.765, 0.11673690139985156], "PCRX": [0.7096, 0.11673690139985156], "PCYC": [0.0, 0.11673690139985156], "PHRM": [0.0, 0.11673690139985156], "QCOR": [0.0, 0.11673690139985156], "QGEN": [0.06336666666666667, 0.11673690139985156], "REGN": [0.0, 0.11673690139985156], "RPTP": [0.3612, 0.11673690139985156], "SAGE": [0.18104444444444437, 0.11673690139985156], "SCMP": [0.151725, 0.11673690139985156], "SGEN": [0.2105, 0.11673690139985156], "SGMO": [0.2105, 0.11673690139985156], "SLXP": [0.2023, 0.11673690139985156], "SNTA": [0.0, 0.11673690139985156], "SQNM": [0.019958333333333328, 0.11673690139985156], "STEM": [0.148, 0.11673690139985156], "SVA": [0.0, 0.11673690139985156], "TECH": [0.15906216216216218, 0.11673690139985156], "TEVA": [0.13537000000000002, 0.11673690139985156], "USD": [0.09166934984520124, 0.11673690139985156], "UTHR": [0.0, 0.11673690139985156], "VICL": [0.0, 0.11673690139985156], "VPHM": [-0.037, 0.11673690139985156], "VRTX": [0.10399600000000002, 0.11673690139985156], "VRUS": [0.175625, 0.11673690139985156], "VVUS": [0.06792857142857142, 0.11673690139985156], "ZLCS": [0.0, 0.11673690139985156]}