{"ACAD": [0.12423125000000002, 0.14247225448761794], "ACHN": [0.07563333333333333, 0.14247225448761794], "ACOR": [0.08138888888888889, 0.14247225448761794], "ACRX": [0.06732500000000001, 0.14247225448761794], "ADHD": [0.2695894736842106, 0.14247225448761794], "ADRO": [0.0, 0.14247225448761794], "AEGR": [0.0, 0.14247225448761794], "AFFX": [0.0, 0.14247225448761794], "AGEN": [-0.40458333333333335, 0.14247225448761794], "AGIO": [0.0, 0.14247225448761794], "AKRX": [0.0, 0.14247225448761794], "ALIM": [0.3287, 0.14247225448761794], "ALKS": [0.4019, 0.14247225448761794], "ALNY": [0.2462785714285714, 0.14247225448761794], "ALTH": [0.12408421052631577, 0.14247225448761794], "ALXA": [0.0, 0.14247225448761794], "AMGN": [0.1991777777777778, 0.14247225448761794], "AMRI": [0.0, 0.14247225448761794], "AMRN": [0.08594444444444443, 0.14247225448761794], "ANAC": [0.08393333333333333, 0.14247225448761794], "ANDS": [-0.44989999999999997, 0.14247225448761794], "ANIP": [-0.4201, 0.14247225448761794], "ANTH": [-0.059199999999999996, 0.14247225448761794], "ARIA": [0.08564493670886077, 0.14247225448761794], "ARNA": [0.06662666666666667, 0.14247225448761794], "ARQL": [0.0, 0.14247225448761794], "ARRY": [-0.017757142857142853, 0.14247225448761794], "ARWR": [0.11575555555555556, 0.14247225448761794], "ASPX": [0.17421874999999998, 0.14247225448761794], "AST": [0.10363188405797102, 0.14247225448761794], "ASTX": [-0.08333333333333333, 0.14247225448761794], "AUXL": [-0.08411666666666667, 0.14247225448761794], "AVEO": [0.0, 0.14247225448761794], "AVNR": [-0.07566222222222221, 0.14247225448761794], "AXCA": [-0.08723333333333332, 0.14247225448761794], "BCRX": [0.0, 0.14247225448761794], "BIIB": [0.10726428571428571, 0.14247225448761794], "BIOD": [-0.12040000000000001, 0.14247225448761794], "BLUE": [0.2084, 0.14247225448761794], "BMRN": [0.36647894736842107, 0.14247225448761794], "BOLD": [0.6779, 0.14247225448761794], "CADX": [0.4019, 0.14247225448761794], "CALP": [-0.26383333333333336, 0.14247225448761794], "CBRX": [0.2781, 0.14247225448761794], "CBST": [0.026200000000000008, 0.14247225448761794], "CCXI": [0.3661375, 0.14247225448761794], "CELG": [0.2819091836734694, 0.14247225448761794], "CEMP": [0.1215, 0.14247225448761794], "CEPH": [0.4871, 0.14247225448761794], "CGEN": [0.0, 0.14247225448761794], "CLDX": [0.06421428571428571, 0.14247225448761794], "CLVS": [0.08092, 0.14247225448761794], "CMRX": [0.3182, 0.14247225448761794], "COLL": [0.016299999999999995, 0.14247225448761794], "CRA": [0.26989444444444444, 0.14247225448761794], "CRIS": [-0.0845625, 0.14247225448761794], "CRME": [0.4215, 0.14247225448761794], "CTIC": [0.029804347826086958, 0.14247225448761794], "CTRX": [0.5420333333333333, 0.14247225448761794], "CYTK": [0.0, 0.14247225448761794], "CYTX": [0.5106, 0.14247225448761794], "DERM": [0.0, 0.14247225448761794], "DRRX": [0.18262307692307692, 0.14247225448761794], "DSCO": [0.0, 0.14247225448761794], "DVAX": [0.1913411764705882, 0.14247225448761794], "DYAX": [0.0, 0.14247225448761794], "EDIT": [0.34096956521739136, 0.14247225448761794], "EMIS": [-0.1274, 0.14247225448761794], "ENCY": [0.0, 0.14247225448761794], "ENDP": [-0.0838125, 0.14247225448761794], "ENTA": [0.14260649350649354, 0.14247225448761794], "ENZN": [0.0, 0.14247225448761794], "EPZM": [0.7717, 0.14247225448761794], "EXEL": [0.010300000000000004, 0.14247225448761794], "FACT": [0.15765, 0.14247225448761794], "FGEN": [0.4019, 0.14247225448761794], "FLKS": [0.1198, 0.14247225448761794], "FLML": [0.4939, 0.14247225448761794], "FMI": [0.12088000000000002, 0.14247225448761794], "FOLD": [0.2997, 0.14247225448761794], "FPRX": [0.0, 0.14247225448761794], "FURX": [0.0, 0.14247225448761794], "GERN": [0.06102355555555555, 0.14247225448761794], "GEVA": [0.0, 0.14247225448761794], "GHDX": [0.12937142857142858, 0.14247225448761794], "GILD": [0.10155185185185182, 0.14247225448761794], "GTXI": [0.0, 0.14247225448761794], "GWPH": [0.28164285714285714, 0.14247225448761794], "HALO": [0.3877826086956521, 0.14247225448761794], "HITK": [0.03746470588235294, 0.14247225448761794], "HZNP": [0.296, 0.14247225448761794], "ICEL": [0.3437, 0.14247225448761794], "ICPT": [0.0, 0.14247225448761794], "IDIX": [0.20095, 0.14247225448761794], "ILMN": [0.32078000000000007, 0.14247225448761794], "ILU": [0.7717, 0.14247225448761794], "IMGN": [0.08143636363636363, 0.14247225448761794], "IMMU": [0.3398250000000001, 0.14247225448761794], "INCR": [0.35965263157894745, 0.14247225448761794], "INCY": [0.08778421052631578, 0.14247225448761794], "INFI": [-0.03119791666666667, 0.14247225448761794], "INGN": [-0.3382, 0.14247225448761794], "INO": [0.03843333333333332, 0.14247225448761794], "INSM": [0.6808, 0.14247225448761794], "INSY": [0.2808454545454546, 0.14247225448761794], "INVA": [0.128725, 0.14247225448761794], "IONS": [0.09204657534246576, 0.14247225448761794], "IPXL": [0.4019, 0.14247225448761794], "IRWD": [0.3404, 0.14247225448761794], "ISIS": [0.2529, 0.14247225448761794], "ISTA": [-0.07955, 0.14247225448761794], "ITMN": [0.6432666666666668, 0.14247225448761794], "JAZZ": [0.2200714285714286, 0.14247225448761794], "KERX": [0.07667500000000001, 0.14247225448761794], "KYTH": [0.0, 0.14247225448761794], "LBIO": [0.049570833333333335, 0.14247225448761794], "LGND": [0.13649374999999997, 0.14247225448761794], "LIFE": [0.4077222222222222, 0.14247225448761794], "LMNX": [0.836, 0.14247225448761794], "LXRX": [-0.2732, 0.14247225448761794], "MACK": [0.08059411764705883, 0.14247225448761794], "MDCO": [0.6249, 0.14247225448761794], "MDVN": [0.418, 0.14247225448761794], "MEDI": [0.13327, 0.14247225448761794], "MGNX": [0.23525714285714283, 0.14247225448761794], "MNK": [0.17874782608695652, 0.14247225448761794], "MNKD": [0.17874782608695652, 0.14247225448761794], "MNOV": [0.17, 0.14247225448761794], "MNTA": [0.0, 0.14247225448761794], "MYGN": [0.7328, 0.14247225448761794], "MYL": [0.012869565217391304, 0.14247225448761794], "MYRX": [0.6808, 0.14247225448761794], "NABI": [0.007033333333333336, 0.14247225448761794], "NBIX": [0.0, 0.14247225448761794], "NERV": [-0.3612, 0.14247225448761794], "NH": [0.20005263157894734, 0.14247225448761794], "NK": [0.15580285714285713, 0.14247225448761794], "NLNK": [0.24314444444444444, 0.14247225448761794], "NOVN": [0.0, 0.14247225448761794], "NPSP": [0.40852499999999997, 0.14247225448761794], "NSTG": [-0.32985, 0.14247225448761794], "NVAX": [0.19363333333333335, 0.14247225448761794], "OMED": [0.28076666666666666, 0.14247225448761794], "OMER": [0.0, 0.14247225448761794], "OMPI": [0.6249, 0.14247225448761794], "ONCE": [-0.10422857142857143, 0.14247225448761794], "ONTX": [0.5574, 0.14247225448761794], "ONTY": [0.0, 0.14247225448761794], "ONVO": [0.0803774193548387, 0.14247225448761794], "ONXX": [0.0, 0.14247225448761794], "OPHT": [0.4019, 0.14247225448761794], "OPK": [0.5357999999999999, 0.14247225448761794], "OPTR": [0.3753, 0.14247225448761794], "OREX": [0.002864, 0.14247225448761794], "OSCI": [-0.07955, 0.14247225448761794], "OSIP": [0.34, 0.14247225448761794], "OTIC": [-0.169975, 0.14247225448761794], "OVAS": [0.0, 0.14247225448761794], "PANC": [0.8519, 0.14247225448761794], "PCRX": [0.38585, 0.14247225448761794], "PCYC": [0.0030352941176470588, 0.14247225448761794], "PRGO": [0.3066, 0.14247225448761794], "PTIE": [-0.5106, 0.14247225448761794], "PTX": [0.296, 0.14247225448761794], "QCOR": [0.0, 0.14247225448761794], "RARE": [0.2592333333333333, 0.14247225448761794], "RCPT": [0.3612, 0.14247225448761794], "REGN": [0.04046, 0.14247225448761794], "RIGL": [0.41250000000000003, 0.14247225448761794], "RLYP": [0.08890000000000002, 0.14247225448761794], "RNAI": [0.2168, 0.14247225448761794], "RPTP": [0.0252875, 0.14247225448761794], "RTRX": [0.3612, 0.14247225448761794], "SAGE": [0.24369230769230768, 0.14247225448761794], "SCLN": [0.4215, 0.14247225448761794], "SCMP": [0.0, 0.14247225448761794], "SEPR": [0.515175, 0.14247225448761794], "SGEN": [-0.005605882352941179, 0.14247225448761794], "SGMO": [-0.1815, 0.14247225448761794],