{"AAVL": [0.1970222222222222, 0.07489782265140511], "ACAD": [0.10266923076923073, 0.07489782265140511], "ACHN": [0.10826, 0.07489782265140511], "ACOR": [0.08333333333333333, 0.07489782265140511], "ACRX": [0.1035625, 0.07489782265140511], "ADHD": [0.0, 0.07489782265140511], "ADMS": [0.0, 0.07489782265140511], "ADRO": [0.17705454545454546, 0.07489782265140511], "ADVM": [0.03125, 0.07489782265140511], "AEGR": [-0.056575, 0.07489782265140511], "AERI": [0.04212, 0.07489782265140511], "AFFX": [0.0, 0.07489782265140511], "AFFY": [0.26424000000000003, 0.07489782265140511], "AFMD": [0.021807692307692306, 0.07489782265140511], "AGEN": [0.1355578947368421, 0.07489782265140511], "AGIO": [0.1012608695652174, 0.07489782265140511], "AGTC": [0.21246, 0.07489782265140511], "AIMT": [0.0, 0.07489782265140511], "AKBA": [0.10533333333333333, 0.07489782265140511], "AKRX": [0.14603636363636363, 0.07489782265140511], "ALDR": [-0.13935, 0.07489782265140511], "ALIM": [0.0, 0.07489782265140511], "ALKS": [0.17606666666666668, 0.07489782265140511], "ALNY": [0.09798888888888888, 0.07489782265140511], "ALTH": [0.07547132352941177, 0.07489782265140511], "ALXA": [0.0, 0.07489782265140511], "ALXN": [0.09702592592592595, 0.07489782265140511], "AMAG": [0.17742500000000003, 0.07489782265140511], "AMGN": [0.07604659090909091, 0.07489782265140511], "AMRI": [0.0, 0.07489782265140511], "AMRN": [0.09629, 0.07489782265140511], "ANAC": [0.10908571428571427, 0.07489782265140511], "ANDS": [0.1945818181818182, 0.07489782265140511], "ANIP": [0.19156666666666666, 0.07489782265140511], "ANTH": [0.22137685185185188, 0.07489782265140511], "AQXP": [0.0, 0.07489782265140511], "ARDX": [0.0, 0.07489782265140511], "ARIA": [0.050991666666666664, 0.07489782265140511], "ARLZ": [0.1363409090909091, 0.07489782265140511], "ARNA": [0.06457500000000001, 0.07489782265140511], "ARQL": [0.0, 0.07489782265140511], "ARRY": [0.123475, 0.07489782265140511], "ARWR": [0.21633076923076924, 0.07489782265140511], "ASPX": [0.009037500000000004, 0.07489782265140511], "AST": [0.1237443037974684, 0.07489782265140511], "ASTX": [0.0, 0.07489782265140511], "ATRA": [0.0625, 0.07489782265140511], "AUXL": [0.0, 0.07489782265140511], "AVEO": [0.125, 0.07489782265140511], "AVNR": [0.0, 0.07489782265140511], "AVXS": [0.0022400000000000002, 0.07489782265140511], "BCRX": [0.033092857142857146, 0.07489782265140511], "BGNE": [0.0, 0.07489782265140511], "BIIB": [0.13282615384615387, 0.07489782265140511], "BIOD": [0.10018, 0.07489782265140511], "BIOV": [0.0, 0.07489782265140511], "BLCM": [0.07321818181818182, 0.07489782265140511], "BLUE": [0.04871428571428571, 0.07489782265140511], "BMRN": [0.038518181818181806, 0.07489782265140511], "BMTI": [0.0, 0.07489782265140511], "BOLD": [0.0, 0.07489782265140511], "BPMC": [0.1302625, 0.07489782265140511], "CALP": [0.03581428571428571, 0.07489782265140511], "CARA": [0.09552083333333335, 0.07489782265140511], "CASC": [0.053610000000000005, 0.07489782265140511], "CBPO": [-0.14097931034482758, 0.07489782265140511], "CBST": [-0.0772, 0.07489782265140511], "CCXI": [0.0, 0.07489782265140511], "CELG": [0.12338524590163939, 0.07489782265140511], "CEMP": [0.024836363636363636, 0.07489782265140511], "CEPH": [0.11926666666666667, 0.07489782265140511], "CERS": [0.0485764705882353, 0.07489782265140511], "CGEN": [0.08333333333333333, 0.07489782265140511], "CHMA": [-0.154534375, 0.07489782265140511], "CHRS": [0.08307368421052631, 0.07489782265140511], "CLCD": [-0.03835, 0.07489782265140511], "CLDN": [0.4547857142857143, 0.07489782265140511], "CLDX": [-0.021015384615384616, 0.07489782265140511], "CLSD": [0.0, 0.07489782265140511], "CLVS": [0.1689625, 0.07489782265140511], "CMRX": [0.20572, 0.07489782265140511], "CNCE": [0.0, 0.07489782265140511], "CNCT": [0.0, 0.07489782265140511], "COLL": [0.027396666666666677, 0.07489782265140511], "CRA": [0.02878709677419355, 0.07489782265140511], "CRGN": [0.0, 0.07489782265140511], "CRIS": [-0.07152727272727272, 0.07489782265140511], "CRME": [0.020066666666666667, 0.07489782265140511], "CSKI": [0.0, 0.07489782265140511], "CTIC": [0.2083, 0.07489782265140511], "CTRX": [0.11256666666666666, 0.07489782265140511], "CXRX": [0.05150256410256409, 0.07489782265140511], "CYTK": [0.0, 0.07489782265140511], "CYTX": [-0.07945, 0.07489782265140511], "DBVT": [-0.0049428571428571455, 0.07489782265140511], "DEPO": [0.2253416666666667, 0.07489782265140511], "DERM": [0.052678260869565216, 0.07489782265140511], "DIGE": [0.4939, 0.07489782265140511], "DNAI": [0.04411282051282052, 0.07489782265140511], "DNDN": [0.0, 0.07489782265140511], "DRNA": [0.141325, 0.07489782265140511], "DRRX": [0.19608461538461538, 0.07489782265140511], "DSCO": [0.0, 0.07489782265140511], "DVAX": [-0.2295909090909091, 0.07489782265140511], "DYAX": [0.1591, 0.07489782265140511], "ECYT": [0.0, 0.07489782265140511], "EDIT": [0.055803448275862075, 0.07489782265140511], "EGLT": [0.2239333333333333, 0.07489782265140511], "EGRX": [0.16504615384615384, 0.07489782265140511], "EMIS": [0.0, 0.07489782265140511], "ENCY": [0.15194000000000002, 0.07489782265140511], "ENDP": [-0.00021860465116279503, 0.07489782265140511], "ENTA": [0.07813200000000002, 0.07489782265140511], "ENZN": [0.1329, 0.07489782265140511], "EPZM": [0.19951538461538462, 0.07489782265140511], "ESPR": [0.10212000000000002, 0.07489782265140511], "EXEL": [0.11669999999999998, 0.07489782265140511], "FACT": [0.0, 0.07489782265140511], "FGEN": [0.16908571428571428, 0.07489782265140511], "FLKS": [0.2235, 0.07489782265140511], "FLML": [0.10505, 0.07489782265140511], "FLXN": [0.156225, 0.07489782265140511], "FMI": [0.207, 0.07489782265140511], "FOLD": [0.06607, 0.07489782265140511], "FOMX": [0.0, 0.07489782265140511], "FPRX": [0.21989999999999998, 0.07489782265140511], "FURX": [0.0, 0.07489782265140511], "GBT": [0.0, 0.07489782265140511], "GERN": [0.033327777777777776, 0.07489782265140511], "GEVA": [0.0, 0.07489782265140511], "GHDX": [0.11525428571428571, 0.07489782265140511], "GILD": [0.12517533333333328, 0.07489782265140511], "GNVC": [0.0, 0.07489782265140511], "GPRO": [0.007069811320754722, 0.07489782265140511], "GRFS": [0.0, 0.07489782265140511], "GTXI": [0.009999999999999997, 0.07489782265140511], "GWPH": [0.024599999999999997, 0.07489782265140511], "HALO": [0.22548888888888888, 0.07489782265140511], "HBIO": [0.0, 0.07489782265140511], "HGSI": [0.0, 0.07489782265140511], "HITK": [0.0, 0.07489782265140511], "HPTX": [0.0, 0.07489782265140511], "HZNP": [0.13878837209302325, 0.07489782265140511], "ICEL": [0.2463, 0.07489782265140511], "ICPT": [0.096, 0.07489782265140511], "ICY": [0.09866666666666667, 0.07489782265140511], "IDIX": [0.30988571428571426, 0.07489782265140511], "ILMN": [0.21457741935483873, 0.07489782265140511], "IMDZ": [0.22199999999999998, 0.07489782265140511], "IMGN": [0.14049999999999999, 0.07489782265140511], "IMMU": [-0.08228108108108105, 0.07489782265140511], "INCR": [0.12767857142857142, 0.07489782265140511], "INCY": [0.10695454545454545, 0.07489782265140511], "INFI": [0.059199999999999996, 0.07489782265140511], "INHX": [0.0, 0.07489782265140511], "INO": [0.0573875, 0.07489782265140511], "INSM": [0.0, 0.07489782265140511], "INSY": [0.1199428571428571, 0.07489782265140511], "INVA": [0.0, 0.07489782265140511], "IONS": [0.08426962025316458, 0.07489782265140511], "IPXL": [-0.05276666666666667, 0.07489782265140511], "IRWD": [0.18043333333333333, 0.07489782265140511], "ISIS": [0.8614, 0.07489782265140511], "ISPH": [0.0, 0.07489782265140511], "ISTA": [0.26882500000000004, 0.07489782265140511], "ITCI": [0.0, 0.07489782265140511], "ITEK": [0.0, 0.07489782265140511], "ITMN": [0.0, 0.07489782265140511], "JAZZ": [0.12373235294117647, 0.07489782265140511], "JUNO": [-0.009259259259259254, 0.07489782265140511], "KERX": [-0.03415, 0.07489782265140511], "KITE": [0.016540000000000003, 0.07489782265140511], "KMPH": [0.06330833333333334, 0.07489782265140511], "KPTI": [0.0, 0.07489782265140511], "KYTH": [0.0, 0.07489782265140511], "LBIO": [0.1650169491525424, 0.07489782265140511],