{"ACAD": [-0.29359999999999997, 0.09968368265282687], "ACHN": [0.04046, 0.09968368265282687], "ACOR": [0.0, 0.09968368265282687], "ADRO": [0.4019, 0.09968368265282687], "AFFY": [0.2263, 0.09968368265282687], "ALKS": [-0.4215, 0.09968368265282687], "ALTH": [0.15764, 0.09968368265282687], "ALXA": [0.43601, 0.09968368265282687], "ALXN": [0.21833333333333335, 0.09968368265282687], "AMGN": [0.0, 0.09968368265282687], "AMRI": [0.0, 0.09968368265282687], "AMRN": [-0.18874285714285713, 0.09968368265282687], "ANDS": [0.0, 0.09968368265282687], "ARNA": [-0.13779310344827583, 0.09968368265282687], "ARQL": [-0.44039999999999996, 0.09968368265282687], "ASPX": [0.1294, 0.09968368265282687], "AST": [0.07255154639175257, 0.09968368265282687], "AVNR": [-0.07655, 0.09968368265282687], "BIIB": [0.0, 0.09968368265282687], "BLUE": [-0.03535555555555556, 0.09968368265282687], "BMRN": [0.0, 0.09968368265282687], "BPAX": [0.0, 0.09968368265282687], "BPMC": [0.0, 0.09968368265282687], "CBRX": [0.0, 0.09968368265282687], "CCXI": [0.0, 0.09968368265282687], "CELG": [0.21075, 0.09968368265282687], "CLDX": [0.4939, 0.09968368265282687], "CRIS": [0.0, 0.09968368265282687], "CTIC": [0.19733333333333333, 0.09968368265282687], "CTRX": [0.2023, 0.09968368265282687], "CYTK": [0.0, 0.09968368265282687], "CYTX": [0.2263, 0.09968368265282687], "DRRX": [0.296, 0.09968368265282687], "EMIS": [-0.1761, 0.09968368265282687], "ENCY": [-0.3818, 0.09968368265282687], "ENTA": [0.0, 0.09968368265282687], "ENZN": [0.0, 0.09968368265282687], "EXEL": [0.0, 0.09968368265282687], "FACT": [-0.21075, 0.09968368265282687], "FLKS": [0.2263, 0.09968368265282687], "FOLD": [0.0367, 0.09968368265282687], "GHDX": [0.2023, 0.09968368265282687], "GTXI": [0.4754, 0.09968368265282687], "HALO": [0.0, 0.09968368265282687], "HZNP": [0.2695, 0.09968368265282687], "ICY": [0.03771666666666667, 0.09968368265282687], "IDIX": [0.0, 0.09968368265282687], "IMMU": [0.0, 0.09968368265282687], "INCR": [0.20379999999999998, 0.09968368265282687], "INO": [0.20525000000000002, 0.09968368265282687], "INSM": [0.0, 0.09968368265282687], "IONS": [0.124875, 0.09968368265282687], "ISTA": [0.0, 0.09968368265282687], "ITEK": [0.0, 0.09968368265282687], "ITMN": [0.8658, 0.09968368265282687], "LBIO": [0.07543333333333334, 0.09968368265282687], "LIFE": [0.0, 0.09968368265282687], "LMNX": [0.0, 0.09968368265282687], "MACK": [0.3404, 0.09968368265282687], "MAPP": [0.2263, 0.09968368265282687], "MDVN": [0.0, 0.09968368265282687], "MEDI": [0.0, 0.09968368265282687], "MNK": [0.0, 0.09968368265282687], "MNKD": [0.0, 0.09968368265282687], "NEOS": [0.6369, 0.09968368265282687], "NH": [0.3062, 0.09968368265282687], "NK": [0.21447333333333332, 0.09968368265282687], "NLNK": [0.4939, 0.09968368265282687], "NPSP": [0.0, 0.09968368265282687], "OMED": [0.0, 0.09968368265282687], "ONXX": [0.15086666666666668, 0.09968368265282687], "OPK": [0.0, 0.09968368265282687], "OREX": [0.0, 0.09968368265282687], "OSIR": [0.6369, 0.09968368265282687], "QCOR": [0.0, 0.09968368265282687], "REGN": [0.06275000000000001, 0.09968368265282687], "RGLS": [0.4019, 0.09968368265282687], "RIGL": [0.0, 0.09968368265282687], "RPTP": [0.4019, 0.09968368265282687], "SAGE": [0.1882578947368421, 0.09968368265282687], "SCLN": [0.0, 0.09968368265282687], "SCMP": [0.0, 0.09968368265282687], "SLXP": [0.5106, 0.09968368265282687], "SNTA": [-0.3303, 0.09968368265282687], "SNTS": [0.0, 0.09968368265282687], "SRPT": [0.086352, 0.09968368265282687], "STEM": [0.42460000000000003, 0.09968368265282687], "SUPN": [0.0, 0.09968368265282687], "TARO": [0.1366, 0.09968368265282687], "TECH": [0.014126086956521743, 0.09968368265282687], "TEVA": [0.2351, 0.09968368265282687], "USD": [0.057826315789473684, 0.09968368265282687], "UTHR": [0.7906, 0.09968368265282687], "VPHM": [0.0, 0.09968368265282687], "VRNM": [0.0, 0.09968368265282687], "VVUS": [0.0, 0.09968368265282687], "XNPT": [0.0, 0.09968368265282687], "ZGNX": [0.2127705882352941, 0.09968368265282687], "ZLCS": [0.0, 0.09968368265282687]}