{"AMLN": [-0.1531, 0.08935999999999998], "CBST": [0.1689, 0.08935999999999998], "CTIC": [0.29205, 0.08935999999999998], "MYL": [-0.1531, 0.08935999999999998], "SAGE": [0.29205, 0.08935999999999998]}