{"ACAD": [0.5574, -0.005216583503628682], "ACHN": [0.0, -0.005216583503628682], "ADRO": [0.4019, -0.005216583503628682], "AFFY": [0.0, -0.005216583503628682], "AGEN": [-0.32985, -0.005216583503628682], "AKRX": [-0.34040000000000004, -0.005216583503628682], "ALKS": [0.050575, -0.005216583503628682], "ALTH": [0.09176, -0.005216583503628682], "ALXN": [-0.2952, -0.005216583503628682], "AMAG": [-0.296, -0.005216583503628682], "AMGN": [0.0, -0.005216583503628682], "AMPH": [0.0, -0.005216583503628682], "AMRN": [-0.028694444444444443, -0.005216583503628682], "ANDS": [0.0, -0.005216583503628682], "ANTH": [0.0, -0.005216583503628682], "ARIA": [-0.02185999999999999, -0.005216583503628682], "ARNA": [0.0, -0.005216583503628682], "ARRY": [-0.05464, -0.005216583503628682], "ASPX": [0.025001694915254235, -0.005216583503628682], "AST": [0.04497345132743364, -0.005216583503628682], "ATRA": [0.0, -0.005216583503628682], "AUXL": [0.0, -0.005216583503628682], "AVII": [0.0, -0.005216583503628682], "AVNR": [0.0, -0.005216583503628682], "BCRX": [0.08934117647058823, -0.005216583503628682], "BIIB": [0.4019, -0.005216583503628682], "BLUE": [0.0, -0.005216583503628682], "BMRN": [0.13624, -0.005216583503628682], "BPAX": [-0.05528181818181818, -0.005216583503628682], "CALP": [0.0, -0.005216583503628682], "CBRX": [0.0, -0.005216583503628682], "CBST": [-0.296, -0.005216583503628682], "CELG": [0.07224, -0.005216583503628682], "CEPH": [0.2083222222222222, -0.005216583503628682], "CHRS": [0.2023, -0.005216583503628682], "COLL": [-0.21075, -0.005216583503628682], "CRA": [-0.481225, -0.005216583503628682], "CRIS": [0.5106, -0.005216583503628682], "CTIC": [0.0, -0.005216583503628682], "DEPO": [0.14701999999999998, -0.005216583503628682], "DNDN": [-0.046244444444444435, -0.005216583503628682], "DRRX": [0.5106, -0.005216583503628682], "DVAX": [0.2679333333333333, -0.005216583503628682], "DYAX": [-0.1779, -0.005216583503628682], "EDIT": [-0.21075, -0.005216583503628682], "ENCY": [-0.3275, -0.005216583503628682], "ENDP": [-0.17020000000000002, -0.005216583503628682], "ENTA": [0.0, -0.005216583503628682], "ENZN": [0.0, -0.005216583503628682], "EXEL": [0.0, -0.005216583503628682], "FACT": [-0.09866666666666667, -0.005216583503628682], "FOLD": [0.0516, -0.005216583503628682], "GHDX": [0.2294, -0.005216583503628682], "GILD": [-0.0683, -0.005216583503628682], "GNTA": [0.0, -0.005216583503628682], "HALO": [0.0, -0.005216583503628682], "HGSI": [-0.07805714285714285, -0.005216583503628682], "HITK": [0.0, -0.005216583503628682], "ICEL": [-0.09286666666666667, -0.005216583503628682], "ICY": [0.0, -0.005216583503628682], "ILMN": [0.3612, -0.005216583503628682], "ILU": [-0.59055, -0.005216583503628682], "IMGN": [0.20229999999999998, -0.005216583503628682], "IMMU": [-0.49477499999999996, -0.005216583503628682], "INCY": [0.0, -0.005216583503628682], "INFI": [0.0, -0.005216583503628682], "INSM": [-0.4576, -0.005216583503628682], "IONS": [-0.12939090909090908, -0.005216583503628682], "ISPH": [0.2023, -0.005216583503628682], "ISTA": [-0.1366, -0.005216583503628682], "ITMN": [0.0, -0.005216583503628682], "JAZZ": [0.0, -0.005216583503628682], "KERX": [0.1027, -0.005216583503628682], "LBIO": [-0.046966666666666684, -0.005216583503628682], "LIFE": [0.0, -0.005216583503628682], "LXRX": [-0.10115, -0.005216583503628682], "MDCO": [0.04542352941176471, -0.005216583503628682], "MEDI": [0.08562857142857143, -0.005216583503628682], "MNTA": [0.12664000000000003, -0.005216583503628682], "MRNA": [0.050575, -0.005216583503628682], "MYL": [-0.20424000000000003, -0.005216583503628682], "NERV": [-0.4215, -0.005216583503628682], "NH": [0.2732, -0.005216583503628682], "NK": [0.04654285714285713, -0.005216583503628682], "NKTR": [0.0, -0.005216583503628682], "NPSP": [0.0, -0.005216583503628682], "NVAX": [0.023399999999999976, -0.005216583503628682], "ONCE": [-0.3182, -0.005216583503628682], "OPTR": [-0.025471428571428572, -0.005216583503628682], "OREX": [0.0, -0.005216583503628682], "OSCI": [-0.02220909090909092, -0.005216583503628682], "PACB": [-0.2023, -0.005216583503628682], "PCRX": [0.0, -0.005216583503628682], "POZN": [0.34, -0.005216583503628682], "PRGO": [0.0, -0.005216583503628682], "RPTP": [0.1027, -0.005216583503628682], "SAGE": [0.01692105263157894, -0.005216583503628682], "SGEN": [0.0, -0.005216583503628682], "SGMO": [-0.07295178571428573, -0.005216583503628682], "SIGA": [0.18650000000000005, -0.005216583503628682], "SNTS": [0.0, -0.005216583503628682], "SPPI": [0.0, -0.005216583503628682], "STEM": [0.0, -0.005216583503628682], "TECH": [0.05964583333333334, -0.005216583503628682], "TEVA": [0.0, -0.005216583503628682], "THLD": [0.0, -0.005216583503628682], "TRGT": [-0.5719, -0.005216583503628682], "USD": [0.04648040540540541, -0.005216583503628682], "UTHR": [0.068, -0.005216583503628682], "VICL": [0.0, -0.005216583503628682], "VPHM": [0.0, -0.005216583503628682], "VRTX": [0.20155, -0.005216583503628682], "VRUS": [0.68125, -0.005216583503628682], "VVUS": [-0.13433333333333333, -0.005216583503628682], "XOMA": [0.20566999999999996, -0.005216583503628682], "ZGNX": [0.0, -0.005216583503628682], "ZLCS": [-0.42755, -0.005216583503628682]}