{"ACOR": [0.0, 0.0894120024765726], "AKRX": [0.0, 0.0894120024765726], "ALKS": [0.7184, 0.0894120024765726], "ALTH": [0.0, 0.0894120024765726], "ALXA": [0.0, 0.0894120024765726], "AMGN": [0.0, 0.0894120024765726], "ARNA": [0.17662878787878789, 0.0894120024765726], "ASPX": [0.07419, 0.0894120024765726], "AST": [0.10595882352941173, 0.0894120024765726], "AVII": [-0.1901, 0.0894120024765726], "BIOD": [0.0, 0.0894120024765726], "BJGP": [0.0, 0.0894120024765726], "BMRN": [0.1909, 0.0894120024765726], "CELG": [-0.0903, 0.0894120024765726], "CEPH": [0.0, 0.0894120024765726], "CLDN": [0.0, 0.0894120024765726], "CRA": [0.0, 0.0894120024765726], "CRME": [0.0, 0.0894120024765726], "CSKI": [0.0, 0.0894120024765726], "CYTK": [0.0, 0.0894120024765726], "DEPO": [0.0, 0.0894120024765726], "DSCO": [0.0, 0.0894120024765726], "EDIT": [0.7245, 0.0894120024765726], "ENTA": [0.0, 0.0894120024765726], "FACT": [0.4215, 0.0894120024765726], "FLKS": [0.0, 0.0894120024765726], "FOLD": [0.4129, 0.0894120024765726], "FURX": [0.0, 0.0894120024765726], "GBT": [0.0, 0.0894120024765726], "GENZ": [0.007082352941176471, 0.0894120024765726], "GERN": [0.2096692307692308, 0.0894120024765726], "GILD": [0.0, 0.0894120024765726], "GPRO": [0.34, 0.0894120024765726], "GTXI": [0.0, 0.0894120024765726], "HALO": [0.0, 0.0894120024765726], "HGSI": [0.018276923076923076, 0.0894120024765726], "ICY": [0.5574, 0.0894120024765726], "ILMN": [0.2023, 0.0894120024765726], "ILU": [-0.2602, 0.0894120024765726], "INCY": [0.0, 0.0894120024765726], "INO": [0.0, 0.0894120024765726], "IONS": [0.0, 0.0894120024765726], "IPXL": [0.0, 0.0894120024765726], "ISTA": [0.03706666666666667, 0.0894120024765726], "ITMN": [0.0, 0.0894120024765726], "JAZZ": [0.045828, 0.0894120024765726], "LBIO": [0.1857, 0.0894120024765726], "LIFE": [-0.5106, 0.0894120024765726], "LXRX": [0.2023, 0.0894120024765726], "MAXY": [0.4019, 0.0894120024765726], "MEDI": [0.0903, 0.0894120024765726], "MNK": [0.0, 0.0894120024765726], "MNKD": [0.0, 0.0894120024765726], "MNOV": [0.0, 0.0894120024765726], "MNTA": [0.0, 0.0894120024765726], "NH": [0.2023, 0.0894120024765726], "NK": [0.0, 0.0894120024765726], "OMED": [0.0, 0.0894120024765726], "ONXX": [0.6369, 0.0894120024765726], "OREX": [0.11215384615384613, 0.0894120024765726], "PTIE": [0.0, 0.0894120024765726], "PTX": [0.0, 0.0894120024765726], "SAGE": [0.0, 0.0894120024765726], "SIGA": [0.0, 0.0894120024765726], "STEM": [0.4588, 0.0894120024765726], "TECH": [0.103225, 0.0894120024765726], "TEVA": [0.3647705882352942, 0.0894120024765726], "THLD": [-0.1027, 0.0894120024765726], "USD": [0.19173846153846152, 0.0894120024765726], "VPHM": [0.0, 0.0894120024765726], "VVUS": [0.4882875, 0.0894120024765726], "WCRX": [0.0, 0.0894120024765726], "XOMA": [0.0, 0.0894120024765726]}