{"ACAD": [0.1847875, 0.12123444881232548], "ACHN": [0.35795, 0.12123444881232548], "ACRX": [0.743, 0.12123444881232548], "AGEN": [-0.145625, 0.12123444881232548], "AKRX": [0.5106, 0.12123444881232548], "ALKS": [0.0, 0.12123444881232548], "ALTH": [0.3950625, 0.12123444881232548], "ALXN": [0.0, 0.12123444881232548], "AMRI": [0.0, 0.12123444881232548], "AMRN": [0.2763, 0.12123444881232548], "ANAC": [0.0, 0.12123444881232548], "ANIP": [0.0, 0.12123444881232548], "ANTH": [0.4199, 0.12123444881232548], "ARDX": [0.0, 0.12123444881232548], "ARIA": [0.044622222222222216, 0.12123444881232548], "ARNA": [0.2525307692307692, 0.12123444881232548], "ARQL": [-0.5994, 0.12123444881232548], "ARWR": [0.058699999999999995, 0.12123444881232548], "ASPX": [-0.2553, 0.12123444881232548], "AST": [0.31576923076923075, 0.12123444881232548], "AVEO": [0.4199, 0.12123444881232548], "AVNR": [-0.08795, 0.12123444881232548], "BIIB": [0.12040000000000001, 0.12123444881232548], "BLUE": [0.0, 0.12123444881232548], "CBST": [0.5076666666666667, 0.12123444881232548], "CELG": [0.037186363636363635, 0.12123444881232548], "CEMP": [0.6249, 0.12123444881232548], "CLDN": [0.16571999999999998, 0.12123444881232548], "CLDX": [0.0, 0.12123444881232548], "CRME": [0.0, 0.12123444881232548], "CTRX": [0.4019000000000001, 0.12123444881232548], "DSCO": [0.0, 0.12123444881232548], "DVAX": [0.875, 0.12123444881232548], "ECYT": [-0.09545, 0.12123444881232548], "EGRX": [0.0, 0.12123444881232548], "EMIS": [0.0, 0.12123444881232548], "ENCY": [-0.1909, 0.12123444881232548], "ENDP": [-0.09545, 0.12123444881232548], "ENTA": [-0.4003, 0.12123444881232548], "EXEL": [0.0, 0.12123444881232548], "FOLD": [0.1468, 0.12123444881232548], "GERN": [0.2202, 0.12123444881232548], "GEVA": [-0.5267, 0.12123444881232548], "GILD": [0.027589285714285712, 0.12123444881232548], "GPRO": [-0.012654545454545455, 0.12123444881232548], "GWPH": [0.009839999999999998, 0.12123444881232548], "HALO": [-0.2553, 0.12123444881232548], "HZNP": [0.21230000000000002, 0.12123444881232548], "ILMN": [0.21075, 0.12123444881232548], "INCR": [-0.2997, 0.12123444881232548], "INO": [0.0, 0.12123444881232548], "INSY": [0.26955, 0.12123444881232548], "IONS": [0.13455555555555557, 0.12123444881232548], "ISPH": [0.0, 0.12123444881232548], "ISTA": [-0.4767, 0.12123444881232548], "ITMN": [0.6369, 0.12123444881232548], "JAZZ": [0.0, 0.12123444881232548], "KPTI": [0.0, 0.12123444881232548], "KYTH": [-0.4767, 0.12123444881232548], "LBIO": [0.0, 0.12123444881232548], "LGND": [0.07655, 0.12123444881232548], "LIFE": [0.3612, 0.12123444881232548], "MACK": [0.0, 0.12123444881232548], "MEDI": [0.29599999999999976, 0.12123444881232548], "MNK": [0.4183, 0.12123444881232548], "MNKD": [0.4183, 0.12123444881232548], "MNTA": [0.5574, 0.12123444881232548], "MYOG": [-0.128, 0.12123444881232548], "NH": [0.34, 0.12123444881232548], "NK": [0.3307166666666667, 0.12123444881232548], "NLNK": [0.0, 0.12123444881232548], "ONCE": [0.2377, 0.12123444881232548], "ONVO": [0.0, 0.12123444881232548], "OPK": [0.0, 0.12123444881232548], "OREX": [0.10704117647058822, 0.12123444881232548], "OTIC": [0.4166, 0.12123444881232548], "PCYC": [0.0, 0.12123444881232548], "QCOR": [0.1398, 0.12123444881232548], "REGN": [0.0, 0.12123444881232548], "SAGE": [-0.14265714285714287, 0.12123444881232548], "SLXP": [-0.5423, 0.12123444881232548], "SNTA": [0.12492857142857142, 0.12123444881232548], "SPPI": [0.0877, 0.12123444881232548], "SQNM": [0.7177, 0.12123444881232548], "SRPT": [0.31245, 0.12123444881232548], "STEM": [0.09880000000000001, 0.12123444881232548], "TECH": [-0.02336153846153845, 0.12123444881232548], "TEVA": [0.31301111111111113, 0.12123444881232548], "THLD": [0.0, 0.12123444881232548], "THRX": [0.4199, 0.12123444881232548], "TSRO": [0.5719, 0.12123444881232548], "USD": [0.2403090909090907, 0.12123444881232548], "VRTX": [0.4215, 0.12123444881232548], "VSTM": [0.4754, 0.12123444881232548], "VVUS": [0.0, 0.12123444881232548], "WCRX": [0.4754, 0.12123444881232548], "XNPT": [0.0, 0.12123444881232548], "ZGNX": [0.0964375, 0.12123444881232548]}