{"AAVL": [-0.2023, 0.07942937681805472], "ACAD": [-0.184725, 0.07942937681805472], "ACHN": [0.0, 0.07942937681805472], "ACOR": [0.074, 0.07942937681805472], "ACRX": [0.0, 0.07942937681805472], "ADHD": [0.0, 0.07942937681805472], "ADMS": [0.12685714285714286, 0.07942937681805472], "ADVM": [-0.0303, 0.07942937681805472], "AERI": [0.0, 0.07942937681805472], "AFMD": [0.10752857142857143, 0.07942937681805472], "AGEN": [-0.1759117021276596, 0.07942937681805472], "AGIO": [0.27725, 0.07942937681805472], "AGTC": [0.0, 0.07942937681805472], "AIMT": [0.11111428571428571, 0.07942937681805472], "AKRX": [0.5983, 0.07942937681805472], "ALIM": [0.1953, 0.07942937681805472], "ALKS": [0.03558, 0.07942937681805472], "ALNY": [0.04423793103448276, 0.07942937681805472], "ALTH": [0.013580769230769226, 0.07942937681805472], "ALXN": [0.3398083333333333, 0.07942937681805472], "AMAG": [-0.148, 0.07942937681805472], "AMGN": [0.023818000000000002, 0.07942937681805472], "AMPH": [0.0, 0.07942937681805472], "AMRN": [0.08318333333333332, 0.07942937681805472], "ANAC": [0.0, 0.07942937681805472], "ANDS": [0.38670714285714286, 0.07942937681805472], "ANIP": [0.002540000000000009, 0.07942937681805472], "ANTH": [0.0, 0.07942937681805472], "AQXP": [-0.057490000000000006, 0.07942937681805472], "ARDX": [-0.28372499999999995, 0.07942937681805472], "ARIA": [0.877, 0.07942937681805472], "ARLZ": [0.148, 0.07942937681805472], "ARNA": [0.00645, 0.07942937681805472], "ARQL": [0.0, 0.07942937681805472], "ARRY": [-0.07522142857142858, 0.07942937681805472], "ARWR": [0.012354545454545467, 0.07942937681805472], "ASPX": [0.029631250000000005, 0.07942937681805472], "AST": [0.07249104477611938, 0.07942937681805472], "ATRA": [0.24515, 0.07942937681805472], "AVDL": [0.0, 0.07942937681805472], "AVEO": [-0.15650555555555556, 0.07942937681805472], "AVXS": [0.085, 0.07942937681805472], "BCRX": [-0.10928, 0.07942937681805472], "BGNE": [-0.24738749999999998, 0.07942937681805472], "BIIB": [0.15890769230769233, 0.07942937681805472], "BIOD": [0.0, 0.07942937681805472], "BIOV": [0.38233333333333336, 0.07942937681805472], "BLCM": [-0.026832075471698115, 0.07942937681805472], "BLUE": [0.12519487179487182, 0.07942937681805472], "BMRN": [-0.09106666666666667, 0.07942937681805472], "BOLD": [0.23835, 0.07942937681805472], "BPMC": [0.6124, 0.07942937681805472], "CALP": [0.0, 0.07942937681805472], "CARA": [0.11388750000000002, 0.07942937681805472], "CASC": [0.30147142857142856, 0.07942937681805472], "CBPO": [0.4972142857142857, 0.07942937681805472], "CCXI": [-0.0015000000000000013, 0.07942937681805472], "CELG": [-0.030908695652173915, 0.07942937681805472], "CEMP": [0.10573333333333335, 0.07942937681805472], "CEPH": [0.038715000000000006, 0.07942937681805472], "CERS": [0.04812, 0.07942937681805472], "CGEN": [-0.2023, 0.07942937681805472], "CGPI": [-0.3182, 0.07942937681805472], "CHRS": [0.0, 0.07942937681805472], "CLDN": [-0.1591, 0.07942937681805472], "CLDX": [-0.12315, 0.07942937681805472], "CLSD": [0.09866666666666667, 0.07942937681805472], "CLVS": [0.18523437500000003, 0.07942937681805472], "CMRX": [0.13567142857142855, 0.07942937681805472], "CNCE": [0.09786666666666667, 0.07942937681805472], "CNCT": [-0.1531, 0.07942937681805472], "COLL": [0.2884583333333334, 0.07942937681805472], "CRA": [0.011071428571428581, 0.07942937681805472], "CRGN": [0.0, 0.07942937681805472], "CRIS": [0.0, 0.07942937681805472], "CTIC": [0.0, 0.07942937681805472], "CTRX": [0.05146666666666667, 0.07942937681805472], "CXRX": [-0.0252875, 0.07942937681805472], "CYTK": [0.12316956521739132, 0.07942937681805472], "CYTX": [-0.10712400000000001, 0.07942937681805472], "DBVT": [0.05092000000000001, 0.07942937681805472], "DEPO": [0.148, 0.07942937681805472], "DERM": [0.0, 0.07942937681805472], "DIGE": [0.0, 0.07942937681805472], "DRNA": [0.0, 0.07942937681805472], "DRRX": [0.0, 0.07942937681805472], "DVAX": [0.19885000000000003, 0.07942937681805472], "EDIT": [-0.012468888888888882, 0.07942937681805472], "EGLT": [0.11041785714285714, 0.07942937681805472], "EGRX": [0.1776, 0.07942937681805472], "ENCY": [-0.019202857142857157, 0.07942937681805472], "ENDP": [0.04128983050847459, 0.07942937681805472], "ENTA": [0.13423584905660382, 0.07942937681805472], "ENZN": [0.0, 0.07942937681805472], "EPZM": [0.0, 0.07942937681805472], "ESPR": [0.12230120481927706, 0.07942937681805472], "EXEL": [0.17236, 0.07942937681805472], "FACT": [-0.07361666666666665, 0.07942937681805472], "FGEN": [0.33668, 0.07942937681805472], "FLKS": [0.09565094339622641, 0.07942937681805472], "FLXN": [0.08534736842105262, 0.07942937681805472], "FMI": [0.0, 0.07942937681805472], "FOLD": [0.157725, 0.07942937681805472], "FOMX": [0.0693, 0.07942937681805472], "FPRX": [0.022352941176470586, 0.07942937681805472], "GBT": [0.11521081081081082, 0.07942937681805472], "GERN": [0.2202, 0.07942937681805472], "GHDX": [0.296, 0.07942937681805472], "GILD": [0.09726575342465753, 0.07942937681805472], "GNVC": [0.0, 0.07942937681805472], "GPRO": [0.1145469387755102, 0.07942937681805472], "GRFS": [-0.039028571428571426, 0.07942937681805472], "GTXI": [0.0, 0.07942937681805472], "GWPH": [0.037166037735849054, 0.07942937681805472], "HALO": [0.3558636363636363, 0.07942937681805472], "HBIO": [0.3818, 0.07942937681805472], "HPTX": [0.0772, 0.07942937681805472], "HZNP": [0.28099999999999997, 0.07942937681805472], "ICEL": [0.7003, 0.07942937681805472], "ICPT": [0.1567875, 0.07942937681805472], "ILMN": [0.16108333333333333, 0.07942937681805472], "ILU": [-0.36276, 0.07942937681805472], "IMDZ": [0.0, 0.07942937681805472], "IMGN": [0.5106, 0.07942937681805472], "IMMU": [0.1368225, 0.07942937681805472], "INCR": [0.1262, 0.07942937681805472], "INCY": [0.12475200000000002, 0.07942937681805472], "INFI": [0.20839999999999997, 0.07942937681805472], "INO": [-0.04194137931034484, 0.07942937681805472], "INSM": [0.6369, 0.07942937681805472], "INSY": [0.10171, 0.07942937681805472], "INVA": [0.0, 0.07942937681805472], "IONS": [0.10081010101010102, 0.07942937681805472], "IPXL": [0.0, 0.07942937681805472], "ISIS": [0.09866666666666667, 0.07942937681805472], "ISTA": [-0.07830999999999999, 0.07942937681805472], "ITCI": [-0.011636363636363637, 0.07942937681805472], "ITEK": [0.21546000000000004, 0.07942937681805472], "JAZZ": [0.3494, 0.07942937681805472], "JUNO": [-0.14074285714285717, 0.07942937681805472], "KERX": [0.07076666666666667, 0.07942937681805472], "KITE": [0.06544871794871791, 0.07942937681805472], "KMPH": [0.0, 0.07942937681805472], "KPTI": [-0.02806249999999999, 0.07942937681805472], "LBIO": [0.2389107142857143, 0.07942937681805472], "LGND": [0.0, 0.07942937681805472], "LIFE": [0.08838888888888889, 0.07942937681805472], "LXRX": [0.0, 0.07942937681805472], "MACK": [0.11560000000000001, 0.07942937681805472], "MCRB": [-0.21571538461538464, 0.07942937681805472], "MDCO": [-0.0053625000000000035, 0.07942937681805472], "MEDI": [0.10590292397660811, 0.07942937681805472], "MEDX": [0.0, 0.07942937681805472], "MGNX": [0.09106666666666667, 0.07942937681805472], "MNK": [0.062072413793103444, 0.07942937681805472], "MNKD": [0.0951, 0.07942937681805472], "MNOV": [0.4588, 0.07942937681805472], "MNTA": [-0.05464, 0.07942937681805472], "MYL": [-0.024992647058823547, 0.07942937681805472], "NABI": [0.07465454545454545, 0.07942937681805472], "NBIX": [0.034288235294117654, 0.07942937681805472], "NEOS": [0.11631428571428572, 0.07942937681805472], "NERV": [0.11383999999999998, 0.07942937681805472], "NH": [0.01721025641025641, 0.07942937681805472], "NK": [0.08716290322580643, 0.07942937681805472], "NKTR": [0.13049523809523814, 0.07942937681805472], "NOVN": [0.20796666666666663, 0.07942937681805472], "NRMX": [0.0, 0.07942937681805472], "NSTG": [0.0, 0.07942937681805472], "NVAX": [0.0, 0.07942937681805472], "NVCR": [0.0975, 0.07942937681805472], "OCUL": [0.030118181818181818, 0.07942937681805472], "OMED": [0.16065999999999997, 0.07942937681805472], "OMER": [0.088875, 0.07942937681805472], "OMPI": [0.11482857142857142, 0.07942937681805472],