{"ACAD": [0.0, 0.05875737912700395], "ACOR": [0.10212000000000002, 0.05875737912700395], "AFFX": [0.4436, 0.05875737912700395], "ALIM": [0.148, 0.05875737912700395], "ALKS": [-0.0830111111111111, 0.05875737912700395], "ALTH": [0.0, 0.05875737912700395], "ALXA": [0.08478888888888889, 0.05875737912700395], "ALXN": [0.0, 0.05875737912700395], "AMGN": [0.0, 0.05875737912700395], "ANDS": [0.4926, 0.05875737912700395], "ARIA": [0.0, 0.05875737912700395], "ARNA": [0.024666666666666667, 0.05875737912700395], "ASPX": [0.03605384615384615, 0.05875737912700395], "AST": [0.06593684210526315, 0.05875737912700395], "AVNR": [0.0, 0.05875737912700395], "BCRX": [0.0, 0.05875737912700395], "BIOD": [-0.02116, 0.05875737912700395], "BPAX": [0.0, 0.05875737912700395], "CALP": [0.3291, 0.05875737912700395], "CELG": [0.0, 0.05875737912700395], "CEPH": [0.5228, 0.05875737912700395], "CLDX": [-0.026452941176470592, 0.05875737912700395], "CRA": [0.0, 0.05875737912700395], "CRIS": [0.0, 0.05875737912700395], "CSKI": [0.24635, 0.05875737912700395], "CTIC": [-0.029294999999999998, 0.05875737912700395], "CYPB": [-0.7269, 0.05875737912700395], "CYTX": [0.2686, 0.05875737912700395], "DEPO": [0.03625384615384616, 0.05875737912700395], "DNDN": [0.12631666666666666, 0.05875737912700395], "DSCO": [0.16419999999999998, 0.05875737912700395], "DVAX": [0.0, 0.05875737912700395], "ENDP": [0.0, 0.05875737912700395], "ENTA": [0.0, 0.05875737912700395], "FMI": [0.0, 0.05875737912700395], "FOLD": [0.20229999999999998, 0.05875737912700395], "GENZ": [0.03473913043478261, 0.05875737912700395], "GERN": [0.0, 0.05875737912700395], "GILD": [0.1716, 0.05875737912700395], "ICEL": [0.4927, 0.05875737912700395], "ILU": [0.07144999999999999, 0.05875737912700395], "INCR": [-0.1189, 0.05875737912700395], "INCY": [-0.105375, 0.05875737912700395], "INO": [-0.6486, 0.05875737912700395], "IONS": [-0.19236666666666666, 0.05875737912700395], "IPXL": [0.0, 0.05875737912700395], "ISIS": [-0.04843478260869566, 0.05875737912700395], "ISTA": [0.0, 0.05875737912700395], "ITMN": [0.0, 0.05875737912700395], "JAZZ": [0.02634375, 0.05875737912700395], "KERX": [-0.027240000000000004, 0.05875737912700395], "LBIO": [0.09866666666666667, 0.05875737912700395], "LIFE": [-0.2553, 0.05875737912700395], "MDCO": [0.01867142857142857, 0.05875737912700395], "MEDI": [0.1858, 0.05875737912700395], "MNTA": [0.0, 0.05875737912700395], "MTXX": [0.0, 0.05875737912700395], "NBIX": [0.189925, 0.05875737912700395], "NK": [-0.07408000000000001, 0.05875737912700395], "NKTR": [0.4754, 0.05875737912700395], "OMED": [0.17, 0.05875737912700395], "OMER": [0.0, 0.05875737912700395], "ONCE": [-0.03963333333333333, 0.05875737912700395], "ONXX": [0.148, 0.05875737912700395], "OREX": [-0.06701578947368421, 0.05875737912700395], "OTIC": [0.0, 0.05875737912700395], "PPCO": [0.0, 0.05875737912700395], "QLTI": [0.0, 0.05875737912700395], "RIGL": [0.4588, 0.05875737912700395], "SAGE": [0.4926, 0.05875737912700395], "SGEN": [0.296, 0.05875737912700395], "SNTS": [0.0, 0.05875737912700395], "SQNM": [0.1272, 0.05875737912700395], "TECH": [0.21265, 0.05875737912700395], "TEVA": [0.00733333333333334, 0.05875737912700395], "THLD": [-0.1027, 0.05875737912700395], "USD": [-0.015999999999999997, 0.05875737912700395], "VRTX": [0.022088888888888887, 0.05875737912700395], "VVUS": [0.0, 0.05875737912700395], "XOMA": [0.28939999999999994, 0.05875737912700395]}