{"ACAD": [-0.020857692307692306, 0.09352440632359217], "ACHN": [0.0, 0.09352440632359217], "ACOR": [0.09795599999999997, 0.09352440632359217], "ACRX": [0.0, 0.09352440632359217], "AEGR": [0.17956666666666665, 0.09352440632359217], "AFFY": [0.230325, 0.09352440632359217], "AGEN": [0.30363333333333337, 0.09352440632359217], "AKRX": [0.0, 0.09352440632359217], "ALKS": [0.09265714285714285, 0.09352440632359217], "ALNY": [0.28595, 0.09352440632359217], "ALTH": [0.24608125, 0.09352440632359217], "ALXA": [0.2204666666666667, 0.09352440632359217], "ALXN": [-0.03968000000000001, 0.09352440632359217], "AMAG": [-0.25, 0.09352440632359217], "AMGN": [0.061339999999999985, 0.09352440632359217], "AMRN": [0.1880346153846154, 0.09352440632359217], "ANAC": [0.03920963855421689, 0.09352440632359217], "ANDS": [0.074, 0.09352440632359217], "ANIP": [0.4019, 0.09352440632359217], "ANTH": [0.0, 0.09352440632359217], "ARIA": [-0.0903, 0.09352440632359217], "ARNA": [0.03770285714285715, 0.09352440632359217], "ARQL": [0.0, 0.09352440632359217], "ARRY": [0.1299, 0.09352440632359217], "ASPX": [0.08138813559322032, 0.09352440632359217], "AST": [0.08540060975609756, 0.09352440632359217], "ASTX": [0.0843, 0.09352440632359217], "ATRA": [0.0, 0.09352440632359217], "AUXL": [-0.2562, 0.09352440632359217], "AVEO": [0.16078275862068966, 0.09352440632359217], "AXCA": [0.4754, 0.09352440632359217], "BCRX": [-0.07487058823529412, 0.09352440632359217], "BIIB": [0.28982500000000005, 0.09352440632359217], "BIOD": [0.174375, 0.09352440632359217], "BLUE": [0.0, 0.09352440632359217], "BMRN": [0.1867, 0.09352440632359217], "BMTI": [0.6369, 0.09352440632359217], "BPAX": [0.04655454545454545, 0.09352440632359217], "CADX": [0.0, 0.09352440632359217], "CALP": [-0.148, 0.09352440632359217], "CBRX": [0.0, 0.09352440632359217], "CBST": [0.0, 0.09352440632359217], "CELG": [0.1707060606060606, 0.09352440632359217], "CERS": [0.0, 0.09352440632359217], "CNCE": [-0.5093, 0.09352440632359217], "COLL": [0.1357, 0.09352440632359217], "CRA": [-0.12027894736842104, 0.09352440632359217], "CRIS": [-0.2023, 0.09352440632359217], "CRME": [0.31845, 0.09352440632359217], "CSKI": [0.0, 0.09352440632359217], "CTIC": [0.105375, 0.09352440632359217], "CTRX": [0.0, 0.09352440632359217], "CYTK": [0.21706363636363638, 0.09352440632359217], "CYTX": [-0.2732, 0.09352440632359217], "DEPO": [0.1305818181818182, 0.09352440632359217], "DERM": [0.1806, 0.09352440632359217], "DIGE": [-0.3818, 0.09352440632359217], "DNDN": [-0.2732, 0.09352440632359217], "DRRX": [0.0386, 0.09352440632359217], "DVAX": [0.114825, 0.09352440632359217], "DYAX": [0.6557, 0.09352440632359217], "ECYT": [-0.16879999999999998, 0.09352440632359217], "EDIT": [0.2654666666666667, 0.09352440632359217], "ENCY": [-0.09545, 0.09352440632359217], "ENDP": [0.0518, 0.09352440632359217], "ENTA": [0.14081666666666667, 0.09352440632359217], "ENZN": [0.0, 0.09352440632359217], "EXEL": [0.0, 0.09352440632359217], "FACT": [0.227725, 0.09352440632359217], "FGEN": [0.5927, 0.09352440632359217], "FLKS": [0.0, 0.09352440632359217], "FOLD": [0.030550000000000008, 0.09352440632359217], "FURX": [0.1669058823529412, 0.09352440632359217], "GENZ": [0.22562, 0.09352440632359217], "GERN": [0.0, 0.09352440632359217], "GEVA": [0.4926, 0.09352440632359217], "GHDX": [0.0, 0.09352440632359217], "GILD": [-0.019654838709677415, 0.09352440632359217], "GTXI": [0.0, 0.09352440632359217], "ICEL": [0.6184000000000001, 0.09352440632359217], "ICPT": [0.0, 0.09352440632359217], "ICY": [0.16436, 0.09352440632359217], "IDIX": [-0.11293, 0.09352440632359217], "ILMN": [0.053861538461538454, 0.09352440632359217], "ILU": [0.6369, 0.09352440632359217], "IMGN": [0.10998000000000001, 0.09352440632359217], "IMMU": [0.42295000000000005, 0.09352440632359217], "INCR": [0.139125, 0.09352440632359217], "INCY": [0.0, 0.09352440632359217], "INFI": [0.0, 0.09352440632359217], "INGN": [-0.7424, 0.09352440632359217], "INO": [0.11506666666666666, 0.09352440632359217], "IONS": [0.010746511627906963, 0.09352440632359217], "IPXL": [0.0, 0.09352440632359217], "IRWD": [0.0, 0.09352440632359217], "ISIS": [0.2192269230769231, 0.09352440632359217], "ISPH": [0.5719, 0.09352440632359217], "ISTA": [0.12963999999999998, 0.09352440632359217], "ITMN": [0.0, 0.09352440632359217], "JAZZ": [0.4605333333333333, 0.09352440632359217], "KERX": [0.07252043956043955, 0.09352440632359217], "LBIO": [0.06452903225806451, 0.09352440632359217], "LIFE": [0.17084444444444444, 0.09352440632359217], "LMNX": [0.9274, 0.09352440632359217], "LXRX": [0.2294, 0.09352440632359217], "MACK": [-0.7506, 0.09352440632359217], "MAPP": [0.0, 0.09352440632359217], "MAXY": [0.0, 0.09352440632359217], "MDVN": [-0.07884444444444444, 0.09352440632359217], "MEDI": [0.03068333333333333, 0.09352440632359217], "MITI": [0.0, 0.09352440632359217], "MNK": [0.1806, 0.09352440632359217], "MNKD": [0.1806, 0.09352440632359217], "MNTA": [-0.16666666666666666, 0.09352440632359217], "MYL": [0.0, 0.09352440632359217], "MYRX": [0.6597, 0.09352440632359217], "NEOL": [0.0, 0.09352440632359217], "NH": [0.09014499999999999, 0.09352440632359217], "NK": [0.06372156862745099, 0.09352440632359217], "NKTR": [0.1101, 0.09352440632359217], "NLNK": [0.07302222222222222, 0.09352440632359217], "NPSP": [-0.25, 0.09352440632359217], "NVAX": [0.2202, 0.09352440632359217], "OMED": [0.02374090909090909, 0.09352440632359217], "OMER": [0.0549125, 0.09352440632359217], "ONCE": [0.3020285714285714, 0.09352440632359217], "ONTY": [0.1806, 0.09352440632359217], "ONVO": [0.09698333333333332, 0.09352440632359217], "ONXX": [0.03436875, 0.09352440632359217], "OPK": [0.027593939393939386, 0.09352440632359217], "OREX": [0.082052, 0.09352440632359217], "OSCI": [0.0, 0.09352440632359217], "OSIR": [0.0, 0.09352440632359217], "OTIC": [0.14585, 0.09352440632359217], "PACB": [0.0, 0.09352440632359217], "PCYC": [0.0, 0.09352440632359217], "PTIE": [0.25880000000000003, 0.09352440632359217], "QCOR": [-0.45879999999999993, 0.09352440632359217], "QLTI": [0.0, 0.09352440632359217], "RARE": [0.4019, 0.09352440632359217], "REGN": [0.0, 0.09352440632359217], "RPTP": [0.765, 0.09352440632359217], "SAGE": [0.10071979166666663, 0.09352440632359217], "SCLN": [0.7964, 0.09352440632359217], "SCMP": [0.18, 0.09352440632359217], "SGEN": [0.0, 0.09352440632359217], "SGMO": [0.36023333333333335, 0.09352440632359217], "SGYP": [0.0, 0.09352440632359217], "SHPG": [0.34, 0.09352440632359217], "SIGA": [0.2553, 0.09352440632359217], "SNTA": [0.0, 0.09352440632359217], "SNTS": [0.0, 0.09352440632359217], "SPPI": [-0.027752631578947362, 0.09352440632359217], "SQNM": [-0.027333333333333338, 0.09352440632359217], "SRPT": [-0.07268461538461538, 0.09352440632359217], "STEM": [0.11845000000000001, 0.09352440632359217], "SUPN": [0.4404, 0.09352440632359217], "SVNT": [0.0, 0.09352440632359217], "TBPH": [0.0, 0.09352440632359217], "TECH": [0.016630000000000006, 0.09352440632359217], "TELK": [0.4215, 0.09352440632359217], "TEVA": [0.2212266666666667, 0.09352440632359217], "THLD": [0.0, 0.09352440632359217], "THRX": [0.0, 0.09352440632359217], "TSRX": [0.2954333333333334, 0.09352440632359217], "USD": [0.06419961538461542, 0.09352440632359217], "UTHR": [0.18584, 0.09352440632359217], "VICL": [0.0, 0.09352440632359217], "VNDA": [0.5048666666666667, 0.09352440632359217], "VPHM": [0.0, 0.09352440632359217], "VRTX": [0.01052258064516129, 0.09352440632359217], "VSTM": [-0.2817, 0.09352440632359217], "VTL": [0.0, 0.09352440632359217], "VVUS": [0.016938461538461538, 0.09352440632359217], "WCRX": [0.11560000000000001, 0.09352440632359217], "XOMA": [-0.07543333333333334, 0.09352440632359217], "ZGNX": [0.0, 0.09352440632359217], "ZLCS": [0.0, 0.09352440632359217]}