{"AAVL": [0.08003333333333333, 0.09011668880412108], "ACAD": [0.14563600000000002, 0.09011668880412108], "ACHN": [0.0711076923076923, 0.09011668880412108], "ACOR": [0.013311764705882363, 0.09011668880412108], "ACRX": [0.074, 0.09011668880412108], "ADHD": [0.0, 0.09011668880412108], "ADMS": [-0.0650904761904762, 0.09011668880412108], "ADRO": [0.0, 0.09011668880412108], "AEGR": [0.3, 0.09011668880412108], "AERI": [0.42083333333333334, 0.09011668880412108], "AFFX": [0.04933333333333333, 0.09011668880412108], "AFFY": [0.36729999999999996, 0.09011668880412108], "AFMD": [-0.19246666666666667, 0.09011668880412108], "AGEN": [0.1218081081081081, 0.09011668880412108], "AGIO": [0.101075, 0.09011668880412108], "AGTC": [0.0, 0.09011668880412108], "AIMT": [0.0, 0.09011668880412108], "AKBA": [0.05146666666666667, 0.09011668880412108], "AKRX": [0.10362, 0.09011668880412108], "ALDR": [0.03088, 0.09011668880412108], "ALIM": [0.25943333333333335, 0.09011668880412108], "ALKS": [0.04933333333333333, 0.09011668880412108], "ALNY": [0.12040000000000001, 0.09011668880412108], "ALTH": [0.16641898734177213, 0.09011668880412108], "ALXA": [0.14752745098039213, 0.09011668880412108], "ALXN": [0.36567368421052643, 0.09011668880412108], "AMAG": [0.375, 0.09011668880412108], "AMGN": [0.13898000000000002, 0.09011668880412108], "AMPH": [0.0, 0.09011668880412108], "AMRI": [-0.05624516129032259, 0.09011668880412108], "AMRN": [0.08977500000000001, 0.09011668880412108], "ANAC": [-0.07195441176470589, 0.09011668880412108], "ANDS": [-0.148, 0.09011668880412108], "ANIP": [0.032, 0.09011668880412108], "ANPI": [0.21075, 0.09011668880412108], "ANTH": [0.00010416666666666907, 0.09011668880412108], "AQXP": [-0.11305294117647058, 0.09011668880412108], "ARDX": [-0.05669545454545455, 0.09011668880412108], "ARIA": [0.03938897637795277, 0.09011668880412108], "ARLZ": [0.2233111111111111, 0.09011668880412108], "ARNA": [0.08405882352941177, 0.09011668880412108], "ARQL": [0.0, 0.09011668880412108], "ARRY": [-0.003279999999999994, 0.09011668880412108], "ARWR": [0.06020303030303029, 0.09011668880412108], "ASPX": [-0.08247272727272728, 0.09011668880412108], "AST": [0.06726448087431693, 0.09011668880412108], "ATRA": [0.0683, 0.09011668880412108], "AVEO": [-0.096725, 0.09011668880412108], "AVXS": [-0.07349090909090909, 0.09011668880412108], "BCRX": [0.0, 0.09011668880412108], "BGNE": [0.0, 0.09011668880412108], "BIIB": [0.3284111111111112, 0.09011668880412108], "BIOD": [0.006106666666666667, 0.09011668880412108], "BLCM": [0.24801818181818183, 0.09011668880412108], "BLUE": [-0.036167213114754106, 0.09011668880412108], "BMRN": [0.3167708333333334, 0.09011668880412108], "BPMC": [-0.04895384615384615, 0.09011668880412108], "CALP": [0.2294, 0.09011668880412108], "CARA": [0.030915384615384615, 0.09011668880412108], "CBPO": [-0.008533333333333334, 0.09011668880412108], "CCXI": [0.11474210526315788, 0.09011668880412108], "CELG": [0.19331627906976745, 0.09011668880412108], "CEMP": [0.0, 0.09011668880412108], "CEPH": [-0.07071999999999999, 0.09011668880412108], "CERS": [0.07055714285714286, 0.09011668880412108], "CGEN": [0.06402857142857142, 0.09011668880412108], "CHMA": [0.0, 0.09011668880412108], "CHRS": [-0.01591, 0.09011668880412108], "CLDN": [0.36474, 0.09011668880412108], "CLDX": [0.012709090909090904, 0.09011668880412108], "CLVS": [0.11292941176470588, 0.09011668880412108], "CMRX": [0.1242857142857143, 0.09011668880412108], "CNCE": [0.060633333333333345, 0.09011668880412108], "COLL": [-0.005262499999999999, 0.09011668880412108], "CRA": [-0.10332727272727273, 0.09011668880412108], "CRIS": [0.19766, 0.09011668880412108], "CRME": [0.1329, 0.09011668880412108], "CTIC": [0.024666666666666667, 0.09011668880412108], "CTRX": [0.4404, 0.09011668880412108], "CXRX": [0.009119999999999994, 0.09011668880412108], "CYTX": [0.06746, 0.09011668880412108], "DEPO": [0.07641944444444443, 0.09011668880412108], "DERM": [0.08617678571428568, 0.09011668880412108], "DIGE": [0.24472499999999997, 0.09011668880412108], "DNAI": [0.04907142857142858, 0.09011668880412108], "DNDN": [0.7506, 0.09011668880412108], "DRNA": [0.04590625000000001, 0.09011668880412108], "DVAX": [0.043250000000000004, 0.09011668880412108], "DYAX": [0.3182, 0.09011668880412108], "EDIT": [0.13517037037037036, 0.09011668880412108], "EGLT": [-0.09249375, 0.09011668880412108], "EGRX": [0.13861666666666667, 0.09011668880412108], "EMIS": [0.0, 0.09011668880412108], "ENCY": [-0.296, 0.09011668880412108], "ENDP": [-0.06524086021505375, 0.09011668880412108], "ENTA": [0.14925675675675676, 0.09011668880412108], "ENZN": [0.428925, 0.09011668880412108], "EPZM": [0.10852857142857142, 0.09011668880412108], "ESPR": [0.043555555555555556, 0.09011668880412108], "EXEL": [0.03825, 0.09011668880412108], "FACT": [0.044230000000000005, 0.09011668880412108], "FGEN": [0.18511052631578948, 0.09011668880412108], "FLKS": [0.0, 0.09011668880412108], "FLML": [0.0313, 0.09011668880412108], "FLXN": [0.0, 0.09011668880412108], "FMI": [0.06999, 0.09011668880412108], "FOLD": [0.16946666666666665, 0.09011668880412108], "FOMX": [0.03594285714285714, 0.09011668880412108], "FPRX": [0.10928, 0.09011668880412108], "GBT": [0.10615000000000001, 0.09011668880412108], "GERN": [0.4654999999999999, 0.09011668880412108], "GHDX": [0.11839999999999999, 0.09011668880412108], "GILD": [0.22436260869565225, 0.09011668880412108], "GNVC": [0.40870000000000006, 0.09011668880412108], "GPRO": [0.13154313725490197, 0.09011668880412108], "GRFS": [-0.21067999999999998, 0.09011668880412108], "GTOP": [0.4404, 0.09011668880412108], "GTXI": [0.074, 0.09011668880412108], "GWPH": [0.0, 0.09011668880412108], "HALO": [0.106074, 0.09011668880412108], "HBIO": [0.0, 0.09011668880412108], "HZNP": [0.13076052631578947, 0.09011668880412108], "ICEL": [0.4615, 0.09011668880412108], "ICPT": [0.13360434782608693, 0.09011668880412108], "ICY": [-0.22821249999999998, 0.09011668880412108], "IDIX": [0.5423, 0.09011668880412108], "ILMN": [0.26351666666666673, 0.09011668880412108], "ILU": [-0.07679230769230769, 0.09011668880412108], "IMCL": [0.3774, 0.09011668880412108], "IMDZ": [0.1555181818181818, 0.09011668880412108], "IMGN": [0.0, 0.09011668880412108], "IMMU": [0.06462083333333334, 0.09011668880412108], "INCR": [0.21120416666666667, 0.09011668880412108], "INCY": [0.06429230769230768, 0.09011668880412108], "INFI": [0.04933333333333333, 0.09011668880412108], "INO": [0.07869038461538459, 0.09011668880412108], "INSM": [0.11839999999999999, 0.09011668880412108], "INSY": [0.125, 0.09011668880412108], "INVA": [-0.296, 0.09011668880412108], "IONS": [-0.014469343065693432, 0.09011668880412108], "IPXL": [-0.07482424242424243, 0.09011668880412108], "IRWD": [0.07725277777777778, 0.09011668880412108], "ISIS": [0.75, 0.09011668880412108], "ISPH": [0.0, 0.09011668880412108], "ISTA": [0.0642875, 0.09011668880412108], "ITCI": [0.012273684210526317, 0.09011668880412108], "ITEK": [0.1928, 0.09011668880412108], "JAZZ": [-0.028113999999999993, 0.09011668880412108], "JUNO": [0.16329761904761902, 0.09011668880412108], "KERX": [0.16203636363636365, 0.09011668880412108], "KITE": [0.15538399999999997, 0.09011668880412108], "KMPH": [0.16376133333333337, 0.09011668880412108], "KPTI": [0.06678095238095239, 0.09011668880412108], "LBIO": [0.1284653846153846, 0.09011668880412108], "LGND": [0.11346774193548387, 0.09011668880412108], "LIFE": [-0.013287500000000004, 0.09011668880412108], "LMNX": [0.24682500000000002, 0.09011668880412108], "LOXO": [0.059199999999999996, 0.09011668880412108], "LXRX": [0.0, 0.09011668880412108], "MACK": [0.05571111111111111, 0.09011668880412108], "MAPP": [0.7088, 0.09011668880412108], "MCRB": [0.0, 0.09011668880412108], "MDCO": [0.011222222222222229, 0.09011668880412108], "MDVN": [0.10278813559322035, 0.09011668880412108], "MEDI": [0.03295063291139241, 0.09011668880412108], "MGNX": [0.04003636363636364, 0.09011668880412108], "MITI": [0.11475, 0.09011668880412108], "MNK": [0.005581976744186046, 0.09011668880412108],