{"ACAD": [-0.00817142857142857, 0.09200357498496604], "ACHN": [-0.005324999999999996, 0.09200357498496604], "ACOR": [0.0, 0.09200357498496604], "ACRX": [0.03145714285714286, 0.09200357498496604], "ADHD": [0.1806, 0.09200357498496604], "AEGR": [0.0, 0.09200357498496604], "AFFX": [0.4019, 0.09200357498496604], "AFFY": [-0.01918888888888888, 0.09200357498496604], "AGEN": [0.16564482758620686, 0.09200357498496604], "AKRX": [0.3182, 0.09200357498496604], "ALIM": [0.36033333333333334, 0.09200357498496604], "ALKS": [0.06743333333333333, 0.09200357498496604], "ALNY": [0.31150666666666665, 0.09200357498496604], "ALTH": [0.04883157894736843, 0.09200357498496604], "ALXA": [0.11148, 0.09200357498496604], "ALXN": [-0.08175, 0.09200357498496604], "AMAG": [-0.9065, 0.09200357498496604], "AMRN": [-0.08588333333333331, 0.09200357498496604], "ANAC": [0.0, 0.09200357498496604], "ANDS": [0.21129999999999996, 0.09200357498496604], "ANIP": [0.07118571428571428, 0.09200357498496604], "ARIA": [0.047658823529411774, 0.09200357498496604], "ARNA": [-0.011709090909090902, 0.09200357498496604], "ARQL": [0.0, 0.09200357498496604], "ARRY": [-0.10694, 0.09200357498496604], "ARWR": [0.058986206896551735, 0.09200357498496604], "ASPX": [0.1929166666666667, 0.09200357498496604], "AST": [0.07691346153846153, 0.09200357498496604], "ATRA": [0.60545, 0.09200357498496604], "AUXL": [0.07224, 0.09200357498496604], "AXCA": [-0.6908, 0.09200357498496604], "BCRX": [0.14802121212121214, 0.09200357498496604], "BIIB": [0.07167368421052632, 0.09200357498496604], "BMRN": [0.20657037037037032, 0.09200357498496604], "CADX": [0.0, 0.09200357498496604], "CALP": [0.1101, 0.09200357498496604], "CARA": [0.16999333333333333, 0.09200357498496604], "CBPO": [0.0, 0.09200357498496604], "CBRX": [0.0, 0.09200357498496604], "CBST": [0.0, 0.09200357498496604], "CCXI": [0.4404, 0.09200357498496604], "CELG": [0.027025000000000004, 0.09200357498496604], "CEMP": [0.2321578947368421, 0.09200357498496604], "CEPH": [-0.03423333333333333, 0.09200357498496604], "CGEN": [-0.8689, 0.09200357498496604], "CHMA": [0.0, 0.09200357498496604], "CLDX": [0.15660000000000002, 0.09200357498496604], "CLVS": [0.2709500000000001, 0.09200357498496604], "CMRX": [0.0, 0.09200357498496604], "CRA": [0.16285, 0.09200357498496604], "CRIS": [0.08260769230769228, 0.09200357498496604], "CRME": [0.0037571428571428716, 0.09200357498496604], "CTIC": [0.0, 0.09200357498496604], "CTRX": [0.0, 0.09200357498496604], "CYTK": [0.13875666666666667, 0.09200357498496604], "CYTX": [0.12040000000000001, 0.09200357498496604], "DEPO": [0.15036666666666668, 0.09200357498496604], "DERM": [0.13486666666666666, 0.09200357498496604], "DRNA": [-0.20226666666666668, 0.09200357498496604], "DRRX": [0.148, 0.09200357498496604], "DSCO": [0.38023333333333337, 0.09200357498496604], "DVAX": [0.07454999999999999, 0.09200357498496604], "DYAX": [0.12281666666666669, 0.09200357498496604], "ECYT": [0.0, 0.09200357498496604], "EDIT": [0.44516666666666665, 0.09200357498496604], "EGLT": [-0.3548, 0.09200357498496604], "EGRX": [-0.05103333333333334, 0.09200357498496604], "ENCY": [-0.09106666666666667, 0.09200357498496604], "ENDP": [0.041053846153846156, 0.09200357498496604], "ENTA": [0.2507705882352941, 0.09200357498496604], "ENZN": [0.0502375, 0.09200357498496604], "EPZM": [0.25723333333333337, 0.09200357498496604], "ESPR": [0.6597, 0.09200357498496604], "EXEL": [-0.04615333333333334, 0.09200357498496604], "FACT": [0.08074444444444445, 0.09200357498496604], "FLKS": [0.25983999999999996, 0.09200357498496604], "FLML": [0.6486, 0.09200357498496604], "FLXN": [0.21664444444444445, 0.09200357498496604], "FOLD": [0.0, 0.09200357498496604], "FURX": [0.04663333333333333, 0.09200357498496604], "GBT": [0.4767, 0.09200357498496604], "GERN": [0.0, 0.09200357498496604], "GHDX": [0.0, 0.09200357498496604], "GILD": [0.000616326530612254, 0.09200357498496604], "GPRO": [0.48339999999999994, 0.09200357498496604], "GTXI": [0.0, 0.09200357498496604], "GWPH": [0.053125925925925924, 0.09200357498496604], "HALO": [0.07709666666666667, 0.09200357498496604], "HGSI": [0.0, 0.09200357498496604], "HZNP": [0.11323684210526315, 0.09200357498496604], "ICEL": [0.57944, 0.09200357498496604], "ICPT": [0.14935428571428574, 0.09200357498496604], "IDIX": [0.0, 0.09200357498496604], "ILMN": [0.1774470588235294, 0.09200357498496604], "ILU": [0.10925625, 0.09200357498496604], "IMGN": [0.11839999999999999, 0.09200357498496604], "IMMU": [-0.008336363636363626, 0.09200357498496604], "INCR": [0.24334615384615385, 0.09200357498496604], "INCY": [0.05223529411764705, 0.09200357498496604], "INFI": [-0.0640125, 0.09200357498496604], "INO": [0.10823636363636363, 0.09200357498496604], "INSM": [0.0, 0.09200357498496604], "INSY": [0.244, 0.09200357498496604], "IONS": [0.1183270833333333, 0.09200357498496604], "IPXL": [-0.06719285714285714, 0.09200357498496604], "IRWD": [0.3307285714285714, 0.09200357498496604], "ISIS": [0.07962857142857142, 0.09200357498496604], "ISTA": [0.08990000000000002, 0.09200357498496604], "ITMN": [-0.4984, 0.09200357498496604], "JAZZ": [0.128164, 0.09200357498496604], "KERX": [0.15006956521739132, 0.09200357498496604], "KITE": [0.0, 0.09200357498496604], "KYTH": [0.0, 0.09200357498496604], "LBIO": [0.046761111111111114, 0.09200357498496604], "LGND": [0.32821999999999996, 0.09200357498496604], "LIFE": [0.06743333333333333, 0.09200357498496604], "LXRX": [0.0, 0.09200357498496604], "MACK": [-0.1589, 0.09200357498496604], "MDCO": [0.03372, 0.09200357498496604], "MDVN": [0.22991999999999999, 0.09200357498496604], "MEDI": [0.28232935779816787, 0.09200357498496604], "MGNX": [-0.1538, 0.09200357498496604], "MNK": [0.1283, 0.09200357498496604], "MNKD": [0.13067592592592592, 0.09200357498496604], "MNTA": [0.08457142857142856, 0.09200357498496604], "MRNA": [0.12765, 0.09200357498496604], "MYGN": [-0.010349999999999998, 0.09200357498496604], "MYL": [0.07058863636363637, 0.09200357498496604], "NABI": [0.0256, 0.09200357498496604], "NBIX": [0.5719, 0.09200357498496604], "NH": [0.10315000000000002, 0.09200357498496604], "NK": [0.1043651376146789, 0.09200357498496604], "NKTR": [-0.041666666666666664, 0.09200357498496604], "NLNK": [0.0, 0.09200357498496604], "NOVN": [0.0, 0.09200357498496604], "NPSP": [0.16645555555555555, 0.09200357498496604], "OCUL": [0.0, 0.09200357498496604], "OMED": [-0.004777777777777782, 0.09200357498496604], "OMER": [0.07763333333333332, 0.09200357498496604], "ONCE": [0.3257, 0.09200357498496604], "ONTX": [-0.13458431372549023, 0.09200357498496604], "ONTY": [-0.21128750000000002, 0.09200357498496604], "ONVO": [0.03441190476190476, 0.09200357498496604], "OPHT": [0.296, 0.09200357498496604], "OPK": [0.1961, 0.09200357498496604], "OREX": [-0.01077179487179487, 0.09200357498496604], "OSCI": [0.16645999999999997, 0.09200357498496604], "OSIR": [0.3612, 0.09200357498496604], "OTIC": [0.29208, 0.09200357498496604], "OVAS": [-0.1165, 0.09200357498496604], "PANC": [0.2158, 0.09200357498496604], "PCYC": [0.0, 0.09200357498496604], "PGNX": [0.24910000000000002, 0.09200357498496604], "POZN": [0.0, 0.09200357498496604], "PRGO": [0.0, 0.09200357498496604], "QCOR": [0.16687272727272728, 0.09200357498496604], "QGEN": [0.0, 0.09200357498496604], "RARE": [0.3243, 0.09200357498496604], "REGN": [0.0, 0.09200357498496604], "RGLS": [0.0, 0.09200357498496604], "RNAI": [0.2795111111111111, 0.09200357498496604], "RPTP": [0.2000423076923077, 0.09200357498496604], "RTRX": [0.2023, 0.09200357498496604], "SAGE": [0.0009666666666666735, 0.09200357498496604], "SCMP": [0.6249, 0.09200357498496604], "SGEN": [-0.006814285714285713, 0.09200357498496604], "SGMO": [0.32247499999999996, 0.09200357498496604], "SGNT": [-0.3182, 0.09200357498496604], "SGYP": [0.2113547169811321, 0.09200357498496604], "SHPG": [0.05368461538461538, 0.09200357498496604], "SLXP": [0.0, 0.09200357498496604], "SNTA": [0.3715, 0.09200357498496604], "SPPI": [-0.6249, 0.09200357498496604], "SRPT": [0.092925, 0.09200357498496604],