{"AFFY": [0.0, 0.11546207237134068], "ALTH": [0.13486666666666666, 0.11546207237134068], "ALXN": [0.5106, 0.11546207237134068], "AMGN": [0.29105000000000003, 0.11546207237134068], "AMLN": [0.4588, 0.11546207237134068], "AMPH": [-0.25020000000000003, 0.11546207237134068], "ANDS": [0.0, 0.11546207237134068], "ARIA": [0.0, 0.11546207237134068], "ARQL": [0.5106, 0.11546207237134068], "ARRY": [0.2732, 0.11546207237134068], "ARWR": [0.5106, 0.11546207237134068], "ASPX": [-0.01898947368421053, 0.11546207237134068], "AST": [0.04943628318584072, 0.11546207237134068], "BCRX": [0.0, 0.11546207237134068], "BIIB": [0.64732, 0.11546207237134068], "BIOD": [0.6479, 0.11546207237134068], "BLUE": [-0.04526, 0.11546207237134068], "CBST": [0.44015, 0.11546207237134068], "CELG": [0.23250000000000004, 0.11546207237134068], "CHRS": [0.6145, 0.11546207237134068], "COLL": [0.0, 0.11546207237134068], "CRA": [0.0, 0.11546207237134068], "CSKI": [0.0, 0.11546207237134068], "DVAX": [0.5106, 0.11546207237134068], "EDIT": [-0.2263, 0.11546207237134068], "EGRX": [0.0, 0.11546207237134068], "ENZN": [0.0, 0.11546207237134068], "EXEL": [0.1856727272727273, 0.11546207237134068], "FOLD": [0.12040000000000001, 0.11546207237134068], "GNTA": [0.2771, 0.11546207237134068], "GTXI": [0.32418, 0.11546207237134068], "HALO": [0.4679500000000001, 0.11546207237134068], "HGSI": [0.34040000000000004, 0.11546207237134068], "HITK": [0.0, 0.11546207237134068], "ICY": [0.032836363636363636, 0.11546207237134068], "ILU": [-0.5423, 0.11546207237134068], "IMGN": [0.0, 0.11546207237134068], "INO": [0.0, 0.11546207237134068], "INVA": [-0.4019, 0.11546207237134068], "IONS": [0.13108571428571428, 0.11546207237134068], "ISTA": [0.0, 0.11546207237134068], "LBIO": [0.0, 0.11546207237134068], "LIFE": [0.0, 0.11546207237134068], "LXRX": [0.0, 0.11546207237134068], "MAPP": [0.0, 0.11546207237134068], "MEDI": [0.0598, 0.11546207237134068], "MNTA": [-0.07506, 0.11546207237134068], "MYRX": [0.6479, 0.11546207237134068], "NH": [0.0, 0.11546207237134068], "NK": [-0.013361538461538463, 0.11546207237134068], "NKTR": [0.0, 0.11546207237134068], "ONCE": [-0.004724999999999993, 0.11546207237134068], "OPK": [0.0, 0.11546207237134068], "OREX": [0.0, 0.11546207237134068], "PACB": [0.5106, 0.11546207237134068], "PANC": [-0.6597, 0.11546207237134068], "PARD": [0.0, 0.11546207237134068], "QCOR": [0.0, 0.11546207237134068], "SAGE": [-0.015686956521739133, 0.11546207237134068], "SGEN": [0.0, 0.11546207237134068], "SPPI": [0.0, 0.11546207237134068], "SQNM": [0.5106, 0.11546207237134068], "STEM": [0.0, 0.11546207237134068], "TECH": [0.21828750000000002, 0.11546207237134068], "USD": [0.029206562500000012, 0.11546207237134068], "UTHR": [0.0, 0.11546207237134068], "VRUS": [0.3013, 0.11546207237134068]}