{"AAVL": [0.2462, 0.1050994842061165], "ACAD": [0.1529333333333334, 0.1050994842061165], "ACHN": [-0.0440875, 0.1050994842061165], "ACOR": [0.21075, 0.1050994842061165], "ACRX": [0.07968181818181817, 0.1050994842061165], "ADHD": [0.0, 0.1050994842061165], "ADMS": [0.31678260869565217, 0.1050994842061165], "ADRO": [0.08182222222222221, 0.1050994842061165], "ADVM": [0.51235, 0.1050994842061165], "AEGR": [0.22983846153846155, 0.1050994842061165], "AERI": [0.09002866666666669, 0.1050994842061165], "AFMD": [0.07543333333333334, 0.1050994842061165], "AGEN": [0.0895047619047619, 0.1050994842061165], "AGIO": [0.08047906976744187, 0.1050994842061165], "AGTC": [0.20165, 0.1050994842061165], "AIMT": [0.31705, 0.1050994842061165], "AKBA": [0.0, 0.1050994842061165], "AKRX": [0.47203999999999996, 0.1050994842061165], "ALDR": [-0.007385714285714297, 0.1050994842061165], "ALIM": [0.0, 0.1050994842061165], "ALKS": [0.39623636363636366, 0.1050994842061165], "ALNY": [0.145532, 0.1050994842061165], "ALTH": [0.036800000000000006, 0.1050994842061165], "ALXN": [0.0921576923076923, 0.1050994842061165], "AMAG": [-0.025675, 0.1050994842061165], "AMGN": [-0.0028370786516853925, 0.1050994842061165], "AMPH": [0.15083809523809524, 0.1050994842061165], "AMRI": [0.19801249999999998, 0.1050994842061165], "AMRN": [0.07684545454545454, 0.1050994842061165], "ANAC": [-0.1366, 0.1050994842061165], "ANDS": [0.29077500000000006, 0.1050994842061165], "ANIP": [0.2342, 0.1050994842061165], "ANTH": [0.12788846153846156, 0.1050994842061165], "AQXP": [0.15798055555555557, 0.1050994842061165], "ARDX": [0.32985, 0.1050994842061165], "ARIA": [0.16527119999999992, 0.1050994842061165], "ARLZ": [0.2647041666666667, 0.1050994842061165], "ARNA": [0.10602857142857143, 0.1050994842061165], "ARQL": [0.07294285714285716, 0.1050994842061165], "ARRY": [0.155515, 0.1050994842061165], "ARWR": [0.0, 0.1050994842061165], "ASPX": [-0.3208142857142858, 0.1050994842061165], "AST": [0.05961055555555554, 0.1050994842061165], "ATRA": [0.011249999999999996, 0.1050994842061165], "AVNR": [0.0, 0.1050994842061165], "AVXS": [0.09893846153846154, 0.1050994842061165], "BCRX": [0.1942571428571429, 0.1050994842061165], "BGNE": [0.0, 0.1050994842061165], "BIIB": [0.08224999999999999, 0.1050994842061165], "BIOD": [0.53665, 0.1050994842061165], "BLCM": [0.002530769230769234, 0.1050994842061165], "BLUE": [0.1619611111111111, 0.1050994842061165], "BMRN": [0.1803394736842106, 0.1050994842061165], "BOLD": [0.418, 0.1050994842061165], "BPMC": [0.0, 0.1050994842061165], "CADX": [0.0, 0.1050994842061165], "CALP": [0.05486153846153847, 0.1050994842061165], "CARA": [0.1506934782608696, 0.1050994842061165], "CASC": [0.15386, 0.1050994842061165], "CBPO": [0.015000000000000005, 0.1050994842061165], "CCXI": [0.09172777777777777, 0.1050994842061165], "CELG": [0.0385679012345679, 0.1050994842061165], "CEMP": [0.031073076923076922, 0.1050994842061165], "CEPH": [0.23240000000000002, 0.1050994842061165], "CERS": [0.19988571428571428, 0.1050994842061165], "CHMA": [0.0, 0.1050994842061165], "CHRS": [0.21461000000000002, 0.1050994842061165], "CLCD": [0.12255964912280704, 0.1050994842061165], "CLDN": [0.5994, 0.1050994842061165], "CLDX": [0.18976153846153848, 0.1050994842061165], "CLSD": [0.007018181818181818, 0.1050994842061165], "CLVS": [0.11750018348623863, 0.1050994842061165], "CMRX": [0.2023, 0.1050994842061165], "CNCE": [0.19042727272727272, 0.1050994842061165], "CNCT": [0.0, 0.1050994842061165], "COLL": [0.2042047619047619, 0.1050994842061165], "CRA": [-0.03919999999999999, 0.1050994842061165], "CRGN": [0.0, 0.1050994842061165], "CRIS": [0.052264285714285715, 0.1050994842061165], "CTIC": [0.1432642857142857, 0.1050994842061165], "CTRX": [0.4404, 0.1050994842061165], "CXRX": [-0.17151999999999998, 0.1050994842061165], "CYTK": [0.0, 0.1050994842061165], "CYTX": [0.17, 0.1050994842061165], "DBVT": [0.07450909090909091, 0.1050994842061165], "DEPO": [0.14517500000000003, 0.1050994842061165], "DERM": [0.09056382978723404, 0.1050994842061165], "DIGE": [-0.026185714285714288, 0.1050994842061165], "DNAI": [0.20463749999999997, 0.1050994842061165], "DNDN": [0.0, 0.1050994842061165], "DRNA": [0.27740454545454546, 0.1050994842061165], "DRRX": [0.0502375, 0.1050994842061165], "DVAX": [0.11148333333333332, 0.1050994842061165], "ECYT": [0.0, 0.1050994842061165], "EDIT": [0.31594400000000006, 0.1050994842061165], "EGLT": [0.1979875, 0.1050994842061165], "EGRX": [0.11704468085106386, 0.1050994842061165], "EMIS": [0.0, 0.1050994842061165], "ENCY": [0.28363333333333335, 0.1050994842061165], "ENDP": [-0.056586956521739146, 0.1050994842061165], "ENTA": [0.03508571428571428, 0.1050994842061165], "ENZN": [0.05741428571428571, 0.1050994842061165], "EPZM": [0.08278125000000003, 0.1050994842061165], "ESPR": [0.050468627450980394, 0.1050994842061165], "EXEL": [0.20607499999999998, 0.1050994842061165], "FACT": [0.0287, 0.1050994842061165], "FGEN": [0.09671052631578947, 0.1050994842061165], "FLKS": [0.0193, 0.1050994842061165], "FLML": [0.0, 0.1050994842061165], "FLXN": [-0.10163076923076925, 0.1050994842061165], "FMI": [0.07288823529411766, 0.1050994842061165], "FOLD": [0.1701, 0.1050994842061165], "FOMX": [0.3615333333333333, 0.1050994842061165], "FPRX": [0.0, 0.1050994842061165], "GBT": [0.26475714285714286, 0.1050994842061165], "GERN": [0.146359375, 0.1050994842061165], "GEVA": [0.19663636363636366, 0.1050994842061165], "GHDX": [0.0, 0.1050994842061165], "GILD": [0.031944444444444456, 0.1050994842061165], "GNVC": [0.0, 0.1050994842061165], "GPRO": [0.0842388888888889, 0.1050994842061165], "GRFS": [0.0772, 0.1050994842061165], "GWPH": [0.1292, 0.1050994842061165], "HALO": [0.25127600000000005, 0.1050994842061165], "HZNP": [0.15438181818181818, 0.1050994842061165], "ICEL": [0.5552375, 0.1050994842061165], "ICPT": [0.036579999999999994, 0.1050994842061165], "ICY": [0.032062499999999994, 0.1050994842061165], "IDIX": [-0.296, 0.1050994842061165], "ILMN": [0.0009692307692307692, 0.1050994842061165], "ILU": [-0.17822500000000002, 0.1050994842061165], "IMDZ": [0.33497857142857146, 0.1050994842061165], "IMGN": [0.037, 0.1050994842061165], "IMMU": [0.22856153846153843, 0.1050994842061165], "INCR": [0.27568111111111115, 0.1050994842061165], "INCY": [0.23753749999999998, 0.1050994842061165], "INFI": [0.011100000000000035, 0.1050994842061165], "INO": [0.19305999999999998, 0.1050994842061165], "INSM": [0.0, 0.1050994842061165], "INSY": [0.10035555555555556, 0.1050994842061165], "INVA": [0.0, 0.1050994842061165], "IONS": [0.10055251396648045, 0.1050994842061165], "IPXL": [0.27115, 0.1050994842061165], "IRWD": [0.34945, 0.1050994842061165], "ISIS": [0.09174000000000002, 0.1050994842061165], "ISPH": [0.27115, 0.1050994842061165], "ISTA": [0.054115384615384614, 0.1050994842061165], "ITCI": [0.272347619047619, 0.1050994842061165], "ITEK": [-0.03535555555555556, 0.1050994842061165], "JAZZ": [0.04228571428571428, 0.1050994842061165], "JUNO": [-0.10447111111111111, 0.1050994842061165], "KERX": [0.024666666666666667, 0.1050994842061165], "KITE": [-0.08285862068965516, 0.1050994842061165], "KMPH": [0.0, 0.1050994842061165], "KPTI": [0.6597, 0.1050994842061165], "KYTH": [0.6588, 0.1050994842061165], "LBIO": [0.12143098591549299, 0.1050994842061165], "LGND": [0.2781166666666666, 0.1050994842061165], "LIFE": [0.1967068965517242, 0.1050994842061165], "LMNX": [0.1318, 0.1050994842061165], "LOXO": [0.0, 0.1050994842061165], "LXRX": [0.0993142857142857, 0.1050994842061165], "MACK": [0.17913380281690136, 0.1050994842061165], "MAPP": [0.23664285714285713, 0.1050994842061165], "MCRB": [0.1774317073170732, 0.1050994842061165], "MDCO": [0.27830000000000005, 0.1050994842061165], "MDVN": [-0.0018849999999999997, 0.1050994842061165], "MEDI": [0.04255126582278481, 0.1050994842061165], "MEDX": [0.0, 0.1050994842061165], "MGNX": [0.0, 0.1050994842061165], "MNK": [0.07776666666666666, 0.1050994842061165], "MNKD": [0.15553333333333333, 0.1050994842061165], "MNOV": [0.0, 0.1050994842061165],