{"AAVL": [0.148, 0.19120425682681905], "ACAD": [-0.022077551020408166, 0.19120425682681905], "ACHN": [0.24748333333333336, 0.19120425682681905], "ACOR": [0.16290961538461543, 0.19120425682681905], "ACRX": [0.406725, 0.19120425682681905], "ADHD": [0.18861666666666668, 0.19120425682681905], "ADMS": [0.23343333333333335, 0.19120425682681905], "ADRO": [0.5423, 0.19120425682681905], "ADVM": [-0.5399, 0.19120425682681905], "AEGR": [0.5423, 0.19120425682681905], "AERI": [0.21375000000000002, 0.19120425682681905], "AFFX": [0.6207666666666666, 0.19120425682681905], "AFFY": [0.5423, 0.19120425682681905], "AFMD": [0.15644999999999998, 0.19120425682681905], "AGEN": [0.06141666666666666, 0.19120425682681905], "AGIO": [0.1768136363636364, 0.19120425682681905], "AGTC": [0.15427906976744188, 0.19120425682681905], "AIMT": [0.0, 0.19120425682681905], "AKBA": [0.5423, 0.19120425682681905], "AKRX": [0.21550000000000002, 0.19120425682681905], "ALDR": [0.07747142857142857, 0.19120425682681905], "ALIM": [0.18076666666666666, 0.19120425682681905], "ALKS": [0.12673333333333334, 0.19120425682681905], "ALNY": [0.13515283018867927, 0.19120425682681905], "ALTH": [0.05711807228915663, 0.19120425682681905], "ALXA": [0.5423, 0.19120425682681905], "ALXN": [0.09559655172413792, 0.19120425682681905], "AMAG": [0.03114999999999999, 0.19120425682681905], "AMGN": [0.04557413793103446, 0.19120425682681905], "AMLN": [-0.5574, 0.19120425682681905], "AMPH": [0.08542000000000001, 0.19120425682681905], "AMRI": [0.0, 0.19120425682681905], "AMRN": [0.06601818181818182, 0.19120425682681905], "ANAC": [0.4949666666666667, 0.19120425682681905], "ANDS": [0.40073333333333333, 0.19120425682681905], "ANIP": [0.07126666666666669, 0.19120425682681905], "ANPI": [0.7096, 0.19120425682681905], "ANTH": [0.15929375000000004, 0.19120425682681905], "AQXP": [0.19940000000000002, 0.19120425682681905], "ARDX": [-0.14983333333333332, 0.19120425682681905], "ARIA": [0.28234, 0.19120425682681905], "ARLZ": [0.0, 0.19120425682681905], "ARNA": [0.10187692307692306, 0.19120425682681905], "ARQL": [0.5423, 0.19120425682681905], "ARRY": [0.10261575757575755, 0.19120425682681905], "ARWR": [0.2056125, 0.19120425682681905], "ASPX": [0.08841000000000002, 0.19120425682681905], "AST": [0.10629756097560972, 0.19120425682681905], "ASTX": [0.5423, 0.19120425682681905], "ATRA": [0.21697499999999997, 0.19120425682681905], "AUXL": [0.5423, 0.19120425682681905], "AVEO": [0.09038333333333333, 0.19120425682681905], "AVNR": [0.6599999999999999, 0.19120425682681905], "AVXS": [0.0, 0.19120425682681905], "BCRX": [0.21757999999999997, 0.19120425682681905], "BGNE": [0.0, 0.19120425682681905], "BIIB": [-0.05008723404255325, 0.19120425682681905], "BIOD": [0.0, 0.19120425682681905], "BIOV": [0.0, 0.19120425682681905], "BLCM": [0.16612500000000002, 0.19120425682681905], "BLUE": [0.10801632653061226, 0.19120425682681905], "BMRN": [0.0904317073170732, 0.19120425682681905], "BMTI": [0.0772, 0.19120425682681905], "BOLD": [0.08092, 0.19120425682681905], "BPAX": [0.0, 0.19120425682681905], "BPMC": [0.08256470588235293, 0.19120425682681905], "CADX": [0.296, 0.19120425682681905], "CALP": [0.0386, 0.19120425682681905], "CARA": [0.08859655172413794, 0.19120425682681905], "CASC": [0.18076666666666666, 0.19120425682681905], "CBPO": [-0.1029625, 0.19120425682681905], "CCXI": [0.34145, 0.19120425682681905], "CELG": [0.127906, 0.19120425682681905], "CEMP": [0.4916600000000001, 0.19120425682681905], "CERS": [0.2572333333333333, 0.19120425682681905], "CGEN": [0.5423, 0.19120425682681905], "CHMA": [0.6891499999999999, 0.19120425682681905], "CHRS": [0.14883846153846153, 0.19120425682681905], "CLDN": [0.5446000000000001, 0.19120425682681905], "CLDX": [0.087005, 0.19120425682681905], "CLSD": [0.059199999999999996, 0.19120425682681905], "CLVS": [0.12812500000000002, 0.19120425682681905], "CMRX": [0.5814333333333334, 0.19120425682681905], "CNCT": [0.0, 0.19120425682681905], "COLL": [0.1307222222222222, 0.19120425682681905], "CRA": [0.08439333333333333, 0.19120425682681905], "CRIS": [0.017027777777777777, 0.19120425682681905], "CRME": [0.0172, 0.19120425682681905], "CTIC": [0.302125, 0.19120425682681905], "CTRX": [0.23223333333333337, 0.19120425682681905], "CXRX": [0.06930212765957447, 0.19120425682681905], "CYTK": [0.2324142857142857, 0.19120425682681905], "CYTX": [0.27115, 0.19120425682681905], "DBVT": [0.0, 0.19120425682681905], "DEPO": [0.2666636363636364, 0.19120425682681905], "DERM": [0.021511111111111106, 0.19120425682681905], "DIGE": [0.0, 0.19120425682681905], "DRNA": [0.15277000000000002, 0.19120425682681905], "DRRX": [0.135575, 0.19120425682681905], "DVAX": [0.32538, 0.19120425682681905], "DYAX": [0.5423, 0.19120425682681905], "ECYT": [0.5423, 0.19120425682681905], "EDIT": [0.07700833333333333, 0.19120425682681905], "EGLT": [0.2036857142857143, 0.19120425682681905], "EGRX": [0.30945, 0.19120425682681905], "ENCY": [-0.077025, 0.19120425682681905], "ENDP": [0.08818139534883719, 0.19120425682681905], "ENTA": [0.17657454545454546, 0.19120425682681905], "ENZN": [0.5423, 0.19120425682681905], "EPIX": [0.0, 0.19120425682681905], "EPZM": [0.3218666666666667, 0.19120425682681905], "ESPR": [0.10391842105263156, 0.19120425682681905], "EXEL": [0.04147647058823532, 0.19120425682681905], "FACT": [0.1639962962962963, 0.19120425682681905], "FGEN": [0.06987692307692309, 0.19120425682681905], "FLKS": [0.063825, 0.19120425682681905], "FLML": [0.5423, 0.19120425682681905], "FLXN": [-0.04228571428571428, 0.19120425682681905], "FMI": [0.24700000000000003, 0.19120425682681905], "FOLD": [0.057684, 0.19120425682681905], "FOMX": [0.0, 0.19120425682681905], "FPRX": [0.0612, 0.19120425682681905], "GBT": [0.27758333333333335, 0.19120425682681905], "GERN": [0.053266666666666664, 0.19120425682681905], "GEVA": [0.0, 0.19120425682681905], "GHDX": [0.316175, 0.19120425682681905], "GILD": [0.031380258899676404, 0.19120425682681905], "GNVC": [0.4003, 0.19120425682681905], "GPRO": [0.14073287671232876, 0.19120425682681905], "GRFS": [-0.2732, 0.19120425682681905], "GTXI": [0.20715, 0.19120425682681905], "GWPH": [0.03449344262295085, 0.19120425682681905], "HALO": [0.34492727272727275, 0.19120425682681905], "HZNP": [0.21473157894736838, 0.19120425682681905], "ICEL": [0.46527500000000005, 0.19120425682681905], "ICPT": [0.021424999999999975, 0.19120425682681905], "ICY": [-0.3008, 0.19120425682681905], "IDIX": [0.5423, 0.19120425682681905], "ILMN": [0.14011304347826087, 0.19120425682681905], "ILU": [-0.4033, 0.19120425682681905], "IMDZ": [0.41711250000000005, 0.19120425682681905], "IMGN": [0.14301666666666665, 0.19120425682681905], "IMMU": [0.06527674418604651, 0.19120425682681905], "INCR": [0.26824489795918355, 0.19120425682681905], "INCY": [0.07455522388059703, 0.19120425682681905], "INFI": [0.24741666666666665, 0.19120425682681905], "INGN": [0.0, 0.19120425682681905], "INO": [0.10723333333333333, 0.19120425682681905], "INSM": [0.18076666666666666, 0.19120425682681905], "INSY": [0.09054999999999999, 0.19120425682681905], "INVA": [0.243212, 0.19120425682681905], "IONS": [0.13214077669902913, 0.19120425682681905], "IPXL": [0.2760833333333333, 0.19120425682681905], "IRWD": [0.16123684210526318, 0.19120425682681905], "ISTA": [0.1393047619047619, 0.19120425682681905], "ITCI": [0.0, 0.19120425682681905], "ITEK": [0.3877, 0.19120425682681905], "ITMN": [0.5423, 0.19120425682681905], "JAZZ": [0.15493478260869567, 0.19120425682681905], "JUNO": [0.20572222222222222, 0.19120425682681905], "KERX": [0.19808333333333336, 0.19120425682681905], "KITE": [0.10021818181818182, 0.19120425682681905], "KMPH": [0.43979999999999997, 0.19120425682681905], "KPTI": [0.21360625000000005, 0.19120425682681905], "KYTH": [0.0, 0.19120425682681905], "LBIO": [0.1843171428571429, 0.19120425682681905], "LGND": [0.30777, 0.19120425682681905], "LIFE": [0.059761111111111105, 0.19120425682681905], "LMNX": [0.11843076923076924, 0.19120425682681905], "LOXO": [0.08072727272727272, 0.19120425682681905], "LXRX": [0.399325, 0.19120425682681905],