{"ACAD": [0.1959047008547006, 0.11011505726880741], "ACHN": [0.14448, 0.11011505726880741], "ACOR": [0.53905, 0.11011505726880741], "ACRX": [0.22724615384615385, 0.11011505726880741], "ADRO": [0.4019, 0.11011505726880741], "AFFX": [0.0, 0.11011505726880741], "AFFY": [0.0, 0.11011505726880741], "AGEN": [0.14192, 0.11011505726880741], "AKRX": [0.4019, 0.11011505726880741], "ALKS": [0.0, 0.11011505726880741], "ALNY": [-0.148, 0.11011505726880741], "ALTH": [0.17864285714285713, 0.11011505726880741], "ALXA": [0.12902, 0.11011505726880741], "ALXN": [0.07224, 0.11011505726880741], "AMAG": [0.25, 0.11011505726880741], "AMGN": [0.12726666666666667, 0.11011505726880741], "AMLN": [0.5574, 0.11011505726880741], "AMRN": [0.09918173076923077, 0.11011505726880741], "ANAC": [0.14374666666666666, 0.11011505726880741], "ANDS": [0.16376250000000003, 0.11011505726880741], "ANIP": [0.0, 0.11011505726880741], "ANTH": [0.12448181818181818, 0.11011505726880741], "APCVZ&": [0.0, 0.11011505726880741], "APPX": [0.0, 0.11011505726880741], "ARIA": [0.0, 0.11011505726880741], "ARNA": [0.0670950495049505, 0.11011505726880741], "ARQL": [-0.05032, 0.11011505726880741], "ARRY": [0.17664545454545455, 0.11011505726880741], "ARWR": [0.07955, 0.11011505726880741], "ARXT": [0.0, 0.11011505726880741], "ASPX": [0.1948523076923077, 0.11011505726880741], "AST": [0.10448810810810803, 0.11011505726880741], "ASTX": [0.0, 0.11011505726880741], "ATRA": [0.0, 0.11011505726880741], "AVEO": [-0.08625, 0.11011505726880741], "AVNR": [0.0857, 0.11011505726880741], "AXCA": [0.0, 0.11011505726880741], "BCRX": [0.026226315789473684, 0.11011505726880741], "BGIXX": [0.0, 0.11011505726880741], "BIIB": [0.030040000000000004, 0.11011505726880741], "BIOD": [0.30555, 0.11011505726880741], "BIVN": [0.0, 0.11011505726880741], "BLKFDS": [0.0, 0.11011505726880741], "BLUE": [0.1668, 0.11011505726880741], "BLUS": [0.0, 0.11011505726880741], "BMRN": [0.1998, 0.11011505726880741], "BMTI": [0.05922857142857143, 0.11011505726880741], "BPAX": [0.07304444444444444, 0.11011505726880741], "BPMC": [0.0, 0.11011505726880741], "BRIXX": [0.0, 0.11011505726880741], "BTRX": [0.0, 0.11011505726880741], "CADX": [0.13486666666666666, 0.11011505726880741], "CALP": [0.3367, 0.11011505726880741], "CBPO": [-0.0242, 0.11011505726880741], "CBST": [0.0, 0.11011505726880741], "CELG": [0.15365, 0.11011505726880741], "CERS": [0.0, 0.11011505726880741], "CLDX": [0.122, 0.11011505726880741], "COLY": [0.0, 0.11011505726880741], "CRA": [-0.03263157894736842, 0.11011505726880741], "CRIS": [0.0, 0.11011505726880741], "CRME": [0.0, 0.11011505726880741], "CSKI": [0.0, 0.11011505726880741], "CTIC": [0.05716000000000001, 0.11011505726880741], "CTRX": [0.5574, 0.11011505726880741], "CYTK": [0.03499230769230769, 0.11011505726880741], "CYTX": [0.2285, 0.11011505726880741], "DEPO": [0.4215, 0.11011505726880741], "DNDN": [0.0, 0.11011505726880741], "DRAX": [0.0, 0.11011505726880741], "DRRX": [0.0, 0.11011505726880741], "DVAX": [0.09693684210526315, 0.11011505726880741], "DYAX": [0.0, 0.11011505726880741], "ECYT": [0.2838307692307693, 0.11011505726880741], "EDIT": [0.14049999999999999, 0.11011505726880741], "EMIS": [0.0, 0.11011505726880741], "ENCY": [0.0, 0.11011505726880741], "ENDP": [0.15957931034482759, 0.11011505726880741], "ENTA": [0.16213, 0.11011505726880741], "ENZN": [0.0, 0.11011505726880741], "EURX": [0.0, 0.11011505726880741], "EXEL": [0.1963048780487805, 0.11011505726880741], "FACT": [0.2325090909090909, 0.11011505726880741], "FMI": [0.0, 0.11011505726880741], "FOLD": [0.15383173076923076, 0.11011505726880741], "FURX": [0.0, 0.11011505726880741], "GERN": [0.0, 0.11011505726880741], "GILD": [0.23375789473684208, 0.11011505726880741], "GNTA": [0.8043, 0.11011505726880741], "HALO": [0.0, 0.11011505726880741], "HBIO": [-0.0258, 0.11011505726880741], "HGSI": [0.57546, 0.11011505726880741], "HPTX": [0.21075, 0.11011505726880741], "HZNP": [0.17771999999999996, 0.11011505726880741], "ICEL": [0.4665, 0.11011505726880741], "ICY": [0.033716666666666666, 0.11011505726880741], "IDIX": [0.3991, 0.11011505726880741], "ILMN": [-0.2983, 0.11011505726880741], "ILU": [0.208675, 0.11011505726880741], "IMGN": [0.09526521739130435, 0.11011505726880741], "IMMU": [0.0, 0.11011505726880741], "INCR": [0.38110000000000005, 0.11011505726880741], "INCY": [0.0, 0.11011505726880741], "INFI": [0.0, 0.11011505726880741], "INGN": [0.4404, 0.11011505726880741], "INO": [0.0768263157894737, 0.11011505726880741], "INSM": [0.2356666666666667, 0.11011505726880741], "IONS": [0.13239230769230773, 0.11011505726880741], "IPXL": [0.0, 0.11011505726880741], "IRWD": [0.054159999999999986, 0.11011505726880741], "ISIS": [0.0, 0.11011505726880741], "ISTA": [0.0999, 0.11011505726880741], "JAZZ": [0.11538888888888889, 0.11011505726880741], "KERX": [0.03757777777777778, 0.11011505726880741], "LBIO": [-0.005342857142857145, 0.11011505726880741], "LGND": [0.10615000000000001, 0.11011505726880741], "LIFE": [0.06363333333333333, 0.11011505726880741], "LMNX": [0.0, 0.11011505726880741], "LXRX": [0.5729000000000001, 0.11011505726880741], "MACK": [0.0, 0.11011505726880741], "MAPP": [-0.11315, 0.11011505726880741], "MDVN": [0.17975, 0.11011505726880741], "MEDI": [0.06892222222222222, 0.11011505726880741], "MITI": [0.0, 0.11011505726880741], "MNK": [0.0, 0.11011505726880741], "MNKD": [0.0, 0.11011505726880741], "MNTA": [0.0, 0.11011505726880741], "MRNA": [0.0, 0.11011505726880741], "MYGN": [0.10437272727272727, 0.11011505726880741], "MYL": [0.0, 0.11011505726880741], "MYRX": [0.0, 0.11011505726880741], "NBIX": [0.0, 0.11011505726880741], "NFLD": [0.0, 0.11011505726880741], "NH": [0.0, 0.11011505726880741], "NK": [0.14041341463414636, 0.11011505726880741], "NKTR": [0.3182, 0.11011505726880741], "NPSP": [0.056100000000000004, 0.11011505726880741], "NRMX": [0.0, 0.11011505726880741], "NVAX": [0.0, 0.11011505726880741], "OCUL": [0.0, 0.11011505726880741], "OMED": [0.0, 0.11011505726880741], "OMER": [0.22766666666666668, 0.11011505726880741], "ONCE": [0.10807499999999999, 0.11011505726880741], "ONTY": [0.0, 0.11011505726880741], "ONXX": [0.12040000000000001, 0.11011505726880741], "OPK": [0.286425, 0.11011505726880741], "OPTR": [0.0, 0.11011505726880741], "OREX": [0.06159487179487181, 0.11011505726880741], "OSCI": [0.0, 0.11011505726880741], "OSIR": [0.42460000000000003, 0.11011505726880741], "OTIC": [-0.004559999999999997, 0.11011505726880741], "OVAS": [0.802, 0.11011505726880741], "PACB": [0.36779999999999996, 0.11011505726880741], "PCYC": [0.0, 0.11011505726880741], "PTX": [0.21075, 0.11011505726880741], "QCOR": [0.021294736842105266, 0.11011505726880741], "RARE": [0.49425, 0.11011505726880741], "REGN": [0.2738384615384616, 0.11011505726880741], "RGLS": [0.0, 0.11011505726880741], "RIGL": [0.0, 0.11011505726880741], "RNAI": [0.005549999999999999, 0.11011505726880741], "RPTP": [0.0, 0.11011505726880741], "SAGE": [0.21197476635514012, 0.11011505726880741], "SCMP": [-0.06412499999999999, 0.11011505726880741], "SGEN": [0.0, 0.11011505726880741], "SGMO": [0.0281, 0.11011505726880741], "SGYP": [0.010029629629629626, 0.11011505726880741], "SLXA": [0.0, 0.11011505726880741], "SLXP": [0.3182, 0.11011505726880741], "SNTA": [0.0, 0.11011505726880741], "SNTS": [0.18345555555555557, 0.11011505726880741], "SPPI": [0.11034210526315788, 0.11011505726880741], "SQNM": [0.19245454545454546, 0.11011505726880741], "SRPT": [0.14279724770642196, 0.11011505726880741], "STEM": [0.0, 0.11011505726880741], "SUPN": [0.0, 0.11011505726880741], "SVA": [0.0, 0.11011505726880741], "TBPH": [0.0, 0.11011505726880741], "TECH": [0.18683787878787878, 0.11011505726880741], "TEVA": [0.01525, 0.11011505726880741], "THLD": [0.0, 0.11011505726880741], "THRX": [0.18872222222222224, 0.11011505726880741], "TNOX": [0.0, 0.11011505726880741], "TSRX": [0.10038235294117648, 0.11011505726880741], "TWTI": [0.0, 0.11011505726880741], "USD": [0.06401915887850466, 0.11011505726880741], "UTHR": [0.25256666666666666, 0.11011505726880741],