{"ACAD": [0.021871428571428573, 0.12551959582521116], "ACHN": [0.0858590909090909, 0.12551959582521116], "ACOR": [0.03412571428571429, 0.12551959582521116], "ACRX": [-0.14730000000000001, 0.12551959582521116], "ADHD": [-0.07627999999999999, 0.12551959582521116], "AEGR": [0.09866666666666667, 0.12551959582521116], "AFFX": [0.22020000000000003, 0.12551959582521116], "AFFY": [0.0, 0.12551959582521116], "AGEN": [0.0054857142857143, 0.12551959582521116], "AKRX": [-0.1366, 0.12551959582521116], "ALIM": [0.0, 0.12551959582521116], "ALNY": [0.11351290322580646, 0.12551959582521116], "ALTH": [0.1903166666666667, 0.12551959582521116], "ALXA": [0.0, 0.12551959582521116], "ALXN": [0.24666923076923078, 0.12551959582521116], "AMAG": [-0.16463333333333333, 0.12551959582521116], "AMGN": [-0.05564666666666665, 0.12551959582521116], "AMLN": [0.7717, 0.12551959582521116], "AMRI": [0.2950833333333333, 0.12551959582521116], "AMRN": [0.3625333333333334, 0.12551959582521116], "ANAC": [0.059133333333333336, 0.12551959582521116], "ANDS": [0.7269, 0.12551959582521116], "ANTH": [0.2174875, 0.12551959582521116], "ARIA": [0.11005853658536582, 0.12551959582521116], "ARNA": [0.030483720930232553, 0.12551959582521116], "ARQL": [0.148, 0.12551959582521116], "ARRY": [-0.08836, 0.12551959582521116], "ARWR": [0.20524090909090908, 0.12551959582521116], "ASPX": [0.0982764705882353, 0.12551959582521116], "AST": [0.08702500000000002, 0.12551959582521116], "ASTX": [0.0, 0.12551959582521116], "ATRA": [0.0, 0.12551959582521116], "AUXL": [0.0516, 0.12551959582521116], "AVEO": [0.09866666666666667, 0.12551959582521116], "AVNR": [0.1258222222222222, 0.12551959582521116], "AXCA": [0.0, 0.12551959582521116], "BCRX": [0.0, 0.12551959582521116], "BIIB": [0.10777209302325581, 0.12551959582521116], "BIOD": [0.28461515151515154, 0.12551959582521116], "BIOV": [0.23026666666666665, 0.12551959582521116], "BLUE": [0.0128375, 0.12551959582521116], "BMRN": [0.05455000000000001, 0.12551959582521116], "CADX": [0.1572763157894737, 0.12551959582521116], "CALP": [0.10115, 0.12551959582521116], "CARA": [0.0, 0.12551959582521116], "CBRX": [0.0, 0.12551959582521116], "CBST": [0.35346666666666665, 0.12551959582521116], "CCXI": [0.0, 0.12551959582521116], "CELG": [0.28049375, 0.12551959582521116], "CEMP": [0.2359, 0.12551959582521116], "CERS": [0.16501666666666667, 0.12551959582521116], "CLDX": [0.125, 0.12551959582521116], "CLVS": [-0.33845999999999987, 0.12551959582521116], "CMRX": [0.0, 0.12551959582521116], "CNCE": [0.18319714285714292, 0.12551959582521116], "COLL": [-0.09878, 0.12551959582521116], "CRA": [0.13502352941176474, 0.12551959582521116], "CRIS": [0.04228571428571428, 0.12551959582521116], "CRME": [0.059047999999999996, 0.12551959582521116], "CTIC": [0.0, 0.12551959582521116], "CTRX": [0.0962625, 0.12551959582521116], "CYTK": [0.0, 0.12551959582521116], "CYTX": [0.02365, 0.12551959582521116], "DEPO": [0.08, 0.12551959582521116], "DERM": [0.0, 0.12551959582521116], "DNDN": [0.0, 0.12551959582521116], "DRNA": [0.5569599999999999, 0.12551959582521116], "DRRX": [0.07497460317460317, 0.12551959582521116], "DSCO": [0.059199999999999996, 0.12551959582521116], "DVAX": [0.42716000000000004, 0.12551959582521116], "DYAX": [0.0, 0.12551959582521116], "ECYT": [0.04404, 0.12551959582521116], "EDIT": [0.3038083333333334, 0.12551959582521116], "EGLT": [0.22630000000000003, 0.12551959582521116], "EGRX": [0.11379285714285715, 0.12551959582521116], "ENCY": [-0.10945999999999997, 0.12551959582521116], "ENDP": [-0.13843333333333332, 0.12551959582521116], "ENTA": [0.09036000000000001, 0.12551959582521116], "ENZN": [0.0, 0.12551959582521116], "EPZM": [0.22077142857142856, 0.12551959582521116], "ESPR": [0.074, 0.12551959582521116], "EXEL": [-0.025411111111111107, 0.12551959582521116], "FACT": [0.6115, 0.12551959582521116], "FLML": [0.0, 0.12551959582521116], "FLXN": [0.0, 0.12551959582521116], "FMI": [0.2057142857142857, 0.12551959582521116], "FOLD": [0.15796666666666667, 0.12551959582521116], "FPRX": [0.08333333333333333, 0.12551959582521116], "FURX": [0.08005000000000001, 0.12551959582521116], "GENZ": [0.0, 0.12551959582521116], "GERN": [0.3700625, 0.12551959582521116], "GEVA": [-0.24057142857142857, 0.12551959582521116], "GHDX": [0.5106, 0.12551959582521116], "GILD": [0.17704262295081968, 0.12551959582521116], "GNVC": [-0.026055555555555554, 0.12551959582521116], "GRFS": [0.6597, 0.12551959582521116], "GWPH": [0.04683333333333334, 0.12551959582521116], "HALO": [0.09332500000000002, 0.12551959582521116], "HPTX": [0.3612, 0.12551959582521116], "HZNP": [0.15931, 0.12551959582521116], "ICEL": [0.24484000000000003, 0.12551959582521116], "ICPT": [0.10335000000000003, 0.12551959582521116], "IDIX": [0.0, 0.12551959582521116], "ILMN": [0.00435, 0.12551959582521116], "IMGN": [-0.25, 0.12551959582521116], "IMMU": [-0.19132499999999997, 0.12551959582521116], "INCR": [0.2387814814814815, 0.12551959582521116], "INCY": [0.09625600000000001, 0.12551959582521116], "INFI": [0.24341538461538464, 0.12551959582521116], "INO": [0.14546818181818183, 0.12551959582521116], "INSM": [0.09866666666666667, 0.12551959582521116], "IONS": [0.0314234375, 0.12551959582521116], "IPXL": [0.20270000000000002, 0.12551959582521116], "IRWD": [0.0, 0.12551959582521116], "ISIS": [0.11380000000000001, 0.12551959582521116], "ISPH": [0.0, 0.12551959582521116], "ISTA": [0.13610624999999998, 0.12551959582521116], "ITMN": [0.1816125, 0.12551959582521116], "JAZZ": [0.08367692307692308, 0.12551959582521116], "KERX": [0.4404, 0.12551959582521116], "KYTH": [0.0, 0.12551959582521116], "LBIO": [0.10853333333333334, 0.12551959582521116], "LGND": [0.15540384615384614, 0.12551959582521116], "LIFE": [0.08783333333333333, 0.12551959582521116], "LXRX": [0.12040000000000001, 0.12551959582521116], "MACK": [0.3349, 0.12551959582521116], "MDCO": [0.08173333333333335, 0.12551959582521116], "MDVN": [0.4033, 0.12551959582521116], "MEDI": [0.2706850482315116, 0.12551959582521116], "MGNX": [0.18660833333333335, 0.12551959582521116], "MNK": [0.09856363636363637, 0.12551959582521116], "MNKD": [0.10849999999999999, 0.12551959582521116], "MNTA": [0.1151125, 0.12551959582521116], "MRNA": [0.1854, 0.12551959582521116], "MYGN": [0.09854, 0.12551959582521116], "MYL": [0.3595333333333333, 0.12551959582521116], "NBIX": [0.09866666666666667, 0.12551959582521116], "NH": [0.004546666666666666, 0.12551959582521116], "NK": [0.10764421052631577, 0.12551959582521116], "NKTR": [-0.25, 0.12551959582521116], "NLNK": [0.13396666666666665, 0.12551959582521116], "NPSP": [0.142975, 0.12551959582521116], "NVAX": [0.0, 0.12551959582521116], "OMED": [0.029599999999999998, 0.12551959582521116], "OMER": [0.296, 0.12551959582521116], "ONCE": [0.16792500000000002, 0.12551959582521116], "ONTX": [0.0, 0.12551959582521116], "ONTY": [0.08038, 0.12551959582521116], "ONVO": [0.08455714285714287, 0.12551959582521116], "ONXX": [0.13617142857142858, 0.12551959582521116], "OPHT": [0.0, 0.12551959582521116], "OPK": [0.2312666666666667, 0.12551959582521116], "OREX": [-0.022948571428571426, 0.12551959582521116], "OSCI": [-0.009450000000000002, 0.12551959582521116], "OTIC": [0.17221875000000003, 0.12551959582521116], "OVAS": [0.6892, 0.12551959582521116], "PACB": [-0.1027, 0.12551959582521116], "PANC": [-0.6597, 0.12551959582521116], "PCRX": [0.4223166666666667, 0.12551959582521116], "PCYC": [0.4767, 0.12551959582521116], "PRGO": [0.0, 0.12551959582521116], "PTIE": [0.06808, 0.12551959582521116], "PTX": [0.1806, 0.12551959582521116], "QCOR": [0.18369428571428575, 0.12551959582521116], "QURE": [0.1027, 0.12551959582521116], "RARE": [0.450875, 0.12551959582521116], "RCPT": [-0.1566833333333333, 0.12551959582521116], "REGN": [0.0, 0.12551959582521116], "RGLS": [0.6249, 0.12551959582521116], "RIGL": [0.2923, 0.12551959582521116], "RNAI": [0.31831, 0.12551959582521116], "RPTP": [0.0, 0.12551959582521116], "RTRX": [0.12296799999999998, 0.12551959582521116], "SAGE": [0.05463333333333333, 0.12551959582521116],