{"ACAD": [0.02982222222222222, 0.11156606379990222], "ACHN": [0.148, 0.11156606379990222], "ACOR": [0.24964, 0.11156606379990222], "ACRX": [-0.014040000000000007, 0.11156606379990222], "ADHD": [-0.16592500000000002, 0.11156606379990222], "AEGR": [-0.0766, 0.11156606379990222], "AERI": [0.0, 0.11156606379990222], "AFFX": [0.37748571428571426, 0.11156606379990222], "AFFY": [0.1844583333333333, 0.11156606379990222], "AGEN": [0.32172564102564105, 0.11156606379990222], "AKRX": [0.0, 0.11156606379990222], "ALIM": [0.28595, 0.11156606379990222], "ALKS": [0.0, 0.11156606379990222], "ALNY": [0.27315, 0.11156606379990222], "ALTH": [0.19066170212765954, 0.11156606379990222], "ALXA": [0.0, 0.11156606379990222], "ALXN": [0.029746666666666668, 0.11156606379990222], "AMGN": [0.0, 0.11156606379990222], "AMRI": [0.0, 0.11156606379990222], "AMRN": [0.21453000000000003, 0.11156606379990222], "ANAC": [0.6884, 0.11156606379990222], "ANIP": [0.1073875, 0.11156606379990222], "ANTH": [0.0, 0.11156606379990222], "ARIA": [0.12994651162790702, 0.11156606379990222], "ARNA": [-0.07358, 0.11156606379990222], "ARQL": [0.0, 0.11156606379990222], "ARRY": [0.0336, 0.11156606379990222], "ARWR": [0.16135, 0.11156606379990222], "ASPX": [0.21927058823529413, 0.11156606379990222], "AST": [0.20715454545454548, 0.11156606379990222], "ASTX": [-0.4404, 0.11156606379990222], "ATRA": [0.0, 0.11156606379990222], "AUXL": [0.14020666666666667, 0.11156606379990222], "AVNR": [0.22556666666666667, 0.11156606379990222], "AXCA": [-0.7184, 0.11156606379990222], "BCRX": [0.11674705882352941, 0.11156606379990222], "BIIB": [0.21136842105263162, 0.11156606379990222], "BIOD": [0.0, 0.11156606379990222], "BLUE": [0.12321428571428572, 0.11156606379990222], "BMRN": [0.06535517241379311, 0.11156606379990222], "CADX": [0.019220689655172415, 0.11156606379990222], "CALP": [0.0, 0.11156606379990222], "CARA": [-0.044550000000000034, 0.11156606379990222], "CBPO": [0.0, 0.11156606379990222], "CBRX": [0.0, 0.11156606379990222], "CBST": [-0.0625, 0.11156606379990222], "CCXI": [0.2202, 0.11156606379990222], "CELG": [0.06289636363636363, 0.11156606379990222], "CEMP": [0.0, 0.11156606379990222], "CEPH": [-0.06846666666666666, 0.11156606379990222], "CERS": [0.3825, 0.11156606379990222], "CLVS": [0.2634160000000001, 0.11156606379990222], "CMRX": [0.08513333333333332, 0.11156606379990222], "CNCE": [0.19397142857142854, 0.11156606379990222], "COLL": [-0.055175, 0.11156606379990222], "CRA": [0.0464, 0.11156606379990222], "CRIS": [-0.05225833333333335, 0.11156606379990222], "CRME": [0.18507, 0.11156606379990222], "CTRX": [0.0, 0.11156606379990222], "CYTK": [0.14978235294117645, 0.11156606379990222], "CYTX": [0.0, 0.11156606379990222], "DEPO": [0.0, 0.11156606379990222], "DRRX": [0.36788000000000004, 0.11156606379990222], "DSCO": [0.0, 0.11156606379990222], "DVAX": [0.03865384615384616, 0.11156606379990222], "DYAX": [0.16056428571428571, 0.11156606379990222], "ECYT": [0.0129, 0.11156606379990222], "EDIT": [0.25453333333333333, 0.11156606379990222], "EGLT": [0.4939, 0.11156606379990222], "EGRX": [0.31581428571428566, 0.11156606379990222], "ENCY": [0.0, 0.11156606379990222], "ENDP": [0.09001714285714287, 0.11156606379990222], "ENTA": [0.1245375, 0.11156606379990222], "ENZN": [0.0, 0.11156606379990222], "EPZM": [0.0, 0.11156606379990222], "EXEL": [0.0, 0.11156606379990222], "FACT": [0.6808, 0.11156606379990222], "FGEN": [0.0, 0.11156606379990222], "FLKS": [0.0, 0.11156606379990222], "FOLD": [0.14049999999999999, 0.11156606379990222], "FURX": [0.09687878787878788, 0.11156606379990222], "GERN": [0.004500000000000004, 0.11156606379990222], "GEVA": [0.0, 0.11156606379990222], "GILD": [0.14241688311688314, 0.11156606379990222], "GPRO": [0.0, 0.11156606379990222], "GTXI": [0.28105, 0.11156606379990222], "GWPH": [-0.06605, 0.11156606379990222], "HALO": [0.10826122448979594, 0.11156606379990222], "HBIO": [0.765, 0.11156606379990222], "HPTX": [0.2023, 0.11156606379990222], "HZNP": [0.02802727272727273, 0.11156606379990222], "ICEL": [0.6900999999999999, 0.11156606379990222], "ICPT": [0.20147142857142858, 0.11156606379990222], "ICY": [0.0, 0.11156606379990222], "IDIX": [0.0, 0.11156606379990222], "ILMN": [0.068835, 0.11156606379990222], "ILU": [-0.11713333333333335, 0.11156606379990222], "IMMU": [0.013233333333333338, 0.11156606379990222], "INCR": [0.271015, 0.11156606379990222], "INCY": [0.09763076923076922, 0.11156606379990222], "INFI": [0.0796125, 0.11156606379990222], "INHX": [0.2732, 0.11156606379990222], "INO": [0.10353972602739728, 0.11156606379990222], "INSM": [0.11123333333333334, 0.11156606379990222], "INSY": [0.4060777777777778, 0.11156606379990222], "IONS": [0.16228961038961037, 0.11156606379990222], "IPXL": [-0.1858, 0.11156606379990222], "IRWD": [0.1937333333333333, 0.11156606379990222], "ISIS": [0.068, 0.11156606379990222], "ISTA": [0.36729999999999996, 0.11156606379990222], "ITMN": [0.0, 0.11156606379990222], "JAZZ": [0.08520227272727274, 0.11156606379990222], "KERX": [0.135, 0.11156606379990222], "KYTH": [0.148, 0.11156606379990222], "LBIO": [0.11342, 0.11156606379990222], "LGND": [0.3779571428571429, 0.11156606379990222], "LIFE": [0.2072, 0.11156606379990222], "LXRX": [0.0, 0.11156606379990222], "MACK": [-0.1849, 0.11156606379990222], "MAPP": [0.4767, 0.11156606379990222], "MDCO": [0.11175263157894737, 0.11156606379990222], "MDVN": [0.3440083333333333, 0.11156606379990222], "MEDI": [0.2843636568848784, 0.11156606379990222], "MGNX": [0.16775555555555555, 0.11156606379990222], "MNK": [0.12785000000000002, 0.11156606379990222], "MNKD": [0.12965070422535213, 0.11156606379990222], "MNOV": [0.1752, 0.11156606379990222], "MYGN": [-0.03894999999999999, 0.11156606379990222], "MYL": [0.008810344827586209, 0.11156606379990222], "NBIX": [0.0, 0.11156606379990222], "NH": [0.04499999999999999, 0.11156606379990222], "NK": [0.08607519999999996, 0.11156606379990222], "NKTR": [0.0, 0.11156606379990222], "NLNK": [-0.1686875, 0.11156606379990222], "NPSP": [0.17954189189189182, 0.11156606379990222], "NVAX": [0.0, 0.11156606379990222], "OMED": [0.08562857142857143, 0.11156606379990222], "OMER": [0.12016071428571427, 0.11156606379990222], "ONCE": [0.3596333333333333, 0.11156606379990222], "ONTX": [0.11174716981132077, 0.11156606379990222], "ONTY": [-0.3592, 0.11156606379990222], "ONVO": [0.074065, 0.11156606379990222], "ONXX": [0.5574, 0.11156606379990222], "OPHT": [0.13895, 0.11156606379990222], "OPK": [0.03831428571428571, 0.11156606379990222], "OREX": [0.012372972972972972, 0.11156606379990222], "OSCI": [0.0, 0.11156606379990222], "OSIR": [0.26525, 0.11156606379990222], "OTIC": [0.1591, 0.11156606379990222], "PACB": [0.0, 0.11156606379990222], "PANC": [-0.6500166666666666, 0.11156606379990222], "PCYC": [0.0, 0.11156606379990222], "PGNX": [0.0, 0.11156606379990222], "PHRM": [0.0, 0.11156606379990222], "POZN": [0.0, 0.11156606379990222], "PRGO": [0.0, 0.11156606379990222], "PRTA": [0.68, 0.11156606379990222], "PTIE": [0.34426666666666667, 0.11156606379990222], "PTX": [0.16660000000000003, 0.11156606379990222], "QCOR": [0.1675776119402985, 0.11156606379990222], "RARE": [-0.0479, 0.11156606379990222], "REGN": [0.17604, 0.11156606379990222], "RGLS": [0.6486, 0.11156606379990222], "RNAI": [-0.024540000000000003, 0.11156606379990222], "SAGE": [0.1816, 0.11156606379990222], "SCMP": [0.296, 0.11156606379990222], "SGEN": [0.1392875, 0.11156606379990222], "SGMO": [0.0, 0.11156606379990222], "SGNT": [0.09866666666666667, 0.11156606379990222], "SGYP": [0.14265757575757576, 0.11156606379990222], "SHPG": [0.16742222222222222, 0.11156606379990222], "SLXP": [0.18279230769230767, 0.11156606379990222], "SNTA": [0.48644999999999994, 0.11156606379990222], "SNTS": [0.0, 0.11156606379990222], "SPPI": [0.42115, 0.11156606379990222], "SQNM": [0.0, 0.11156606379990222], "SRPT": [0.0347095238095238, 0.11156606379990222], "STEM": [-0.026500000000000003, 0.11156606379990222], "SVA": [-0.014042857142857143, 0.11156606379990222], "TECH": [0.09102, 0.11156606379990222],