{"ACAD": [-0.3182, 0.10947631999559913], "ACOR": [0.0, 0.10947631999559913], "ADLR": [0.03133125, 0.10947631999559913], "AFFX": [0.5249142857142858, 0.10947631999559913], "AKRX": [-0.0995, 0.10947631999559913], "ALKS": [0.45879999999999993, 0.10947631999559913], "ALNY": [0.0, 0.10947631999559913], "ALTH": [0.16526619718309868, 0.10947631999559913], "ALXA": [-0.020816666666666664, 0.10947631999559913], "ALXN": [0.7184, 0.10947631999559913], "AMAG": [-0.089803125, 0.10947631999559913], "AMGN": [-0.011785185185185185, 0.10947631999559913], "AMLN": [0.02511875, 0.10947631999559913], "AMRN": [0.19458250000000002, 0.10947631999559913], "ANAC": [0.0, 0.10947631999559913], "ANDS": [0.0353, 0.10947631999559913], "ANTH": [0.6249, 0.10947631999559913], "ARIA": [0.4839619047619049, 0.10947631999559913], "ARNA": [0.25265000000000004, 0.10947631999559913], "ASPX": [0.2919153846153846, 0.10947631999559913], "AST": [0.14262424242424246, 0.10947631999559913], "ASTX": [0.0, 0.10947631999559913], "AUXL": [-0.2023, 0.10947631999559913], "AVEO": [0.0, 0.10947631999559913], "AVII": [0.0, 0.10947631999559913], "AVNR": [0.0, 0.10947631999559913], "BCRX": [0.0, 0.10947631999559913], "BIIB": [0.321923076923077, 0.10947631999559913], "BIOD": [0.0, 0.10947631999559913], "BMRN": [0.0, 0.10947631999559913], "BPAX": [0.537325, 0.10947631999559913], "CBST": [0.49757500000000005, 0.10947631999559913], "CELG": [0.026793333333333332, 0.10947631999559913], "CEPH": [0.0, 0.10947631999559913], "CERS": [0.0, 0.10947631999559913], "CHRS": [0.0, 0.10947631999559913], "COLL": [0.0, 0.10947631999559913], "CRA": [0.050199999999999995, 0.10947631999559913], "CRIS": [0.1819285714285714, 0.10947631999559913], "CRME": [0.4588, 0.10947631999559913], "CTIC": [0.4404, 0.10947631999559913], "CYTK": [0.15337500000000004, 0.10947631999559913], "CYTX": [0.0, 0.10947631999559913], "DEPO": [0.80055, 0.10947631999559913], "DNDN": [-0.0582, 0.10947631999559913], "DRRX": [0.22435, 0.10947631999559913], "DSCO": [0.0, 0.10947631999559913], "DVAX": [0.11957010309278344, 0.10947631999559913], "ENCY": [0.2732, 0.10947631999559913], "ENDP": [-0.2415, 0.10947631999559913], "ENTA": [-0.3182, 0.10947631999559913], "ENZN": [0.0, 0.10947631999559913], "EXEL": [0.0, 0.10947631999559913], "FLKS": [0.20095, 0.10947631999559913], "GENZ": [0.0, 0.10947631999559913], "GHDX": [0.3818, 0.10947631999559913], "GILD": [0.0, 0.10947631999559913], "GNTA": [-0.296, 0.10947631999559913], "GPRO": [0.12726666666666667, 0.10947631999559913], "GTXI": [0.05317826086956522, 0.10947631999559913], "HGSI": [0.11915555555555556, 0.10947631999559913], "HITK": [0.6259, 0.10947631999559913], "ILMN": [0.0, 0.10947631999559913], "ILU": [0.04594999999999999, 0.10947631999559913], "IMMU": [0.0, 0.10947631999559913], "INCR": [0.29569999999999996, 0.10947631999559913], "INFI": [0.0, 0.10947631999559913], "INHX": [0.0, 0.10947631999559913], "INO": [0.0, 0.10947631999559913], "IONS": [0.10948076923076923, 0.10947631999559913], "ISIS": [0.0, 0.10947631999559913], "ISTA": [0.7345, 0.10947631999559913], "ITMN": [0.0, 0.10947631999559913], "JAZZ": [0.21215, 0.10947631999559913], "KERX": [0.2172, 0.10947631999559913], "LBIO": [0.07955, 0.10947631999559913], "LIFE": [0.12726666666666667, 0.10947631999559913], "LXRX": [-0.23835, 0.10947631999559913], "MACK": [0.7845, 0.10947631999559913], "MAPP": [0.2023, 0.10947631999559913], "MCRB": [0.296, 0.10947631999559913], "MEDI": [-0.1806, 0.10947631999559913], "MNK": [-0.2023, 0.10947631999559913], "MNKD": [-0.2023, 0.10947631999559913], "MNTA": [0.1548, 0.10947631999559913], "MYL": [0.0, 0.10947631999559913], "NABI": [0.22940000000000002, 0.10947631999559913], "NH": [0.04627, 0.10947631999559913], "NK": [-0.005795454545454553, 0.10947631999559913], "NKTR": [0.45879999999999993, 0.10947631999559913], "NOVN": [0.0, 0.10947631999559913], "OMED": [-0.11560000000000001, 0.10947631999559913], "OMER": [0.0, 0.10947631999559913], "OMPI": [0.0, 0.10947631999559913], "ONCE": [-0.056575, 0.10947631999559913], "ONTY": [0.16406749999999998, 0.10947631999559913], "OPTR": [0.0, 0.10947631999559913], "OREX": [0.0, 0.10947631999559913], "PANC": [-0.7777, 0.10947631999559913], "PCRX": [0.4404, 0.10947631999559913], "PTIE": [0.0, 0.10947631999559913], "QLTI": [-0.1591, 0.10947631999559913], "REGN": [0.6124, 0.10947631999559913], "RGLS": [0.0, 0.10947631999559913], "SAGE": [0.2264285714285714, 0.10947631999559913], "SCLN": [0.13486666666666666, 0.10947631999559913], "SGEN": [0.17608571428571432, 0.10947631999559913], "SGMO": [0.8718, 0.10947631999559913], "SIGA": [0.0, 0.10947631999559913], "SLXP": [0.0, 0.10947631999559913], "SNTA": [-0.13015882352941177, 0.10947631999559913], "SNTS": [0.0, 0.10947631999559913], "SPPI": [0.8059, 0.10947631999559913], "STEM": [0.0, 0.10947631999559913], "SUPG": [0.0, 0.10947631999559913], "SVA": [-0.4019, 0.10947631999559913], "TECH": [0.024578947368421054, 0.10947631999559913], "TEVA": [0.061919999999999996, 0.10947631999559913], "THLD": [-0.039488679245283015, 0.10947631999559913], "USD": [0.1926179487179487, 0.10947631999559913], "VICL": [0.5460900000000001, 0.10947631999559913], "VNDA": [0.13486666666666666, 0.10947631999559913], "VPHM": [0.0, 0.10947631999559913], "VRUS": [0.17834545454545453, 0.10947631999559913], "VVUS": [0.2898545454545455, 0.10947631999559913], "WCRX": [0.0, 0.10947631999559913], "XNPT": [0.0, 0.10947631999559913], "XOMA": [0.0, 0.10947631999559913], "ZGNX": [0.0, 0.10947631999559913], "ZLCS": [0.0, 0.10947631999559913]}