{"AKRX": [0.17020000000000002, 0.12062399304648411], "ALIM": [0.35402222222222224, 0.12062399304648411], "ALKS": [0.0, 0.12062399304648411], "ALTH": [0.29569999999999996, 0.12062399304648411], "ALXN": [0.4588, 0.12062399304648411], "ARRY": [0.2144, 0.12062399304648411], "AST": [0.043672380952380956, 0.12062399304648411], "AVII": [0.34, 0.12062399304648411], "BIIB": [0.21025999999999997, 0.12062399304648411], "BLUE": [0.0222, 0.12062399304648411], "BPAX": [0.14230322580645163, 0.12062399304648411], "CBRX": [0.5106, 0.12062399304648411], "CBST": [0.24114, 0.12062399304648411], "CELG": [-0.04933333333333333, 0.12062399304648411], "CEPH": [0.0, 0.12062399304648411], "COLL": [0.0, 0.12062399304648411], "CRA": [0.0, 0.12062399304648411], "CSKI": [0.0, 0.12062399304648411], "DNDN": [0.4404, 0.12062399304648411], "ECYT": [0.08265000000000002, 0.12062399304648411], "ENDP": [0.0, 0.12062399304648411], "ENTA": [0.0, 0.12062399304648411], "EPIX": [0.0, 0.12062399304648411], "FACT": [0.4019, 0.12062399304648411], "FOLD": [0.0, 0.12062399304648411], "FURX": [0.0, 0.12062399304648411], "GILD": [0.0, 0.12062399304648411], "GNTA": [0.0, 0.12062399304648411], "HITK": [0.35015, 0.12062399304648411], "HZNP": [0.0, 0.12062399304648411], "ICEL": [0.6488, 0.12062399304648411], "ICPT": [0.0, 0.12062399304648411], "ICY": [0.0, 0.12062399304648411], "ILMN": [0.1909, 0.12062399304648411], "INCY": [0.0, 0.12062399304648411], "INHX": [0.4404, 0.12062399304648411], "INO": [-0.3612, 0.12062399304648411], "IONS": [0.0, 0.12062399304648411], "ISTA": [0.0, 0.12062399304648411], "ITMN": [0.0, 0.12062399304648411], "KERX": [0.20526, 0.12062399304648411], "LBIO": [0.0, 0.12062399304648411], "LIFE": [0.0, 0.12062399304648411], "LMNX": [0.3818, 0.12062399304648411], "MACK": [0.0, 0.12062399304648411], "MAPP": [0.0, 0.12062399304648411], "MEDI": [-0.08534285714285715, 0.12062399304648411], "MITI": [0.0, 0.12062399304648411], "MYL": [0.0, 0.12062399304648411], "NH": [-0.02694285714285714, 0.12062399304648411], "NK": [0.07915909090909092, 0.12062399304648411], "OPK": [0.0, 0.12062399304648411], "OPTR": [0.0, 0.12062399304648411], "OREX": [0.0, 0.12062399304648411], "OVAS": [0.0, 0.12062399304648411], "PCYC": [0.4404, 0.12062399304648411], "PRGO": [0.76065, 0.12062399304648411], "QCOR": [0.32432000000000005, 0.12062399304648411], "RARE": [0.0, 0.12062399304648411], "SAGE": [0.17105, 0.12062399304648411], "SIGA": [0.0, 0.12062399304648411], "SNTA": [0.0, 0.12062399304648411], "SPPI": [0.0, 0.12062399304648411], "STEM": [0.0, 0.12062399304648411], "TARO": [0.5719, 0.12062399304648411], "TECH": [0.045533333333333335, 0.12062399304648411], "TEVA": [0.2083, 0.12062399304648411], "TRGT": [0.0, 0.12062399304648411], "USD": [0.02152427983539094, 0.12062399304648411], "UTHR": [0.17, 0.12062399304648411], "VRTX": [0.5106, 0.12062399304648411], "VRUS": [0.0, 0.12062399304648411], "XOMA": [0.0, 0.12062399304648411], "ZLCS": [0.0, 0.12062399304648411]}