{"AAVL": [-0.128, 0.07880899979562275], "ACAD": [0.4619944444444445, 0.07880899979562275], "ACHN": [0.0, 0.07880899979562275], "ACOR": [-0.03814107142857142, 0.07880899979562275], "ACRX": [0.14759999999999998, 0.07880899979562275], "ADHD": [-0.10928, 0.07880899979562275], "ADMS": [0.0, 0.07880899979562275], "ADRO": [0.06342857142857142, 0.07880899979562275], "ADVM": [-0.01626666666666668, 0.07880899979562275], "AEGR": [0.0, 0.07880899979562275], "AERI": [0.1341142857142857, 0.07880899979562275], "AFMD": [0.32161500000000004, 0.07880899979562275], "AGEN": [0.28459032258064515, 0.07880899979562275], "AGIO": [-0.21272666666666668, 0.07880899979562275], "AGTC": [0.0, 0.07880899979562275], "AIMT": [0.18040000000000003, 0.07880899979562275], "AKRX": [0.15464999999999998, 0.07880899979562275], "ALDR": [0.2023, 0.07880899979562275], "ALIM": [0.15490491803278691, 0.07880899979562275], "ALKS": [0.008433333333333334, 0.07880899979562275], "ALNY": [0.0, 0.07880899979562275], "ALTH": [0.07638048780487805, 0.07880899979562275], "ALXN": [-0.024490740740740743, 0.07880899979562275], "AMAG": [0.0, 0.07880899979562275], "AMGN": [0.1223903614457831, 0.07880899979562275], "AMPH": [0.0009270270270270292, 0.07880899979562275], "AMRI": [0.0, 0.07880899979562275], "AMRN": [-0.09711428571428571, 0.07880899979562275], "ANAC": [0.0, 0.07880899979562275], "ANDS": [-0.2824333333333333, 0.07880899979562275], "ANIP": [-0.6908, 0.07880899979562275], "ANPI": [0.0, 0.07880899979562275], "ANTH": [0.08039210526315789, 0.07880899979562275], "AQXP": [0.05574999999999999, 0.07880899979562275], "ARDX": [0.7096, 0.07880899979562275], "ARIA": [-0.05541999999999998, 0.07880899979562275], "ARLZ": [-0.07879900000000001, 0.07880899979562275], "ARNA": [0.12034761904761906, 0.07880899979562275], "ARQL": [0.19733333333333333, 0.07880899979562275], "ARRY": [0.19485454545454542, 0.07880899979562275], "ASPX": [0.12381500000000001, 0.07880899979562275], "AST": [0.0244741935483871, 0.07880899979562275], "ASTX": [-0.17790000000000003, 0.07880899979562275], "ATRA": [0.052245454545454546, 0.07880899979562275], "AVDL": [0.48355, 0.07880899979562275], "AVEO": [0.0, 0.07880899979562275], "AVXS": [-0.02485, 0.07880899979562275], "BCRX": [0.16970625, 0.07880899979562275], "BGNE": [0.09866666666666667, 0.07880899979562275], "BIIB": [0.12704285714285712, 0.07880899979562275], "BIOD": [0.4664, 0.07880899979562275], "BIOV": [-0.3818, 0.07880899979562275], "BLCM": [0.1424085714285714, 0.07880899979562275], "BLUE": [0.13502666666666663, 0.07880899979562275], "BMRN": [0.07025833333333335, 0.07880899979562275], "BOLD": [-0.09052, 0.07880899979562275], "BPMC": [0.0521, 0.07880899979562275], "CALP": [-0.06743333333333333, 0.07880899979562275], "CARA": [0.08990735294117644, 0.07880899979562275], "CASC": [0.00788095238095238, 0.07880899979562275], "CBPO": [-0.2023, 0.07880899979562275], "CCXI": [0.0, 0.07880899979562275], "CELG": [-0.04028624999999998, 0.07880899979562275], "CEMP": [0.09132500000000003, 0.07880899979562275], "CEPH": [-0.34340000000000004, 0.07880899979562275], "CERS": [0.0017166666666666626, 0.07880899979562275], "CGEN": [-0.22630000000000003, 0.07880899979562275], "CHMA": [0.5106, 0.07880899979562275], "CHRS": [0.030407499999999987, 0.07880899979562275], "CLDN": [0.0, 0.07880899979562275], "CLDX": [0.08808, 0.07880899979562275], "CLSD": [0.10928, 0.07880899979562275], "CLVS": [0.14115833333333333, 0.07880899979562275], "CMRX": [0.0064333333333333334, 0.07880899979562275], "CNCE": [0.10586956521739131, 0.07880899979562275], "COLL": [-0.03084285714285714, 0.07880899979562275], "CRA": [0.07888965517241382, 0.07880899979562275], "CRIS": [-0.06682727272727272, 0.07880899979562275], "CRME": [0.0, 0.07880899979562275], "CTIC": [0.04743333333333333, 0.07880899979562275], "CXRX": [0.21799, 0.07880899979562275], "CYTK": [0.19872499999999998, 0.07880899979562275], "CYTX": [-0.5106, 0.07880899979562275], "DBVT": [-0.5106, 0.07880899979562275], "DEPO": [0.20852857142857142, 0.07880899979562275], "DERM": [0.02096666666666665, 0.07880899979562275], "DIGE": [-0.22199999999999995, 0.07880899979562275], "DRNA": [0.49015000000000003, 0.07880899979562275], "DRRX": [0.0, 0.07880899979562275], "DSCO": [0.0, 0.07880899979562275], "DVAX": [0.034758000000000004, 0.07880899979562275], "ECYT": [0.01906666666666667, 0.07880899979562275], "EDIT": [0.20380500000000001, 0.07880899979562275], "EGLT": [0.04082666666666667, 0.07880899979562275], "EGRX": [0.40963333333333335, 0.07880899979562275], "EMIS": [0.0, 0.07880899979562275], "ENCY": [0.025741666666666673, 0.07880899979562275], "ENDP": [-0.07829204545454545, 0.07880899979562275], "ENTA": [0.070771875, 0.07880899979562275], "EPZM": [-0.083132, 0.07880899979562275], "ESPR": [0.12946249999999998, 0.07880899979562275], "EXEL": [0.037451851851851854, 0.07880899979562275], "FACT": [-0.021502777777777773, 0.07880899979562275], "FGEN": [0.168255, 0.07880899979562275], "FLKS": [0.005937499999999998, 0.07880899979562275], "FLXN": [-0.136125, 0.07880899979562275], "FMI": [0.039466666666666664, 0.07880899979562275], "FOLD": [0.3190555555555555, 0.07880899979562275], "FOMX": [0.1314, 0.07880899979562275], "FPRX": [-0.17715, 0.07880899979562275], "GBT": [0.08565090909090907, 0.07880899979562275], "GEVA": [-0.1806, 0.07880899979562275], "GILD": [0.10784892307692305, 0.07880899979562275], "GNVC": [0.0, 0.07880899979562275], "GPRO": [0.047131506849315066, 0.07880899979562275], "GRFS": [0.0, 0.07880899979562275], "GWPH": [0.04526020408163264, 0.07880899979562275], "HALO": [0.28796153846153844, 0.07880899979562275], "HBIO": [0.0, 0.07880899979562275], "HZNP": [0.3182, 0.07880899979562275], "ICEL": [0.4404, 0.07880899979562275], "ICPT": [0.059199999999999996, 0.07880899979562275], "ICY": [-0.019844444444444442, 0.07880899979562275], "ILMN": [0.05418461538461538, 0.07880899979562275], "ILU": [0.38730000000000003, 0.07880899979562275], "IMDZ": [0.01100000000000001, 0.07880899979562275], "IMGN": [-0.015016666666666666, 0.07880899979562275], "IMMU": [0.03793392857142858, 0.07880899979562275], "INCR": [0.11691458333333338, 0.07880899979562275], "INCY": [0.16077499999999997, 0.07880899979562275], "INFI": [0.1258, 0.07880899979562275], "INGN": [0.0, 0.07880899979562275], "INO": [0.14875641025641026, 0.07880899979562275], "INSM": [0.296, 0.07880899979562275], "INSY": [0.1651181818181818, 0.07880899979562275], "INVA": [-0.156225, 0.07880899979562275], "IONS": [0.11524797297297291, 0.07880899979562275], "IPXL": [0.13935, 0.07880899979562275], "IRWD": [0.07338571428571428, 0.07880899979562275], "ISIS": [-0.18694999999999998, 0.07880899979562275], "ISPH": [0.0, 0.07880899979562275], "ISTA": [0.049430769230769216, 0.07880899979562275], "ITCI": [-0.19063333333333332, 0.07880899979562275], "ITEK": [0.16644, 0.07880899979562275], "JAZZ": [0.0, 0.07880899979562275], "JUNO": [0.023, 0.07880899979562275], "KERX": [0.47216363636363634, 0.07880899979562275], "KITE": [0.09998484848484847, 0.07880899979562275], "KMPH": [-0.061718181818181825, 0.07880899979562275], "KPTI": [-0.0009812500000000036, 0.07880899979562275], "KYTH": [0.6588, 0.07880899979562275], "LBIO": [0.15574883720930233, 0.07880899979562275], "LGND": [0.16538333333333333, 0.07880899979562275], "LIFE": [0.03599999999999999, 0.07880899979562275], "LMNX": [-0.0683, 0.07880899979562275], "LOXO": [0.0, 0.07880899979562275], "LXRX": [0.17759999999999998, 0.07880899979562275], "MACK": [0.16065333333333334, 0.07880899979562275], "MAPP": [0.20563333333333333, 0.07880899979562275], "MCRB": [0.40605, 0.07880899979562275], "MDCO": [0.19240714285714283, 0.07880899979562275], "MDVN": [0.0, 0.07880899979562275], "MEDI": [0.12006201117318424, 0.07880899979562275], "MEDX": [0.11364285714285714, 0.07880899979562275], "MITI": [0.0, 0.07880899979562275], "MNK": [0.03562121212121213, 0.07880899979562275], "MNKD": [0.055852631578947376, 0.07880899979562275], "MNTA": [0.04933333333333333, 0.07880899979562275], "MRNA": [0.3633166666666667, 0.07880899979562275],