{"ACAD": [0.0, 0.05747727094635322], "ACHN": [0.26353333333333334, 0.05747727094635322], "AGEN": [0.4215, 0.05747727094635322], "ALKS": [-0.1967, 0.05747727094635322], "ALTH": [0.24695, 0.05747727094635322], "AMAG": [0.2023, 0.05747727094635322], "AMLN": [0.0, 0.05747727094635322], "ANDS": [0.0, 0.05747727094635322], "ARIA": [-0.06364, 0.05747727094635322], "ARNA": [0.4939, 0.05747727094635322], "AST": [-0.0933, 0.05747727094635322], "BCRX": [0.4109333333333334, 0.05747727094635322], "BIIB": [0.24962499999999999, 0.05747727094635322], "BPAX": [0.0, 0.05747727094635322], "CALP": [0.0, 0.05747727094635322], "CEPH": [-0.37522, 0.05747727094635322], "CLDX": [-0.17515999999999998, 0.05747727094635322], "CRA": [0.296, 0.05747727094635322], "CRIS": [-0.6249, 0.05747727094635322], "CSKI": [0.0, 0.05747727094635322], "CTIC": [0.0, 0.05747727094635322], "DNDN": [0.0, 0.05747727094635322], "DSCO": [0.25605, 0.05747727094635322], "EDIT": [0.3818, 0.05747727094635322], "EMIS": [-0.69, 0.05747727094635322], "ENTA": [0.10115, 0.05747727094635322], "ENZN": [-0.028399999999999998, 0.05747727094635322], "FOLD": [-0.0625, 0.05747727094635322], "GENZ": [0.05, 0.05747727094635322], "GHDX": [0.0, 0.05747727094635322], "GILD": [0.5423, 0.05747727094635322], "GNVC": [0.32125, 0.05747727094635322], "HGSI": [0.14049999999999999, 0.05747727094635322], "HITK": [0.6486, 0.05747727094635322], "ILMN": [0.1649428571428571, 0.05747727094635322], "IMMU": [0.0, 0.05747727094635322], "INCY": [0.0, 0.05747727094635322], "INHX": [0.0, 0.05747727094635322], "INSM": [-0.00516, 0.05747727094635322], "IONS": [0.03423333333333333, 0.05747727094635322], "ISPH": [0.0, 0.05747727094635322], "ISTA": [-0.042499999999999996, 0.05747727094635322], "KERX": [0.10115, 0.05747727094635322], "LBIO": [0.0, 0.05747727094635322], "LIFE": [0.0, 0.05747727094635322], "LXRX": [0.0, 0.05747727094635322], "MAPP": [-0.296, 0.05747727094635322], "MITI": [-0.296, 0.05747727094635322], "MNK": [0.2492875, 0.05747727094635322], "MNKD": [0.2492875, 0.05747727094635322], "MNTA": [0.0, 0.05747727094635322], "MYGN": [0.0, 0.05747727094635322], "MYL": [0.0, 0.05747727094635322], "NH": [0.25020000000000003, 0.05747727094635322], "NK": [0.24347, 0.05747727094635322], "NVAX": [0.08080000000000001, 0.05747727094635322], "ONCE": [0.0, 0.05747727094635322], "ONTY": [0.0, 0.05747727094635322], "ONXX": [0.0, 0.05747727094635322], "OREX": [0.0, 0.05747727094635322], "OSIP": [-0.3612, 0.05747727094635322], "PARD": [0.0, 0.05747727094635322], "SAGE": [0.13486666666666666, 0.05747727094635322], "SCLN": [0.160125, 0.05747727094635322], "SPPI": [0.0526875, 0.05747727094635322], "SQNM": [0.0, 0.05747727094635322], "STEM": [0.159, 0.05747727094635322], "TECH": [0.1843, 0.05747727094635322], "TEVA": [0.0, 0.05747727094635322], "THLD": [-0.345, 0.05747727094635322], "TLCR": [0.2023, 0.05747727094635322], "USD": [0.06901666666666666, 0.05747727094635322], "UTHR": [0.2263, 0.05747727094635322], "VICL": [0.21428571428571427, 0.05747727094635322], "VNDA": [0.0772, 0.05747727094635322], "VRNM": [-0.10291999999999998, 0.05747727094635322], "VRTX": [0.0, 0.05747727094635322], "VVUS": [0.11970000000000001, 0.05747727094635322], "XOMA": [0.29976, 0.05747727094635322]}