{"ACAD": [0.09166315789473685, 0.09934623576845783], "ACHN": [0.0, 0.09934623576845783], "ACOR": [-0.12498000000000001, 0.09934623576845783], "ACRX": [0.2040666666666667, 0.09934623576845783], "ADHD": [0.11568461538461537, 0.09934623576845783], "AEGR": [0.029876923076923075, 0.09934623576845783], "AERI": [0.0, 0.09934623576845783], "AGEN": [0.4846, 0.09934623576845783], "AKBA": [0.06698333333333333, 0.09934623576845783], "AKRX": [0.0, 0.09934623576845783], "ALIM": [0.5093, 0.09934623576845783], "ALKS": [0.026687499999999992, 0.09934623576845783], "ALNY": [0.4215, 0.09934623576845783], "ALTH": [0.26993999999999996, 0.09934623576845783], "ALXA": [0.0, 0.09934623576845783], "ALXN": [-0.045533333333333335, 0.09934623576845783], "AMGN": [-0.037192857142857146, 0.09934623576845783], "AMRI": [0.4404, 0.09934623576845783], "AMRN": [-0.11756666666666667, 0.09934623576845783], "ANAC": [-0.04571818181818182, 0.09934623576845783], "ANDS": [0.08995, 0.09934623576845783], "ANIP": [0.0, 0.09934623576845783], "ANPI": [0.0, 0.09934623576845783], "ARIA": [0.10528888888888888, 0.09934623576845783], "ARNA": [0.055099999999999996, 0.09934623576845783], "ARRY": [0.0, 0.09934623576845783], "ARWR": [0.15551515151515155, 0.09934623576845783], "ASPX": [0.1571357142857143, 0.09934623576845783], "AST": [0.07735064935064935, 0.09934623576845783], "ATRA": [0.41414, 0.09934623576845783], "AUXL": [0.18645, 0.09934623576845783], "AVEO": [0.0, 0.09934623576845783], "AVNR": [0.105375, 0.09934623576845783], "AXCA": [0.0, 0.09934623576845783], "BCRX": [-0.05588571428571428, 0.09934623576845783], "BIIB": [0.12173015873015877, 0.09934623576845783], "BIOD": [0.04535000000000001, 0.09934623576845783], "BLUE": [0.06465714285714286, 0.09934623576845783], "BMRN": [0.4820888888888888, 0.09934623576845783], "CADX": [0.0, 0.09934623576845783], "CALP": [0.6239, 0.09934623576845783], "CARA": [0.13405, 0.09934623576845783], "CBST": [0.11239999999999999, 0.09934623576845783], "CCXI": [0.17006666666666664, 0.09934623576845783], "CELG": [0.1490372093023256, 0.09934623576845783], "CEMP": [0.16224117647058822, 0.09934623576845783], "CERS": [0.20806, 0.09934623576845783], "CLDN": [0.0, 0.09934623576845783], "CLDX": [0.20553846153846156, 0.09934623576845783], "CLVS": [0.05585652173913043, 0.09934623576845783], "CMRX": [0.4019, 0.09934623576845783], "COLL": [-0.107425, 0.09934623576845783], "CRA": [0.21911, 0.09934623576845783], "CRIS": [0.05017777777777777, 0.09934623576845783], "CRME": [0.1357375, 0.09934623576845783], "CTIC": [0.028448780487804876, 0.09934623576845783], "CYTK": [0.5095, 0.09934623576845783], "CYTX": [0.14049999999999999, 0.09934623576845783], "DEPO": [0.1147, 0.09934623576845783], "DERM": [0.17956666666666665, 0.09934623576845783], "DIGE": [-0.5255, 0.09934623576845783], "DNDN": [0.0, 0.09934623576845783], "DRRX": [0.09436923076923076, 0.09934623576845783], "DSCO": [0.05135, 0.09934623576845783], "DVAX": [0.10866111111111111, 0.09934623576845783], "DYAX": [0.16463333333333333, 0.09934623576845783], "ECYT": [0.31313076923076927, 0.09934623576845783], "EDIT": [0.16306666666666667, 0.09934623576845783], "EGRX": [0.5826, 0.09934623576845783], "EMIS": [0.0, 0.09934623576845783], "ENCY": [0.09446666666666668, 0.09934623576845783], "ENDP": [-0.02113076923076923, 0.09934623576845783], "ENTA": [0.1933133333333333, 0.09934623576845783], "ENZN": [0.0, 0.09934623576845783], "EPZM": [-0.03062, 0.09934623576845783], "ESPR": [-0.296, 0.09934623576845783], "EXEL": [0.13935, 0.09934623576845783], "FACT": [0.4767, 0.09934623576845783], "FGEN": [0.0, 0.09934623576845783], "FLKS": [0.04526, 0.09934623576845783], "FLML": [0.07200833333333334, 0.09934623576845783], "FLXN": [0.35105000000000003, 0.09934623576845783], "FMI": [0.40865, 0.09934623576845783], "FOLD": [0.0, 0.09934623576845783], "FPRX": [-0.009608695652173907, 0.09934623576845783], "FURX": [0.0, 0.09934623576845783], "GENZ": [0.0, 0.09934623576845783], "GERN": [0.0972554054054054, 0.09934623576845783], "GEVA": [0.0, 0.09934623576845783], "GHDX": [0.0, 0.09934623576845783], "GILD": [0.11389253731343288, 0.09934623576845783], "GNVC": [0.0, 0.09934623576845783], "GRFS": [0.34823333333333334, 0.09934623576845783], "GTXI": [0.11071666666666667, 0.09934623576845783], "GWPH": [-0.13450499999999999, 0.09934623576845783], "HALO": [0.2635454545454545, 0.09934623576845783], "HPTX": [0.031854545454545455, 0.09934623576845783], "HZNP": [0.041708695652173916, 0.09934623576845783], "ICEL": [0.4032428571428571, 0.09934623576845783], "ICPT": [0.09526111111111112, 0.09934623576845783], "ICY": [0.0, 0.09934623576845783], "IDIX": [0.14365434782608696, 0.09934623576845783], "ILMN": [0.302325, 0.09934623576845783], "ILU": [0.2023, 0.09934623576845783], "IMGN": [0.0, 0.09934623576845783], "IMMU": [0.022199999999999998, 0.09934623576845783], "INCR": [0.31002, 0.09934623576845783], "INCY": [-0.0030142857142857154, 0.09934623576845783], "INFI": [0.296, 0.09934623576845783], "INO": [0.0841375, 0.09934623576845783], "INSM": [0.15042439024390244, 0.09934623576845783], "INSY": [-0.22314999999999996, 0.09934623576845783], "INVA": [0.0, 0.09934623576845783], "IONS": [0.06535111111111111, 0.09934623576845783], "IPXL": [0.0, 0.09934623576845783], "IRWD": [0.13909999999999997, 0.09934623576845783], "ISIS": [0.0543304347826087, 0.09934623576845783], "ISTA": [0.12963999999999998, 0.09934623576845783], "ITCI": [0.0, 0.09934623576845783], "ITMN": [0.20334545454545455, 0.09934623576845783], "JAZZ": [0.11681, 0.09934623576845783], "KERX": [0.3826833333333333, 0.09934623576845783], "KYTH": [0.0, 0.09934623576845783], "LBIO": [0.07455625, 0.09934623576845783], "LGND": [0.21273750000000002, 0.09934623576845783], "LIFE": [0.1589375, 0.09934623576845783], "LMNX": [0.2023, 0.09934623576845783], "MACK": [0.348875, 0.09934623576845783], "MAPP": [0.2023, 0.09934623576845783], "MDCO": [0.31718, 0.09934623576845783], "MDVN": [0.10096410256410257, 0.09934623576845783], "MEDI": [0.28840665778961255, 0.09934623576845783], "MNK": [0.17432083333333334, 0.09934623576845783], "MNKD": [0.17802978723404256, 0.09934623576845783], "MRNA": [0.1379, 0.09934623576845783], "MYGN": [0.042666666666666665, 0.09934623576845783], "MYL": [-0.17224285714285714, 0.09934623576845783], "NBIX": [0.2263, 0.09934623576845783], "NH": [0.15229259259259262, 0.09934623576845783], "NK": [0.17778279569892466, 0.09934623576845783], "NKTR": [0.04465555555555555, 0.09934623576845783], "NLNK": [-0.12972, 0.09934623576845783], "NPSP": [0.3884, 0.09934623576845783], "NVAX": [0.008345454545454555, 0.09934623576845783], "OMED": [-0.017342857142857142, 0.09934623576845783], "OMER": [0.1794181818181818, 0.09934623576845783], "ONCE": [0.0, 0.09934623576845783], "ONTX": [-0.09106666666666667, 0.09934623576845783], "ONTY": [-0.128, 0.09934623576845783], "ONVO": [-0.02336, 0.09934623576845783], "OPK": [0.09013846153846153, 0.09934623576845783], "OREX": [0.10671346153846152, 0.09934623576845783], "OSCI": [0.148, 0.09934623576845783], "OSIP": [0.0, 0.09934623576845783], "OSIR": [0.09496666666666666, 0.09934623576845783], "OTIC": [0.28595, 0.09934623576845783], "OVAS": [0.0, 0.09934623576845783], "PACB": [0.0, 0.09934623576845783], "PANC": [-0.6597, 0.09934623576845783], "PARD": [-0.4847, 0.09934623576845783], "PCYC": [0.0, 0.09934623576845783], "PGNX": [0.040799999999999996, 0.09934623576845783], "POZN": [0.0, 0.09934623576845783], "PRTA": [0.08680000000000004, 0.09934623576845783], "PTIE": [0.0, 0.09934623576845783], "PTX": [0.012576190476190479, 0.09934623576845783], "QCOR": [0.1888037037037037, 0.09934623576845783], "QGEN": [0.3167, 0.09934623576845783], "RARE": [0.031375, 0.09934623576845783], "RCPT": [0.148, 0.09934623576845783], "REGN": [-0.5701666666666667, 0.09934623576845783], "RGLS": [0.296, 0.09934623576845783], "RLYP": [-0.2121333333333333, 0.09934623576845783], "RNAI": [0.066025, 0.09934623576845783], "RPTP": [0.2913, 0.09934623576845783], "RTRX": [0.17616, 0.09934623576845783], "SAGE": [0.029905882352941175, 0.09934623576845783],