{"ACAD": [0.15626153846153848, 0.06801214125996678], "ACHN": [0.0, 0.06801214125996678], "ACRX": [0.14350000000000002, 0.06801214125996678], "AEGR": [0.46373333333333333, 0.06801214125996678], "AFFX": [-0.042666666666666665, 0.06801214125996678], "AFFY": [-0.042666666666666665, 0.06801214125996678], "AKRX": [0.04738333333333334, 0.06801214125996678], "ALDR": [0.271125, 0.06801214125996678], "ALKS": [0.0, 0.06801214125996678], "ALNY": [0.017955555555555558, 0.06801214125996678], "ALTH": [0.02551666666666667, 0.06801214125996678], "ALXA": [0.0032956521739130424, 0.06801214125996678], "ALXN": [0.5423, 0.06801214125996678], "AMGN": [-0.005391304347826086, 0.06801214125996678], "AMRI": [0.013579999999999991, 0.06801214125996678], "AMRN": [-0.0853975, 0.06801214125996678], "ANAC": [0.0, 0.06801214125996678], "ANDS": [0.05784, 0.06801214125996678], "ANIP": [-0.1531, 0.06801214125996678], "ANTH": [-0.004871428571428578, 0.06801214125996678], "ARIA": [0.0, 0.06801214125996678], "ARNA": [0.07634102564102564, 0.06801214125996678], "ARQL": [0.3905, 0.06801214125996678], "ARRY": [0.030655555555555554, 0.06801214125996678], "ASPX": [0.08989659090909093, 0.06801214125996678], "AST": [0.04425244755244756, 0.06801214125996678], "ASTX": [0.4404, 0.06801214125996678], "ATRA": [0.2753666666666667, 0.06801214125996678], "AVNR": [0.5854333333333334, 0.06801214125996678], "AXCA": [0.125, 0.06801214125996678], "BCRX": [0.0, 0.06801214125996678], "BIIB": [-0.0587, 0.06801214125996678], "BLUE": [0.01002000000000001, 0.06801214125996678], "BMRN": [0.10530285714285714, 0.06801214125996678], "BMTI": [0.0, 0.06801214125996678], "BPAX": [0.34040000000000004, 0.06801214125996678], "CADX": [0.0, 0.06801214125996678], "CALP": [-0.27495, 0.06801214125996678], "CARA": [0.0, 0.06801214125996678], "CBRX": [0.296, 0.06801214125996678], "CBST": [0.0, 0.06801214125996678], "CELG": [-0.09866666666666667, 0.06801214125996678], "CEMP": [-0.1511, 0.06801214125996678], "CERS": [0.128, 0.06801214125996678], "CLDX": [0.0, 0.06801214125996678], "COLL": [0.2732, 0.06801214125996678], "CRA": [0.07347142857142856, 0.06801214125996678], "CRIS": [0.05106000000000001, 0.06801214125996678], "CRME": [0.0, 0.06801214125996678], "CTIC": [-0.6609555555555555, 0.06801214125996678], "CTRX": [-0.11743999999999996, 0.06801214125996678], "DEPO": [0.0, 0.06801214125996678], "DIGE": [0.0, 0.06801214125996678], "DNDN": [-0.6597, 0.06801214125996678], "DRRX": [0.16944444444444445, 0.06801214125996678], "DSCO": [-0.6908875, 0.06801214125996678], "DVAX": [0.123325, 0.06801214125996678], "DYAX": [0.33485, 0.06801214125996678], "ECYT": [0.1101, 0.06801214125996678], "EDIT": [0.05848, 0.06801214125996678], "EMIS": [0.12301538461538462, 0.06801214125996678], "ENCY": [-0.3548, 0.06801214125996678], "ENDP": [0.10731666666666667, 0.06801214125996678], "ENTA": [0.33977, 0.06801214125996678], "ENZN": [0.0, 0.06801214125996678], "ESPR": [-0.3818, 0.06801214125996678], "EXEL": [0.03994736842105264, 0.06801214125996678], "FACT": [0.2737, 0.06801214125996678], "FOLD": [0.20518571428571425, 0.06801214125996678], "GERN": [0.0, 0.06801214125996678], "GILD": [0.06626923076923076, 0.06801214125996678], "GPRO": [0.5574, 0.06801214125996678], "GRFS": [0.0, 0.06801214125996678], "HALO": [0.02097142857142857, 0.06801214125996678], "HGSI": [0.0, 0.06801214125996678], "HZNP": [0.15245454545454543, 0.06801214125996678], "ICPT": [0.0, 0.06801214125996678], "ICY": [0.04857142857142858, 0.06801214125996678], "IDIX": [0.036561538461538465, 0.06801214125996678], "ILMN": [0.128, 0.06801214125996678], "ILU": [-0.458575, 0.06801214125996678], "IMGN": [0.1914, 0.06801214125996678], "IMMU": [0.25, 0.06801214125996678], "INCR": [0.24920000000000003, 0.06801214125996678], "INCY": [0.6957, 0.06801214125996678], "INFI": [0.23224285714285714, 0.06801214125996678], "INO": [0.26954, 0.06801214125996678], "INSM": [0.0, 0.06801214125996678], "IONS": [0.01508974358974359, 0.06801214125996678], "ISIS": [-0.04082727272727273, 0.06801214125996678], "ISTA": [0.1366, 0.06801214125996678], "ITMN": [0.093275, 0.06801214125996678], "JAZZ": [0.0903, 0.06801214125996678], "KERX": [0.3905, 0.06801214125996678], "LBIO": [0.18182500000000001, 0.06801214125996678], "LGND": [0.2651, 0.06801214125996678], "LIFE": [0.08186666666666668, 0.06801214125996678], "LXRX": [0.10466, 0.06801214125996678], "MACK": [0.10042857142857144, 0.06801214125996678], "MAPP": [0.0, 0.06801214125996678], "MDCO": [-0.7096, 0.06801214125996678], "MDVN": [0.014450000000000001, 0.06801214125996678], "MEDI": [-0.06565714285714286, 0.06801214125996678], "MNK": [0.22693333333333332, 0.06801214125996678], "MNKD": [0.22693333333333332, 0.06801214125996678], "MRNA": [0.0, 0.06801214125996678], "MYGN": [0.05347714285714286, 0.06801214125996678], "NABI": [0.4019, 0.06801214125996678], "NBIX": [0.0, 0.06801214125996678], "NERV": [0.25, 0.06801214125996678], "NH": [0.16250714285714288, 0.06801214125996678], "NK": [0.10623617021276593, 0.06801214125996678], "NLNK": [0.0, 0.06801214125996678], "NVAX": [0.3818, 0.06801214125996678], "OMED": [0.0, 0.06801214125996678], "OMER": [0.05103333333333334, 0.06801214125996678], "OMPI": [-0.296, 0.06801214125996678], "ONCE": [0.08736666666666666, 0.06801214125996678], "ONTY": [0.13905, 0.06801214125996678], "ONXX": [-0.0015176470588235294, 0.06801214125996678], "OPK": [0.0, 0.06801214125996678], "OREX": [-0.002739583333333339, 0.06801214125996678], "OSCI": [0.2482, 0.06801214125996678], "OSIR": [-0.48205000000000003, 0.06801214125996678], "OTIC": [0.0, 0.06801214125996678], "PACB": [0.31591428571428576, 0.06801214125996678], "PCYC": [0.2544666666666667, 0.06801214125996678], "POZN": [0.42669999999999997, 0.06801214125996678], "PRGO": [-0.1761, 0.06801214125996678], "PTIE": [0.2341714285714286, 0.06801214125996678], "QCOR": [0.1913857142857143, 0.06801214125996678], "QLTI": [0.296, 0.06801214125996678], "RARE": [0.1312125, 0.06801214125996678], "REGN": [-0.13614545454545454, 0.06801214125996678], "RGLS": [0.0, 0.06801214125996678], "RIGL": [-0.07636, 0.06801214125996678], "RNAI": [0.10606666666666666, 0.06801214125996678], "RPTP": [0.0, 0.06801214125996678], "SAGE": [0.09991363636363637, 0.06801214125996678], "SCMP": [0.0, 0.06801214125996678], "SGEN": [0.25, 0.06801214125996678], "SGYP": [0.0, 0.06801214125996678], "SHPG": [0.0, 0.06801214125996678], "SIGA": [0.0, 0.06801214125996678], "SNTA": [-0.2037181818181818, 0.06801214125996678], "SQNM": [0.2896, 0.06801214125996678], "SRPT": [0.13355106382978726, 0.06801214125996678], "STEM": [0.16016666666666665, 0.06801214125996678], "SUPN": [0.0, 0.06801214125996678], "TECH": [-0.007951724137931033, 0.06801214125996678], "TEVA": [-0.10545, 0.06801214125996678], "THLD": [-0.014463636363636363, 0.06801214125996678], "THRX": [0.0, 0.06801214125996678], "TRGT": [0.08640909090909092, 0.06801214125996678], "TSRO": [0.0, 0.06801214125996678], "TSRX": [0.0, 0.06801214125996678], "USD": [0.06583695652173914, 0.06801214125996678], "VICL": [0.10606666666666666, 0.06801214125996678], "VNDA": [0.0, 0.06801214125996678], "VRNM": [0.0, 0.06801214125996678], "VRTX": [0.08450000000000002, 0.06801214125996678], "VSTM": [0.4939, 0.06801214125996678], "VVUS": [-0.03480248756218901, 0.06801214125996678], "WCRX": [0.19733333333333333, 0.06801214125996678], "XNCR": [0.0, 0.06801214125996678], "XOMA": [0.38382499999999997, 0.06801214125996678], "ZGNX": [-0.03642222222222222, 0.06801214125996678], "ZLCS": [0.079725, 0.06801214125996678]}