{"ACAD": [0.008931249999999998, 0.09347009375836494], "ACHN": [0.1512257142857143, 0.09347009375836494], "ACOR": [-0.07955, 0.09347009375836494], "ACRX": [-0.11085, 0.09347009375836494], "ADHD": [0.0, 0.09347009375836494], "ADLR": [0.09866666666666667, 0.09347009375836494], "AEGR": [0.4096333333333333, 0.09347009375836494], "AFFY": [0.7717, 0.09347009375836494], "AGEN": [0.102455, 0.09347009375836494], "AGIO": [0.2534, 0.09347009375836494], "AKBA": [0.3612, 0.09347009375836494], "AKRX": [0.3520636363636364, 0.09347009375836494], "ALKS": [0.20889411764705884, 0.09347009375836494], "ALNY": [-0.1521636363636364, 0.09347009375836494], "ALTH": [0.16567222222222222, 0.09347009375836494], "ALXA": [0.1779, 0.09347009375836494], "ALXN": [0.140475, 0.09347009375836494], "AMAG": [-0.22735, 0.09347009375836494], "AMGN": [0.014671428571428571, 0.09347009375836494], "AMRI": [0.0779875, 0.09347009375836494], "AMRN": [-0.10496000000000001, 0.09347009375836494], "ANAC": [-0.011576923076923075, 0.09347009375836494], "ANDS": [0.17020000000000002, 0.09347009375836494], "ANIP": [0.02063750000000001, 0.09347009375836494], "ANTH": [0.4885, 0.09347009375836494], "AQXP": [0.0795625, 0.09347009375836494], "ARIA": [0.1330565217391305, 0.09347009375836494], "ARNA": [0.07321428571428572, 0.09347009375836494], "ARQL": [0.17759999999999998, 0.09347009375836494], "ARWR": [0.14417499999999997, 0.09347009375836494], "ASPX": [0.195995, 0.09347009375836494], "AST": [0.07458723404255319, 0.09347009375836494], "ATRA": [0.36510000000000004, 0.09347009375836494], "AUXL": [0.41471, 0.09347009375836494], "AVEO": [-0.09483333333333333, 0.09347009375836494], "AVII": [0.0, 0.09347009375836494], "AVNR": [0.0, 0.09347009375836494], "BCRX": [0.0, 0.09347009375836494], "BIIB": [0.011775555555555558, 0.09347009375836494], "BIOD": [0.24231428571428573, 0.09347009375836494], "BLUE": [0.0, 0.09347009375836494], "BMRN": [0.3078857142857143, 0.09347009375836494], "BPAX": [0.0, 0.09347009375836494], "CADX": [0.0, 0.09347009375836494], "CALP": [0.6402, 0.09347009375836494], "CARA": [-0.235925, 0.09347009375836494], "CASC": [0.0, 0.09347009375836494], "CBPO": [0.0, 0.09347009375836494], "CBST": [0.35309166666666664, 0.09347009375836494], "CCXI": [0.0, 0.09347009375836494], "CELG": [0.059733125, 0.09347009375836494], "CEPH": [-0.3488, 0.09347009375836494], "CERS": [0.06554285714285714, 0.09347009375836494], "CLDN": [0.0, 0.09347009375836494], "CLDX": [0.0, 0.09347009375836494], "CMRX": [0.22049166666666667, 0.09347009375836494], "CNCE": [0.0, 0.09347009375836494], "COLL": [-0.025899999999999996, 0.09347009375836494], "CRA": [0.03929000000000001, 0.09347009375836494], "CRIS": [-0.3731, 0.09347009375836494], "CRME": [0.0, 0.09347009375836494], "CTIC": [-0.05659090909090909, 0.09347009375836494], "CTRX": [0.23313333333333333, 0.09347009375836494], "CYTK": [0.0, 0.09347009375836494], "CYTX": [0.0, 0.09347009375836494], "DEPO": [-0.03016, 0.09347009375836494], "DERM": [0.0, 0.09347009375836494], "DIGE": [0.4404, 0.09347009375836494], "DNDN": [0.0, 0.09347009375836494], "DRNA": [-0.105375, 0.09347009375836494], "DRRX": [0.14845, 0.09347009375836494], "DSCO": [0.074, 0.09347009375836494], "DVAX": [0.4939, 0.09347009375836494], "DYAX": [0.0248962962962963, 0.09347009375836494], "ECYT": [0.10132307692307692, 0.09347009375836494], "EDIT": [0.49820000000000003, 0.09347009375836494], "EGRX": [0.028880000000000006, 0.09347009375836494], "ENCY": [-0.05103333333333334, 0.09347009375836494], "ENDP": [0.06343333333333333, 0.09347009375836494], "ENTA": [0.10876904761904761, 0.09347009375836494], "ENZN": [0.06714375, 0.09347009375836494], "EPZM": [0.012793749999999986, 0.09347009375836494], "ESPR": [0.05135, 0.09347009375836494], "EXEL": [-0.11094000000000001, 0.09347009375836494], "FACT": [0.2923857142857143, 0.09347009375836494], "FLKS": [0.0, 0.09347009375836494], "FLXN": [0.0, 0.09347009375836494], "FMI": [0.1862125, 0.09347009375836494], "FOLD": [0.4404, 0.09347009375836494], "FPRX": [0.06645, 0.09347009375836494], "FURX": [-0.3243, 0.09347009375836494], "GERN": [0.20361499999999996, 0.09347009375836494], "GEVA": [0.0, 0.09347009375836494], "GHDX": [0.296, 0.09347009375836494], "GILD": [-0.052955952380952354, 0.09347009375836494], "GNVC": [0.15293333333333334, 0.09347009375836494], "GPRO": [0.0, 0.09347009375836494], "GWPH": [0.04346666666666667, 0.09347009375836494], "HALO": [-0.061016666666666684, 0.09347009375836494], "HBIO": [0.0, 0.09347009375836494], "HITK": [0.0, 0.09347009375836494], "HZNP": [0.03107619047619048, 0.09347009375836494], "ICEL": [0.6249, 0.09347009375836494], "ICOS": [-0.33663333333333334, 0.09347009375836494], "ICPT": [0.0664472440944882, 0.09347009375836494], "IDIX": [-0.3359571428571428, 0.09347009375836494], "ILMN": [0.009064000000000003, 0.09347009375836494], "ILU": [-0.9121, 0.09347009375836494], "IMMU": [0.2725285714285715, 0.09347009375836494], "INCR": [0.30712000000000006, 0.09347009375836494], "INCY": [0.0, 0.09347009375836494], "INFI": [0.148, 0.09347009375836494], "INO": [0.0641608695652174, 0.09347009375836494], "INSM": [0.1835, 0.09347009375836494], "INSY": [0.148, 0.09347009375836494], "IONS": [-0.0013038961038961015, 0.09347009375836494], "IPXL": [0.2553, 0.09347009375836494], "ISIS": [-0.09567727272727274, 0.09347009375836494], "ISTA": [0.1778666666666667, 0.09347009375836494], "ITMN": [0.1580029411764706, 0.09347009375836494], "JAZZ": [0.11807619047619047, 0.09347009375836494], "KERX": [0.12378947368421052, 0.09347009375836494], "KYTH": [0.0, 0.09347009375836494], "LBIO": [0.03741818181818182, 0.09347009375836494], "LGND": [0.35910000000000003, 0.09347009375836494], "LIFE": [0.30831666666666663, 0.09347009375836494], "LMNX": [0.4197714285714285, 0.09347009375836494], "MACK": [0.1468, 0.09347009375836494], "MDCO": [0.185475, 0.09347009375836494], "MDVN": [0.3510888888888889, 0.09347009375836494], "MEDI": [0.283812448979594, 0.09347009375836494], "MGNX": [0.0, 0.09347009375836494], "MITI": [0.14049999999999999, 0.09347009375836494], "MNK": [0.1553157894736842, 0.09347009375836494], "MNKD": [0.12994666666666665, 0.09347009375836494], "MNTA": [0.0, 0.09347009375836494], "MRNA": [0.0, 0.09347009375836494], "MYGN": [0.14165999999999998, 0.09347009375836494], "MYL": [-0.04009375, 0.09347009375836494], "NABI": [0.34, 0.09347009375836494], "NH": [0.01740400000000001, 0.09347009375836494], "NK": [0.08138279569892476, 0.09347009375836494], "NKTR": [-0.25, 0.09347009375836494], "NLNK": [0.056575, 0.09347009375836494], "NOVN": [0.4543333333333333, 0.09347009375836494], "NPSP": [0.3520636363636364, 0.09347009375836494], "NSTG": [0.1366, 0.09347009375836494], "NVAX": [0.05360714285714286, 0.09347009375836494], "OMED": [0.25120000000000003, 0.09347009375836494], "OMER": [0.0944, 0.09347009375836494], "ONCE": [0.04364166666666667, 0.09347009375836494], "ONTX": [0.0, 0.09347009375836494], "ONTY": [-0.018285714285714287, 0.09347009375836494], "ONVO": [0.11297666666666668, 0.09347009375836494], "OPHT": [0.296, 0.09347009375836494], "OPK": [0.02208571428571427, 0.09347009375836494], "OREX": [0.05087941176470589, 0.09347009375836494], "OSCI": [0.0, 0.09347009375836494], "OTIC": [0.255, 0.09347009375836494], "OVAS": [0.4789, 0.09347009375836494], "PCYC": [-0.22490000000000002, 0.09347009375836494], "PGNX": [-0.3182, 0.09347009375836494], "PRGO": [0.1468, 0.09347009375836494], "PTCT": [0.0, 0.09347009375836494], "PTIE": [0.197, 0.09347009375836494], "PTX": [0.0, 0.09347009375836494], "QCOR": [-0.005766666666666669, 0.09347009375836494], "RARE": [-0.14049999999999999, 0.09347009375836494], "RCPT": [0.0, 0.09347009375836494], "REGN": [-0.133575, 0.09347009375836494], "RNAI": [0.6597, 0.09347009375836494], "RPTP": [-0.17525454545454544, 0.09347009375836494], "RTRX": [0.0, 0.09347009375836494], "RVNC": [0.0, 0.09347009375836494], "SAGE": [0.024210447761194027, 0.09347009375836494], "SCMP": [0.0, 0.09347009375836494], "SGEN": [-0.125, 0.09347009375836494], "SGMO": [0.4767, 0.09347009375836494],