{"ACRX": [-0.5216, 0.0996858323524418], "AFFY": [0.2083, 0.0996858323524418], "AGEN": [0.0, 0.0996858323524418], "AKRX": [0.0, 0.0996858323524418], "ALKS": [0.5607800000000001, 0.0996858323524418], "ALNY": [-0.009839130434782609, 0.0996858323524418], "ALTH": [0.26445, 0.0996858323524418], "ALXN": [0.21709230769230772, 0.0996858323524418], "AMGN": [0.0, 0.0996858323524418], "AMLN": [-0.13396666666666665, 0.0996858323524418], "AMRN": [-0.01454078947368421, 0.0996858323524418], "ANAC": [0.3818, 0.0996858323524418], "ARNA": [0.027830612244897957, 0.0996858323524418], "ARQL": [-0.14579999999999999, 0.0996858323524418], "ARRY": [0.10041666666666667, 0.0996858323524418], "ASPX": [0.198474647887324, 0.0996858323524418], "AST": [0.061706315789473686, 0.0996858323524418], "AVNR": [0.0, 0.0996858323524418], "AXCA": [-0.2263, 0.0996858323524418], "BCRX": [0.04844545454545455, 0.0996858323524418], "BIIB": [0.191025, 0.0996858323524418], "BIOD": [0.0, 0.0996858323524418], "BLUE": [-0.08231666666666666, 0.0996858323524418], "BMRN": [0.5322, 0.0996858323524418], "BMTI": [0.5423, 0.0996858323524418], "BPAX": [0.09114117647058823, 0.0996858323524418], "CALP": [0.0, 0.0996858323524418], "CBRX": [0.0, 0.0996858323524418], "CBST": [0.2023, 0.0996858323524418], "CELG": [0.021523529411764716, 0.0996858323524418], "CEMP": [0.0, 0.0996858323524418], "CEPH": [0.0, 0.0996858323524418], "CHMA": [0.0, 0.0996858323524418], "CLVS": [0.0, 0.0996858323524418], "COLL": [0.0, 0.0996858323524418], "CRA": [0.01427142857142857, 0.0996858323524418], "CTIC": [0.2294, 0.0996858323524418], "CTRX": [0.18783333333333332, 0.0996858323524418], "CYTK": [0.0, 0.0996858323524418], "DNDN": [0.296, 0.0996858323524418], "DRRX": [-0.004608695652173913, 0.0996858323524418], "ECYT": [0.11034193548387097, 0.0996858323524418], "EMIS": [0.0, 0.0996858323524418], "ENDP": [0.29846666666666666, 0.0996858323524418], "ENTA": [0.0, 0.0996858323524418], "ENZN": [0.0, 0.0996858323524418], "EXEL": [0.018002739726027405, 0.0996858323524418], "FACT": [0.1869, 0.0996858323524418], "FMI": [0.0, 0.0996858323524418], "FOLD": [0.0, 0.0996858323524418], "FURX": [0.0, 0.0996858323524418], "GILD": [0.16465000000000002, 0.0996858323524418], "GNTA": [0.11359999999999999, 0.0996858323524418], "GRFS": [0.0, 0.0996858323524418], "GTXI": [0.0, 0.0996858323524418], "HALO": [0.019278260869565217, 0.0996858323524418], "HGSI": [0.09866666666666667, 0.0996858323524418], "HPTX": [0.0, 0.0996858323524418], "HZNP": [-0.021226315789473683, 0.0996858323524418], "ICEL": [0.40080000000000005, 0.0996858323524418], "ICY": [0.0, 0.0996858323524418], "IDIX": [-0.015539999999999988, 0.0996858323524418], "ILU": [-0.00035714285714284955, 0.0996858323524418], "IMGN": [0.0, 0.0996858323524418], "IMMU": [0.21230000000000002, 0.0996858323524418], "INCR": [0.29569999999999996, 0.0996858323524418], "INCY": [0.146675, 0.0996858323524418], "INFI": [0.0, 0.0996858323524418], "INGN": [0.1901, 0.0996858323524418], "INO": [0.06743333333333333, 0.0996858323524418], "IONS": [0.2014357142857143, 0.0996858323524418], "IPXL": [-0.02009999999999999, 0.0996858323524418], "ISIS": [-0.007179999999999996, 0.0996858323524418], "ISPH": [0.0, 0.0996858323524418], "ISTA": [0.06336666666666667, 0.0996858323524418], "ITMN": [0.8481, 0.0996858323524418], "JAZZ": [0.3182, 0.0996858323524418], "KERX": [0.0, 0.0996858323524418], "LBIO": [0.14985, 0.0996858323524418], "LIFE": [0.2553, 0.0996858323524418], "LMNX": [0.13486666666666666, 0.0996858323524418], "LXRX": [0.34, 0.0996858323524418], "MACK": [0.2202, 0.0996858323524418], "MDVN": [0.23835, 0.0996858323524418], "MEDI": [0.0354, 0.0996858323524418], "MNK": [0.0, 0.0996858323524418], "MNKD": [0.0, 0.0996858323524418], "MRNA": [0.4939, 0.0996858323524418], "MYL": [0.0, 0.0996858323524418], "NH": [0.019066666666666666, 0.0996858323524418], "NK": [0.09842777777777778, 0.0996858323524418], "NPSP": [0.26335, 0.0996858323524418], "NVAX": [-0.0344, 0.0996858323524418], "OMED": [-0.04223333333333331, 0.0996858323524418], "OMER": [-0.020899999999999974, 0.0996858323524418], "OMPI": [0.0683, 0.0996858323524418], "ONTY": [0.0, 0.0996858323524418], "ONXX": [0.10561176470588236, 0.0996858323524418], "OPK": [0.05199090909090909, 0.0996858323524418], "OPTR": [0.0, 0.0996858323524418], "OREX": [-0.024234883720930234, 0.0996858323524418], "OTIC": [0.2732, 0.0996858323524418], "PCYC": [0.0, 0.0996858323524418], "PRGO": [0.28175, 0.0996858323524418], "PTIE": [0.0, 0.0996858323524418], "PTX": [0.0, 0.0996858323524418], "REGN": [-0.15272, 0.0996858323524418], "RNAI": [0.0, 0.0996858323524418], "SAGE": [0.2001074626865672, 0.0996858323524418], "SGEN": [0.24080000000000001, 0.0996858323524418], "SGYP": [0.12040000000000001, 0.0996858323524418], "SIGA": [0.37748571428571426, 0.0996858323524418], "SLXP": [0.0, 0.0996858323524418], "SNTA": [0.0, 0.0996858323524418], "SNTS": [0.0, 0.0996858323524418], "SPPI": [0.42752, 0.0996858323524418], "SQNM": [0.14843333333333333, 0.0996858323524418], "SRPT": [-0.01615789473684209, 0.0996858323524418], "STEM": [0.026973333333333335, 0.0996858323524418], "TECH": [0.04042307692307692, 0.0996858323524418], "TEVA": [0.024725000000000004, 0.0996858323524418], "TSRX": [-0.026909090909090907, 0.0996858323524418], "USD": [0.058170414201183435, 0.0996858323524418], "UTHR": [0.29769285714285715, 0.0996858323524418], "VICL": [0.3818, 0.0996858323524418], "VNDA": [0.4019, 0.0996858323524418], "VPHM": [0.14600434782608698, 0.0996858323524418], "VRTX": [0.15556842105263158, 0.0996858323524418], "VVUS": [0.23106000000000002, 0.0996858323524418], "WCRX": [-0.004833333333333334, 0.0996858323524418], "XNPT": [0.050977777777777775, 0.0996858323524418], "XOMA": [0.1591, 0.0996858323524418], "ZLCS": [0.13396666666666665, 0.0996858323524418]}