{"ACAD": [0.19514285714285715, 0.08963328729715225], "ACHN": [0.13443333333333332, 0.08963328729715225], "ACOR": [0.07824545454545455, 0.08963328729715225], "ACRX": [0.11244285714285715, 0.08963328729715225], "ADHD": [0.3818, 0.08963328729715225], "AEGR": [0.0, 0.08963328729715225], "AERI": [0.0, 0.08963328729715225], "AFFX": [0.0, 0.08963328729715225], "AFFY": [0.0, 0.08963328729715225], "AGEN": [-0.0999, 0.08963328729715225], "AKRX": [0.07715000000000001, 0.08963328729715225], "ALDR": [0.0, 0.08963328729715225], "ALKS": [0.09545, 0.08963328729715225], "ALNY": [0.0, 0.08963328729715225], "ALTH": [0.19661555555555554, 0.08963328729715225], "ALXA": [0.40820000000000006, 0.08963328729715225], "ALXN": [0.0, 0.08963328729715225], "AMGN": [0.18592222222222224, 0.08963328729715225], "AMRI": [-0.008800000000000007, 0.08963328729715225], "AMRN": [-0.054222580645161285, 0.08963328729715225], "ANAC": [0.0, 0.08963328729715225], "ANDS": [0.1779, 0.08963328729715225], "ARIA": [0.07455306122448979, 0.08963328729715225], "ARNA": [0.13205, 0.08963328729715225], "ARRY": [0.054542857142857136, 0.08963328729715225], "ASPX": [0.25608, 0.08963328729715225], "AST": [0.04710350877192982, 0.08963328729715225], "AUXL": [0.10908571428571427, 0.08963328729715225], "AVEO": [0.12040000000000001, 0.08963328729715225], "AXCA": [0.21315, 0.08963328729715225], "BCRX": [0.03968214285714285, 0.08963328729715225], "BIIB": [0.0065800000000000095, 0.08963328729715225], "BLUE": [0.20214615384615384, 0.08963328729715225], "BMRN": [0.3818, 0.08963328729715225], "BPAX": [0.296, 0.08963328729715225], "CADX": [0.0, 0.08963328729715225], "CALP": [0.0, 0.08963328729715225], "CBPO": [0.0, 0.08963328729715225], "CBST": [0.440675, 0.08963328729715225], "CCXI": [0.5106, 0.08963328729715225], "CELG": [0.12190000000000002, 0.08963328729715225], "CEMP": [0.0, 0.08963328729715225], "CERS": [0.07655, 0.08963328729715225], "CLDN": [0.0, 0.08963328729715225], "CLDX": [0.2184761904761905, 0.08963328729715225], "CLVS": [0.06363333333333333, 0.08963328729715225], "CMRX": [0.0, 0.08963328729715225], "COLL": [-0.24695, 0.08963328729715225], "CRA": [0.05444285714285714, 0.08963328729715225], "CRIS": [-0.2023, 0.08963328729715225], "CRME": [0.0, 0.08963328729715225], "CTIC": [-0.12765, 0.08963328729715225], "CTRX": [0.28012000000000004, 0.08963328729715225], "CYTK": [0.09176, 0.08963328729715225], "CYTX": [0.00663833333333334, 0.08963328729715225], "DEPO": [0.05505, 0.08963328729715225], "DERM": [0.035539999999999995, 0.08963328729715225], "DNDN": [0.0, 0.08963328729715225], "DRRX": [0.18464285714285714, 0.08963328729715225], "DSCO": [0.0, 0.08963328729715225], "DVAX": [0.08449, 0.08963328729715225], "ECYT": [0.02992777777777779, 0.08963328729715225], "EDIT": [0.4335923076923078, 0.08963328729715225], "ENDP": [0.017983536585365875, 0.08963328729715225], "ENTA": [0.25710000000000005, 0.08963328729715225], "ENZN": [0.0, 0.08963328729715225], "EPZM": [0.7964, 0.08963328729715225], "ESPR": [0.0, 0.08963328729715225], "EXEL": [0.29205, 0.08963328729715225], "FACT": [0.11346666666666666, 0.08963328729715225], "FLKS": [0.1909, 0.08963328729715225], "FMI": [0.0, 0.08963328729715225], "FOLD": [0.0, 0.08963328729715225], "FPRX": [0.0, 0.08963328729715225], "FURX": [0.0, 0.08963328729715225], "GERN": [0.1338857142857143, 0.08963328729715225], "GHDX": [0.08619166666666667, 0.08963328729715225], "GILD": [0.11022352941176475, 0.08963328729715225], "GPRO": [0.3939, 0.08963328729715225], "GRFS": [0.0, 0.08963328729715225], "GWPH": [0.09137999999999999, 0.08963328729715225], "HALO": [0.07126153846153847, 0.08963328729715225], "HBIO": [-0.25, 0.08963328729715225], "HZNP": [0.0, 0.08963328729715225], "ICEL": [0.485575, 0.08963328729715225], "ICY": [0.0, 0.08963328729715225], "IDIX": [0.2506833333333333, 0.08963328729715225], "ILMN": [0.43092857142857144, 0.08963328729715225], "ILU": [-0.1265, 0.08963328729715225], "IMGN": [-0.11595, 0.08963328729715225], "IMMU": [-0.14271499999999998, 0.08963328729715225], "INCR": [0.33289545454545455, 0.08963328729715225], "INCY": [0.5219999999999999, 0.08963328729715225], "INFI": [0.2969866666666666, 0.08963328729715225], "INO": [0.13152857142857144, 0.08963328729715225], "INSM": [-0.0282875, 0.08963328729715225], "INSY": [-0.07542, 0.08963328729715225], "IONS": [0.15758235294117642, 0.08963328729715225], "IPXL": [0.0683, 0.08963328729715225], "IRWD": [-0.25, 0.08963328729715225], "ISIS": [-0.024476923076923077, 0.08963328729715225], "ISTA": [-0.042210000000000004, 0.08963328729715225], "ITMN": [-0.36268750000000005, 0.08963328729715225], "JAZZ": [0.12093783783783785, 0.08963328729715225], "KERX": [0.048223333333333326, 0.08963328729715225], "KYTH": [0.0, 0.08963328729715225], "LBIO": [0.03830000000000001, 0.08963328729715225], "LIFE": [0.030100000000000002, 0.08963328729715225], "LMNX": [0.0, 0.08963328729715225], "MACK": [0.10673999999999999, 0.08963328729715225], "MDCO": [0.1909, 0.08963328729715225], "MDVN": [0.0903, 0.08963328729715225], "MEDI": [0.17092307692307693, 0.08963328729715225], "MNK": [0.0725027027027027, 0.08963328729715225], "MNKD": [0.0639111111111111, 0.08963328729715225], "MNTA": [0.03612, 0.08963328729715225], "MYGN": [-0.5267, 0.08963328729715225], "MYL": [-0.013100000000000006, 0.08963328729715225], "NH": [0.2873375, 0.08963328729715225], "NK": [0.0883877777777778, 0.08963328729715225], "NKTR": [0.0, 0.08963328729715225], "NLNK": [0.296, 0.08963328729715225], "NOVN": [0.06307499999999999, 0.08963328729715225], "NPSP": [0.13119999999999998, 0.08963328729715225], "NSTG": [0.0, 0.08963328729715225], "NVAX": [0.0, 0.08963328729715225], "OMED": [0.17224285714285714, 0.08963328729715225], "OMER": [0.16678627450980393, 0.08963328729715225], "OMPI": [0.064, 0.08963328729715225], "ONCE": [-0.1686, 0.08963328729715225], "ONTX": [0.0, 0.08963328729715225], "ONTY": [0.09991250000000002, 0.08963328729715225], "ONVO": [0.07507, 0.08963328729715225], "ONXX": [0.0, 0.08963328729715225], "OPHT": [0.0, 0.08963328729715225], "OPK": [0.06327777777777778, 0.08963328729715225], "OREX": [0.18435, 0.08963328729715225], "OSIR": [0.10983333333333332, 0.08963328729715225], "OTIC": [0.3612, 0.08963328729715225], "OVAS": [-0.2553, 0.08963328729715225], "PACB": [0.0, 0.08963328729715225], "PCRX": [0.48644999999999994, 0.08963328729715225], "PCYC": [0.30294000000000004, 0.08963328729715225], "PGNX": [0.3182, 0.08963328729715225], "POZN": [0.0, 0.08963328729715225], "PRGO": [0.0, 0.08963328729715225], "PTIE": [0.6799999999999999, 0.08963328729715225], "PTLA": [0.0, 0.08963328729715225], "QCOR": [0.0, 0.08963328729715225], "RARE": [0.0, 0.08963328729715225], "REGN": [0.1509277777777778, 0.08963328729715225], "RIGL": [-0.005709999999999998, 0.08963328729715225], "RPTP": [-0.04933333333333333, 0.08963328729715225], "SAGE": [0.11132666666666666, 0.08963328729715225], "SCLN": [0.0, 0.08963328729715225], "SCMP": [0.032888888888888884, 0.08963328729715225], "SGEN": [0.07582857142857143, 0.08963328729715225], "SGMO": [0.38833333333333336, 0.08963328729715225], "SGNT": [0.0, 0.08963328729715225], "SGYP": [0.12183333333333335, 0.08963328729715225], "SHPG": [0.34284, 0.08963328729715225], "SLXP": [0.18551666666666666, 0.08963328729715225], "SNTA": [0.07024999999999999, 0.08963328729715225], "SNTS": [0.22296, 0.08963328729715225], "SPPI": [0.21075, 0.08963328729715225], "SQNM": [0.12614285714285714, 0.08963328729715225], "SRPT": [0.2830333333333333, 0.08963328729715225], "STEM": [0.014384615384615381, 0.08963328729715225], "SUPN": [0.0, 0.08963328729715225], "TBPH": [0.1909, 0.08963328729715225], "TECH": [0.045423913043478266, 0.08963328729715225], "TEVA": [0.12682857142857143, 0.08963328729715225], "THLD": [0.32389999999999997, 0.08963328729715225], "THRX": [0.1909, 0.08963328729715225], "TRGT": [0.0, 0.08963328729715225], "TTPH": [-0.6249, 0.08963328729715225], "USD": [0.12410285714285715, 0.08963328729715225], "VICL": [0.07146666666666666, 0.08963328729715225], "VNDA": [0.0892, 0.08963328729715225],