{"ACHN": [-0.3182, 0.06482389477918617], "ADLR": [0.296, 0.06482389477918617], "AFFX": [0.16858333333333334, 0.06482389477918617], "AFFY": [0.0, 0.06482389477918617], "AGEN": [-0.6124, 0.06482389477918617], "AKRX": [0.1468, 0.06482389477918617], "ALKS": [0.0, 0.06482389477918617], "ALTH": [0.23485, 0.06482389477918617], "ALXA": [0.05505, 0.06482389477918617], "ALXN": [0.0, 0.06482389477918617], "AMAG": [0.0, 0.06482389477918617], "AMGN": [0.11008636363636363, 0.06482389477918617], "AMLN": [0.20440000000000003, 0.06482389477918617], "AMRN": [-0.04856666666666666, 0.06482389477918617], "ANAC": [0.0, 0.06482389477918617], "ANDS": [0.11066052631578947, 0.06482389477918617], "ANIP": [-0.6369, 0.06482389477918617], "ARIA": [0.11201428571428572, 0.06482389477918617], "ARNA": [0.03696666666666668, 0.06482389477918617], "ARWR": [0.08618333333333333, 0.06482389477918617], "ASPX": [0.28144, 0.06482389477918617], "AST": [0.17289111111111113, 0.06482389477918617], "AVEO": [0.15536470588235293, 0.06482389477918617], "BCRX": [0.0, 0.06482389477918617], "BIIB": [-0.5106, 0.06482389477918617], "BIOD": [0.0, 0.06482389477918617], "BMRN": [0.0, 0.06482389477918617], "BMTI": [0.0, 0.06482389477918617], "BOLD": [0.4391, 0.06482389477918617], "BPAX": [0.160475, 0.06482389477918617], "CALP": [0.0, 0.06482389477918617], "CBPO": [0.0, 0.06482389477918617], "CBST": [-0.0683, 0.06482389477918617], "CELG": [0.5106, 0.06482389477918617], "COLL": [0.0, 0.06482389477918617], "CRA": [-0.19094285714285714, 0.06482389477918617], "CRME": [0.4588, 0.06482389477918617], "CTIC": [-0.14446666666666666, 0.06482389477918617], "CYTK": [0.1806, 0.06482389477918617], "CYTX": [0.5028, 0.06482389477918617], "DEPO": [0.7096, 0.06482389477918617], "DNDN": [-0.6597, 0.06482389477918617], "DRRX": [0.16037727272727276, 0.06482389477918617], "DSCO": [0.4699, 0.06482389477918617], "DVAX": [-0.01849375, 0.06482389477918617], "ENCY": [0.0, 0.06482389477918617], "ENTA": [-0.6597, 0.06482389477918617], "ENZN": [0.0, 0.06482389477918617], "FACT": [0.5574, 0.06482389477918617], "FLKS": [-0.5106, 0.06482389477918617], "GERN": [0.0, 0.06482389477918617], "GHDX": [0.7096, 0.06482389477918617], "GILD": [0.18429523809523812, 0.06482389477918617], "GPRO": [0.4019, 0.06482389477918617], "GRFS": [0.4576, 0.06482389477918617], "GTXI": [0.06943333333333333, 0.06482389477918617], "HGSI": [0.0, 0.06482389477918617], "HITK": [0.2023, 0.06482389477918617], "IDIX": [0.06804444444444445, 0.06482389477918617], "ILMN": [0.06742499999999998, 0.06482389477918617], "ILU": [0.5106, 0.06482389477918617], "IMGN": [0.0, 0.06482389477918617], "IMMU": [-0.6098, 0.06482389477918617], "INCR": [0.29295, 0.06482389477918617], "INFI": [0.22998888888888885, 0.06482389477918617], "INO": [0.22908, 0.06482389477918617], "INSM": [0.0, 0.06482389477918617], "INVA": [0.3818, 0.06482389477918617], "IONS": [0.20198947368421052, 0.06482389477918617], "IPXL": [-0.34040000000000004, 0.06482389477918617], "ISTA": [0.09144210526315788, 0.06482389477918617], "JAZZ": [0.0, 0.06482389477918617], "KERX": [0.3612, 0.06482389477918617], "LIFE": [0.03023999999999998, 0.06482389477918617], "MACK": [-0.4215, 0.06482389477918617], "MAPP": [0.7096, 0.06482389477918617], "MAXY": [0.0, 0.06482389477918617], "MDCO": [-0.5106, 0.06482389477918617], "MEDI": [0.08154, 0.06482389477918617], "MITI": [0.13389285714285712, 0.06482389477918617], "MNTA": [0.2539166666666666, 0.06482389477918617], "MRNA": [0.1531, 0.06482389477918617], "MYL": [0.24067499999999997, 0.06482389477918617], "MYRX": [-0.32985, 0.06482389477918617], "NABI": [0.0903, 0.06482389477918617], "NEOL": [0.0, 0.06482389477918617], "NH": [0.0, 0.06482389477918617], "NK": [0.16305454545454542, 0.06482389477918617], "NKTR": [0.4854, 0.06482389477918617], "OMED": [0.0, 0.06482389477918617], "OMER": [0.5209666666666667, 0.06482389477918617], "ONCE": [0.06355, 0.06482389477918617], "ONTY": [-0.11427142857142857, 0.06482389477918617], "ONXX": [-0.09108000000000001, 0.06482389477918617], "OPK": [0.34, 0.06482389477918617], "OPTR": [0.20505714285714285, 0.06482389477918617], "OREX": [-0.09545, 0.06482389477918617], "OTIC": [0.24695, 0.06482389477918617], "PCYC": [0.0, 0.06482389477918617], "PDLI": [0.050977777777777775, 0.06482389477918617], "POZN": [0.0, 0.06482389477918617], "QGEN": [-0.6124, 0.06482389477918617], "RPTP": [0.0, 0.06482389477918617], "SAGE": [0.22883749999999997, 0.06482389477918617], "SCLN": [-0.23186666666666667, 0.06482389477918617], "SGEN": [0.15903235294117649, 0.06482389477918617], "SGMO": [0.4588, 0.06482389477918617], "SIGA": [0.16858333333333334, 0.06482389477918617], "SLXP": [-0.3818, 0.06482389477918617], "SNTA": [0.0, 0.06482389477918617], "SPPI": [-0.19340000000000002, 0.06482389477918617], "SQNM": [0.0, 0.06482389477918617], "SVNT": [-0.3818, 0.06482389477918617], "TECH": [0.16253928571428572, 0.06482389477918617], "TEVA": [0.26424000000000003, 0.06482389477918617], "THLD": [0.0537, 0.06482389477918617], "THRX": [0.0, 0.06482389477918617], "TRGT": [0.0, 0.06482389477918617], "USD": [0.07247758620689658, 0.06482389477918617], "VICL": [0.44015, 0.06482389477918617], "VPHM": [0.0, 0.06482389477918617], "VRTX": [0.0, 0.06482389477918617], "VRUS": [0.1749333333333333, 0.06482389477918617], "VVUS": [0.12824999999999998, 0.06482389477918617], "WCRX": [0.039028571428571426, 0.06482389477918617], "XNPT": [0.0, 0.06482389477918617], "ZGNX": [0.08466842105263157, 0.06482389477918617], "ZLCS": [0.00549444444444445, 0.06482389477918617]}