{"AAVL": [0.011969230769230772, 0.06925197655555504], "ACAD": [0.025799295774647905, 0.06925197655555504], "ACHN": [-0.042666666666666665, 0.06925197655555504], "ACOR": [0.15261666666666665, 0.06925197655555504], "ADHD": [0.0, 0.06925197655555504], "ADMS": [0.10741940298507462, 0.06925197655555504], "ADRO": [0.18050588235294118, 0.06925197655555504], "AEGR": [0.014952941176470587, 0.06925197655555504], "AERI": [0.0, 0.06925197655555504], "AFFX": [0.2679333333333333, 0.06925197655555504], "AFFY": [0.4019, 0.06925197655555504], "AFMD": [-0.030766666666666664, 0.06925197655555504], "AGEN": [0.17658928571428573, 0.06925197655555504], "AGIO": [-0.1932875, 0.06925197655555504], "AGTC": [0.0, 0.06925197655555504], "AIMT": [0.0, 0.06925197655555504], "AKBA": [0.04854791666666669, 0.06925197655555504], "AKRX": [0.0, 0.06925197655555504], "ALDR": [0.268675, 0.06925197655555504], "ALIM": [0.35981111111111114, 0.06925197655555504], "ALKS": [0.10770499999999998, 0.06925197655555504], "ALNY": [0.07066153846153847, 0.06925197655555504], "ALTH": [0.0949032786885246, 0.06925197655555504], "ALXN": [0.099322, 0.06925197655555504], "AMAG": [0.5307499999999999, 0.06925197655555504], "AMGN": [0.02276410256410258, 0.06925197655555504], "AMRI": [0.34585, 0.06925197655555504], "AMRN": [0.0, 0.06925197655555504], "ANAC": [0.094095, 0.06925197655555504], "ANDS": [-0.1854666666666667, 0.06925197655555504], "ANIP": [-0.128, 0.06925197655555504], "ANTH": [-0.09295, 0.06925197655555504], "AQXP": [0.06363333333333333, 0.06925197655555504], "ARDX": [-0.015697368421052627, 0.06925197655555504], "ARIA": [0.09096764705882354, 0.06925197655555504], "ARNA": [0.05387586206896552, 0.06925197655555504], "ARQL": [0.0, 0.06925197655555504], "ARRY": [-0.09765, 0.06925197655555504], "ARWR": [-0.032475000000000004, 0.06925197655555504], "ASPX": [0.1716, 0.06925197655555504], "AST": [0.07407171052631574, 0.06925197655555504], "ATRA": [-0.36123333333333335, 0.06925197655555504], "AVEO": [0.20015, 0.06925197655555504], "AVNR": [0.0, 0.06925197655555504], "BCRX": [0.1909, 0.06925197655555504], "BIIB": [0.16571428571428573, 0.06925197655555504], "BIOD": [-0.2000875, 0.06925197655555504], "BLCM": [-0.1780918918918919, 0.06925197655555504], "BLUE": [-0.012224390243902447, 0.06925197655555504], "BMRN": [0.0005571428571428394, 0.06925197655555504], "BPMC": [0.0, 0.06925197655555504], "BSTE": [0.0, 0.06925197655555504], "CALP": [0.2936, 0.06925197655555504], "CARA": [0.0, 0.06925197655555504], "CBPO": [0.1466769230769231, 0.06925197655555504], "CCXI": [0.026533333333333332, 0.06925197655555504], "CELG": [0.054011428571428585, 0.06925197655555504], "CEMP": [0.04310448717948718, 0.06925197655555504], "CEPH": [0.0, 0.06925197655555504], "CERS": [0.039142857142857146, 0.06925197655555504], "CGEN": [0.3182, 0.06925197655555504], "CHMA": [0.0, 0.06925197655555504], "CHRS": [0.0, 0.06925197655555504], "CLCD": [0.09866666666666667, 0.06925197655555504], "CLDN": [0.1448578947368421, 0.06925197655555504], "CLDX": [-0.05043913043478261, 0.06925197655555504], "CLVS": [0.12331249999999999, 0.06925197655555504], "CMRX": [0.07442250000000002, 0.06925197655555504], "COLL": [0.3387263157894737, 0.06925197655555504], "CRA": [-0.07556428571428572, 0.06925197655555504], "CRIS": [0.04467083333333333, 0.06925197655555504], "CRME": [0.25495, 0.06925197655555504], "CTIC": [0.20059999999999997, 0.06925197655555504], "CXRX": [-0.064, 0.06925197655555504], "CYTK": [0.367, 0.06925197655555504], "DBVT": [0.0, 0.06925197655555504], "DCGN": [0.0, 0.06925197655555504], "DEPO": [0.194275, 0.06925197655555504], "DERM": [0.10579999999999998, 0.06925197655555504], "DIGE": [0.0, 0.06925197655555504], "DNAI": [-0.07680000000000001, 0.06925197655555504], "DRRX": [0.0, 0.06925197655555504], "DSCO": [0.0, 0.06925197655555504], "DVAX": [0.12489639639639628, 0.06925197655555504], "DYAX": [-0.038400000000000004, 0.06925197655555504], "ECYT": [0.05214, 0.06925197655555504], "EDIT": [0.054981249999999995, 0.06925197655555504], "EGLT": [0.0, 0.06925197655555504], "EGRX": [0.05872068965517241, 0.06925197655555504], "EMIS": [0.0, 0.06925197655555504], "ENDP": [0.10572499999999997, 0.06925197655555504], "ENTA": [0.11496666666666669, 0.06925197655555504], "ENZN": [0.09531666666666666, 0.06925197655555504], "EPIX": [0.119175, 0.06925197655555504], "EPZM": [-0.03176896551724137, 0.06925197655555504], "ESPR": [-0.10768857142857144, 0.06925197655555504], "EXEL": [0.10523157894736843, 0.06925197655555504], "FACT": [0.06883999999999998, 0.06925197655555504], "FGEN": [0.18846666666666667, 0.06925197655555504], "FLKS": [-0.0903, 0.06925197655555504], "FLML": [0.0, 0.06925197655555504], "FLXN": [0.4111, 0.06925197655555504], "FMI": [0.1468, 0.06925197655555504], "FOLD": [0.1711142857142857, 0.06925197655555504], "FOMX": [0.17486875000000002, 0.06925197655555504], "FPRX": [0.06341666666666668, 0.06925197655555504], "GBT": [-0.2259142857142857, 0.06925197655555504], "GERN": [-0.07775000000000001, 0.06925197655555504], "GEVA": [0.31845, 0.06925197655555504], "GHDX": [0.04019, 0.06925197655555504], "GILD": [0.03508259259259258, 0.06925197655555504], "GNTA": [0.5859, 0.06925197655555504], "GPRO": [-0.011520121951219514, 0.06925197655555504], "GRFS": [-0.064, 0.06925197655555504], "GTXI": [0.0, 0.06925197655555504], "GWPH": [0.12325000000000003, 0.06925197655555504], "HALO": [0.051866666666666686, 0.06925197655555504], "HBIO": [0.0, 0.06925197655555504], "HPTX": [0.0, 0.06925197655555504], "HZNP": [-0.04263684210526316, 0.06925197655555504], "ICEL": [0.37706666666666666, 0.06925197655555504], "ICPT": [0.12517727272727272, 0.06925197655555504], "IDIX": [0.0, 0.06925197655555504], "ILMN": [-0.014727272727272723, 0.06925197655555504], "ILU": [-0.17075, 0.06925197655555504], "IMDZ": [0.0, 0.06925197655555504], "IMGN": [0.22114999999999999, 0.06925197655555504], "IMMU": [0.19416923076923076, 0.06925197655555504], "INCR": [0.15568518518518518, 0.06925197655555504], "INCY": [0.01981153846153846, 0.06925197655555504], "INFI": [0.0185, 0.06925197655555504], "INGN": [0.07065454545454546, 0.06925197655555504], "INO": [0.14635172413793102, 0.06925197655555504], "INSM": [-0.25786500000000007, 0.06925197655555504], "INSY": [0.28752, 0.06925197655555504], "INVA": [0.11315, 0.06925197655555504], "IONS": [0.033454887218045105, 0.06925197655555504], "IPXL": [0.06998333333333333, 0.06925197655555504], "IRWD": [0.3787214285714287, 0.06925197655555504], "ISIS": [0.4623, 0.06925197655555504], "ISPH": [0.5106, 0.06925197655555504], "ISTA": [0.060840000000000005, 0.06925197655555504], "ITCI": [-0.0086, 0.06925197655555504], "ITEK": [0.0, 0.06925197655555504], "JAZZ": [-0.09131666666666666, 0.06925197655555504], "JUNO": [-0.071555421686747, 0.06925197655555504], "KERX": [0.10763636363636363, 0.06925197655555504], "KITE": [0.01779999999999999, 0.06925197655555504], "KPTI": [-0.18122857142857138, 0.06925197655555504], "LBIO": [0.27622407407407407, 0.06925197655555504], "LGND": [0.09629166666666666, 0.06925197655555504], "LIFE": [0.11616, 0.06925197655555504], "LMNX": [0.148, 0.06925197655555504], "LOXO": [0.05155555555555555, 0.06925197655555504], "LXRX": [0.094375, 0.06925197655555504], "MACK": [-0.07374642857142857, 0.06925197655555504], "MAPP": [0.0, 0.06925197655555504], "MDCO": [0.5307499999999999, 0.06925197655555504], "MDVN": [0.24886666666666668, 0.06925197655555504], "MEDI": [0.07067386363636365, 0.06925197655555504], "MGNX": [0.296, 0.06925197655555504], "MNK": [-0.02417936507936507, 0.06925197655555504], "MNKD": [-0.011671153846153835, 0.06925197655555504], "MNOV": [0.23751666666666663, 0.06925197655555504], "MNTA": [-0.23966666666666667, 0.06925197655555504], "MRNA": [-0.4019, 0.06925197655555504], "MYGN": [-0.028599999999999997, 0.06925197655555504], "MYL": [0.043092000000000005, 0.06925197655555504], "NABI": [0.6801, 0.06925197655555504], "NBIX": [-0.3026583333333333, 0.06925197655555504], "NDRM": [0.033716666666666666, 0.06925197655555504], "NEOS": [0.0, 0.06925197655555504],