{"AAVL": [0.18465, 0.0991156163418713], "ACAD": [0.1877037735849057, 0.0991156163418713], "ACHN": [0.0, 0.0991156163418713], "ACOR": [0.18354, 0.0991156163418713], "ACRX": [-0.021449999999999997, 0.0991156163418713], "ADHD": [0.008266666666666665, 0.0991156163418713], "ADMS": [0.09303333333333334, 0.0991156163418713], "ADRO": [0.09481999999999999, 0.0991156163418713], "AEGR": [0.13396666666666665, 0.0991156163418713], "AERI": [0.07058181818181818, 0.0991156163418713], "AFFX": [0.2083, 0.0991156163418713], "AFFY": [0.31245, 0.0991156163418713], "AFMD": [0.17059375000000002, 0.0991156163418713], "AGEN": [0.01407, 0.0991156163418713], "AGIO": [0.09612857142857144, 0.0991156163418713], "AGTC": [0.0, 0.0991156163418713], "AIMT": [0.15348333333333333, 0.0991156163418713], "AKBA": [-0.027777777777777776, 0.0991156163418713], "AKRX": [0.0, 0.0991156163418713], "ALDR": [0.12016, 0.0991156163418713], "ALIM": [0.0, 0.0991156163418713], "ALKS": [0.19090000000000004, 0.0991156163418713], "ALNY": [0.03322, 0.0991156163418713], "ALTH": [0.20155384615384617, 0.0991156163418713], "ALXA": [0.5106, 0.0991156163418713], "ALXN": [0.08152727272727273, 0.0991156163418713], "AMAG": [-0.411525, 0.0991156163418713], "AMGN": [0.11717076923076926, 0.0991156163418713], "AMPH": [0.0, 0.0991156163418713], "AMRI": [0.3612, 0.0991156163418713], "AMRN": [0.10158461538461538, 0.0991156163418713], "ANAC": [0.13858695652173914, 0.0991156163418713], "ANDS": [-0.21318, 0.0991156163418713], "ANIP": [0.039, 0.0991156163418713], "ANPI": [-0.2732, 0.0991156163418713], "ANTH": [0.15825384615384616, 0.0991156163418713], "APCVZ&": [0.0, 0.0991156163418713], "APPX": [0.0, 0.0991156163418713], "AQXP": [0.124, 0.0991156163418713], "ARDX": [0.4075545454545455, 0.0991156163418713], "ARIA": [0.09545714285714287, 0.0991156163418713], "ARLZ": [0.21213, 0.0991156163418713], "ARNA": [0.40333636363636355, 0.0991156163418713], "ARQL": [0.0, 0.0991156163418713], "ARRY": [0.0809181818181818, 0.0991156163418713], "ARWR": [-0.06345, 0.0991156163418713], "ARXT": [0.0, 0.0991156163418713], "ASPX": [0.050685714285714285, 0.0991156163418713], "AST": [0.07905481927710843, 0.0991156163418713], "ASTX": [0.5007, 0.0991156163418713], "ATRA": [0.011570588235294124, 0.0991156163418713], "AVEO": [-0.18213333333333334, 0.0991156163418713], "AVII": [0.0258, 0.0991156163418713], "AVXS": [0.1072, 0.0991156163418713], "AXCA": [0.0, 0.0991156163418713], "BCRX": [-0.0006133333333333342, 0.0991156163418713], "BGIXX": [0.0, 0.0991156163418713], "BGNE": [0.0, 0.0991156163418713], "BIIB": [0.06236304347826087, 0.0991156163418713], "BIOD": [0.09849999999999999, 0.0991156163418713], "BIOV": [0.5445, 0.0991156163418713], "BIVN": [0.0, 0.0991156163418713], "BLCM": [0.14003333333333334, 0.0991156163418713], "BLKFDS": [0.0, 0.0991156163418713], "BLUE": [-0.008424242424242428, 0.0991156163418713], "BLUS": [0.0, 0.0991156163418713], "BMRN": [0.16170338983050847, 0.0991156163418713], "BOLD": [-0.5216, 0.0991156163418713], "BPMC": [0.0, 0.0991156163418713], "BRIXX": [0.0, 0.0991156163418713], "BSTE": [0.0, 0.0991156163418713], "BTRX": [0.0, 0.0991156163418713], "CADX": [0.0, 0.0991156163418713], "CALP": [0.07488571428571429, 0.0991156163418713], "CARA": [0.1757622222222222, 0.0991156163418713], "CBPO": [0.0, 0.0991156163418713], "CCXI": [0.0, 0.0991156163418713], "CELG": [0.11508500000000003, 0.0991156163418713], "CEMP": [0.01976666666666667, 0.0991156163418713], "CEPH": [0.0, 0.0991156163418713], "CERS": [0.36819999999999997, 0.0991156163418713], "CGEN": [0.0, 0.0991156163418713], "CHMA": [-0.045533333333333335, 0.0991156163418713], "CLCD": [0.29295, 0.0991156163418713], "CLDN": [0.40752000000000005, 0.0991156163418713], "CLDX": [-0.19751249999999998, 0.0991156163418713], "CLSD": [0.5574, 0.0991156163418713], "CLVS": [-0.02039583333333333, 0.0991156163418713], "CMRX": [0.0, 0.0991156163418713], "CNCE": [0.0, 0.0991156163418713], "CNCT": [0.0, 0.0991156163418713], "COLL": [0.24926206896551725, 0.0991156163418713], "COLY": [0.0, 0.0991156163418713], "CRA": [0.08222105263157894, 0.0991156163418713], "CRIS": [0.0683, 0.0991156163418713], "CRME": [0.0, 0.0991156163418713], "CTIC": [0.10415, 0.0991156163418713], "CTRX": [0.4404, 0.0991156163418713], "CXRX": [0.11278749999999998, 0.0991156163418713], "CYTK": [0.4111, 0.0991156163418713], "CYTX": [0.21444285714285713, 0.0991156163418713], "DEPO": [0.096375, 0.0991156163418713], "DERM": [0.03013636363636364, 0.0991156163418713], "DIGE": [0.17020000000000002, 0.0991156163418713], "DNAI": [0.03088, 0.0991156163418713], "DRAX": [0.0, 0.0991156163418713], "DRNA": [0.09734285714285715, 0.0991156163418713], "DRRX": [0.08420681818181817, 0.0991156163418713], "DVAX": [0.19713333333333335, 0.0991156163418713], "DYAX": [0.1591, 0.0991156163418713], "EDIT": [0.08274117647058823, 0.0991156163418713], "EGRX": [0.09308000000000001, 0.0991156163418713], "EMIS": [0.38568, 0.0991156163418713], "ENCY": [-0.154775, 0.0991156163418713], "ENDP": [0.007916279069767444, 0.0991156163418713], "ENTA": [0.091, 0.0991156163418713], "ENZN": [0.5719, 0.0991156163418713], "EPZM": [-0.08510000000000001, 0.0991156163418713], "ESPR": [0.11321666666666667, 0.0991156163418713], "EURX": [0.0, 0.0991156163418713], "EXEL": [0.18855167785234894, 0.0991156163418713], "FACT": [0.06409375, 0.0991156163418713], "FGEN": [0.11315, 0.0991156163418713], "FLKS": [0.16879999999999998, 0.0991156163418713], "FLML": [0.07962857142857142, 0.0991156163418713], "FLXN": [0.0, 0.0991156163418713], "FMI": [0.3275666666666667, 0.0991156163418713], "FOLD": [0.1341818181818182, 0.0991156163418713], "FPRX": [0.11850714285714285, 0.0991156163418713], "GBT": [0.11018333333333334, 0.0991156163418713], "GENZ": [0.0, 0.0991156163418713], "GERN": [0.09878, 0.0991156163418713], "GEVA": [0.0, 0.0991156163418713], "GHDX": [0.14049999999999999, 0.0991156163418713], "GILD": [0.13773863636363634, 0.0991156163418713], "GNVC": [0.17498000000000002, 0.0991156163418713], "GPRO": [0.013172972972972975, 0.0991156163418713], "GRFS": [0.1884, 0.0991156163418713], "GTXI": [0.296, 0.0991156163418713], "HALO": [0.16355652173913046, 0.0991156163418713], "HBIO": [0.0, 0.0991156163418713], "HGSI": [0.0, 0.0991156163418713], "HZNP": [0.084948, 0.0991156163418713], "ICEL": [0.53285, 0.0991156163418713], "ICPT": [0.37301578947368424, 0.0991156163418713], "ICY": [0.08344285714285715, 0.0991156163418713], "ILMN": [0.12580476190476192, 0.0991156163418713], "ILU": [-0.1197, 0.0991156163418713], "IMDZ": [0.0, 0.0991156163418713], "IMGN": [0.07167692307692307, 0.0991156163418713], "IMMU": [0.05286071428571428, 0.0991156163418713], "INCR": [0.2666571428571429, 0.0991156163418713], "INCY": [-0.07002857142857143, 0.0991156163418713], "INFI": [0.09966, 0.0991156163418713], "INGN": [-0.3404, 0.0991156163418713], "INO": [0.021934782608695656, 0.0991156163418713], "INSM": [0.09866666666666667, 0.0991156163418713], "INSY": [0.0617375, 0.0991156163418713], "INVA": [0.100075, 0.0991156163418713], "IONS": [0.09481160714285715, 0.0991156163418713], "IPXL": [0.12315, 0.0991156163418713], "IRWD": [0.016401169590643267, 0.0991156163418713], "ISIS": [0.3612, 0.0991156163418713], "ISTA": [0.08495333333333334, 0.0991156163418713], "ITCI": [0.18636666666666668, 0.0991156163418713], "ITEK": [0.1144, 0.0991156163418713], "JAZZ": [0.14869285714285715, 0.0991156163418713], "JUNO": [0.11373499999999996, 0.0991156163418713], "KERX": [0.06021428571428571, 0.0991156163418713], "KITE": [0.09736470588235294, 0.0991156163418713], "KMPH": [0.0, 0.0991156163418713], "LBIO": [0.114115, 0.0991156163418713], "LGND": [0.2736888888888889, 0.0991156163418713], "LIFE": [0.1904806451612904, 0.0991156163418713], "LMNX": [0.0, 0.0991156163418713], "LOXO": [0.0, 0.0991156163418713], "MACK": [0.296, 0.0991156163418713], "MAPP": [0.11333333333333334, 0.0991156163418713], "MCRB": [0.05975625, 0.0991156163418713], "MDCO": [0.045533333333333335, 0.0991156163418713], "MDVN": [0.3636578947368421, 0.0991156163418713],