{"AAVL": [0.20212666666666665, 0.1381195624842107], "ACAD": [0.23711304347826087, 0.1381195624842107], "ACHN": [0.34350526315789476, 0.1381195624842107], "ACOR": [-0.10293703703703702, 0.1381195624842107], "ACRX": [0.169325, 0.1381195624842107], "ADHD": [0.0, 0.1381195624842107], "ADMS": [0.222, 0.1381195624842107], "ADRO": [0.04843333333333333, 0.1381195624842107], "AEGR": [0.2741904761904762, 0.1381195624842107], "AERI": [-0.03671588235294118, 0.1381195624842107], "AFFX": [0.41639090909090903, 0.1381195624842107], "AFFY": [0.4163909090909091, 0.1381195624842107], "AFMD": [0.14057272727272727, 0.1381195624842107], "AGEN": [0.05106000000000001, 0.1381195624842107], "AGIO": [0.01640909090909091, 0.1381195624842107], "AGTC": [0.09866666666666667, 0.1381195624842107], "AKBA": [0.22235925925925923, 0.1381195624842107], "AKRX": [0.05425, 0.1381195624842107], "ALDR": [0.0, 0.1381195624842107], "ALIM": [0.41784, 0.1381195624842107], "ALKS": [0.13155714285714287, 0.1381195624842107], "ALNY": [0.2360129032258065, 0.1381195624842107], "ALTH": [0.2165, 0.1381195624842107], "ALTU": [0.4195375, 0.1381195624842107], "ALXA": [0.0, 0.1381195624842107], "ALXN": [-0.027507692307692316, 0.1381195624842107], "AMAG": [0.18464285714285714, 0.1381195624842107], "AMGN": [0.04390220994475142, 0.1381195624842107], "AMRN": [0.15527027027027032, 0.1381195624842107], "ANAC": [0.3539136363636363, 0.1381195624842107], "ANDS": [-0.09056923076923079, 0.1381195624842107], "ANIP": [0.25247500000000006, 0.1381195624842107], "ANTH": [0.27298500000000003, 0.1381195624842107], "ARDX": [0.0, 0.1381195624842107], "ARIA": [0.047385294117647074, 0.1381195624842107], "ARNA": [0.16967599999999994, 0.1381195624842107], "ARQL": [-0.01544, 0.1381195624842107], "ARRY": [0.1963407407407408, 0.1381195624842107], "ARWR": [0.17171346153846154, 0.1381195624842107], "ASPX": [0.14839689440993792, 0.1381195624842107], "AST": [0.4034144373673056, 0.1381195624842107], "ASTX": [0.6964, 0.1381195624842107], "ATRA": [0.03981052631578947, 0.1381195624842107], "AUXL": [0.0, 0.1381195624842107], "AVEO": [0.32675999999999994, 0.1381195624842107], "AVNR": [0.4509625, 0.1381195624842107], "AXCA": [0.6360999999999999, 0.1381195624842107], "BCRX": [0.2006913043478261, 0.1381195624842107], "BIIB": [0.0970585585585586, 0.1381195624842107], "BIOD": [0.0, 0.1381195624842107], "BLCM": [0.02543333333333334, 0.1381195624842107], "BLUE": [0.04888208955223879, 0.1381195624842107], "BMRN": [-0.0073659574468085175, 0.1381195624842107], "CADX": [0.43525, 0.1381195624842107], "CALP": [0.27092499999999997, 0.1381195624842107], "CARA": [0.45096250000000004, 0.1381195624842107], "CBPO": [0.0, 0.1381195624842107], "CBRX": [0.0, 0.1381195624842107], "CCXI": [0.32797272727272725, 0.1381195624842107], "CELG": [0.03148445945945946, 0.1381195624842107], "CEMP": [0.38583571428571434, 0.1381195624842107], "CEPH": [-0.23988, 0.1381195624842107], "CERS": [0.21614237288135588, 0.1381195624842107], "CGEN": [0.1550111111111111, 0.1381195624842107], "CHMA": [0.0, 0.1381195624842107], "CHRS": [0.2739, 0.1381195624842107], "CLCD": [0.0, 0.1381195624842107], "CLDN": [0.0867618181818182, 0.1381195624842107], "CLDX": [0.13180000000000003, 0.1381195624842107], "CLVS": [0.008129508196721312, 0.1381195624842107], "CNCT": [0.1334124999999999, 0.1381195624842107], "COLL": [0.1775103448275862, 0.1381195624842107], "CRA": [0.03453142857142856, 0.1381195624842107], "CRIS": [0.160292, 0.1381195624842107], "CRME": [0.30064166666666664, 0.1381195624842107], "CTIC": [0.104848, 0.1381195624842107], "CTRX": [0.3414272727272727, 0.1381195624842107], "CYTK": [0.3818, 0.1381195624842107], "CYTX": [0.13424366197183102, 0.1381195624842107], "DEPO": [0.19897142857142858, 0.1381195624842107], "DERM": [0.0, 0.1381195624842107], "DIGE": [0.0, 0.1381195624842107], "DNDN": [0.6808, 0.1381195624842107], "DRNA": [0.19180499999999998, 0.1381195624842107], "DRRX": [0.22253823529411773, 0.1381195624842107], "DSCO": [0.0, 0.1381195624842107], "DVAX": [0.3028375, 0.1381195624842107], "DYAX": [0.40615714285714294, 0.1381195624842107], "ECYT": [0.2932210526315789, 0.1381195624842107], "EDIT": [0.05835714285714285, 0.1381195624842107], "EGLT": [0.0, 0.1381195624842107], "EGRX": [0.24435909090909094, 0.1381195624842107], "EMIS": [0.11140000000000001, 0.1381195624842107], "ENCY": [0.030120000000000025, 0.1381195624842107], "ENDP": [-0.019996296296296293, 0.1381195624842107], "ENTA": [0.19249999999999998, 0.1381195624842107], "ENZN": [0.10771498771498769, 0.1381195624842107], "EPZM": [-0.36845, 0.1381195624842107], "ESPR": [0.15699456521739136, 0.1381195624842107], "EXEL": [0.27287173913043467, 0.1381195624842107], "FACT": [0.09566250000000001, 0.1381195624842107], "FGEN": [-0.14974117647058824, 0.1381195624842107], "FLKS": [0.10172500000000001, 0.1381195624842107], "FLML": [0.0, 0.1381195624842107], "FLXN": [0.0, 0.1381195624842107], "FMI": [0.2415411764705882, 0.1381195624842107], "FOLD": [0.0, 0.1381195624842107], "FOMX": [0.0, 0.1381195624842107], "FPRX": [0.2397357142857143, 0.1381195624842107], "GBT": [0.0, 0.1381195624842107], "GERN": [0.14257666666666668, 0.1381195624842107], "GEVA": [0.43794999999999995, 0.1381195624842107], "GHDX": [-0.23453333333333334, 0.1381195624842107], "GILD": [0.09217910447761198, 0.1381195624842107], "GNVC": [0.4195375, 0.1381195624842107], "GPRO": [0.049225735294117674, 0.1381195624842107], "GRFS": [0.0, 0.1381195624842107], "GTXI": [0.3987090909090909, 0.1381195624842107], "GWPH": [0.08198266666666668, 0.1381195624842107], "HALO": [0.16034848484848485, 0.1381195624842107], "HBIO": [0.0282875, 0.1381195624842107], "HPTX": [0.06323529411764704, 0.1381195624842107], "HZNP": [0.18220714285714287, 0.1381195624842107], "ICEL": [0.4418115384615386, 0.1381195624842107], "ICPT": [0.07461093749999999, 0.1381195624842107], "ICY": [0.06159, 0.1381195624842107], "ILMN": [0.1463115384615385, 0.1381195624842107], "ILU": [-0.17020000000000002, 0.1381195624842107], "IMDZ": [0.296, 0.1381195624842107], "IMGN": [0.13690000000000002, 0.1381195624842107], "IMMU": [0.061685714285714295, 0.1381195624842107], "INCR": [0.2309124999999999, 0.1381195624842107], "INCY": [-0.022497058823529408, 0.1381195624842107], "INFI": [0.297712, 0.1381195624842107], "INO": [0.2434611111111112, 0.1381195624842107], "INSM": [0.07142857142857142, 0.1381195624842107], "INSY": [0.07434107142857142, 0.1381195624842107], "IONS": [0.08134903225806453, 0.1381195624842107], "IPXL": [0.12980000000000003, 0.1381195624842107], "IRWD": [-0.25456, 0.1381195624842107], "ISIS": [0.21962499999999996, 0.1381195624842107], "ISPH": [0.0, 0.1381195624842107], "ISTA": [0.031556, 0.1381195624842107], "ITCI": [0.0, 0.1381195624842107], "ITEK": [-0.10381875, 0.1381195624842107], "JAZZ": [-0.10598571428571425, 0.1381195624842107], "JUNO": [0.10502105263157893, 0.1381195624842107], "KERX": [0.21966666666666668, 0.1381195624842107], "KITE": [0.24442894736842105, 0.1381195624842107], "KMPH": [0.10115, 0.1381195624842107], "KPTI": [0.25, 0.1381195624842107], "KYTH": [0.05204285714285715, 0.1381195624842107], "LBIO": [0.16414285714285717, 0.1381195624842107], "LGND": [0.21643636363636362, 0.1381195624842107], "LIFE": [0.41279999999999994, 0.1381195624842107], "LMNX": [-0.003400000000000014, 0.1381195624842107], "LOXO": [0.0, 0.1381195624842107], "LXRX": [0.08038, 0.1381195624842107], "MACK": [0.03083333333333334, 0.1381195624842107], "MDCO": [0.100475, 0.1381195624842107], "MDVN": [0.004635294117647064, 0.1381195624842107], "MEDI": [0.2657897959183672, 0.1381195624842107], "MGNX": [0.20454545454545456, 0.1381195624842107], "MITI": [0.0, 0.1381195624842107], "MNK": [0.024740350877192972, 0.1381195624842107], "MNKD": [0.13650526315789477, 0.1381195624842107], "MNOV": [0.0, 0.1381195624842107], "MNTA": [0.0719047619047619, 0.1381195624842107], "MRNA": [0.23081875000000002, 0.1381195624842107], "MYGN": [0.3314333333333334, 0.1381195624842107], "MYL": [0.0642520325203252, 0.1381195624842107],