{"ACAD": [-0.35743749999999996, 0.08492074968293235], "ACHN": [0.0, 0.08492074968293235], "ACOR": [0.06743333333333333, 0.08492074968293235], "ACRX": [0.15156666666666668, 0.08492074968293235], "AEGR": [0.0, 0.08492074968293235], "AFFY": [-0.025733333333333334, 0.08492074968293235], "AGEN": [-0.4767, 0.08492074968293235], "ALIM": [0.042666666666666665, 0.08492074968293235], "ALKS": [0.022766666666666668, 0.08492074968293235], "ALNY": [0.316125, 0.08492074968293235], "ALTH": [0.19659230769230768, 0.08492074968293235], "ALXN": [0.0, 0.08492074968293235], "AMGN": [0.16479333333333337, 0.08492074968293235], "AMRN": [0.19645744680851066, 0.08492074968293235], "ANAC": [0.07859000000000001, 0.08492074968293235], "ANDS": [0.0, 0.08492074968293235], "ANTH": [0.0, 0.08492074968293235], "ARIA": [0.14527777777777776, 0.08492074968293235], "ARNA": [0.045974999999999995, 0.08492074968293235], "ARQL": [0.0785076923076923, 0.08492074968293235], "ARRY": [0.0, 0.08492074968293235], "ARWR": [0.6486, 0.08492074968293235], "ASPX": [0.12446290322580647, 0.08492074968293235], "AST": [0.0575859649122807, 0.08492074968293235], "ASTX": [0.03365882352941177, 0.08492074968293235], "AUXL": [0.4799, 0.08492074968293235], "AVEO": [0.22164285714285717, 0.08492074968293235], "AXCA": [0.0, 0.08492074968293235], "BCRX": [0.014910869565217396, 0.08492074968293235], "BIIB": [0.1485866666666667, 0.08492074968293235], "BIOD": [0.44436666666666663, 0.08492074968293235], "BLUE": [0.05516666666666667, 0.08492074968293235], "BMRN": [0.016592857142857145, 0.08492074968293235], "BPAX": [0.2202, 0.08492074968293235], "CBPO": [0.0, 0.08492074968293235], "CBRX": [0.0, 0.08492074968293235], "CBST": [0.0, 0.08492074968293235], "CELG": [0.11871562499999999, 0.08492074968293235], "CEPH": [0.0, 0.08492074968293235], "CERS": [0.09106666666666667, 0.08492074968293235], "CLDX": [-0.4588, 0.08492074968293235], "CMRX": [0.0, 0.08492074968293235], "CNCT": [0.0, 0.08492074968293235], "COLL": [0.0, 0.08492074968293235], "CRA": [0.14161333333333334, 0.08492074968293235], "CRIS": [0.0, 0.08492074968293235], "CRME": [0.0, 0.08492074968293235], "CTIC": [0.6557, 0.08492074968293235], "CTRX": [0.0, 0.08492074968293235], "CYTK": [0.1559125, 0.08492074968293235], "CYTX": [0.0, 0.08492074968293235], "DEPO": [-0.06743333333333333, 0.08492074968293235], "DIGE": [0.6652, 0.08492074968293235], "DRNA": [0.0, 0.08492074968293235], "DRRX": [0.11717999999999999, 0.08492074968293235], "DVAX": [0.0, 0.08492074968293235], "ECYT": [-0.27232, 0.08492074968293235], "ENCY": [-0.008133333333333326, 0.08492074968293235], "ENDP": [-0.08159999999999999, 0.08492074968293235], "ENTA": [0.2220692307692308, 0.08492074968293235], "ENZN": [-0.06743333333333333, 0.08492074968293235], "EXEL": [-0.010033333333333302, 0.08492074968293235], "FACT": [-0.042923076923076925, 0.08492074968293235], "FLKS": [0.4574, 0.08492074968293235], "FLML": [0.0, 0.08492074968293235], "FOLD": [-0.21358181818181815, 0.08492074968293235], "FURX": [0.0, 0.08492074968293235], "GERN": [0.08196666666666665, 0.08492074968293235], "GHDX": [0.128, 0.08492074968293235], "GILD": [0.018769444444444446, 0.08492074968293235], "GWPH": [0.3182, 0.08492074968293235], "HALO": [0.061033333333333335, 0.08492074968293235], "HZNP": [0.17020000000000002, 0.08492074968293235], "ICEL": [0.6249, 0.08492074968293235], "ICY": [0.0, 0.08492074968293235], "IDIX": [0.0, 0.08492074968293235], "ILU": [0.042666666666666665, 0.08492074968293235], "IMGN": [-0.4588, 0.08492074968293235], "IMMU": [0.08802857142857144, 0.08492074968293235], "INCR": [0.07925000000000001, 0.08492074968293235], "INCY": [0.0, 0.08492074968293235], "INFI": [0.22547499999999998, 0.08492074968293235], "INO": [0.11675555555555556, 0.08492074968293235], "INSM": [0.0, 0.08492074968293235], "INVA": [-0.07945, 0.08492074968293235], "IONS": [0.12716315789473684, 0.08492074968293235], "IPXL": [0.0, 0.08492074968293235], "IRWD": [0.0, 0.08492074968293235], "ISIS": [-0.1365333333333333, 0.08492074968293235], "ISTA": [-0.108175, 0.08492074968293235], "ITMN": [0.0, 0.08492074968293235], "JAZZ": [0.13396666666666665, 0.08492074968293235], "KERX": [0.08746000000000001, 0.08492074968293235], "LBIO": [0.047725, 0.08492074968293235], "LIFE": [0.0, 0.08492074968293235], "MACK": [0.0, 0.08492074968293235], "MDCO": [0.5217499999999999, 0.08492074968293235], "MDVN": [-0.13108571428571428, 0.08492074968293235], "MEDI": [0.05240666666666667, 0.08492074968293235], "MNK": [0.07887142857142856, 0.08492074968293235], "MNKD": [0.07887142857142856, 0.08492074968293235], "MRNA": [0.0, 0.08492074968293235], "MYGN": [0.128, 0.08492074968293235], "NBIX": [0.367, 0.08492074968293235], "NEOS": [0.4329, 0.08492074968293235], "NH": [0.1050076923076923, 0.08492074968293235], "NK": [0.1288179775280899, 0.08492074968293235], "NOVN": [0.2715666666666667, 0.08492074968293235], "NPSP": [0.08038, 0.08492074968293235], "NVAX": [-0.028885714285714285, 0.08492074968293235], "OMED": [0.15405000000000002, 0.08492074968293235], "OMER": [0.04013333333333333, 0.08492074968293235], "OMPI": [0.34, 0.08492074968293235], "ONTY": [0.023181249999999997, 0.08492074968293235], "ONVO": [0.25853333333333334, 0.08492074968293235], "ONXX": [0.07618095238095239, 0.08492074968293235], "OPK": [0.3697333333333333, 0.08492074968293235], "OPTR": [0.0, 0.08492074968293235], "OREX": [0.029676000000000004, 0.08492074968293235], "OSCI": [0.0, 0.08492074968293235], "OVAS": [0.0, 0.08492074968293235], "PACB": [0.03862222222222222, 0.08492074968293235], "PARD": [0.0, 0.08492074968293235], "PCYC": [0.0, 0.08492074968293235], "PDLI": [0.5527500000000001, 0.08492074968293235], "QCOR": [0.0, 0.08492074968293235], "RARE": [-0.11520000000000001, 0.08492074968293235], "REGN": [0.17881666666666665, 0.08492074968293235], "RNAI": [0.6486, 0.08492074968293235], "RPTP": [0.6883666666666667, 0.08492074968293235], "SAGE": [0.1167787878787879, 0.08492074968293235], "SCLN": [0.014289999999999997, 0.08492074968293235], "SCMP": [0.6938749999999999, 0.08492074968293235], "SGEN": [0.0, 0.08492074968293235], "SHPG": [0.0, 0.08492074968293235], "SNTA": [0.159225, 0.08492074968293235], "SNTS": [0.06698333333333333, 0.08492074968293235], "SPPI": [0.2553, 0.08492074968293235], "SQNM": [0.22173333333333334, 0.08492074968293235], "SRPT": [-0.11551363636363635, 0.08492074968293235], "STEM": [0.10047999999999999, 0.08492074968293235], "SVA": [0.5106, 0.08492074968293235], "TECH": [-0.01010909090909091, 0.08492074968293235], "TEVA": [0.11971999999999998, 0.08492074968293235], "THLD": [-0.105375, 0.08492074968293235], "THRX": [0.0, 0.08492074968293235], "TSRX": [-0.4513166666666666, 0.08492074968293235], "TTPH": [0.0, 0.08492074968293235], "USD": [0.004719760479041915, 0.08492074968293235], "UTHR": [0.0, 0.08492074968293235], "VRNM": [0.0, 0.08492074968293235], "VRTX": [0.128525, 0.08492074968293235], "VVUS": [0.0, 0.08492074968293235], "XNPT": [0.0, 0.08492074968293235], "ZLCS": [0.0, 0.08492074968293235]}