{"ACAD": [0.0, 0.00042789250688915026], "ACHN": [0.0, 0.00042789250688915026], "AFFX": [0.0, 0.00042789250688915026], "AFFY": [0.0, 0.00042789250688915026], "AGEN": [0.08320000000000001, 0.00042789250688915026], "ALKS": [-0.10928, 0.00042789250688915026], "ALTH": [0.0, 0.00042789250688915026], "AMGN": [-0.1073875, 0.00042789250688915026], "AMLN": [-0.5106, 0.00042789250688915026], "AMRN": [0.28405, 0.00042789250688915026], "ANDS": [0.0, 0.00042789250688915026], "ARQL": [0.2601333333333333, 0.00042789250688915026], "ARWR": [0.0, 0.00042789250688915026], "ASPX": [0.003556862745098041, 0.00042789250688915026], "AST": [-0.1264777777777778, 0.00042789250688915026], "AUXL": [0.0, 0.00042789250688915026], "AVNR": [0.29295, 0.00042789250688915026], "BCRX": [0.0, 0.00042789250688915026], "BPAX": [-0.2553, 0.00042789250688915026], "CADX": [0.056575, 0.00042789250688915026], "CELG": [0.11315, 0.00042789250688915026], "CEPH": [-0.2553, 0.00042789250688915026], "CLDX": [0.0, 0.00042789250688915026], "CRA": [0.29295, 0.00042789250688915026], "CRIS": [0.0, 0.00042789250688915026], "CTIC": [0.0, 0.00042789250688915026], "DEPO": [0.0, 0.00042789250688915026], "DNDN": [-0.5106, 0.00042789250688915026], "DVAX": [0.4019, 0.00042789250688915026], "EDIT": [0.0, 0.00042789250688915026], "ENTA": [0.3182, 0.00042789250688915026], "ENZN": [0.0, 0.00042789250688915026], "EXEL": [-0.1531, 0.00042789250688915026], "FMI": [0.0, 0.00042789250688915026], "GERN": [0.0, 0.00042789250688915026], "GILD": [-0.09106666666666667, 0.00042789250688915026], "GNVC": [0.0, 0.00042789250688915026], "HALO": [0.0, 0.00042789250688915026], "ILMN": [0.0, 0.00042789250688915026], "INSM": [0.0, 0.00042789250688915026], "INVA": [0.0, 0.00042789250688915026], "IONS": [-0.0516, 0.00042789250688915026], "ISIS": [0.0, 0.00042789250688915026], "ITMN": [0.0, 0.00042789250688915026], "KERX": [0.0, 0.00042789250688915026], "LBIO": [0.09663333333333333, 0.00042789250688915026], "LGND": [0.0, 0.00042789250688915026], "LXRX": [0.3182, 0.00042789250688915026], "MEDI": [0.0, 0.00042789250688915026], "MITI": [-0.5106, 0.00042789250688915026], "MNK": [0.0, 0.00042789250688915026], "MNKD": [0.0, 0.00042789250688915026], "MYL": [-0.20330000000000004, 0.00042789250688915026], "NK": [0.028080000000000004, 0.00042789250688915026], "NKTR": [0.0, 0.00042789250688915026], "NVAX": [0.0, 0.00042789250688915026], "OMED": [0.0, 0.00042789250688915026], "OMER": [0.0, 0.00042789250688915026], "OREX": [0.0, 0.00042789250688915026], "PACB": [0.3182, 0.00042789250688915026], "PANC": [-0.1027, 0.00042789250688915026], "PRGO": [0.4404, 0.00042789250688915026], "SNTS": [0.026475, 0.00042789250688915026], "SPPI": [-0.1909, 0.00042789250688915026], "SQNM": [0.059199999999999996, 0.00042789250688915026], "STEM": [0.0, 0.00042789250688915026], "TBPH": [0.0, 0.00042789250688915026], "TECH": [-0.27393999999999996, 0.00042789250688915026], "TEVA": [0.0, 0.00042789250688915026], "THRX": [0.0, 0.00042789250688915026], "TLCR": [0.0, 0.00042789250688915026], "USD": [0.05767692307692306, 0.00042789250688915026], "VICL": [0.0, 0.00042789250688915026], "VPHM": [0.4404, 0.00042789250688915026], "VRTX": [0.0, 0.00042789250688915026], "VVUS": [-0.19990000000000005, 0.00042789250688915026], "WCRX": [0.0, 0.00042789250688915026], "XOMA": [-0.206075, 0.00042789250688915026], "ZLCS": [0.0, 0.00042789250688915026]}