{"ACHN": [0.10115, 0.06596704563715734], "ADLR": [0.1909, 0.06596704563715734], "AFFY": [0.0, 0.06596704563715734], "AGEN": [0.0, 0.06596704563715734], "ALKS": [0.7146, 0.06596704563715734], "ALNY": [0.2023, 0.06596704563715734], "ALTH": [0.011862500000000005, 0.06596704563715734], "ALXN": [0.0, 0.06596704563715734], "AMGN": [0.06357567567567568, 0.06596704563715734], "AMRN": [0.429, 0.06596704563715734], "ANDS": [0.20095, 0.06596704563715734], "ANTH": [0.06561428571428572, 0.06596704563715734], "ARIA": [0.0258, 0.06596704563715734], "ARNA": [0.0, 0.06596704563715734], "ARQL": [0.0, 0.06596704563715734], "ARWR": [0.0, 0.06596704563715734], "ASPX": [0.031853658536585366, 0.06596704563715734], "AST": [0.08501379310344824, 0.06596704563715734], "AUXL": [0.0, 0.06596704563715734], "AVEO": [0.0, 0.06596704563715734], "AVII": [0.0, 0.06596704563715734], "AVNR": [-0.007263636363636361, 0.06596704563715734], "AXCA": [0.0, 0.06596704563715734], "BCRX": [0.0, 0.06596704563715734], "BIIB": [0.0, 0.06596704563715734], "BIOD": [0.148, 0.06596704563715734], "BPAX": [-0.105375, 0.06596704563715734], "CALP": [0.05246666666666666, 0.06596704563715734], "CBRX": [0.0, 0.06596704563715734], "CELG": [0.14006000000000002, 0.06596704563715734], "CEPH": [0.15219230769230768, 0.06596704563715734], "CHRS": [0.0258, 0.06596704563715734], "CLDX": [0.10765, 0.06596704563715734], "CRA": [0.15925000000000003, 0.06596704563715734], "CRIS": [0.4559, 0.06596704563715734], "CTIC": [-0.1163, 0.06596704563715734], "CYTK": [0.0, 0.06596704563715734], "CYTX": [0.0, 0.06596704563715734], "DEPO": [-0.3818, 0.06596704563715734], "DNDN": [-0.5106, 0.06596704563715734], "DSCO": [-0.1027, 0.06596704563715734], "DVAX": [0.2983, 0.06596704563715734], "DYAX": [0.0, 0.06596704563715734], "EDIT": [0.47685, 0.06596704563715734], "ENCY": [0.100475, 0.06596704563715734], "ENDP": [0.5078, 0.06596704563715734], "ENTA": [0.210575, 0.06596704563715734], "ENZN": [0.0, 0.06596704563715734], "EURX": [0.0, 0.06596704563715734], "EXEL": [0.137969696969697, 0.06596704563715734], "FOLD": [0.0, 0.06596704563715734], "GENZ": [0.1650625, 0.06596704563715734], "GERN": [0.0, 0.06596704563715734], "GEVA": [0.1531, 0.06596704563715734], "GILD": [0.024942857142857145, 0.06596704563715734], "GNVC": [-0.27115, 0.06596704563715734], "GTXI": [0.0, 0.06596704563715734], "HALO": [0.34895, 0.06596704563715734], "HGSI": [0.0, 0.06596704563715734], "IDIX": [0.0, 0.06596704563715734], "ILMN": [-0.09545, 0.06596704563715734], "IMMU": [0.0, 0.06596704563715734], "INCR": [0.38776666666666665, 0.06596704563715734], "INCY": [-0.2553, 0.06596704563715734], "INO": [0.2023, 0.06596704563715734], "INSM": [0.0, 0.06596704563715734], "IONS": [0.15836999999999998, 0.06596704563715734], "IRWD": [0.0, 0.06596704563715734], "ISIS": [0.21286666666666668, 0.06596704563715734], "ISPH": [0.1531, 0.06596704563715734], "ISTA": [0.0496, 0.06596704563715734], "ITMN": [0.0, 0.06596704563715734], "JAZZ": [0.0, 0.06596704563715734], "LBIO": [0.3825, 0.06596704563715734], "LIFE": [-0.01360833333333334, 0.06596704563715734], "MAPP": [0.0, 0.06596704563715734], "MDCO": [0.2936, 0.06596704563715734], "MEDI": [-0.38136000000000003, 0.06596704563715734], "MITI": [0.4215, 0.06596704563715734], "MNK": [0.0086, 0.06596704563715734], "MNKD": [0.0086, 0.06596704563715734], "MNTA": [0.0, 0.06596704563715734], "MYGN": [0.0, 0.06596704563715734], "MYL": [-0.049922222222222236, 0.06596704563715734], "MYRX": [0.0, 0.06596704563715734], "NBIX": [0.0, 0.06596704563715734], "NH": [0.20582222222222224, 0.06596704563715734], "NK": [0.10424210526315789, 0.06596704563715734], "NKTR": [-0.5106, 0.06596704563715734], "NPSP": [0.0, 0.06596704563715734], "NVAX": [0.0, 0.06596704563715734], "OMPI": [0.0, 0.06596704563715734], "ONCE": [0.1205, 0.06596704563715734], "ONXX": [0.26925, 0.06596704563715734], "OPTR": [0.0, 0.06596704563715734], "OREX": [-0.13799999999999998, 0.06596704563715734], "OSCI": [0.0, 0.06596704563715734], "PCRX": [0.0, 0.06596704563715734], "PCYC": [0.0258, 0.06596704563715734], "POZN": [0.019479999999999997, 0.06596704563715734], "RPTP": [-0.3382, 0.06596704563715734], "SAGE": [-0.1049, 0.06596704563715734], "SGMO": [0.07955, 0.06596704563715734], "SGYP": [0.25, 0.06596704563715734], "SIGA": [0.4477, 0.06596704563715734], "SLXP": [0.0, 0.06596704563715734], "SPPI": [0.06698333333333333, 0.06596704563715734], "SQNM": [0.07076666666666667, 0.06596704563715734], "STEM": [0.0, 0.06596704563715734], "SUPG": [0.0, 0.06596704563715734], "TECH": [0.17096666666666668, 0.06596704563715734], "TELK": [-0.5423, 0.06596704563715734], "TEVA": [0.03588, 0.06596704563715734], "THLD": [0.2024, 0.06596704563715734], "TLCR": [0.0, 0.06596704563715734], "TRGT": [0.5719, 0.06596704563715734], "USD": [0.08491153846153845, 0.06596704563715734], "UTHR": [0.3062, 0.06596704563715734], "VICL": [0.0, 0.06596704563715734], "VPHM": [0.1101, 0.06596704563715734], "VRTX": [0.15708804347826075, 0.06596704563715734], "VVUS": [0.04865999999999997, 0.06596704563715734], "XNPT": [0.5892999999999999, 0.06596704563715734], "ZLCS": [0.100475, 0.06596704563715734]}