{"AAVL": [0.22582222222222223, 0.1914033221681958], "ACAD": [0.16874611398963726, 0.1914033221681958], "ACHN": [0.1797551724137931, 0.1914033221681958], "ACOR": [0.06973888888888889, 0.1914033221681958], "ACRX": [0.16279829059829057, 0.1914033221681958], "ADHD": [0.17068, 0.1914033221681958], "ADMS": [0.46621428571428586, 0.1914033221681958], "ADRO": [0.28781249999999997, 0.1914033221681958], "AEGR": [0.3665999999999999, 0.1914033221681958], "AERI": [0.14905, 0.1914033221681958], "AFFX": [0.052155555555555545, 0.1914033221681958], "AFFY": [-0.064, 0.1914033221681958], "AFMD": [0.10027777777777777, 0.1914033221681958], "AGEN": [0.12814761904761904, 0.1914033221681958], "AGIO": [0.011520689655172413, 0.1914033221681958], "AGTC": [0.17068, 0.1914033221681958], "AIMT": [0.0, 0.1914033221681958], "AKBA": [0.1696697674418605, 0.1914033221681958], "AKRX": [0.04725185185185185, 0.1914033221681958], "ALDR": [0.26445714285714284, 0.1914033221681958], "ALIM": [0.22605384615384613, 0.1914033221681958], "ALKS": [0.04908695652173913, 0.1914033221681958], "ALNY": [0.15843055555555555, 0.1914033221681958], "ALTH": [0.15156491228070176, 0.1914033221681958], "ALTU": [0.25, 0.1914033221681958], "ALXA": [0.16755714285714288, 0.1914033221681958], "ALXN": [0.14180434782608695, 0.1914033221681958], "AMAG": [0.05574, 0.1914033221681958], "AMGN": [0.032457731958762885, 0.1914033221681958], "AMRI": [0.08306, 0.1914033221681958], "AMRN": [0.2784384615384615, 0.1914033221681958], "ANAC": [0.02088867924528302, 0.1914033221681958], "ANDS": [0.23643999999999998, 0.1914033221681958], "ANIP": [0.10430714285714283, 0.1914033221681958], "ANTH": [-0.014185714285714286, 0.1914033221681958], "AQXP": [0.2248230769230769, 0.1914033221681958], "ARDX": [0.2787, 0.1914033221681958], "ARIA": [0.13144590163934425, 0.1914033221681958], "ARNA": [0.21613194444444445, 0.1914033221681958], "ARQL": [0.5574, 0.1914033221681958], "ARRY": [0.12318571428571429, 0.1914033221681958], "ARWR": [0.25276666666666664, 0.1914033221681958], "ASPX": [0.11675294117647059, 0.1914033221681958], "AST": [0.03650337552742615, 0.1914033221681958], "ATRA": [0.37310000000000004, 0.1914033221681958], "AUXL": [0.5574, 0.1914033221681958], "AVEO": [0.29474374999999997, 0.1914033221681958], "AVNR": [0.05574, 0.1914033221681958], "BCRX": [0.008292, 0.1914033221681958], "BIIB": [0.09370240963855424, 0.1914033221681958], "BIOD": [0.2153, 0.1914033221681958], "BIOV": [0.6808, 0.1914033221681958], "BLCM": [0.19460933333333336, 0.1914033221681958], "BLUE": [0.053799333333333324, 0.1914033221681958], "BMRN": [0.05825049504950497, 0.1914033221681958], "BMTI": [0.1909, 0.1914033221681958], "BOLD": [0.1063, 0.1914033221681958], "BPMC": [0.296, 0.1914033221681958], "CALP": [0.0, 0.1914033221681958], "CARA": [0.17068, 0.1914033221681958], "CBPO": [0.10310476190476188, 0.1914033221681958], "CBRX": [0.5574, 0.1914033221681958], "CCXI": [0.3601571428571428, 0.1914033221681958], "CELG": [0.10829368421052638, 0.1914033221681958], "CEMP": [0.1249090909090909, 0.1914033221681958], "CEPH": [0.15117142857142857, 0.1914033221681958], "CERS": [0.10321666666666665, 0.1914033221681958], "CGEN": [0.2806666666666667, 0.1914033221681958], "CHMA": [0.08399999999999999, 0.1914033221681958], "CHRS": [0.10542499999999999, 0.1914033221681958], "CLCD": [0.16880769230769233, 0.1914033221681958], "CLDN": [0.44696250000000004, 0.1914033221681958], "CLDX": [0.009758333333333329, 0.1914033221681958], "CLVS": [0.20681153846153844, 0.1914033221681958], "CMRX": [0.35762, 0.1914033221681958], "CNCE": [0.2728, 0.1914033221681958], "COLL": [0.050821428571428566, 0.1914033221681958], "CRA": [0.12581111111111112, 0.1914033221681958], "CRIS": [0.06564615384615384, 0.1914033221681958], "CRME": [0.5574, 0.1914033221681958], "CTIC": [0.1514962962962963, 0.1914033221681958], "CTRX": [0.2787, 0.1914033221681958], "CXRX": [0.0193, 0.1914033221681958], "CYTK": [0.10460666666666667, 0.1914033221681958], "CYTX": [0.30825454545454545, 0.1914033221681958], "DBVT": [0.074, 0.1914033221681958], "DEPO": [0.37166111111111105, 0.1914033221681958], "DERM": [0.11025555555555555, 0.1914033221681958], "DIGE": [0.0, 0.1914033221681958], "DNDN": [0.0, 0.1914033221681958], "DRNA": [0.6651454545454546, 0.1914033221681958], "DRRX": [0.046177777777777776, 0.1914033221681958], "DSCO": [0.5798, 0.1914033221681958], "DVAX": [0.052070588235294105, 0.1914033221681958], "DYAX": [0.08983304535637152, 0.1914033221681958], "ECYT": [0.32728333333333337, 0.1914033221681958], "EDIT": [0.16287142857142858, 0.1914033221681958], "EGLT": [0.2787, 0.1914033221681958], "EGRX": [0.10348235294117647, 0.1914033221681958], "EMIS": [0.48213333333333336, 0.1914033221681958], "ENCY": [0.40546999999999994, 0.1914033221681958], "ENDP": [0.20623703703703702, 0.1914033221681958], "ENTA": [0.2061949999999999, 0.1914033221681958], "ENZN": [0.3324, 0.1914033221681958], "EPZM": [0.3023206896551725, 0.1914033221681958], "ESPR": [0.07705604395604397, 0.1914033221681958], "EXEL": [0.06759464285714285, 0.1914033221681958], "FACT": [-0.03818181818181818, 0.1914033221681958], "FGEN": [0.04656249999999999, 0.1914033221681958], "FLKS": [0.059199999999999996, 0.1914033221681958], "FLML": [0.42669999999999997, 0.1914033221681958], "FLXN": [0.13935, 0.1914033221681958], "FMI": [0.14213333333333333, 0.1914033221681958], "FOLD": [0.1472921052631579, 0.1914033221681958], "FOMX": [0.2787, 0.1914033221681958], "FPRX": [0.4601285714285715, 0.1914033221681958], "GBT": [0.0, 0.1914033221681958], "GENZ": [0.5719, 0.1914033221681958], "GERN": [0.3102, 0.1914033221681958], "GEVA": [0.15924000000000002, 0.1914033221681958], "GHDX": [0.07962857142857142, 0.1914033221681958], "GILD": [0.07502795698924732, 0.1914033221681958], "GNVC": [0.5574, 0.1914033221681958], "GPRO": [0.11396026490066229, 0.1914033221681958], "GRFS": [0.42669999999999997, 0.1914033221681958], "GTXI": [0.274675, 0.1914033221681958], "GWPH": [0.0457731343283582, 0.1914033221681958], "HALO": [0.24022499999999994, 0.1914033221681958], "HBIO": [-0.031238461538461545, 0.1914033221681958], "HPTX": [0.5574, 0.1914033221681958], "HZNP": [0.09237887323943661, 0.1914033221681958], "ICEL": [0.4570636363636364, 0.1914033221681958], "ICPT": [0.0823090909090909, 0.1914033221681958], "ICY": [-0.012333333333333344, 0.1914033221681958], "ILMN": [0.2504354838709678, 0.1914033221681958], "ILU": [-0.296, 0.1914033221681958], "IMDZ": [0.41037499999999993, 0.1914033221681958], "IMGN": [0.015985365853658538, 0.1914033221681958], "IMMU": [0.3734692307692308, 0.1914033221681958], "INCR": [0.4138142857142856, 0.1914033221681958], "INCY": [0.04133958333333333, 0.1914033221681958], "INFI": [0.3982583333333333, 0.1914033221681958], "INGN": [0.6757, 0.1914033221681958], "INO": [0.23024761904761906, 0.1914033221681958], "INSM": [0.42669999999999997, 0.1914033221681958], "INSY": [0.4716809523809525, 0.1914033221681958], "IONS": [0.04122925170068028, 0.1914033221681958], "IPXL": [0.2454625, 0.1914033221681958], "IRWD": [0.24186666666666667, 0.1914033221681958], "ISIS": [0.11821818181818182, 0.1914033221681958], "ISPH": [0.0, 0.1914033221681958], "ISTA": [0.12350625, 0.1914033221681958], "ITCI": [0.020319999999999994, 0.1914033221681958], "ITEK": [0.43394999999999995, 0.1914033221681958], "ITMN": [0.5574, 0.1914033221681958], "JAZZ": [0.10620555555555555, 0.1914033221681958], "JUNO": [0.01063333333333333, 0.1914033221681958], "KERX": [0.35169565217391296, 0.1914033221681958], "KITE": [0.04449607843137254, 0.1914033221681958], "KMPH": [0.5719, 0.1914033221681958], "KPTI": [0.11148, 0.1914033221681958], "KYTH": [0.6081000000000001, 0.1914033221681958], "LBIO": [0.10966637168141592, 0.1914033221681958], "LGND": [0.25556999999999996, 0.1914033221681958], "LIFC": [0.3182, 0.1914033221681958], "LIFE": [0.016156250000000007, 0.1914033221681958], "LMNX": [0.04608857142857144, 0.1914033221681958], "LOXO": [0.029336842105263158, 0.1914033221681958], "LXRX": [0.2787, 0.1914033221681958], "MACK": [0.10298125, 0.1914033221681958],