{"AAVL": [0.2462, 0.12029619315085675], "ACAD": [0.16601147540983605, 0.12029619315085675], "ACHN": [0.26310833333333333, 0.12029619315085675], "ACOR": [0.04933333333333333, 0.12029619315085675], "ACRX": [0.148, 0.12029619315085675], "ADHD": [0.0, 0.12029619315085675], "ADMS": [0.085, 0.12029619315085675], "ADRO": [0.0, 0.12029619315085675], "AEGR": [0.04933333333333333, 0.12029619315085675], "AERI": [0.3688705882352941, 0.12029619315085675], "AFMD": [0.5236888888888889, 0.12029619315085675], "AGEN": [0.15135714285714288, 0.12029619315085675], "AGIO": [0.035521739130434785, 0.12029619315085675], "AGTC": [0.0, 0.12029619315085675], "AIMT": [0.0, 0.12029619315085675], "AKBA": [0.07649999999999998, 0.12029619315085675], "AKRX": [0.13514444444444443, 0.12029619315085675], "ALDR": [0.09963333333333334, 0.12029619315085675], "ALIM": [0.21075, 0.12029619315085675], "ALKS": [0.008083018867924528, 0.12029619315085675], "ALNY": [0.2082375, 0.12029619315085675], "ALTH": [0.11683939393939395, 0.12029619315085675], "ALXN": [0.04618333333333334, 0.12029619315085675], "AMAG": [0.003683333333333335, 0.12029619315085675], "AMGN": [0.034864000000000006, 0.12029619315085675], "AMRI": [0.148, 0.12029619315085675], "AMRN": [-0.08773846153846154, 0.12029619315085675], "ANAC": [-0.0256, 0.12029619315085675], "ANDS": [0.2892666666666667, 0.12029619315085675], "ANIP": [0.27746, 0.12029619315085675], "ANPI": [0.0, 0.12029619315085675], "ANTH": [0.003674999999999994, 0.12029619315085675], "AQXP": [0.03918181818181818, 0.12029619315085675], "ARDX": [0.3119454545454546, 0.12029619315085675], "ARIA": [0.16355294117647057, 0.12029619315085675], "ARLZ": [0.0, 0.12029619315085675], "ARNA": [0.10459736842105265, 0.12029619315085675], "ARQL": [0.0, 0.12029619315085675], "ARRY": [-0.006677272727272729, 0.12029619315085675], "ARWR": [0.06524186046511628, 0.12029619315085675], "ASPX": [-0.08451666666666667, 0.12029619315085675], "AST": [0.12389406779661018, 0.12029619315085675], "ATRA": [0.2008, 0.12029619315085675], "AVEO": [0.0, 0.12029619315085675], "AVII": [0.0, 0.12029619315085675], "AVXS": [0.19014666666666666, 0.12029619315085675], "BCRX": [0.17992142857142857, 0.12029619315085675], "BGNE": [0.13101176470588238, 0.12029619315085675], "BIIB": [0.10710500000000002, 0.12029619315085675], "BIOD": [0.14049999999999999, 0.12029619315085675], "BLCM": [0.2672, 0.12029619315085675], "BLUE": [0.16990645161290321, 0.12029619315085675], "BMRN": [0.16681081081081084, 0.12029619315085675], "BOLD": [0.0, 0.12029619315085675], "BPMC": [0.015550000000000003, 0.12029619315085675], "CALP": [0.06475714285714286, 0.12029619315085675], "CARA": [0.0071652173913043455, 0.12029619315085675], "CASC": [0.0407, 0.12029619315085675], "CBPO": [0.2621, 0.12029619315085675], "CCXI": [0.38126666666666664, 0.12029619315085675], "CELG": [0.05855865384615385, 0.12029619315085675], "CEMP": [0.13339848484848485, 0.12029619315085675], "CEPH": [0.7351, 0.12029619315085675], "CERS": [0.13396666666666665, 0.12029619315085675], "CGEN": [-0.123475, 0.12029619315085675], "CHRS": [-0.032888888888888884, 0.12029619315085675], "CLCD": [0.02732, 0.12029619315085675], "CLDN": [0.45326666666666665, 0.12029619315085675], "CLDX": [0.07114262295081966, 0.12029619315085675], "CLSD": [0.0, 0.12029619315085675], "CLVS": [0.040590625, 0.12029619315085675], "CMRX": [0.0533125, 0.12029619315085675], "CNCE": [0.148, 0.12029619315085675], "COLL": [0.08081999999999999, 0.12029619315085675], "CRA": [-0.040404761904761916, 0.12029619315085675], "CRIS": [-0.07900625, 0.12029619315085675], "CRME": [0.078925, 0.12029619315085675], "CTIC": [0.0, 0.12029619315085675], "CXRX": [0.16650800000000004, 0.12029619315085675], "CYTK": [-0.2114666666666667, 0.12029619315085675], "CYTX": [0.074, 0.12029619315085675], "DBVT": [0.15385714285714286, 0.12029619315085675], "DEPO": [0.0934897435897436, 0.12029619315085675], "DERM": [0.13724166666666668, 0.12029619315085675], "DIGE": [0.5710999999999999, 0.12029619315085675], "DNAI": [-0.18228, 0.12029619315085675], "DRNA": [0.07376666666666667, 0.12029619315085675], "DRRX": [0.0, 0.12029619315085675], "DVAX": [0.1691923076923077, 0.12029619315085675], "DYAX": [0.0, 0.12029619315085675], "ECYT": [0.12726666666666667, 0.12029619315085675], "EDIT": [0.14181333333333335, 0.12029619315085675], "EGLT": [-0.0870836065573771, 0.12029619315085675], "EGRX": [0.1838358208955223, 0.12029619315085675], "ENCY": [0.04360769230769228, 0.12029619315085675], "ENDP": [0.05558636363636363, 0.12029619315085675], "ENTA": [0.0445280701754386, 0.12029619315085675], "EPZM": [0.26886666666666664, 0.12029619315085675], "ESPR": [0.370425, 0.12029619315085675], "EXEL": [0.09548709677419356, 0.12029619315085675], "FACT": [0.09358333333333334, 0.12029619315085675], "FGEN": [0.1919235294117647, 0.12029619315085675], "FLKS": [0.10653333333333334, 0.12029619315085675], "FLML": [0.08866249999999999, 0.12029619315085675], "FLXN": [-0.024666666666666667, 0.12029619315085675], "FMI": [0.027784615384615387, 0.12029619315085675], "FOLD": [0.2533274509803921, 0.12029619315085675], "FPRX": [0.45278750000000006, 0.12029619315085675], "GBT": [0.08154117647058823, 0.12029619315085675], "GERN": [0.0796125, 0.12029619315085675], "GEVA": [0.31845, 0.12029619315085675], "GHDX": [0.0, 0.12029619315085675], "GILD": [0.15465912408759128, 0.12029619315085675], "GNVC": [0.0, 0.12029619315085675], "GPRO": [0.02810444444444445, 0.12029619315085675], "GRFS": [0.24440000000000003, 0.12029619315085675], "GTXI": [0.0, 0.12029619315085675], "GWPH": [0.07900952380952381, 0.12029619315085675], "HALO": [0.045385714285714286, 0.12029619315085675], "HZNP": [0.1286229166666667, 0.12029619315085675], "ICEL": [0.650075, 0.12029619315085675], "ICPT": [0.10766956521739132, 0.12029619315085675], "ICY": [0.060599999999999994, 0.12029619315085675], "ILMN": [-0.04161599999999999, 0.12029619315085675], "ILU": [-0.47635, 0.12029619315085675], "IMDZ": [0.047262500000000006, 0.12029619315085675], "IMGN": [0.11644516129032258, 0.12029619315085675], "IMMU": [0.03555111111111111, 0.12029619315085675], "INCR": [0.20664358974358982, 0.12029619315085675], "INCY": [0.12618656716417911, 0.12029619315085675], "INFI": [0.03503, 0.12029619315085675], "INO": [0.06530434782608696, 0.12029619315085675], "INSY": [0.1395709677419355, 0.12029619315085675], "INVA": [0.148, 0.12029619315085675], "IONS": [0.09836969696969694, 0.12029619315085675], "IPXL": [0.05385555555555556, 0.12029619315085675], "IRWD": [0.251, 0.12029619315085675], "ISIS": [0.13396666666666665, 0.12029619315085675], "ISTA": [0.14880416666666665, 0.12029619315085675], "ITCI": [0.0, 0.12029619315085675], "ITEK": [0.0, 0.12029619315085675], "JAZZ": [-0.06431999999999999, 0.12029619315085675], "JUNO": [0.22886833333333328, 0.12029619315085675], "KERX": [0.0803720930232558, 0.12029619315085675], "KITE": [0.09511923076923078, 0.12029619315085675], "KPTI": [0.1046058823529412, 0.12029619315085675], "LBIO": [0.1535724137931034, 0.12029619315085675], "LGND": [0.30900434782608704, 0.12029619315085675], "LIFE": [0.10719999999999999, 0.12029619315085675], "LMNX": [0.06176, 0.12029619315085675], "LOXO": [0.0, 0.12029619315085675], "MACK": [0.0686826086956522, 0.12029619315085675], "MAPP": [0.14700000000000002, 0.12029619315085675], "MCRB": [0.24134000000000003, 0.12029619315085675], "MDCO": [0.056812499999999995, 0.12029619315085675], "MDVN": [0.037, 0.12029619315085675], "MEDI": [0.19465027624309358, 0.12029619315085675], "MGNX": [0.14573333333333335, 0.12029619315085675], "MITI": [0.743, 0.12029619315085675], "MNK": [0.1348642857142857, 0.12029619315085675], "MNKD": [0.1291822222222222, 0.12029619315085675], "MNTA": [-0.06364, 0.12029619315085675], "MYGN": [-0.008533333333333334, 0.12029619315085675], "MYL": [-0.03269541284403671, 0.12029619315085675], "MYRX": [0.3612, 0.12029619315085675], "NABI": [0.0575969696969697, 0.12029619315085675], "NBIX": [0.22993333333333335, 0.12029619315085675], "NDRM": [0.06527142857142858, 0.12029619315085675],