{"AAVL": [0.2263, 0.06538690143476446], "ACAD": [-0.04933333333333333, 0.06538690143476446], "ACHN": [0.08092211538461537, 0.06538690143476446], "ACOR": [0.12437777777777777, 0.06538690143476446], "ACRX": [-0.003777419354838709, 0.06538690143476446], "ADHD": [0.3176105263157895, 0.06538690143476446], "ADMS": [0.25, 0.06538690143476446], "AEGR": [0.06854722222222223, 0.06538690143476446], "AERI": [0.0, 0.06538690143476446], "AFFX": [0.7096, 0.06538690143476446], "AFFY": [0.35636666666666666, 0.06538690143476446], "AGEN": [-0.003500000000000008, 0.06538690143476446], "AGIO": [0.1147, 0.06538690143476446], "AGTC": [0.0, 0.06538690143476446], "AKBA": [0.0, 0.06538690143476446], "AKRX": [0.0, 0.06538690143476446], "ALIM": [0.17759999999999998, 0.06538690143476446], "ALKS": [0.0, 0.06538690143476446], "ALNY": [0.03666923076923077, 0.06538690143476446], "ALTH": [0.07065483870967741, 0.06538690143476446], "ALXA": [0.0, 0.06538690143476446], "ALXN": [0.016418181818181818, 0.06538690143476446], "AMAG": [0.03571428571428571, 0.06538690143476446], "AMGN": [0.3686, 0.06538690143476446], "AMPH": [0.0, 0.06538690143476446], "AMRN": [0.1346, 0.06538690143476446], "ANAC": [0.08731666666666667, 0.06538690143476446], "ANDS": [-0.12386, 0.06538690143476446], "ANIP": [-0.2202, 0.06538690143476446], "AQXP": [-0.07955, 0.06538690143476446], "ARDX": [0.2023, 0.06538690143476446], "ARIA": [0.07085, 0.06538690143476446], "ARNA": [0.04683333333333333, 0.06538690143476446], "ARRY": [0.006886666666666667, 0.06538690143476446], "ARWR": [0.25605540540540545, 0.06538690143476446], "ASPX": [0.1469875, 0.06538690143476446], "AST": [0.06989636363636367, 0.06538690143476446], "AUXL": [0.15081111111111112, 0.06538690143476446], "AVEO": [0.1081181818181818, 0.06538690143476446], "AVNR": [0.0, 0.06538690143476446], "AXCA": [-0.434, 0.06538690143476446], "BCRX": [0.10106352941176473, 0.06538690143476446], "BIIB": [0.023588000000000005, 0.06538690143476446], "BIOD": [0.2172340425531915, 0.06538690143476446], "BLUE": [0.252265, 0.06538690143476446], "BMRN": [0.02511875, 0.06538690143476446], "CALP": [0.22173333333333334, 0.06538690143476446], "CARA": [0.0, 0.06538690143476446], "CBST": [0.0, 0.06538690143476446], "CELG": [0.20150487804878048, 0.06538690143476446], "CEMP": [0.04216428571428572, 0.06538690143476446], "CEPH": [0.017920000000000002, 0.06538690143476446], "CERS": [0.0, 0.06538690143476446], "CGEN": [-0.6249, 0.06538690143476446], "CGPI": [0.0, 0.06538690143476446], "CLDN": [-0.22251428571428572, 0.06538690143476446], "CLDX": [0.13867894736842104, 0.06538690143476446], "CLVS": [0.16299999999999998, 0.06538690143476446], "CNCE": [0.0, 0.06538690143476446], "COLL": [0.28635, 0.06538690143476446], "CRA": [-0.00849999999999999, 0.06538690143476446], "CRIS": [-0.005788888888888889, 0.06538690143476446], "CRME": [-0.16972500000000001, 0.06538690143476446], "CTIC": [0.09292, 0.06538690143476446], "CTRX": [0.10438666666666666, 0.06538690143476446], "CYTX": [0.1257, 0.06538690143476446], "DEPO": [0.2829, 0.06538690143476446], "DERM": [0.2202, 0.06538690143476446], "DNDN": [-0.0191375, 0.06538690143476446], "DRNA": [-0.1441833333333333, 0.06538690143476446], "DRRX": [0.4404, 0.06538690143476446], "DVAX": [0.2023, 0.06538690143476446], "DYAX": [0.4404, 0.06538690143476446], "ECYT": [0.0, 0.06538690143476446], "EDIT": [-0.7579, 0.06538690143476446], "EGRX": [0.06056000000000001, 0.06538690143476446], "ENCY": [-0.3818, 0.06538690143476446], "ENDP": [-0.010755555555555558, 0.06538690143476446], "ENTA": [0.12134651162790701, 0.06538690143476446], "ENZN": [0.0, 0.06538690143476446], "EPZM": [0.0, 0.06538690143476446], "EXEL": [0.21071153846153848, 0.06538690143476446], "FACT": [-0.13805, 0.06538690143476446], "FGEN": [0.3818, 0.06538690143476446], "FLKS": [-0.4939, 0.06538690143476446], "FLML": [0.2553, 0.06538690143476446], "FMI": [0.0, 0.06538690143476446], "FOLD": [0.2644363636363637, 0.06538690143476446], "FPRX": [0.14259999999999998, 0.06538690143476446], "FURX": [0.0, 0.06538690143476446], "GERN": [0.04521304347826087, 0.06538690143476446], "GHDX": [-0.05464, 0.06538690143476446], "GILD": [0.1570223684210526, 0.06538690143476446], "GPRO": [0.05520810810810812, 0.06538690143476446], "GRFS": [0.0, 0.06538690143476446], "GTXI": [0.31245, 0.06538690143476446], "GWPH": [0.06701744186046511, 0.06538690143476446], "HALO": [0.03799405940594059, 0.06538690143476446], "HZNP": [0.25825, 0.06538690143476446], "ICEL": [0.02572499999999999, 0.06538690143476446], "ICPT": [0.15998380566801623, 0.06538690143476446], "ICY": [-0.23865, 0.06538690143476446], "IDIX": [0.0, 0.06538690143476446], "ILMN": [-0.0189125, 0.06538690143476446], "ILU": [-0.19288333333333338, 0.06538690143476446], "IMDZ": [0.38180000000000003, 0.06538690143476446], "IMGN": [0.0, 0.06538690143476446], "IMMU": [-0.11653500000000001, 0.06538690143476446], "INCR": [0.3248852941176469, 0.06538690143476446], "INCY": [0.0, 0.06538690143476446], "INFI": [-0.1934, 0.06538690143476446], "INGN": [0.0, 0.06538690143476446], "INO": [0.06168958333333332, 0.06538690143476446], "INSM": [0.053120000000000014, 0.06538690143476446], "INSY": [0.011958227848101266, 0.06538690143476446], "INVA": [0.4404, 0.06538690143476446], "IONS": [0.09199411764705875, 0.06538690143476446], "IRWD": [0.4926, 0.06538690143476446], "ISIS": [0.02245, 0.06538690143476446], "ISTA": [0.1638, 0.06538690143476446], "ITMN": [0.05397647058823529, 0.06538690143476446], "JAZZ": [0.35373125000000005, 0.06538690143476446], "KERX": [0.08989166666666666, 0.06538690143476446], "KPTI": [0.25, 0.06538690143476446], "KYTH": [0.0, 0.06538690143476446], "LBIO": [0.09502179487179489, 0.06538690143476446], "LGND": [-0.013783333333333328, 0.06538690143476446], "LIFE": [0.028240000000000022, 0.06538690143476446], "LOXO": [0.09895000000000001, 0.06538690143476446], "LXRX": [-0.03946666666666666, 0.06538690143476446], "MACK": [0.0743279411764706, 0.06538690143476446], "MAPP": [0.100475, 0.06538690143476446], "MDCO": [0.0, 0.06538690143476446], "MDVN": [-0.009369999999999998, 0.06538690143476446], "MEDI": [0.2691791788856319, 0.06538690143476446], "MNK": [0.1093690993788819, 0.06538690143476446], "MNKD": [0.11034301412872835, 0.06538690143476446], "MNOV": [0.0, 0.06538690143476446], "MNTA": [0.38915, 0.06538690143476446], "MRNA": [0.6868, 0.06538690143476446], "MYGN": [0.0, 0.06538690143476446], "MYL": [0.06043181818181818, 0.06538690143476446], "MYRX": [-0.1779, 0.06538690143476446], "NABI": [0.018007692307692308, 0.06538690143476446], "NBIX": [0.0, 0.06538690143476446], "NEOL": [0.0, 0.06538690143476446], "NERV": [-0.2732, 0.06538690143476446], "NH": [0.1305434782608696, 0.06538690143476446], "NK": [0.10661455782312922, 0.06538690143476446], "NKTR": [0.0319125, 0.06538690143476446], "NLNK": [-0.03377500000000002, 0.06538690143476446], "NOVN": [0.0, 0.06538690143476446], "NPSP": [0.2474714285714286, 0.06538690143476446], "NVAX": [0.008360000000000001, 0.06538690143476446], "OCUL": [0.2023, 0.06538690143476446], "OMED": [-0.05777999999999998, 0.06538690143476446], "OMER": [-0.051383333333333336, 0.06538690143476446], "OMPI": [0.32185, 0.06538690143476446], "ONCE": [0.3151851851851852, 0.06538690143476446], "ONTY": [0.0809470588235294, 0.06538690143476446], "ONVO": [0.025488888888888887, 0.06538690143476446], "ONXX": [-0.3178, 0.06538690143476446], "OPHT": [0.0, 0.06538690143476446], "OPK": [0.1579641666666666, 0.06538690143476446], "ORCH": [-0.6239, 0.06538690143476446], "OREX": [0.05894677419354839, 0.06538690143476446], "OSCI": [0.1176, 0.06538690143476446], "OSIR": [0.4166, 0.06538690143476446], "OTIC": [-0.02502380952380952, 0.06538690143476446], "OVAS": [0.08631111111111112, 0.06538690143476446], "PCRX": [0.0, 0.06538690143476446], "PCYC": [0.0, 0.06538690143476446], "PDLI": [-0.024476923076923077, 0.06538690143476446], "PETX": [-0.5267, 0.06538690143476446], "PGNX": [0.17084, 0.06538690143476446], "POZN": [0.215475, 0.06538690143476446], "PRGO": [0.1531, 0.06538690143476446],