{"ACAD": [0.0572056603773585, 0.1122681724966724], "ACHN": [-0.0026699999999999944, 0.1122681724966724], "ADHD": [0.0, 0.1122681724966724], "AEGR": [0.31845, 0.1122681724966724], "AFFY": [-0.0329, 0.1122681724966724], "AGEN": [0.25353333333333333, 0.1122681724966724], "ALIM": [0.0, 0.1122681724966724], "ALKS": [0.06743333333333333, 0.1122681724966724], "ALTH": [0.22928500000000002, 0.1122681724966724], "ALXA": [0.8126, 0.1122681724966724], "AMAG": [0.09186000000000001, 0.1122681724966724], "AMGN": [0.2789636363636364, 0.1122681724966724], "AMLN": [0.4404, 0.1122681724966724], "AMPH": [0.0, 0.1122681724966724], "AMRN": [0.40281904761904774, 0.1122681724966724], "ANAC": [0.11839999999999999, 0.1122681724966724], "ANDS": [0.21075, 0.1122681724966724], "ANTH": [0.3612, 0.1122681724966724], "ARIA": [0.09705000000000001, 0.1122681724966724], "ARNA": [0.20090555555555553, 0.1122681724966724], "ARQL": [-0.3182, 0.1122681724966724], "ARRY": [0.09791000000000001, 0.1122681724966724], "ARWR": [0.0, 0.1122681724966724], "ASPX": [0.09126666666666668, 0.1122681724966724], "AST": [0.059132758620689646, 0.1122681724966724], "ASTX": [0.309075, 0.1122681724966724], "ATRA": [0.13695, 0.1122681724966724], "AUXL": [0.12972, 0.1122681724966724], "AVEO": [-0.14235499999999998, 0.1122681724966724], "AVNR": [0.021325000000000004, 0.1122681724966724], "AXCA": [0.38915, 0.1122681724966724], "BCRX": [0.13293333333333335, 0.1122681724966724], "BIIB": [0.28632962962962955, 0.1122681724966724], "BIOD": [0.035511764705882354, 0.1122681724966724], "BLUE": [0.26353333333333334, 0.1122681724966724], "BMRN": [0.07047428571428571, 0.1122681724966724], "CADX": [0.08708, 0.1122681724966724], "CALP": [0.0, 0.1122681724966724], "CBRX": [0.037185714285714294, 0.1122681724966724], "CBST": [0.0, 0.1122681724966724], "CCXI": [-0.4939, 0.1122681724966724], "CELG": [0.30754193548387093, 0.1122681724966724], "CEMP": [-0.28099999999999997, 0.1122681724966724], "CEPH": [-0.7096, 0.1122681724966724], "CERS": [0.0, 0.1122681724966724], "CLDX": [0.2172866666666667, 0.1122681724966724], "CLVS": [0.07590777777777781, 0.1122681724966724], "CMRX": [0.13396666666666665, 0.1122681724966724], "COLL": [-0.296, 0.1122681724966724], "COLY": [0.0, 0.1122681724966724], "CRA": [0.1210235294117647, 0.1122681724966724], "CRIS": [0.38915, 0.1122681724966724], "CRME": [0.0, 0.1122681724966724], "CSKI": [0.34, 0.1122681724966724], "CTIC": [-0.01819285714285715, 0.1122681724966724], "CTRX": [0.07660714285714286, 0.1122681724966724], "CYTK": [0.11086666666666667, 0.1122681724966724], "DEPO": [0.22996666666666665, 0.1122681724966724], "DERM": [0.0, 0.1122681724966724], "DSCO": [-0.2732, 0.1122681724966724], "DVAX": [0.13578, 0.1122681724966724], "DYAX": [0.0734, 0.1122681724966724], "ECYT": [0.0, 0.1122681724966724], "EDIT": [0.5257499999999999, 0.1122681724966724], "EMIS": [0.0, 0.1122681724966724], "ENCY": [0.20095, 0.1122681724966724], "ENDP": [0.298775, 0.1122681724966724], "ENTA": [0.03898461538461538, 0.1122681724966724], "ENZN": [0.0, 0.1122681724966724], "EPZM": [-0.025735714285714296, 0.1122681724966724], "FACT": [0.2023, 0.1122681724966724], "FGEN": [0.743, 0.1122681724966724], "FLML": [0.06037826086956522, 0.1122681724966724], "FOLD": [0.3349166666666667, 0.1122681724966724], "GERN": [0.11730714285714286, 0.1122681724966724], "GHDX": [0.11315, 0.1122681724966724], "GILD": [0.011950000000000004, 0.1122681724966724], "GRFS": [0.0, 0.1122681724966724], "GTXI": [0.1530888888888889, 0.1122681724966724], "GWPH": [0.0, 0.1122681724966724], "HALO": [-0.084925, 0.1122681724966724], "HITK": [0.0, 0.1122681724966724], "HZNP": [0.2195111111111111, 0.1122681724966724], "ICEL": [0.4404, 0.1122681724966724], "ICY": [0.504, 0.1122681724966724], "IDIX": [0.0, 0.1122681724966724], "ILU": [0.239425, 0.1122681724966724], "IMGN": [0.0, 0.1122681724966724], "IMMU": [0.10250000000000001, 0.1122681724966724], "INCR": [0.41956666666666664, 0.1122681724966724], "INCY": [0.13396666666666665, 0.1122681724966724], "INFI": [0.05188902439024389, 0.1122681724966724], "INO": [0.1542941176470588, 0.1122681724966724], "INSM": [0.0, 0.1122681724966724], "INSY": [0.0, 0.1122681724966724], "INVA": [0.2332, 0.1122681724966724], "IONS": [0.1493, 0.1122681724966724], "IRWD": [0.2388857142857143, 0.1122681724966724], "ISIS": [0.07543333333333334, 0.1122681724966724], "ISTA": [0.12538181818181818, 0.1122681724966724], "ITMN": [0.41805000000000003, 0.1122681724966724], "JAZZ": [0.21543, 0.1122681724966724], "KERX": [0.1463952380952381, 0.1122681724966724], "LBIO": [-0.10573636363636366, 0.1122681724966724], "LGND": [0.29962500000000003, 0.1122681724966724], "LIFE": [-0.23835, 0.1122681724966724], "LMNX": [0.0, 0.1122681724966724], "MACK": [0.13315714285714284, 0.1122681724966724], "MAXY": [0.0, 0.1122681724966724], "MDCO": [0.3892625, 0.1122681724966724], "MEDI": [0.2916923076923077, 0.1122681724966724], "MNK": [0.10233711340206186, 0.1122681724966724], "MNKD": [0.09409368421052632, 0.1122681724966724], "MNTA": [0.0, 0.1122681724966724], "MYL": [-0.1623, 0.1122681724966724], "NBIX": [0.5106, 0.1122681724966724], "NH": [-0.09691999999999999, 0.1122681724966724], "NK": [0.10660139860139858, 0.1122681724966724], "NPSP": [0.0, 0.1122681724966724], "NVAX": [0.31521875000000005, 0.1122681724966724], "OMED": [-0.70935, 0.1122681724966724], "OMER": [0.0, 0.1122681724966724], "ONCE": [0.2263, 0.1122681724966724], "ONTY": [0.08471111111111111, 0.1122681724966724], "ONVO": [0.6249, 0.1122681724966724], "ONXX": [0.2363, 0.1122681724966724], "OPK": [0.31070000000000003, 0.1122681724966724], "OPTR": [0.0, 0.1122681724966724], "OREX": [0.13805675675675677, 0.1122681724966724], "OVAS": [0.27115, 0.1122681724966724], "PACB": [0.4404, 0.1122681724966724], "PCRX": [0.0, 0.1122681724966724], "PRTA": [0.5574, 0.1122681724966724], "PTLA": [0.0, 0.1122681724966724], "PTX": [0.0, 0.1122681724966724], "QCOR": [0.0, 0.1122681724966724], "RARE": [-0.2732, 0.1122681724966724], "RCPT": [0.0, 0.1122681724966724], "REGN": [0.14448, 0.1122681724966724], "RIGL": [-0.13997857142857145, 0.1122681724966724], "SAGE": [0.10134193548387097, 0.1122681724966724], "SCMP": [0.10785, 0.1122681724966724], "SGEN": [0.0809, 0.1122681724966724], "SGNT": [0.0, 0.1122681724966724], "SGYP": [0.4038555555555555, 0.1122681724966724], "SHPG": [0.11482500000000001, 0.1122681724966724], "SNTA": [0.053580434782608696, 0.1122681724966724], "SNTS": [0.5225625000000002, 0.1122681724966724], "SPPI": [0.5225625000000002, 0.1122681724966724], "SQNM": [0.0193, 0.1122681724966724], "SRPT": [0.1186878787878788, 0.1122681724966724], "STEM": [0.10115, 0.1122681724966724], "SUPN": [0.3652461538461539, 0.1122681724966724], "TBPH": [0.0, 0.1122681724966724], "TECH": [0.05501122448979594, 0.1122681724966724], "TELK": [0.0, 0.1122681724966724], "TEVA": [-0.1290181818181818, 0.1122681724966724], "THLD": [-0.4215, 0.1122681724966724], "THRX": [0.0, 0.1122681724966724], "TSRO": [0.10349736842105266, 0.1122681724966724], "TSRX": [0.00328571428571429, 0.1122681724966724], "USD": [0.06725593220338984, 0.1122681724966724], "UTHR": [0.21075, 0.1122681724966724], "VICL": [0.07351538461538462, 0.1122681724966724], "VNDA": [0.046723529411764705, 0.1122681724966724], "VRNM": [0.0, 0.1122681724966724], "VRTX": [0.4759, 0.1122681724966724], "VSTM": [0.0, 0.1122681724966724], "VVUS": [0.10235000000000001, 0.1122681724966724], "WCRX": [0.20095, 0.1122681724966724], "ZGNX": [0.08895, 0.1122681724966724], "ZLCS": [0.0800111111111111, 0.1122681724966724]}