{"ACAD": [0.03868, 0.12834358726913822], "ACHN": [0.20015, 0.12834358726913822], "ACOR": [0.10956363636363636, 0.12834358726913822], "ACRX": [0.100075, 0.12834358726913822], "ADHD": [0.0, 0.12834358726913822], "ADMS": [0.0, 0.12834358726913822], "ADRO": [0.0, 0.12834358726913822], "AEGR": [0.3445636363636364, 0.12834358726913822], "AFFX": [0.1662, 0.12834358726913822], "AFFY": [0.19037500000000002, 0.12834358726913822], "AGEN": [0.12498571428571428, 0.12834358726913822], "AGIO": [0.02114285714285714, 0.12834358726913822], "AGTC": [0.3953, 0.12834358726913822], "AKBA": [0.19052222222222223, 0.12834358726913822], "AKRX": [0.306825, 0.12834358726913822], "ALDR": [0.45313333333333333, 0.12834358726913822], "ALIM": [0.4852666666666667, 0.12834358726913822], "ALKS": [0.10982, 0.12834358726913822], "ALNY": [0.024900000000000005, 0.12834358726913822], "ALTH": [0.20489473684210524, 0.12834358726913822], "ALTU": [0.4003, 0.12834358726913822], "ALXA": [0.0, 0.12834358726913822], "ALXN": [0.059781132075471706, 0.12834358726913822], "AMAG": [0.29734000000000005, 0.12834358726913822], "AMGN": [-0.0023799999999999997, 0.12834358726913822], "AMRI": [0.19852, 0.12834358726913822], "AMRN": [0.13143333333333335, 0.12834358726913822], "ANAC": [0.19467500000000001, 0.12834358726913822], "ANDS": [0.0, 0.12834358726913822], "ANIP": [0.0, 0.12834358726913822], "ANTH": [0.21075, 0.12834358726913822], "ARIA": [0.20585000000000006, 0.12834358726913822], "ARNA": [0.17074285714285714, 0.12834358726913822], "ARQL": [0.0, 0.12834358726913822], "ARRY": [0.26212307692307685, 0.12834358726913822], "ARWR": [0.10520476190476191, 0.12834358726913822], "ASPX": [0.25989999999999996, 0.12834358726913822], "AST": [0.12910731707317066, 0.12834358726913822], "ASTX": [0.13343333333333332, 0.12834358726913822], "ATRA": [0.0, 0.12834358726913822], "AVEO": [0.22844736842105265, 0.12834358726913822], "AVII": [0.0, 0.12834358726913822], "AVNR": [0.3542, 0.12834358726913822], "AXCA": [0.4939, 0.12834358726913822], "BCRX": [0.072275, 0.12834358726913822], "BIIB": [0.13945917159763307, 0.12834358726913822], "BIOD": [0.12584, 0.12834358726913822], "BLUE": [0.08038, 0.12834358726913822], "BMRN": [0.07509600000000001, 0.12834358726913822], "BOLD": [0.042666666666666665, 0.12834358726913822], "CADX": [0.16011999999999998, 0.12834358726913822], "CALP": [0.0, 0.12834358726913822], "CARA": [0.4003, 0.12834358726913822], "CBPO": [0.5574, 0.12834358726913822], "CBRX": [0.3404, 0.12834358726913822], "CBST": [0.26494285714285715, 0.12834358726913822], "CCXI": [0.40995000000000004, 0.12834358726913822], "CELG": [0.12165254237288138, 0.12834358726913822], "CEMP": [0.0, 0.12834358726913822], "CEPH": [-0.21989999999999998, 0.12834358726913822], "CERS": [0.20015, 0.12834358726913822], "CLDX": [0.17027499999999998, 0.12834358726913822], "CLVS": [0.03829473684210526, 0.12834358726913822], "CNCE": [0.04046, 0.12834358726913822], "COLL": [0.18017777777777777, 0.12834358726913822], "CRA": [0.09594782608695651, 0.12834358726913822], "CRIS": [-0.31245, 0.12834358726913822], "CRME": [0.20497500000000002, 0.12834358726913822], "CTIC": [-0.03491999999999999, 0.12834358726913822], "CTRX": [0.2641, 0.12834358726913822], "CYTK": [0.0049, 0.12834358726913822], "CYTX": [0.0, 0.12834358726913822], "DEPO": [0.1979, 0.12834358726913822], "DERM": [-0.8343, 0.12834358726913822], "DIGE": [0.0, 0.12834358726913822], "DNAI": [0.1779, 0.12834358726913822], "DNDN": [0.0, 0.12834358726913822], "DRNA": [0.0, 0.12834358726913822], "DRRX": [0.35005, 0.12834358726913822], "DSCO": [0.0, 0.12834358726913822], "DVAX": [0.0, 0.12834358726913822], "DYAX": [0.2718846153846154, 0.12834358726913822], "ECYT": [0.34344545454545455, 0.12834358726913822], "EDIT": [0.025971428571428572, 0.12834358726913822], "EGRX": [0.8316, 0.12834358726913822], "ENCY": [0.1181, 0.12834358726913822], "ENDP": [0.23308399999999999, 0.12834358726913822], "ENTA": [-0.013566666666666675, 0.12834358726913822], "ENZN": [0.0, 0.12834358726913822], "EPZM": [0.067425, 0.12834358726913822], "ESPR": [0.0, 0.12834358726913822], "EXEL": [0.10098181818181819, 0.12834358726913822], "FACT": [-0.1545, 0.12834358726913822], "FLKS": [0.4215, 0.12834358726913822], "FLML": [0.10115, 0.12834358726913822], "FMI": [0.0, 0.12834358726913822], "FOLD": [0.0, 0.12834358726913822], "FPRX": [0.40995000000000004, 0.12834358726913822], "FURX": [0.05917777777777779, 0.12834358726913822], "GENZ": [0.0, 0.12834358726913822], "GERN": [-0.009453846153846155, 0.12834358726913822], "GEVA": [0.252775, 0.12834358726913822], "GHDX": [0.10115, 0.12834358726913822], "GILD": [0.12280241448692136, 0.12834358726913822], "GNVC": [0.40995000000000004, 0.12834358726913822], "GWPH": [0.10254470588235294, 0.12834358726913822], "HALO": [0.2404666666666667, 0.12834358726913822], "HBIO": [0.10245, 0.12834358726913822], "HZNP": [0.33339444444444444, 0.12834358726913822], "ICEL": [0.37673999999999996, 0.12834358726913822], "ICPT": [0.12103333333333334, 0.12834358726913822], "ICY": [0.36755, 0.12834358726913822], "IDIX": [0.3294, 0.12834358726913822], "ILMN": [0.10453749999999996, 0.12834358726913822], "ILU": [-0.07229999999999998, 0.12834358726913822], "IMMU": [-0.10652272727272728, 0.12834358726913822], "INCR": [0.33756944444444437, 0.12834358726913822], "INCY": [0.13732727272727274, 0.12834358726913822], "INFI": [0.34814999999999996, 0.12834358726913822], "INO": [0.14546250000000002, 0.12834358726913822], "INSM": [0.05650833333333335, 0.12834358726913822], "INSY": [0.16398000000000001, 0.12834358726913822], "INVA": [0.23989285714285713, 0.12834358726913822], "IONS": [0.15655324675324672, 0.12834358726913822], "IPXL": [0.07919999999999999, 0.12834358726913822], "IRWD": [0.28791428571428573, 0.12834358726913822], "ISIS": [0.27063000000000004, 0.12834358726913822], "ISTA": [0.14009444444444444, 0.12834358726913822], "ITMN": [0.07754444444444444, 0.12834358726913822], "JAZZ": [0.10348125, 0.12834358726913822], "KERX": [0.41132857142857143, 0.12834358726913822], "KPTI": [0.012899999999999995, 0.12834358726913822], "LBIO": [0.16574814814814814, 0.12834358726913822], "LGND": [0.06219268292682928, 0.12834358726913822], "LIFE": [0.07481363636363637, 0.12834358726913822], "LMNX": [0.0, 0.12834358726913822], "MACK": [0.0, 0.12834358726913822], "MAPP": [0.296, 0.12834358726913822], "MDCO": [0.052690909090909094, 0.12834358726913822], "MDVN": [0.16640000000000005, 0.12834358726913822], "MEDI": [0.26434285714285877, 0.12834358726913822], "MGNX": [0.1324875, 0.12834358726913822], "MNK": [0.02857142857142858, 0.12834358726913822], "MNKD": [0.040000000000000015, 0.12834358726913822], "MNTA": [0.0, 0.12834358726913822], "MRNA": [0.4003, 0.12834358726913822], "MYGN": [0.15986363636363635, 0.12834358726913822], "MYL": [0.08646363636363637, 0.12834358726913822], "NABI": [0.08320999999999999, 0.12834358726913822], "NH": [0.0772875, 0.12834358726913822], "NK": [0.12631805555555556, 0.12834358726913822], "NKTR": [0.16011999999999998, 0.12834358726913822], "NLNK": [0.0, 0.12834358726913822], "NOVN": [0.0, 0.12834358726913822], "NPSP": [0.3129142857142857, 0.12834358726913822], "NVAX": [0.12616666666666665, 0.12834358726913822], "OMED": [0.002168749999999983, 0.12834358726913822], "OMER": [0.32796000000000003, 0.12834358726913822], "ONCE": [0.12025, 0.12834358726913822], "ONTX": [0.18681999999999999, 0.12834358726913822], "ONTY": [0.13343333333333332, 0.12834358726913822], "ONVO": [0.22906363636363639, 0.12834358726913822], "ONXX": [0.0, 0.12834358726913822], "OPHT": [-0.0903, 0.12834358726913822], "OPK": [0.07220000000000001, 0.12834358726913822], "OREX": [0.07742903225806452, 0.12834358726913822], "OSCI": [0.07945, 0.12834358726913822], "OTIC": [0.0, 0.12834358726913822], "OVAS": [0.0, 0.12834358726913822], "PACB": [0.0, 0.12834358726913822], "PANC": [-0.3819, 0.12834358726913822], "PCYC": [0.03388571428571428, 0.12834358726913822], "PGNX": [0.12613846153846156, 0.12834358726913822], "PHRM": [-0.6597, 0.12834358726913822],