{"AAVL": [0.2467, 0.11009623006376554], "ACAD": [0.21032777777777772, 0.11009623006376554], "ACHN": [0.185875, 0.11009623006376554], "ACOR": [0.11024285714285716, 0.11009623006376554], "ACRX": [0.11170714285714285, 0.11009623006376554], "ADHD": [-0.05464, 0.11009623006376554], "ADMS": [0.02366500000000001, 0.11009623006376554], "ADRO": [0.18213333333333334, 0.11009623006376554], "ADVM": [0.0, 0.11009623006376554], "AEGR": [0.18213333333333334, 0.11009623006376554], "AERI": [-0.055900000000000005, 0.11009623006376554], "AFFX": [0.07501666666666666, 0.11009623006376554], "AFFY": [0.0997, 0.11009623006376554], "AFMD": [0.01649444444444444, 0.11009623006376554], "AGEN": [0.16281034482758622, 0.11009623006376554], "AGIO": [0.0817, 0.11009623006376554], "AGTC": [0.4250714285714286, 0.11009623006376554], "AIMT": [-0.2732, 0.11009623006376554], "AKBA": [0.4435, 0.11009623006376554], "AKRX": [0.066872, 0.11009623006376554], "ALDR": [0.18891666666666665, 0.11009623006376554], "ALIM": [0.0008769230769230743, 0.11009623006376554], "ALKS": [0.18466666666666665, 0.11009623006376554], "ALNY": [-0.01693636363636364, 0.11009623006376554], "ALTH": [0.12936470588235296, 0.11009623006376554], "ALXA": [0.10886666666666667, 0.11009623006376554], "ALXN": [0.16356904761904761, 0.11009623006376554], "AMGN": [0.015025862068965523, 0.11009623006376554], "AMRI": [0.4939, 0.11009623006376554], "AMRN": [0.05044285714285716, 0.11009623006376554], "ANAC": [0.043556521739130445, 0.11009623006376554], "ANDS": [0.085, 0.11009623006376554], "ANIP": [-0.24414285714285713, 0.11009623006376554], "ANTH": [0.1596842105263158, 0.11009623006376554], "AQXP": [0.03406509433962264, 0.11009623006376554], "ARDX": [0.23916000000000004, 0.11009623006376554], "ARIA": [0.1013452380952381, 0.11009623006376554], "ARNA": [0.10915294117647059, 0.11009623006376554], "ARQL": [0.2846333333333333, 0.11009623006376554], "ARRY": [0.31800000000000006, 0.11009623006376554], "ARWR": [0.16508235294117646, 0.11009623006376554], "ASPX": [-0.13731111111111113, 0.11009623006376554], "AST": [0.09942640449438199, 0.11009623006376554], "ATRA": [0.0, 0.11009623006376554], "AUXL": [0.0, 0.11009623006376554], "AVII": [0.0, 0.11009623006376554], "AVXS": [0.0, 0.11009623006376554], "BCRX": [-0.0035250000000000004, 0.11009623006376554], "BIIB": [0.09940606060606061, 0.11009623006376554], "BIOD": [0.018995652173913045, 0.11009623006376554], "BLCM": [0.030052631578947366, 0.11009623006376554], "BLUE": [0.14174285714285714, 0.11009623006376554], "BMRN": [-0.045240562248995995, 0.11009623006376554], "BPMC": [-0.2732, 0.11009623006376554], "CALP": [-0.5927, 0.11009623006376554], "CARA": [0.05530111111111111, 0.11009623006376554], "CBPO": [0.1206, 0.11009623006376554], "CBRX": [0.0, 0.11009623006376554], "CCXI": [0.0, 0.11009623006376554], "CELG": [0.17265901639344272, 0.11009623006376554], "CEMP": [0.27725, 0.11009623006376554], "CEPH": [0.05790000000000001, 0.11009623006376554], "CERS": [0.006217500000000001, 0.11009623006376554], "CGEN": [-0.064, 0.11009623006376554], "CGPI": [0.0, 0.11009623006376554], "CHMA": [0.0, 0.11009623006376554], "CHRS": [0.0, 0.11009623006376554], "CLCD": [-0.128, 0.11009623006376554], "CLDN": [0.34980999999999995, 0.11009623006376554], "CLDX": [0.03033544303797468, 0.11009623006376554], "CLVS": [0.21304285714285717, 0.11009623006376554], "CMRX": [0.14575454545454547, 0.11009623006376554], "CNCE": [0.0, 0.11009623006376554], "CNCT": [-0.04013333333333333, 0.11009623006376554], "COLL": [-0.17759999999999998, 0.11009623006376554], "CRA": [-0.07050363636363635, 0.11009623006376554], "CRIS": [0.09085, 0.11009623006376554], "CRME": [0.0, 0.11009623006376554], "CTIC": [0.26804375, 0.11009623006376554], "CTRX": [0.2936, 0.11009623006376554], "CXRX": [0.148, 0.11009623006376554], "CYTK": [0.1858, 0.11009623006376554], "CYTX": [0.48525454545454544, 0.11009623006376554], "DEPO": [-0.10715, 0.11009623006376554], "DERM": [0.058653846153846154, 0.11009623006376554], "DNAI": [0.1419857142857143, 0.11009623006376554], "DNDN": [-0.5106, 0.11009623006376554], "DRNA": [0.050575, 0.11009623006376554], "DRRX": [-0.17556666666666665, 0.11009623006376554], "DSCO": [0.63472, 0.11009623006376554], "DVAX": [0.0638, 0.11009623006376554], "DYAX": [-0.023593750000000007, 0.11009623006376554], "EDIT": [0.22518333333333332, 0.11009623006376554], "EGLT": [0.7003, 0.11009623006376554], "EGRX": [0.012826666666666672, 0.11009623006376554], "EMIS": [0.0, 0.11009623006376554], "ENCY": [0.35932222222222227, 0.11009623006376554], "ENDP": [0.09783124999999998, 0.11009623006376554], "ENTA": [0.11522380952380955, 0.11009623006376554], "ENZN": [0.42255, 0.11009623006376554], "EPZM": [0.24733809523809527, 0.11009623006376554], "ESPR": [0.07892592592592594, 0.11009623006376554], "EXEL": [0.08457142857142856, 0.11009623006376554], "FACT": [-0.03711578947368423, 0.11009623006376554], "FGEN": [0.2258, 0.11009623006376554], "FLKS": [0.0, 0.11009623006376554], "FLML": [-0.03466249999999999, 0.11009623006376554], "FLXN": [0.8402, 0.11009623006376554], "FMI": [0.09204999999999999, 0.11009623006376554], "FOLD": [0.06777894736842105, 0.11009623006376554], "FOMX": [0.24080000000000001, 0.11009623006376554], "FPRX": [0.13236666666666666, 0.11009623006376554], "GBT": [0.11839999999999999, 0.11009623006376554], "GERN": [0.17115111111111117, 0.11009623006376554], "GEVA": [0.31845, 0.11009623006376554], "GHDX": [0.0712857142857143, 0.11009623006376554], "GILD": [0.11986138996139, 0.11009623006376554], "GNVC": [0.0, 0.11009623006376554], "GPRO": [0.0008287356321839049, 0.11009623006376554], "GRFS": [0.0027500000000000024, 0.11009623006376554], "GTXI": [0.16132, 0.11009623006376554], "HALO": [0.17718095238095244, 0.11009623006376554], "HBIO": [-0.2263, 0.11009623006376554], "HPTX": [0.0772, 0.11009623006376554], "HZNP": [0.035741935483870974, 0.11009623006376554], "ICEL": [-0.2732, 0.11009623006376554], "ICPT": [0.13183333333333336, 0.11009623006376554], "ICY": [-0.43384, 0.11009623006376554], "ILMN": [0.091296, 0.11009623006376554], "ILU": [-0.11244000000000001, 0.11009623006376554], "IMCL": [0.4215, 0.11009623006376554], "IMDZ": [0.1701777777777778, 0.11009623006376554], "IMMU": [0.2833619047619047, 0.11009623006376554], "INCR": [0.3128575757575757, 0.11009623006376554], "INCY": [0.20979375, 0.11009623006376554], "INFI": [0.20664545454545455, 0.11009623006376554], "INGN": [-0.5859, 0.11009623006376554], "INO": [0.021213207547169818, 0.11009623006376554], "INSM": [0.0, 0.11009623006376554], "INSY": [0.07525, 0.11009623006376554], "IONS": [0.12068018018018015, 0.11009623006376554], "IPXL": [0.21252222222222222, 0.11009623006376554], "IRWD": [0.018909090909090907, 0.11009623006376554], "ISIS": [0.6113000000000001, 0.11009623006376554], "ISPH": [0.5719, 0.11009623006376554], "ISTA": [0.0703, 0.11009623006376554], "ITCI": [0.058122448979591824, 0.11009623006376554], "ITEK": [0.453, 0.11009623006376554], "JAZZ": [0.047619999999999996, 0.11009623006376554], "JUNO": [0.0970051282051282, 0.11009623006376554], "KERX": [0.11463333333333332, 0.11009623006376554], "KITE": [0.06849696969696971, 0.11009623006376554], "KPTI": [0.10144583333333335, 0.11009623006376554], "LBIO": [0.356780487804878, 0.11009623006376554], "LGND": [0.16371666666666668, 0.11009623006376554], "LIFE": [0.1169, 0.11009623006376554], "LMNX": [0.0, 0.11009623006376554], "LOXO": [0.02855357142857143, 0.11009623006376554], "MACK": [0.04228571428571428, 0.11009623006376554], "MAPP": [0.296, 0.11009623006376554], "MCRB": [0.21737142857142858, 0.11009623006376554], "MDCO": [-0.007499999999999999, 0.11009623006376554], "MDVN": [0.14959999999999998, 0.11009623006376554], "MEDI": [0.06830588235294117, 0.11009623006376554], "MGNX": [0.296, 0.11009623006376554], "MITI": [-0.20249999999999999, 0.11009623006376554], "MNK": [0.04658690476190476, 0.11009623006376554], "MNKD": [0.042742499999999996, 0.11009623006376554], "MNOV": [0.0, 0.11009623006376554], "MNTA": [0.0, 0.11009623006376554],