{"ACAD": [0.19380526315789473, 0.10964995919822422], "ACOR": [-0.105375, 0.10964995919822422], "AFFY": [0.0, 0.10964995919822422], "ALKS": [0.09948888888888889, 0.10964995919822422], "ALNY": [0.10642105263157893, 0.10964995919822422], "ALTH": [0.2614000000000001, 0.10964995919822422], "ALXA": [0.18418035714285713, 0.10964995919822422], "ALXN": [0.2857, 0.10964995919822422], "AMAG": [0.0, 0.10964995919822422], "AMGN": [0.029599999999999998, 0.10964995919822422], "AMLN": [0.084425, 0.10964995919822422], "AMRN": [0.18533611111111112, 0.10964995919822422], "ANDS": [0.0, 0.10964995919822422], "ANTH": [0.317, 0.10964995919822422], "ARIA": [0.296, 0.10964995919822422], "ARNA": [0.1058858490566038, 0.10964995919822422], "ARRY": [0.11181428571428571, 0.10964995919822422], "ASPX": [0.05069777777777778, 0.10964995919822422], "AST": [0.08236562499999998, 0.10964995919822422], "ASTX": [0.0, 0.10964995919822422], "AVNR": [0.3182, 0.10964995919822422], "BCRX": [0.022769230769230767, 0.10964995919822422], "BIIB": [0.7007, 0.10964995919822422], "BIOD": [0.204, 0.10964995919822422], "BLUE": [0.0903, 0.10964995919822422], "BPAX": [0.26698571428571427, 0.10964995919822422], "CADX": [0.5574, 0.10964995919822422], "CASC": [0.09866666666666667, 0.10964995919822422], "CBRX": [0.0, 0.10964995919822422], "CBST": [0.3276428571428571, 0.10964995919822422], "CELG": [0.12386923076923076, 0.10964995919822422], "CERS": [0.2482, 0.10964995919822422], "CLDX": [0.12765, 0.10964995919822422], "COLL": [0.0, 0.10964995919822422], "CRA": [0.25425000000000003, 0.10964995919822422], "CRIS": [0.0, 0.10964995919822422], "CRME": [0.0, 0.10964995919822422], "CTIC": [0.08808, 0.10964995919822422], "CTRX": [0.0, 0.10964995919822422], "CYTK": [0.10651999999999999, 0.10964995919822422], "CYTX": [0.0, 0.10964995919822422], "DEPO": [-0.06209999999999999, 0.10964995919822422], "DIGE": [0.0, 0.10964995919822422], "DNDN": [0.0, 0.10964995919822422], "DSCO": [0.19888536585365849, 0.10964995919822422], "DVAX": [0.1301, 0.10964995919822422], "EDIT": [0.0, 0.10964995919822422], "EGRX": [0.0, 0.10964995919822422], "ENCY": [-0.1909, 0.10964995919822422], "ENDP": [0.09866666666666667, 0.10964995919822422], "ENTA": [0.0, 0.10964995919822422], "ENZN": [0.0, 0.10964995919822422], "EXEL": [0.20166279069767445, 0.10964995919822422], "FACT": [0.1242, 0.10964995919822422], "FLKS": [0.0, 0.10964995919822422], "FMI": [-0.5574, 0.10964995919822422], "FOLD": [0.0, 0.10964995919822422], "FURX": [0.0, 0.10964995919822422], "GERN": [0.0, 0.10964995919822422], "GILD": [0.17463188405797095, 0.10964995919822422], "GTXI": [0.0, 0.10964995919822422], "HALO": [0.2023, 0.10964995919822422], "HGSI": [0.5568750000000001, 0.10964995919822422], "HITK": [0.44039999999999996, 0.10964995919822422], "HPTX": [0.051425, 0.10964995919822422], "HZNP": [0.07171052631578949, 0.10964995919822422], "ICEL": [0.6718999999999999, 0.10964995919822422], "ICPT": [0.0, 0.10964995919822422], "ICY": [0.0, 0.10964995919822422], "IDIX": [0.01869333333333333, 0.10964995919822422], "ILMN": [0.0, 0.10964995919822422], "ILU": [0.0, 0.10964995919822422], "IMGN": [-0.11188571428571428, 0.10964995919822422], "IMMU": [0.077025, 0.10964995919822422], "INCR": [0.3593, 0.10964995919822422], "INCY": [0.16185, 0.10964995919822422], "INFI": [0.0, 0.10964995919822422], "INO": [0.08895, 0.10964995919822422], "INSM": [0.0, 0.10964995919822422], "IONS": [0.07884999999999998, 0.10964995919822422], "IPXL": [0.0, 0.10964995919822422], "IRWD": [0.2457692307692308, 0.10964995919822422], "ISIS": [0.2402181818181818, 0.10964995919822422], "ISTA": [0.09279090909090909, 0.10964995919822422], "ITMN": [0.3643666666666666, 0.10964995919822422], "JAZZ": [0.0, 0.10964995919822422], "KERX": [0.36837499999999995, 0.10964995919822422], "LBIO": [0.12567777777777778, 0.10964995919822422], "LIFE": [0.12726666666666667, 0.10964995919822422], "MACK": [0.0, 0.10964995919822422], "MAPP": [0.0, 0.10964995919822422], "MDCO": [-0.1531, 0.10964995919822422], "MDVN": [0.055589999999999994, 0.10964995919822422], "MEDI": [0.19456875, 0.10964995919822422], "MNK": [0.07351538461538462, 0.10964995919822422], "MNKD": [0.07351538461538462, 0.10964995919822422], "MNTA": [0.0, 0.10964995919822422], "MYL": [-0.025675, 0.10964995919822422], "NERV": [0.0, 0.10964995919822422], "NH": [0.04046, 0.10964995919822422], "NK": [0.0859, 0.10964995919822422], "NVAX": [0.0, 0.10964995919822422], "OCUL": [0.0, 0.10964995919822422], "OMED": [0.0, 0.10964995919822422], "OMER": [0.3818, 0.10964995919822422], "OMPI": [0.20095, 0.10964995919822422], "ONCE": [0.13396666666666665, 0.10964995919822422], "ONTY": [0.05166666666666666, 0.10964995919822422], "ONVO": [0.160575, 0.10964995919822422], "ONXX": [0.13144, 0.10964995919822422], "OPK": [0.2834333333333333, 0.10964995919822422], "OREX": [0.25121111111111116, 0.10964995919822422], "OTIC": [0.0, 0.10964995919822422], "PARD": [0.0, 0.10964995919822422], "PCRX": [0.33276666666666666, 0.10964995919822422], "PCYC": [0.15527333333333332, 0.10964995919822422], "PGNX": [0.0, 0.10964995919822422], "POZN": [0.4019, 0.10964995919822422], "PRGO": [0.0, 0.10964995919822422], "PTX": [-0.09296, 0.10964995919822422], "QGEN": [0.2023, 0.10964995919822422], "RARE": [0.35990000000000005, 0.10964995919822422], "REGN": [0.24500000000000002, 0.10964995919822422], "RIGL": [-0.077025, 0.10964995919822422], "RNAI": [0.0, 0.10964995919822422], "SAGE": [0.05456458333333334, 0.10964995919822422], "SCLN": [0.0, 0.10964995919822422], "SCMP": [0.0, 0.10964995919822422], "SGEN": [0.0, 0.10964995919822422], "SGNT": [0.128, 0.10964995919822422], "SGYP": [0.1858, 0.10964995919822422], "SHPG": [0.296, 0.10964995919822422], "SNTA": [0.09866666666666667, 0.10964995919822422], "SPPI": [0.08030588235294117, 0.10964995919822422], "SQNM": [0.09161111111111112, 0.10964995919822422], "SRPT": [0.21683214285714286, 0.10964995919822422], "STEM": [-0.05464, 0.10964995919822422], "SUPN": [0.0, 0.10964995919822422], "SVNT": [0.0, 0.10964995919822422], "TECH": [0.09402745098039215, 0.10964995919822422], "TEVA": [-0.10262857142857143, 0.10964995919822422], "THLD": [0.13247105263157896, 0.10964995919822422], "THRX": [0.2787, 0.10964995919822422], "TRGT": [0.2894, 0.10964995919822422], "TSRX": [0.3818, 0.10964995919822422], "USD": [0.02268604651162792, 0.10964995919822422], "VICL": [0.10115, 0.10964995919822422], "VNDA": [0.4939, 0.10964995919822422], "VRTX": [0.07429615384615383, 0.10964995919822422], "VRUS": [0.34, 0.10964995919822422], "VSTM": [0.0, 0.10964995919822422], "VVUS": [0.1903125, 0.10964995919822422], "WCRX": [0.10908571428571427, 0.10964995919822422], "XNPT": [-0.06995263157894736, 0.10964995919822422], "XOMA": [0.0, 0.10964995919822422], "ZGNX": [0.0, 0.10964995919822422], "ZLCS": [0.1421, 0.10964995919822422]}