{"ACAD": [0.0, 0.07326128708973986], "ADLR": [0.8126, 0.07326128708973986], "ADRO": [0.0, 0.07326128708973986], "AFFY": [0.0, 0.07326128708973986], "AGEN": [0.0, 0.07326128708973986], "AGIO": [0.1531, 0.07326128708973986], "ALIM": [0.43125, 0.07326128708973986], "ALKS": [0.0, 0.07326128708973986], "ALTH": [0.06247692307692308, 0.07326128708973986], "ALXA": [-0.0072166666666666724, 0.07326128708973986], "ALXN": [-0.049914285714285724, 0.07326128708973986], "AMAG": [0.006133333333333324, 0.07326128708973986], "AMGN": [0.09128933333333335, 0.07326128708973986], "AMPH": [0.2263, 0.07326128708973986], "AMRN": [0.060916666666666654, 0.07326128708973986], "ANAC": [0.148, 0.07326128708973986], "ANDS": [0.0, 0.07326128708973986], "ARIA": [0.05370263157894737, 0.07326128708973986], "ARNA": [-0.24925555555555562, 0.07326128708973986], "ARRY": [0.38295, 0.07326128708973986], "ARWR": [0.0, 0.07326128708973986], "ASPX": [0.07923524590163934, 0.07326128708973986], "AST": [0.06494805194805198, 0.07326128708973986], "ASTX": [0.0, 0.07326128708973986], "ATRA": [0.2083, 0.07326128708973986], "AVII": [0.2263, 0.07326128708973986], "AXCA": [0.3712, 0.07326128708973986], "BCRX": [-0.2424, 0.07326128708973986], "BIIB": [0.13535999999999998, 0.07326128708973986], "BLUE": [0.042550000000000004, 0.07326128708973986], "BPAX": [0.0, 0.07326128708973986], "CALP": [0.07405000000000002, 0.07326128708973986], "CARA": [0.0, 0.07326128708973986], "CBST": [0.8126, 0.07326128708973986], "CELG": [0.0614, 0.07326128708973986], "CERS": [0.0, 0.07326128708973986], "CLDX": [0.296, 0.07326128708973986], "COLL": [0.11148, 0.07326128708973986], "CRA": [0.09828333333333333, 0.07326128708973986], "CRIS": [0.0, 0.07326128708973986], "CRME": [0.10626666666666666, 0.07326128708973986], "CTIC": [0.0, 0.07326128708973986], "CYTX": [0.0, 0.07326128708973986], "DEPO": [0.0, 0.07326128708973986], "DNDN": [-0.33999999999999997, 0.07326128708973986], "DRNA": [0.5106, 0.07326128708973986], "DRRX": [0.0, 0.07326128708973986], "DVAX": [0.38295, 0.07326128708973986], "EDIT": [0.34980000000000006, 0.07326128708973986], "EGRX": [0.0, 0.07326128708973986], "ENCY": [0.0258, 0.07326128708973986], "ENDP": [-0.17020000000000002, 0.07326128708973986], "ENTA": [0.1444, 0.07326128708973986], "ENZN": [0.0, 0.07326128708973986], "EXEL": [0.028117647058823525, 0.07326128708973986], "FACT": [0.2263, 0.07326128708973986], "FMI": [0.0, 0.07326128708973986], "FOLD": [-0.2732, 0.07326128708973986], "FURX": [0.0, 0.07326128708973986], "GBT": [0.0, 0.07326128708973986], "GENZ": [0.0, 0.07326128708973986], "GHDX": [0.30636, 0.07326128708973986], "GILD": [0.1807153846153846, 0.07326128708973986], "GNTA": [0.0, 0.07326128708973986], "GTXI": [0.0, 0.07326128708973986], "HALO": [0.0, 0.07326128708973986], "HGSI": [-0.017015384615384613, 0.07326128708973986], "ICEL": [0.1531, 0.07326128708973986], "ICY": [0.0, 0.07326128708973986], "IDIX": [0.29973333333333335, 0.07326128708973986], "ILMN": [-0.03704, 0.07326128708973986], "ILU": [0.296, 0.07326128708973986], "IMGN": [0.4927, 0.07326128708973986], "IMMU": [0.0, 0.07326128708973986], "INCR": [0.29936666666666667, 0.07326128708973986], "INCY": [0.34867272727272725, 0.07326128708973986], "INFI": [0.20230000000000004, 0.07326128708973986], "INHX": [0.11823958333333334, 0.07326128708973986], "INVA": [-0.5994, 0.07326128708973986], "IONS": [0.08560666666666664, 0.07326128708973986], "IPXL": [0.3818, 0.07326128708973986], "IRWD": [0.09866666666666667, 0.07326128708973986], "ISIS": [-0.029369230769230766, 0.07326128708973986], "ISPH": [-0.3818, 0.07326128708973986], "ISTA": [-0.018099999999999995, 0.07326128708973986], "ITMN": [0.0, 0.07326128708973986], "JAZZ": [0.09812000000000001, 0.07326128708973986], "KERX": [-0.17046153846153844, 0.07326128708973986], "LBIO": [-0.07585000000000001, 0.07326128708973986], "LGND": [0.22296, 0.07326128708973986], "LIFE": [0.032037500000000003, 0.07326128708973986], "MAPP": [0.0, 0.07326128708973986], "MAXY": [0.0, 0.07326128708973986], "MDCO": [0.0, 0.07326128708973986], "MDVN": [0.0030343749999999815, 0.07326128708973986], "MEDI": [0.03232857142857143, 0.07326128708973986], "MNK": [-0.30222222222222217, 0.07326128708973986], "MNKD": [-0.30222222222222217, 0.07326128708973986], "MNTA": [0.10128461538461539, 0.07326128708973986], "MRNA": [0.5106, 0.07326128708973986], "MYL": [0.06743333333333333, 0.07326128708973986], "NABI": [-0.17587083333333334, 0.07326128708973986], "NBIX": [0.0, 0.07326128708973986], "NH": [0.12734129032258062, 0.07326128708973986], "NK": [0.10469056603773585, 0.07326128708973986], "NLNK": [0.0, 0.07326128708973986], "NPSP": [0.32479210526315766, 0.07326128708973986], "NSTG": [0.0, 0.07326128708973986], "NVAX": [0.0, 0.07326128708973986], "OMED": [0.2787, 0.07326128708973986], "OMER": [-0.1909, 0.07326128708973986], "ONCE": [-0.16080000000000003, 0.07326128708973986], "ONTY": [0.0, 0.07326128708973986], "ONXX": [0.0, 0.07326128708973986], "OPK": [0.33616666666666667, 0.07326128708973986], "OPTR": [0.13527368421052632, 0.07326128708973986], "OVAS": [0.0, 0.07326128708973986], "PACB": [0.167875, 0.07326128708973986], "PANC": [0.4404, 0.07326128708973986], "PCRX": [0.072075, 0.07326128708973986], "PDLI": [0.18965555555555555, 0.07326128708973986], "PRGO": [0.0, 0.07326128708973986], "PTIE": [-0.1779, 0.07326128708973986], "RARE": [0.6297, 0.07326128708973986], "RNAI": [0.0, 0.07326128708973986], "SAGE": [0.07923524590163934, 0.07326128708973986], "SCMP": [0.0, 0.07326128708973986], "SGEN": [0.12919999999999998, 0.07326128708973986], "SGMO": [-0.2023, 0.07326128708973986], "SGNT": [0.0, 0.07326128708973986], "SNTS": [0.0, 0.07326128708973986], "SPPI": [0.0516, 0.07326128708973986], "SQNM": [-0.2200833333333333, 0.07326128708973986], "STEM": [0.0, 0.07326128708973986], "TECH": [-0.12355416666666665, 0.07326128708973986], "TEVA": [0.0341, 0.07326128708973986], "THLD": [0.46137142857142865, 0.07326128708973986], "TRGT": [0.19856666666666667, 0.07326128708973986], "USD": [0.023795454545454533, 0.07326128708973986], "VICL": [0.21882857142857143, 0.07326128708973986], "VPHM": [0.0625, 0.07326128708973986], "VRTX": [0.08093548387096774, 0.07326128708973986], "VRUS": [0.1815793103448276, 0.07326128708973986], "VVUS": [0.0, 0.07326128708973986], "WCRX": [0.0, 0.07326128708973986], "XNPT": [-0.1770125, 0.07326128708973986], "ZGNX": [0.09265714285714285, 0.07326128708973986], "ZLCS": [0.0, 0.07326128708973986]}