{"ACAD": [-0.03666923076923077, 0.1510712730379815], "ACHN": [0.028561538461538458, 0.1510712730379815], "ACOR": [-0.030352631578947364, 0.1510712730379815], "ACRX": [0.1723904761904762, 0.1510712730379815], "ADHD": [0.24235, 0.1510712730379815], "ADRO": [0.5859, 0.1510712730379815], "AEGR": [0.32475, 0.1510712730379815], "AERI": [0.17234545454545455, 0.1510712730379815], "AFFX": [0.25692, 0.1510712730379815], "AFFY": [0.18738888888888888, 0.1510712730379815], "AGEN": [0.1299166666666666, 0.1510712730379815], "AGIO": [0.296, 0.1510712730379815], "AKRX": [0.4019, 0.1510712730379815], "ALDR": [0.0, 0.1510712730379815], "ALIM": [0.53285, 0.1510712730379815], "ALKS": [0.037, 0.1510712730379815], "ALNY": [0.2936, 0.1510712730379815], "ALTH": [0.2332909090909091, 0.1510712730379815], "ALXA": [0.6705, 0.1510712730379815], "ALXN": [0.23246250000000002, 0.1510712730379815], "AMAG": [0.6442, 0.1510712730379815], "AMGN": [0.0, 0.1510712730379815], "AMPH": [0.0, 0.1510712730379815], "AMRI": [0.7351, 0.1510712730379815], "AMRN": [0.057574999999999994, 0.1510712730379815], "ANAC": [0.1937636363636364, 0.1510712730379815], "ANDS": [0.0, 0.1510712730379815], "ANIP": [0.0, 0.1510712730379815], "ANTH": [0.0, 0.1510712730379815], "ARDX": [0.04526, 0.1510712730379815], "ARIA": [0.22846363636363637, 0.1510712730379815], "ARNA": [0.19848, 0.1510712730379815], "ARRY": [0.42946666666666666, 0.1510712730379815], "ARWR": [0.21785714285714283, 0.1510712730379815], "ASPX": [0.04334705882352939, 0.1510712730379815], "AST": [0.3395550458715598, 0.1510712730379815], "AUXL": [0.017385416666666664, 0.1510712730379815], "AVEO": [0.37444, 0.1510712730379815], "AVNR": [0.3221, 0.1510712730379815], "BCRX": [0.0, 0.1510712730379815], "BIIB": [0.22371600000000005, 0.1510712730379815], "BIOD": [0.0, 0.1510712730379815], "BLUE": [0.10403750000000002, 0.1510712730379815], "BMRN": [0.16810000000000003, 0.1510712730379815], "CALP": [0.07933333333333335, 0.1510712730379815], "CARA": [0.1531, 0.1510712730379815], "CBRX": [0.0, 0.1510712730379815], "CBST": [0.03435000000000002, 0.1510712730379815], "CCXI": [0.16105, 0.1510712730379815], "CELG": [-0.01857499999999999, 0.1510712730379815], "CEPH": [0.486325, 0.1510712730379815], "CERS": [0.0387, 0.1510712730379815], "CGEN": [0.20215000000000002, 0.1510712730379815], "CHMA": [0.0683, 0.1510712730379815], "CLDX": [0.34576, 0.1510712730379815], "CLVS": [-0.10372727272727271, 0.1510712730379815], "CMRX": [-0.5267, 0.1510712730379815], "CNCE": [0.06291428571428571, 0.1510712730379815], "COLL": [0.2555, 0.1510712730379815], "CRA": [0.06316153846153846, 0.1510712730379815], "CRIS": [0.10476923076923075, 0.1510712730379815], "CRME": [0.6442, 0.1510712730379815], "CTIC": [0.019514285714285713, 0.1510712730379815], "CTRX": [0.2670909090909091, 0.1510712730379815], "CXRX": [0.0, 0.1510712730379815], "DEPO": [0.6442, 0.1510712730379815], "DERM": [0.1866, 0.1510712730379815], "DNDN": [0.0, 0.1510712730379815], "DRNA": [0.1101, 0.1510712730379815], "DRRX": [0.12640666666666667, 0.1510712730379815], "DSCO": [0.1383, 0.1510712730379815], "DYAX": [0.43788, 0.1510712730379815], "ECYT": [0.28473000000000004, 0.1510712730379815], "EDIT": [0.0, 0.1510712730379815], "EGRX": [-0.08574999999999999, 0.1510712730379815], "ENCY": [0.1368, 0.1510712730379815], "ENDP": [0.10412499999999998, 0.1510712730379815], "ENTA": [0.072, 0.1510712730379815], "ENZN": [0.0, 0.1510712730379815], "EPZM": [0.296, 0.1510712730379815], "ESPR": [0.2456125, 0.1510712730379815], "EXEL": [0.0, 0.1510712730379815], "FACT": [0.4019, 0.1510712730379815], "FGEN": [0.0, 0.1510712730379815], "FLKS": [0.4767, 0.1510712730379815], "FMI": [-0.15492499999999998, 0.1510712730379815], "FOLD": [0.4404, 0.1510712730379815], "FPRX": [0.6687, 0.1510712730379815], "FURX": [0.20141666666666666, 0.1510712730379815], "GERN": [0.0, 0.1510712730379815], "GEVA": [0.474875, 0.1510712730379815], "GILD": [0.12829215686274506, 0.1510712730379815], "GNVC": [0.6442, 0.1510712730379815], "GPRO": [0.1614583196046127, 0.1510712730379815], "GWPH": [0.06964090909090909, 0.1510712730379815], "HALO": [0.17123809523809522, 0.1510712730379815], "HBIO": [0.14956666666666665, 0.1510712730379815], "HPTX": [0.3196, 0.1510712730379815], "HZNP": [0.12577666666666668, 0.1510712730379815], "ICEL": [0.5535666666666667, 0.1510712730379815], "ICPT": [0.008805405405405404, 0.1510712730379815], "ICY": [0.07024999999999999, 0.1510712730379815], "IDIX": [0.28835, 0.1510712730379815], "ILMN": [0.0683076923076923, 0.1510712730379815], "ILU": [-0.09878, 0.1510712730379815], "IMGN": [0.0, 0.1510712730379815], "IMMU": [0.12440869565217394, 0.1510712730379815], "INCR": [0.342275, 0.1510712730379815], "INCY": [0.07224, 0.1510712730379815], "INFI": [0.04933333333333333, 0.1510712730379815], "INGN": [0.0, 0.1510712730379815], "INO": [0.061683333333333354, 0.1510712730379815], "INSM": [0.0, 0.1510712730379815], "INSY": [0.17178666666666667, 0.1510712730379815], "IONS": [0.08593098591549296, 0.1510712730379815], "IPXL": [0.6442, 0.1510712730379815], "IRWD": [0.14254285714285714, 0.1510712730379815], "ISIS": [0.04664390243902439, 0.1510712730379815], "ISPH": [0.5746, 0.1510712730379815], "ISTA": [0.026121428571428577, 0.1510712730379815], "JAZZ": [0.022999999999999993, 0.1510712730379815], "KERX": [0.501375, 0.1510712730379815], "KPTI": [0.15262, 0.1510712730379815], "LBIO": [0.18559791666666667, 0.1510712730379815], "LGND": [0.03056666666666668, 0.1510712730379815], "LIFE": [0.3983666666666667, 0.1510712730379815], "MACK": [0.053, 0.1510712730379815], "MDCO": [-0.022124999999999992, 0.1510712730379815], "MDVN": [0.0, 0.1510712730379815], "MEDI": [0.2732072423398344, 0.1510712730379815], "MNK": [0.0489625, 0.1510712730379815], "MNKD": [0.008942857142857141, 0.1510712730379815], "MNOV": [0.0, 0.1510712730379815], "MNTA": [0.0, 0.1510712730379815], "MYGN": [0.16745833333333335, 0.1510712730379815], "MYL": [0.17265714285714284, 0.1510712730379815], "NABI": [-0.17020000000000002, 0.1510712730379815], "NBIX": [0.0, 0.1510712730379815], "NERV": [0.0, 0.1510712730379815], "NH": [0.17169, 0.1510712730379815], "NK": [0.12023697478991593, 0.1510712730379815], "NKTR": [0.0502375, 0.1510712730379815], "NPSP": [0.25768, 0.1510712730379815], "NVAX": [0.13213333333333332, 0.1510712730379815], "OMED": [0.42946666666666666, 0.1510712730379815], "OMER": [0.1711958333333333, 0.1510712730379815], "OMPI": [0.3818, 0.1510712730379815], "ONCE": [0.0747, 0.1510712730379815], "ONTX": [0.156395, 0.1510712730379815], "ONTY": [-0.3511333333333333, 0.1510712730379815], "ONVO": [0.07268965517241378, 0.1510712730379815], "OPK": [0.2563733333333333, 0.1510712730379815], "OREX": [-0.026811111111111122, 0.1510712730379815], "OSCI": [0.0, 0.1510712730379815], "OSIR": [0.296, 0.1510712730379815], "OTIC": [0.0, 0.1510712730379815], "OVAS": [0.0, 0.1510712730379815], "PANC": [-0.10115, 0.1510712730379815], "PARD": [0.0, 0.1510712730379815], "PCRX": [0.1779, 0.1510712730379815], "PCYC": [0.06291428571428571, 0.1510712730379815], "PGNX": [0.18348, 0.1510712730379815], "POZN": [0.12457499999999999, 0.1510712730379815], "PRGO": [0.6442, 0.1510712730379815], "PRTA": [0.0, 0.1510712730379815], "PTCT": [0.0, 0.1510712730379815], "PTIE": [0.06548571428571429, 0.1510712730379815], "PTX": [0.27327999999999997, 0.1510712730379815], "QCOR": [0.12382500000000002, 0.1510712730379815], "QLTI": [0.044521428571428566, 0.1510712730379815], "RARE": [0.07753333333333333, 0.1510712730379815], "RCPT": [0.0, 0.1510712730379815], "REGN": [0.0927, 0.1510712730379815], "RIGL": [0.2393833333333333, 0.1510712730379815], "RNAI": [-0.35990000000000005, 0.1510712730379815], "RPTP": [0.6442, 0.1510712730379815], "SAGE": [0.12461999999999998, 0.1510712730379815], "SGEN": [0.3612, 0.1510712730379815], "SGMO": [0.28099999999999997, 0.1510712730379815], "SGYP": [0.17728000000000002, 0.1510712730379815], "SHPG": [-0.018419230769230768, 0.1510712730379815], "SLXP": [0.1137, 0.1510712730379815],