{"ACAD": [-0.296, 0.09022439334342489], "ACHN": [0.02114285714285714, 0.09022439334342489], "ADHD": [0.4927, 0.09022439334342489], "AEGR": [-0.29390000000000005, 0.09022439334342489], "AGEN": [0.5267, 0.09022439334342489], "ALIM": [0.0, 0.09022439334342489], "ALKS": [-0.5106, 0.09022439334342489], "ALTH": [0.07980000000000002, 0.09022439334342489], "ALXN": [0.1781, 0.09022439334342489], "AMGN": [-0.04346666666666669, 0.09022439334342489], "ANDS": [0.2529, 0.09022439334342489], "ARIA": [0.21075, 0.09022439334342489], "ARNA": [0.3395, 0.09022439334342489], "ARQL": [0.0, 0.09022439334342489], "ARWR": [0.11333333333333334, 0.09022439334342489], "ASPX": [-0.020720000000000027, 0.09022439334342489], "AST": [0.1538142857142857, 0.09022439334342489], "BCRX": [0.0, 0.09022439334342489], "BIIB": [0.43720000000000003, 0.09022439334342489], "BLUE": [0.3612, 0.09022439334342489], "BMRN": [0.20194285714285715, 0.09022439334342489], "CBPO": [0.0, 0.09022439334342489], "CELG": [0.016164285714285714, 0.09022439334342489], "CLDX": [0.016858333333333333, 0.09022439334342489], "COLL": [0.3818, 0.09022439334342489], "CRA": [0.0, 0.09022439334342489], "CTRX": [0.3612, 0.09022439334342489], "CYTK": [0.3802, 0.09022439334342489], "ECYT": [-0.030042857142857142, 0.09022439334342489], "EDIT": [0.0, 0.09022439334342489], "EGRX": [0.0, 0.09022439334342489], "ENCY": [0.0, 0.09022439334342489], "ESPR": [0.58385, 0.09022439334342489], "FLML": [0.0, 0.09022439334342489], "GILD": [0.15435, 0.09022439334342489], "GPRO": [0.08440909090909089, 0.09022439334342489], "GWPH": [0.0, 0.09022439334342489], "HALO": [0.0, 0.09022439334342489], "HITK": [0.2023, 0.09022439334342489], "HPTX": [0.2023, 0.09022439334342489], "ICEL": [0.3612, 0.09022439334342489], "ICY": [0.0, 0.09022439334342489], "ILMN": [0.39328, 0.09022439334342489], "ILU": [-0.5106, 0.09022439334342489], "IMMU": [0.0, 0.09022439334342489], "INO": [0.21638333333333334, 0.09022439334342489], "IONS": [-0.06363333333333333, 0.09022439334342489], "IRWD": [0.4926, 0.09022439334342489], "ISIS": [0.07058461538461538, 0.09022439334342489], "ISTA": [-0.128, 0.09022439334342489], "ITMN": [0.17892000000000002, 0.09022439334342489], "JAZZ": [0.2529, 0.09022439334342489], "KERX": [-0.01726666666666669, 0.09022439334342489], "KYTH": [0.0516, 0.09022439334342489], "LBIO": [0.2729909090909091, 0.09022439334342489], "LIFE": [0.0, 0.09022439334342489], "MACK": [0.0, 0.09022439334342489], "MAPP": [0.0, 0.09022439334342489], "MDVN": [0.5574, 0.09022439334342489], "MEDI": [0.29599999999999965, 0.09022439334342489], "MNK": [0.29295, 0.09022439334342489], "MNKD": [0.0, 0.09022439334342489], "MYL": [-0.13031666666666666, 0.09022439334342489], "NEOS": [0.0, 0.09022439334342489], "NH": [0.0, 0.09022439334342489], "NK": [0.13251875, 0.09022439334342489], "NLNK": [0.19440000000000002, 0.09022439334342489], "NOVN": [0.5413, 0.09022439334342489], "NPSP": [0.6705, 0.09022439334342489], "OMER": [0.4215, 0.09022439334342489], "ONCE": [0.2023, 0.09022439334342489], "ONVO": [0.0004071428571428569, 0.09022439334342489], "OREX": [-0.4215, 0.09022439334342489], "PANC": [-0.0516, 0.09022439334342489], "PCYC": [0.4939, 0.09022439334342489], "PTX": [0.2023, 0.09022439334342489], "QCOR": [0.0, 0.09022439334342489], "RCPT": [0.0, 0.09022439334342489], "REGN": [-0.5106, 0.09022439334342489], "RNAI": [0.0, 0.09022439334342489], "SAGE": [0.0, 0.09022439334342489], "SCLN": [0.0, 0.09022439334342489], "SGYP": [0.0, 0.09022439334342489], "SHPG": [0.5026, 0.09022439334342489], "SLXP": [0.32175714285714285, 0.09022439334342489], "STEM": [-0.3182, 0.09022439334342489], "TARO": [-0.5106, 0.09022439334342489], "TECH": [0.03542173913043478, 0.09022439334342489], "TEVA": [-0.4383000000000001, 0.09022439334342489], "TRGT": [0.0, 0.09022439334342489], "USD": [0.25966170212765927, 0.09022439334342489], "VRTX": [-0.5719, 0.09022439334342489]}