{"AAVL": [0.13212142857142856, 0.19306863455016815], "ACAD": [0.017864, 0.19306863455016815], "ACHN": [0.126212962962963, 0.19306863455016815], "ACOR": [0.0, 0.19306863455016815], "ACRX": [0.3484142857142857, 0.19306863455016815], "ADHD": [-0.017369230769230783, 0.19306863455016815], "ADRO": [0.3182, 0.19306863455016815], "AEGR": [0.28587692307692303, 0.19306863455016815], "AFFX": [0.33873333333333333, 0.19306863455016815], "AFFY": [0.21071428571428572, 0.19306863455016815], "AFMD": [0.4588, 0.19306863455016815], "AGEN": [0.47104, 0.19306863455016815], "AGIO": [0.14192, 0.19306863455016815], "AGTC": [0.32926666666666665, 0.19306863455016815], "AKRX": [0.14125666666666664, 0.19306863455016815], "ALIM": [0.5316799999999999, 0.19306863455016815], "ALKS": [0.17014615384615384, 0.19306863455016815], "ALNY": [-0.04933000000000001, 0.19306863455016815], "ALTH": [0.071421875, 0.19306863455016815], "ALTU": [0.5081, 0.19306863455016815], "ALXA": [0.4404, 0.19306863455016815], "ALXN": [0.20775, 0.19306863455016815], "AMAG": [0.09345999999999996, 0.19306863455016815], "AMGN": [0.1304642857142857, 0.19306863455016815], "AMRI": [0.036755555555555555, 0.19306863455016815], "AMRN": [0.042285294117647046, 0.19306863455016815], "ANAC": [0.17875454545454544, 0.19306863455016815], "ANDS": [0.1027, 0.19306863455016815], "ANIP": [0.14694444444444446, 0.19306863455016815], "ANPI": [0.0, 0.19306863455016815], "ANTH": [0.0, 0.19306863455016815], "APCVZ&": [0.6072, 0.19306863455016815], "APPX": [0.6072, 0.19306863455016815], "AQXP": [0.36985, 0.19306863455016815], "ARIA": [0.19097241379310342, 0.19306863455016815], "ARNA": [0.18671794871794872, 0.19306863455016815], "ARQL": [0.0, 0.19306863455016815], "ARRY": [0.1888409090909091, 0.19306863455016815], "ARWR": [0.1735793103448276, 0.19306863455016815], "ARXT": [0.6072, 0.19306863455016815], "ASPX": [-0.06868888888888891, 0.19306863455016815], "AST": [0.2282784615384614, 0.19306863455016815], "ASTX": [0.5081, 0.19306863455016815], "ATRA": [0.5986, 0.19306863455016815], "AUXL": [0.027736842105263153, 0.19306863455016815], "AVEO": [0.458825, 0.19306863455016815], "AVNR": [0.16791724137931033, 0.19306863455016815], "AXCA": [0.6072, 0.19306863455016815], "BCRX": [0.1415076923076923, 0.19306863455016815], "BGIXX": [0.6072, 0.19306863455016815], "BIIB": [0.2701297872340425, 0.19306863455016815], "BIOD": [0.0, 0.19306863455016815], "BIVN": [0.6072, 0.19306863455016815], "BLKFDS": [0.6072, 0.19306863455016815], "BLUE": [0.17053529411764703, 0.19306863455016815], "BLUS": [0.58955, 0.19306863455016815], "BMRN": [0.0, 0.19306863455016815], "BMTI": [0.296, 0.19306863455016815], "BPAX": [0.0, 0.19306863455016815], "BRIXX": [0.6072, 0.19306863455016815], "BTRX": [0.6072, 0.19306863455016815], "CADX": [0.5081, 0.19306863455016815], "CALP": [0.17556666666666665, 0.19306863455016815], "CARA": [0.25405, 0.19306863455016815], "CBST": [0.3057, 0.19306863455016815], "CCXI": [0.36706000000000005, 0.19306863455016815], "CELG": [0.11968602150537633, 0.19306863455016815], "CEMP": [0.27166666666666667, 0.19306863455016815], "CEPH": [0.0, 0.19306863455016815], "CERS": [0.3834947368421053, 0.19306863455016815], "CGEN": [0.0, 0.19306863455016815], "CGPI": [0.0, 0.19306863455016815], "CHMA": [0.0, 0.19306863455016815], "CLDX": [0.21498, 0.19306863455016815], "CLVS": [0.30386923076923084, 0.19306863455016815], "CMRX": [0.14461428571428572, 0.19306863455016815], "CNCE": [-0.051225, 0.19306863455016815], "CNCT": [0.059199999999999996, 0.19306863455016815], "COLL": [-0.19756, 0.19306863455016815], "COLY": [0.6072, 0.19306863455016815], "CRA": [0.037202380952380966, 0.19306863455016815], "CRIS": [-0.0322, 0.19306863455016815], "CRME": [0.33148, 0.19306863455016815], "CTIC": [0.2556, 0.19306863455016815], "CTRX": [0.3217076923076923, 0.19306863455016815], "CYTK": [-0.4545, 0.19306863455016815], "DEPO": [0.11953529411764707, 0.19306863455016815], "DERM": [0.0, 0.19306863455016815], "DNDN": [0.0, 0.19306863455016815], "DRAX": [0.6072, 0.19306863455016815], "DRRX": [0.0, 0.19306863455016815], "DSCO": [0.05135, 0.19306863455016815], "DVAX": [0.08807999999999999, 0.19306863455016815], "DYAX": [0.11359999999999999, 0.19306863455016815], "ECYT": [0.19526428571428572, 0.19306863455016815], "EDIT": [0.35544, 0.19306863455016815], "EGLT": [0.10519999999999999, 0.19306863455016815], "EGRX": [0.0, 0.19306863455016815], "EMIS": [0.08789999999999999, 0.19306863455016815], "ENCY": [0.09708571428571432, 0.19306863455016815], "ENDP": [0.45384375, 0.19306863455016815], "ENTA": [0.09836666666666667, 0.19306863455016815], "ENZN": [0.0, 0.19306863455016815], "EPZM": [0.2537142857142857, 0.19306863455016815], "ESPR": [0.0, 0.19306863455016815], "EURX": [0.6072, 0.19306863455016815], "EXEL": [0.26962499999999995, 0.19306863455016815], "FACT": [-0.05135, 0.19306863455016815], "FGEN": [0.18143333333333334, 0.19306863455016815], "FLKS": [0.3705666666666667, 0.19306863455016815], "FLML": [0.22515454545454547, 0.19306863455016815], "FLXN": [0.28595, 0.19306863455016815], "FMI": [0.0086, 0.19306863455016815], "FOLD": [-0.0018900000000000028, 0.19306863455016815], "FPRX": [0.36706000000000005, 0.19306863455016815], "FURX": [0.0, 0.19306863455016815], "GBT": [0.0, 0.19306863455016815], "GENZ": [0.0, 0.19306863455016815], "GEVA": [0.3840333333333333, 0.19306863455016815], "GHDX": [0.17759999999999998, 0.19306863455016815], "GILD": [0.06849212598425197, 0.19306863455016815], "GNVC": [0.48503333333333326, 0.19306863455016815], "GPRO": [0.07190873786407768, 0.19306863455016815], "GRFS": [0.24447999999999998, 0.19306863455016815], "GTXI": [0.04400000000000001, 0.19306863455016815], "GWPH": [0.09918000000000002, 0.19306863455016815], "HALO": [0.17770384615384616, 0.19306863455016815], "HBIO": [0.7269, 0.19306863455016815], "HPTX": [0.18497499999999997, 0.19306863455016815], "HZNP": [0.12647333333333333, 0.19306863455016815], "ICEL": [0.4388333333333333, 0.19306863455016815], "ICPT": [0.20872941176470589, 0.19306863455016815], "ICY": [0.08464999999999998, 0.19306863455016815], "ILMN": [0.10983076923076923, 0.19306863455016815], "ILU": [0.04957999999999998, 0.19306863455016815], "IMDZ": [-0.036599999999999994, 0.19306863455016815], "IMGN": [0.0, 0.19306863455016815], "IMMU": [0.174475, 0.19306863455016815], "INCR": [0.28671428571428575, 0.19306863455016815], "INCY": [0.38455384615384625, 0.19306863455016815], "INFI": [0.3307909090909091, 0.19306863455016815], "INGN": [-0.6597, 0.19306863455016815], "INO": [0.14486875, 0.19306863455016815], "INSY": [0.18897999999999995, 0.19306863455016815], "INVA": [0.2561, 0.19306863455016815], "IONS": [0.062220833333333336, 0.19306863455016815], "IPXL": [0.45514, 0.19306863455016815], "IRWD": [0.28263000000000005, 0.19306863455016815], "ISIS": [0.14493239436619715, 0.19306863455016815], "ISPH": [-0.12040000000000001, 0.19306863455016815], "ISTA": [-0.010418181818181821, 0.19306863455016815], "ITCI": [0.296, 0.19306863455016815], "ITMN": [0.105375, 0.19306863455016815], "JAZZ": [0.035265384615384615, 0.19306863455016815], "KERX": [0.1965089552238806, 0.19306863455016815], "KITE": [0.20813333333333336, 0.19306863455016815], "KPTI": [0.20589, 0.19306863455016815], "LBIO": [0.12831739130434783, 0.19306863455016815], "LGND": [0.36706000000000005, 0.19306863455016815], "LIFE": [0.34336428571428573, 0.19306863455016815], "LOXO": [0.04933333333333333, 0.19306863455016815], "LXRX": [0.12228666666666667, 0.19306863455016815], "MACK": [0.035912, 0.19306863455016815], "MAPP": [-0.2092, 0.19306863455016815], "MDCO": [0.0, 0.19306863455016815], "MDVN": [0.1338818181818182, 0.19306863455016815], "MEDI": [0.2844911838790952, 0.19306863455016815], "MNK": [0.11478387096774194, 0.19306863455016815], "MNKD": [0.139164, 0.19306863455016815], "MNOV": [0.09866666666666667, 0.19306863455016815], "MNTA": [0.13396666666666665, 0.19306863455016815], "MRNA": [0.22210000000000002, 0.19306863455016815], "MYGN": [0.42948, 0.19306863455016815], "MYL": [0.14500555555555555, 0.19306863455016815],