{"AAVL": [-0.16096000000000002, 0.08010373365979391], "ACAD": [0.0028411764705882406, 0.08010373365979391], "ACHN": [-0.0035333333333333328, 0.08010373365979391], "ACOR": [0.0, 0.08010373365979391], "ACRX": [0.26647499999999996, 0.08010373365979391], "ADMS": [-0.13979999999999998, 0.08010373365979391], "ADRO": [-0.028009090909090907, 0.08010373365979391], "AERI": [0.0, 0.08010373365979391], "AFMD": [-0.08475, 0.08010373365979391], "AGEN": [0.07649166666666667, 0.08010373365979391], "AGIO": [0.0, 0.08010373365979391], "AIMT": [-0.10286071428571429, 0.08010373365979391], "AKBA": [-0.0772, 0.08010373365979391], "AKRX": [0.2930615384615385, 0.08010373365979391], "ALDR": [-0.12937142857142855, 0.08010373365979391], "ALIM": [0.08510000000000001, 0.08010373365979391], "ALKS": [0.24446666666666664, 0.08010373365979391], "ALNY": [0.08012631578947367, 0.08010373365979391], "ALTH": [0.03948571428571429, 0.08010373365979391], "ALXN": [0.24451666666666672, 0.08010373365979391], "AMAG": [0.0, 0.08010373365979391], "AMGN": [0.1828634615384616, 0.08010373365979391], "AMLN": [0.0, 0.08010373365979391], "AMRI": [0.0, 0.08010373365979391], "AMRN": [0.18764999999999998, 0.08010373365979391], "ANAC": [0.17975, 0.08010373365979391], "ANDS": [0.01599090909090909, 0.08010373365979391], "ANIP": [-0.5267, 0.08010373365979391], "ANTH": [0.32265714285714286, 0.08010373365979391], "AQXP": [0.0, 0.08010373365979391], "ARIA": [0.042423076923076924, 0.08010373365979391], "ARLZ": [0.0, 0.08010373365979391], "ARNA": [0.18324615384615386, 0.08010373365979391], "ARQL": [0.0, 0.08010373365979391], "ARRY": [0.12036923076923077, 0.08010373365979391], "ARWR": [0.25475, 0.08010373365979391], "ASPX": [0.0034400000000000025, 0.08010373365979391], "AST": [0.05305620915032677, 0.08010373365979391], "ATRA": [-0.10212000000000002, 0.08010373365979391], "AVEO": [0.100475, 0.08010373365979391], "AVXS": [0.0, 0.08010373365979391], "BCRX": [0.11560000000000001, 0.08010373365979391], "BGNE": [0.1741, 0.08010373365979391], "BIIB": [0.17539649122807022, 0.08010373365979391], "BIOD": [0.4939, 0.08010373365979391], "BLCM": [0.07832105263157894, 0.08010373365979391], "BLUE": [-0.0006418181818181823, 0.08010373365979391], "BMRN": [0.07141428571428572, 0.08010373365979391], "BPMC": [0.05, 0.08010373365979391], "CALP": [-0.5994, 0.08010373365979391], "CARA": [0.12499, 0.08010373365979391], "CASC": [0.2146266666666667, 0.08010373365979391], "CCXI": [0.0, 0.08010373365979391], "CELG": [0.12862236842105265, 0.08010373365979391], "CEMP": [0.06485238095238095, 0.08010373365979391], "CEPH": [0.13313333333333333, 0.08010373365979391], "CERS": [0.28099999999999997, 0.08010373365979391], "CHMA": [0.0, 0.08010373365979391], "CHRS": [0.33628333333333327, 0.08010373365979391], "CLCD": [0.06943333333333333, 0.08010373365979391], "CLDN": [0.46176666666666666, 0.08010373365979391], "CLDX": [-0.1161488372093023, 0.08010373365979391], "CLSD": [0.0, 0.08010373365979391], "CLVS": [0.03496363636363637, 0.08010373365979391], "CNCE": [0.0, 0.08010373365979391], "COLL": [0.468025, 0.08010373365979391], "CRA": [-0.17070769230769234, 0.08010373365979391], "CRIS": [0.2231034482758621, 0.08010373365979391], "CTIC": [0.25995555555555555, 0.08010373365979391], "CXRX": [-0.017007142857142856, 0.08010373365979391], "CYTK": [0.29669999999999996, 0.08010373365979391], "DBVT": [0.0, 0.08010373365979391], "DEPO": [0.19269999999999998, 0.08010373365979391], "DERM": [0.06134166666666666, 0.08010373365979391], "DIGE": [0.34, 0.08010373365979391], "DNAI": [-0.13668571428571427, 0.08010373365979391], "DRNA": [0.1799666666666667, 0.08010373365979391], "DRRX": [0.09866666666666667, 0.08010373365979391], "DVAX": [0.14667500000000003, 0.08010373365979391], "DYAX": [0.0, 0.08010373365979391], "ECYT": [0.0, 0.08010373365979391], "EDIT": [0.23970454545454542, 0.08010373365979391], "EGLT": [-0.2741277777777778, 0.08010373365979391], "EGRX": [0.28844, 0.08010373365979391], "ENCY": [0.05762857142857142, 0.08010373365979391], "ENDP": [-0.09806136363636363, 0.08010373365979391], "ENTA": [0.15201562500000002, 0.08010373365979391], "ENZN": [0.0, 0.08010373365979391], "EPIX": [0.06743333333333333, 0.08010373365979391], "EPZM": [-0.0558875, 0.08010373365979391], "ESPR": [-0.13173636363636365, 0.08010373365979391], "EXEL": [0.1700190476190476, 0.08010373365979391], "FACT": [0.1343037037037037, 0.08010373365979391], "FGEN": [-0.024255555555555548, 0.08010373365979391], "FLKS": [-0.05485714285714286, 0.08010373365979391], "FLML": [0.0, 0.08010373365979391], "FLXN": [0.0, 0.08010373365979391], "FMI": [0.0734, 0.08010373365979391], "FOLD": [-0.032541428571428575, 0.08010373365979391], "FOMX": [-0.09740000000000004, 0.08010373365979391], "GBT": [0.03404, 0.08010373365979391], "GENZ": [0.0, 0.08010373365979391], "GERN": [-0.03666923076923077, 0.08010373365979391], "GEVA": [0.0, 0.08010373365979391], "GILD": [0.08129603960396038, 0.08010373365979391], "GNVC": [0.36755, 0.08010373365979391], "GPRO": [0.06542941176470587, 0.08010373365979391], "GRFS": [0.0772, 0.08010373365979391], "GTXI": [0.05320357142857144, 0.08010373365979391], "GWPH": [0.14720833333333336, 0.08010373365979391], "HALO": [0.154264, 0.08010373365979391], "HBIO": [0.296, 0.08010373365979391], "HZNP": [0.05672564102564104, 0.08010373365979391], "ICEL": [0.0, 0.08010373365979391], "ICPT": [-0.42405, 0.08010373365979391], "ICY": [0.0, 0.08010373365979391], "ILMN": [0.10382, 0.08010373365979391], "ILU": [-0.19917500000000002, 0.08010373365979391], "IMGN": [0.0, 0.08010373365979391], "IMMU": [-0.013157777777777775, 0.08010373365979391], "INCR": [0.31983333333333336, 0.08010373365979391], "INCY": [0.1252707317073171, 0.08010373365979391], "INFI": [0.296, 0.08010373365979391], "INO": [0.045043589743589754, 0.08010373365979391], "INSM": [0.0, 0.08010373365979391], "INSY": [0.09527500000000001, 0.08010373365979391], "INVA": [0.268275, 0.08010373365979391], "IONS": [0.12063660714285719, 0.08010373365979391], "IPXL": [0.1350705882352941, 0.08010373365979391], "IRWD": [0.3818, 0.08010373365979391], "ISIS": [0.3612, 0.08010373365979391], "ISTA": [0.20881666666666668, 0.08010373365979391], "ITCI": [0.0, 0.08010373365979391], "ITEK": [0.1275243243243243, 0.08010373365979391], "JAZZ": [0.03108, 0.08010373365979391], "JUNO": [-0.039677333333333356, 0.08010373365979391], "KERX": [0.0, 0.08010373365979391], "KITE": [0.0026923076923076926, 0.08010373365979391], "KPTI": [-0.096, 0.08010373365979391], "KYTH": [0.6588, 0.08010373365979391], "LBIO": [0.1953903846153846, 0.08010373365979391], "LGND": [0.20368, 0.08010373365979391], "LIFE": [0.2236625, 0.08010373365979391], "LXRX": [0.0, 0.08010373365979391], "MACK": [0.17924374999999998, 0.08010373365979391], "MAPP": [0.7396333333333333, 0.08010373365979391], "MDCO": [0.09006666666666667, 0.08010373365979391], "MEDI": [0.18402287234042516, 0.08010373365979391], "MEDX": [0.0, 0.08010373365979391], "MNK": [0.006255855855855857, 0.08010373365979391], "MNKD": [0.01510227272727273, 0.08010373365979391], "MNTA": [0.0, 0.08010373365979391], "MYGN": [-0.2111230769230769, 0.08010373365979391], "MYL": [0.31464333333333333, 0.08010373365979391], "NABI": [0.037007692307692304, 0.08010373365979391], "NBIX": [-0.015479999999999999, 0.08010373365979391], "NDRM": [0.0, 0.08010373365979391], "NEOS": [0.0, 0.08010373365979391], "NERV": [-0.2732, 0.08010373365979391], "NH": [0.08780694444444444, 0.08010373365979391], "NK": [0.045078991596638654, 0.08010373365979391], "NKTR": [0.4404, 0.08010373365979391], "NLNK": [0.0, 0.08010373365979391], "NOVN": [0.16352, 0.08010373365979391], "NSTG": [0.07464, 0.08010373365979391], "NTLA": [-0.07331111111111109, 0.08010373365979391], "NVAX": [0.08449999999999999, 0.08010373365979391], "OCUL": [-0.10086511627906977, 0.08010373365979391], "OMED": [-0.0741625, 0.08010373365979391], "OMER": [0.10222727272727271, 0.08010373365979391], "ONCE": [0.056575, 0.08010373365979391], "ONTX": [0.27115, 0.08010373365979391], "ONTY": [0.3058666666666667, 0.08010373365979391],