{"ACHN": [0.0, 0.05311286219111833], "ACOR": [0.06743333333333333, 0.05311286219111833], "ADRO": [0.11216, 0.05311286219111833], "AFFX": [0.4588, 0.05311286219111833], "ALIM": [-0.002150000000000004, 0.05311286219111833], "ALKS": [0.0, 0.05311286219111833], "ALTH": [-0.188775, 0.05311286219111833], "ALXA": [0.21075, 0.05311286219111833], "ALXN": [-0.0086, 0.05311286219111833], "AMAG": [-0.049196153846153834, 0.05311286219111833], "AMGN": [0.10149230769230769, 0.05311286219111833], "AMRN": [-0.1104796610169492, 0.05311286219111833], "ANAC": [0.0, 0.05311286219111833], "ANDS": [0.19622222222222221, 0.05311286219111833], "ARIA": [0.020928571428571432, 0.05311286219111833], "ARRY": [0.215475, 0.05311286219111833], "ASPX": [0.11505619047619052, 0.05311286219111833], "AST": [-0.012976744186046513, 0.05311286219111833], "ASTX": [-0.4939, 0.05311286219111833], "BCRX": [0.0, 0.05311286219111833], "BIIB": [0.5574, 0.05311286219111833], "BLUE": [0.1429125, 0.05311286219111833], "BMTI": [0.148, 0.05311286219111833], "BPAX": [-0.32358, 0.05311286219111833], "CADX": [-0.1585, 0.05311286219111833], "CALP": [0.09946216216216217, 0.05311286219111833], "CARA": [0.0, 0.05311286219111833], "CASC": [0.4767, 0.05311286219111833], "CBST": [0.11377500000000002, 0.05311286219111833], "CELG": [0.07823333333333335, 0.05311286219111833], "CLVS": [0.0, 0.05311286219111833], "COLL": [-0.11315, 0.05311286219111833], "CRA": [0.025618181818181814, 0.05311286219111833], "CRIS": [0.0, 0.05311286219111833], "CRME": [0.07105, 0.05311286219111833], "CSKI": [0.0, 0.05311286219111833], "CTIC": [0.08333333333333333, 0.05311286219111833], "CYTK": [0.0, 0.05311286219111833], "DEPO": [0.0, 0.05311286219111833], "DNDN": [0.22494285714285714, 0.05311286219111833], "DVAX": [0.148, 0.05311286219111833], "DYAX": [0.3612, 0.05311286219111833], "EDIT": [0.4543333333333333, 0.05311286219111833], "EGRX": [0.0, 0.05311286219111833], "ENCY": [-0.2612333333333333, 0.05311286219111833], "ENDP": [0.4404, 0.05311286219111833], "ENTA": [-0.20309999999999997, 0.05311286219111833], "ENZN": [0.0, 0.05311286219111833], "EXEL": [0.14558333333333331, 0.05311286219111833], "FACT": [0.4404, 0.05311286219111833], "FLKS": [0.25, 0.05311286219111833], "FOLD": [0.0, 0.05311286219111833], "FURX": [-0.09106666666666667, 0.05311286219111833], "GERN": [0.0, 0.05311286219111833], "GHDX": [0.5106, 0.05311286219111833], "GILD": [0.22296, 0.05311286219111833], "GPRO": [0.0, 0.05311286219111833], "GTXI": [0.0, 0.05311286219111833], "HGSI": [-0.061814285714285704, 0.05311286219111833], "ICEL": [-0.76275, 0.05311286219111833], "ICY": [0.057185714285714284, 0.05311286219111833], "IDIX": [0.5574, 0.05311286219111833], "ILMN": [0.11951428571428571, 0.05311286219111833], "IMMU": [-0.48895, 0.05311286219111833], "INCR": [0.29194285714285717, 0.05311286219111833], "INCY": [0.0, 0.05311286219111833], "INFI": [0.0, 0.05311286219111833], "INHX": [0.10612192513368984, 0.05311286219111833], "INSM": [-0.4939, 0.05311286219111833], "IONS": [-0.06763157894736843, 0.05311286219111833], "ISPH": [0.5719, 0.05311286219111833], "ISTA": [-0.008719999999999995, 0.05311286219111833], "ITMN": [0.4173, 0.05311286219111833], "JAZZ": [0.08754999999999999, 0.05311286219111833], "KERX": [0.4668666666666667, 0.05311286219111833], "LBIO": [0.22710000000000002, 0.05311286219111833], "LGND": [-0.16985, 0.05311286219111833], "LIFE": [0.0, 0.05311286219111833], "MAPP": [0.3101, 0.05311286219111833], "MAXY": [-0.4939, 0.05311286219111833], "MDVN": [0.1699161616161616, 0.05311286219111833], "MEDI": [0.08686250000000001, 0.05311286219111833], "MNK": [0.0, 0.05311286219111833], "MNKD": [0.0, 0.05311286219111833], "MNOV": [0.0, 0.05311286219111833], "MNTA": [-0.21144444444444443, 0.05311286219111833], "MRNA": [0.2781, 0.05311286219111833], "MYGN": [0.4588, 0.05311286219111833], "MYL": [0.2787, 0.05311286219111833], "MYRX": [-0.4939, 0.05311286219111833], "NBIX": [0.4774833333333334, 0.05311286219111833], "NH": [0.10796938775510204, 0.05311286219111833], "NK": [0.036756944444444446, 0.05311286219111833], "NLNK": [0.0, 0.05311286219111833], "NPSP": [0.0, 0.05311286219111833], "NVAX": [0.0, 0.05311286219111833], "OMED": [-0.3182, 0.05311286219111833], "ONCE": [-0.0258, 0.05311286219111833], "ONTY": [0.0, 0.05311286219111833], "OPK": [0.0, 0.05311286219111833], "OPTR": [-0.0397, 0.05311286219111833], "OREX": [-0.2732, 0.05311286219111833], "OSCI": [0.0, 0.05311286219111833], "OSIR": [0.0, 0.05311286219111833], "PACB": [0.5106, 0.05311286219111833], "PCRX": [0.16596666666666668, 0.05311286219111833], "PTIE": [-0.1779, 0.05311286219111833], "PTX": [0.0, 0.05311286219111833], "QGEN": [0.0, 0.05311286219111833], "QLTI": [-0.4939, 0.05311286219111833], "RIGL": [-0.2294, 0.05311286219111833], "SAGE": [0.11397075471698118, 0.05311286219111833], "SGEN": [0.09770000000000001, 0.05311286219111833], "SLXP": [0.2732, 0.05311286219111833], "SNTA": [-0.4939, 0.05311286219111833], "SNTS": [0.13486666666666666, 0.05311286219111833], "SPPI": [0.0, 0.05311286219111833], "SQNM": [0.0, 0.05311286219111833], "STEM": [0.09106666666666667, 0.05311286219111833], "TECH": [0.22868275862068968, 0.05311286219111833], "TELK": [0.0, 0.05311286219111833], "TEVA": [-0.019955555555555556, 0.05311286219111833], "TRGT": [0.07398, 0.05311286219111833], "USD": [0.033567246376811584, 0.05311286219111833], "UTHR": [0.0, 0.05311286219111833], "VICL": [0.12525, 0.05311286219111833], "VNDA": [0.0, 0.05311286219111833], "VPHM": [0.0, 0.05311286219111833], "VRTX": [0.05602499999999999, 0.05311286219111833], "VRUS": [0.02667142857142857, 0.05311286219111833], "VVUS": [0.14873333333333336, 0.05311286219111833], "WCRX": [-0.11346666666666667, 0.05311286219111833], "ZGNX": [0.576075, 0.05311286219111833], "ZLCS": [0.3149666666666667, 0.05311286219111833]}