{"ACAD": [0.19823333333333337, 0.16554555839734572], "ACHN": [0.11371428571428573, 0.16554555839734572], "ACOR": [-0.12040000000000001, 0.16554555839734572], "ACRX": [-0.021871428571428573, 0.16554555839734572], "AEGR": [0.14975999999999998, 0.16554555839734572], "AFFY": [0.19869374999999995, 0.16554555839734572], "AGEN": [0.32315, 0.16554555839734572], "ALIM": [0.7717, 0.16554555839734572], "ALKS": [0.038318181818181814, 0.16554555839734572], "ALNY": [0.34, 0.16554555839734572], "ALTH": [0.3292409090909091, 0.16554555839734572], "ALXA": [0.1806, 0.16554555839734572], "ALXN": [0.0258, 0.16554555839734572], "AMAG": [-0.1027, 0.16554555839734572], "AMGN": [0.1313974025974026, 0.16554555839734572], "AMPH": [0.4404, 0.16554555839734572], "AMRI": [0.20783333333333334, 0.16554555839734572], "AMRN": [0.03616538461538462, 0.16554555839734572], "ANAC": [-0.07224, 0.16554555839734572], "ANDS": [0.16713333333333333, 0.16554555839734572], "ANIP": [-0.296, 0.16554555839734572], "ANTH": [0.018285714285714287, 0.16554555839734572], "ARIA": [-0.13118, 0.16554555839734572], "ARNA": [0.04105416666666667, 0.16554555839734572], "ARRY": [0.36669999999999997, 0.16554555839734572], "ARWR": [0.34, 0.16554555839734572], "ASPX": [0.0797, 0.16554555839734572], "AST": [0.13661086956521737, 0.16554555839734572], "ASTX": [0.0, 0.16554555839734572], "ATRA": [0.6369, 0.16554555839734572], "AUXL": [0.0, 0.16554555839734572], "AVEO": [0.4127181818181818, 0.16554555839734572], "AVNR": [0.35377272727272724, 0.16554555839734572], "AXCA": [0.2509111111111111, 0.16554555839734572], "BCRX": [0.0, 0.16554555839734572], "BIIB": [0.09584999999999999, 0.16554555839734572], "BIOD": [0.11718235294117647, 0.16554555839734572], "BJGP": [0.0, 0.16554555839734572], "BMRN": [0.074, 0.16554555839734572], "BPAX": [0.10275555555555556, 0.16554555839734572], "CADX": [0.2023, 0.16554555839734572], "CBRX": [-0.11315000000000001, 0.16554555839734572], "CBST": [0.4404, 0.16554555839734572], "CCXI": [0.148, 0.16554555839734572], "CELG": [0.18291194029850738, 0.16554555839734572], "CEPH": [-0.26516, 0.16554555839734572], "CHMA": [-0.05135, 0.16554555839734572], "CLDX": [0.0087, 0.16554555839734572], "CLVS": [0.12805217391304347, 0.16554555839734572], "COLL": [-0.046, 0.16554555839734572], "CRA": [0.15722857142857144, 0.16554555839734572], "CRIS": [0.23786666666666667, 0.16554555839734572], "CTIC": [0.24695, 0.16554555839734572], "CTRX": [0.0502375, 0.16554555839734572], "CYTK": [0.12929814814814813, 0.16554555839734572], "DERM": [0.2484, 0.16554555839734572], "DNDN": [0.06342857142857142, 0.16554555839734572], "DRRX": [0.4939, 0.16554555839734572], "DSCO": [0.4019, 0.16554555839734572], "DVAX": [0.018391666666666667, 0.16554555839734572], "DYAX": [-0.020100000000000007, 0.16554555839734572], "ECYT": [0.4404, 0.16554555839734572], "EMIS": [0.0, 0.16554555839734572], "ENCY": [-0.004425000000000012, 0.16554555839734572], "ENDP": [0.17920000000000003, 0.16554555839734572], "ENTA": [0.25405, 0.16554555839734572], "ENZN": [0.12292222222222222, 0.16554555839734572], "ESPR": [0.0, 0.16554555839734572], "FACT": [0.41135, 0.16554555839734572], "FOLD": [0.12443, 0.16554555839734572], "GERN": [0.4939, 0.16554555839734572], "GILD": [0.3864772727272728, 0.16554555839734572], "GTXI": [0.0, 0.16554555839734572], "HALO": [0.0772, 0.16554555839734572], "HZNP": [0.0, 0.16554555839734572], "ICEL": [0.4404, 0.16554555839734572], "IDIX": [0.5270454545454546, 0.16554555839734572], "ILMN": [0.22591999999999998, 0.16554555839734572], "IMMU": [0.43715833333333337, 0.16554555839734572], "INCR": [0.2986571428571429, 0.16554555839734572], "INCY": [-0.06992142857142856, 0.16554555839734572], "INFI": [0.19293125, 0.16554555839734572], "INO": [-0.2179642857142857, 0.16554555839734572], "INSM": [0.0, 0.16554555839734572], "INVA": [-0.11243333333333333, 0.16554555839734572], "IONS": [0.041525, 0.16554555839734572], "IRWD": [0.0, 0.16554555839734572], "ISIS": [0.04549285714285715, 0.16554555839734572], "ISTA": [0.16458571428571428, 0.16554555839734572], "JAZZ": [0.39135, 0.16554555839734572], "KERX": [0.0, 0.16554555839734572], "LBIO": [-0.025761538461538447, 0.16554555839734572], "LIFE": [0.0, 0.16554555839734572], "MAPP": [0.2484, 0.16554555839734572], "MDCO": [0.0, 0.16554555839734572], "MDVN": [0.0, 0.16554555839734572], "MEDI": [0.2271416666666667, 0.16554555839734572], "MNK": [0.24381186440677963, 0.16554555839734572], "MNKD": [0.24381186440677963, 0.16554555839734572], "MNOV": [0.4019, 0.16554555839734572], "MNTA": [0.16885, 0.16554555839734572], "MYL": [0.15293333333333334, 0.16554555839734572], "NH": [0.15318749999999998, 0.16554555839734572], "NK": [0.2532380952380953, 0.16554555839734572], "NKTR": [0.5004000000000001, 0.16554555839734572], "NLNK": [0.631, 0.16554555839734572], "NVAX": [0.10575555555555555, 0.16554555839734572], "OMED": [0.5526, 0.16554555839734572], "ONCE": [-0.18458000000000002, 0.16554555839734572], "ONXX": [0.2294, 0.16554555839734572], "OPK": [0.31033333333333335, 0.16554555839734572], "OPTR": [0.0, 0.16554555839734572], "OREX": [0.09288, 0.16554555839734572], "OTIC": [0.316125, 0.16554555839734572], "PACB": [0.4404, 0.16554555839734572], "PCYC": [0.4215, 0.16554555839734572], "PGNX": [0.252, 0.16554555839734572], "POZN": [0.2023, 0.16554555839734572], "QCOR": [0.2230526315789474, 0.16554555839734572], "RARE": [0.0, 0.16554555839734572], "REGN": [0.4404, 0.16554555839734572], "RGLS": [0.34, 0.16554555839734572], "RIGL": [0.4341, 0.16554555839734572], "SAGE": [0.12653333333333333, 0.16554555839734572], "SGEN": [0.0, 0.16554555839734572], "SGMO": [0.0, 0.16554555839734572], "SGYP": [0.35836666666666667, 0.16554555839734572], "SHPG": [0.2484, 0.16554555839734572], "SIGA": [0.0, 0.16554555839734572], "SLXP": [0.004472727272727272, 0.16554555839734572], "SNTA": [-0.291925, 0.16554555839734572], "SNTS": [0.35927999999999993, 0.16554555839734572], "SPPI": [0.1807, 0.16554555839734572], "SQNM": [0.06740625, 0.16554555839734572], "SRPT": [0.2826090909090909, 0.16554555839734572], "STEM": [0.09878, 0.16554555839734572], "SUPN": [0.074, 0.16554555839734572], "TECH": [0.16098695652173914, 0.16554555839734572], "TEVA": [-0.03845116279069767, 0.16554555839734572], "THLD": [0.0, 0.16554555839734572], "THRX": [0.6507999999999999, 0.16554555839734572], "TSRO": [0.4215, 0.16554555839734572], "TSRX": [0.1956277777777778, 0.16554555839734572], "USD": [-0.09207073170731708, 0.16554555839734572], "VICL": [0.17958, 0.16554555839734572], "VNDA": [0.18858461538461538, 0.16554555839734572], "VRTX": [0.28278749999999997, 0.16554555839734572], "VSTM": [0.0, 0.16554555839734572], "VVUS": [0.2692875, 0.16554555839734572], "XOMA": [0.11994444444444446, 0.16554555839734572], "ZGNX": [0.4939, 0.16554555839734572], "ZLCS": [0.0, 0.16554555839734572]}