{"ACAD": [0.1517818181818182, 0.09496074903629087], "ACHN": [0.06936117647058826, 0.09496074903629087], "ACOR": [-0.4767, 0.09496074903629087], "ADRO": [0.0, 0.09496074903629087], "AFFY": [0.0, 0.09496074903629087], "AGEN": [0.056575, 0.09496074903629087], "ALKS": [0.0, 0.09496074903629087], "ALNY": [-0.17131666666666667, 0.09496074903629087], "ALTH": [0.06711428571428571, 0.09496074903629087], "ALXA": [0.11185121951219511, 0.09496074903629087], "ALXN": [0.11027500000000001, 0.09496074903629087], "AMGN": [0.0892625, 0.09496074903629087], "AMRN": [-0.013162962962962967, 0.09496074903629087], "ANAC": [0.0, 0.09496074903629087], "ANDS": [-0.10855000000000001, 0.09496074903629087], "ANTH": [0.15254166666666666, 0.09496074903629087], "ARIA": [0.10769999999999999, 0.09496074903629087], "ARNA": [0.025329807692307686, 0.09496074903629087], "ARQL": [0.0, 0.09496074903629087], "ARRY": [0.0, 0.09496074903629087], "ASPX": [0.12819857142857147, 0.09496074903629087], "AST": [0.1066015748031496, 0.09496074903629087], "ASTX": [0.16228125, 0.09496074903629087], "AUXL": [0.0, 0.09496074903629087], "AVNR": [0.10137142857142857, 0.09496074903629087], "AXCA": [0.0, 0.09496074903629087], "BCRX": [0.0, 0.09496074903629087], "BIIB": [0.23172500000000001, 0.09496074903629087], "BLUE": [0.06713846153846154, 0.09496074903629087], "BMRN": [0.17149999999999999, 0.09496074903629087], "BMTI": [0.0, 0.09496074903629087], "BPAX": [0.14700909090909092, 0.09496074903629087], "BSTE": [0.0, 0.09496074903629087], "CALP": [0.0, 0.09496074903629087], "CBRX": [-0.4389, 0.09496074903629087], "CBST": [0.0, 0.09496074903629087], "CELG": [0.08909411764705884, 0.09496074903629087], "CEPH": [0.0, 0.09496074903629087], "CHRS": [-0.08893333333333332, 0.09496074903629087], "CLDX": [-0.08149999999999999, 0.09496074903629087], "CLVS": [0.04526, 0.09496074903629087], "COLL": [-0.18769999999999998, 0.09496074903629087], "CRA": [0.10463181818181817, 0.09496074903629087], "CRME": [0.270075, 0.09496074903629087], "CTIC": [0.0252875, 0.09496074903629087], "CTRX": [0.1909, 0.09496074903629087], "CYTK": [0.1251625, 0.09496074903629087], "CYTX": [0.32266666666666666, 0.09496074903629087], "DEPO": [0.15566, 0.09496074903629087], "DNDN": [0.034, 0.09496074903629087], "DVAX": [0.4349, 0.09496074903629087], "ECYT": [0.16184285714285712, 0.09496074903629087], "ENDP": [0.11875, 0.09496074903629087], "ENTA": [0.26935000000000003, 0.09496074903629087], "ENZN": [0.0, 0.09496074903629087], "EXEL": [-0.00844285714285715, 0.09496074903629087], "FACT": [0.0, 0.09496074903629087], "FLKS": [-0.5994, 0.09496074903629087], "FOLD": [0.16318125, 0.09496074903629087], "GERN": [0.06808518518518519, 0.09496074903629087], "GHDX": [-0.060200000000000004, 0.09496074903629087], "GILD": [0.2307522727272727, 0.09496074903629087], "HALO": [0.0, 0.09496074903629087], "HGSI": [0.0, 0.09496074903629087], "HITK": [0.22020000000000003, 0.09496074903629087], "HPTX": [-0.06767999999999999, 0.09496074903629087], "HZNP": [-0.03289, 0.09496074903629087], "ICEL": [0.5503, 0.09496074903629087], "ICY": [0.07955, 0.09496074903629087], "IDIX": [0.004608333333333335, 0.09496074903629087], "ILMN": [0.1680909090909091, 0.09496074903629087], "ILU": [0.8481, 0.09496074903629087], "IMMU": [0.0, 0.09496074903629087], "INCR": [-0.042899999999999994, 0.09496074903629087], "INCY": [0.75146, 0.09496074903629087], "INFI": [0.105375, 0.09496074903629087], "INO": [0.1740090909090909, 0.09496074903629087], "IONS": [0.04873666666666665, 0.09496074903629087], "IPXL": [0.10463, 0.09496074903629087], "IRWD": [0.14448, 0.09496074903629087], "ISIS": [0.2070285714285714, 0.09496074903629087], "ISTA": [0.04318666666666667, 0.09496074903629087], "ITMN": [0.35255000000000003, 0.09496074903629087], "JAZZ": [0.057800000000000004, 0.09496074903629087], "KERX": [0.0, 0.09496074903629087], "LBIO": [0.05262727272727274, 0.09496074903629087], "LGND": [0.0, 0.09496074903629087], "LIFE": [0.22293529411764704, 0.09496074903629087], "LXRX": [0.17138000000000003, 0.09496074903629087], "MACK": [0.24695, 0.09496074903629087], "MDCO": [0.0, 0.09496074903629087], "MDVN": [0.0, 0.09496074903629087], "MEDI": [0.0999, 0.09496074903629087], "MNK": [0.08927142857142857, 0.09496074903629087], "MNKD": [0.08927142857142857, 0.09496074903629087], "MRNA": [0.0, 0.09496074903629087], "MYGN": [0.44592, 0.09496074903629087], "MYL": [0.05, 0.09496074903629087], "NABI": [-0.2263, 0.09496074903629087], "NBIX": [0.0, 0.09496074903629087], "NH": [0.18825333333333333, 0.09496074903629087], "NK": [0.07882121212121211, 0.09496074903629087], "NKTR": [0.15800000000000003, 0.09496074903629087], "NPSP": [0.19437441860465118, 0.09496074903629087], "NVAX": [0.068, 0.09496074903629087], "OMER": [0.5719, 0.09496074903629087], "ONCE": [0.43135, 0.09496074903629087], "ONTY": [0.26089999999999997, 0.09496074903629087], "ONVO": [0.0, 0.09496074903629087], "ONXX": [0.07976304347826087, 0.09496074903629087], "OPK": [0.0, 0.09496074903629087], "OPTR": [0.14792857142857144, 0.09496074903629087], "OREX": [-0.07059756097560975, 0.09496074903629087], "OSIR": [0.4654, 0.09496074903629087], "OTIC": [0.0, 0.09496074903629087], "PACB": [0.0, 0.09496074903629087], "PCRX": [0.0903, 0.09496074903629087], "PCYC": [0.24114, 0.09496074903629087], "PRGO": [0.3818, 0.09496074903629087], "PTX": [-0.06767999999999999, 0.09496074903629087], "QCOR": [0.08399259259259259, 0.09496074903629087], "REGN": [0.07270833333333333, 0.09496074903629087], "RPTP": [0.0, 0.09496074903629087], "SAGE": [0.12275675675675678, 0.09496074903629087], "SCLN": [0.10403333333333335, 0.09496074903629087], "SGYP": [0.1806, 0.09496074903629087], "SLXP": [0.5574, 0.09496074903629087], "SNTS": [0.0, 0.09496074903629087], "SPPI": [0.15484137931034483, 0.09496074903629087], "SQNM": [0.0, 0.09496074903629087], "SRPT": [0.08362676056338031, 0.09496074903629087], "STEM": [0.15152000000000002, 0.09496074903629087], "SUPN": [0.26335, 0.09496074903629087], "SVNT": [0.0, 0.09496074903629087], "TARO": [-0.5267, 0.09496074903629087], "TECH": [0.11276896551724139, 0.09496074903629087], "TEVA": [0.04046, 0.09496074903629087], "THLD": [0.2049651162790698, 0.09496074903629087], "THRX": [0.0, 0.09496074903629087], "USD": [0.03179005235602094, 0.09496074903629087], "UTHR": [0.5267, 0.09496074903629087], "VIAC": [0.0, 0.09496074903629087], "VICL": [0.21002857142857143, 0.09496074903629087], "VNDA": [0.0, 0.09496074903629087], "VPHM": [0.5574, 0.09496074903629087], "VRTX": [-0.05573000000000002, 0.09496074903629087], "VRUS": [0.296, 0.09496074903629087], "VVUS": [0.059464444444444445, 0.09496074903629087], "WCRX": [-0.15415, 0.09496074903629087], "XNPT": [0.4215, 0.09496074903629087], "XOMA": [0.0, 0.09496074903629087], "ZGEN": [0.0, 0.09496074903629087], "ZGNX": [0.13546166666666667, 0.09496074903629087], "ZLCS": [0.1785125, 0.09496074903629087]}