{"AAVL": [0.12426000000000001, 0.10653253320129555], "ACAD": [0.0704294117647059, 0.10653253320129555], "ACHN": [-0.032816666666666654, 0.10653253320129555], "ACOR": [0.17652121212121205, 0.10653253320129555], "ACRX": [0.05464, 0.10653253320129555], "ADHD": [0.0, 0.10653253320129555], "ADMS": [0.0, 0.10653253320129555], "ADRO": [0.0, 0.10653253320129555], "ADVM": [0.07199999999999998, 0.10653253320129555], "AERI": [0.0055025641025641045, 0.10653253320129555], "AFMD": [0.2434285714285714, 0.10653253320129555], "AGEN": [0.017886363636363634, 0.10653253320129555], "AGIO": [0.09866666666666667, 0.10653253320129555], "AGTC": [-0.08533333333333333, 0.10653253320129555], "AIMT": [0.04710769230769231, 0.10653253320129555], "AKBA": [0.35646875000000006, 0.10653253320129555], "AKRX": [0.42318888888888895, 0.10653253320129555], "ALDR": [0.0, 0.10653253320129555], "ALIM": [0.14087142857142856, 0.10653253320129555], "ALKS": [-0.025874999999999995, 0.10653253320129555], "ALNY": [0.07334166666666668, 0.10653253320129555], "ALTH": [0.11592469135802466, 0.10653253320129555], "ALXN": [0.027715789473684204, 0.10653253320129555], "AMAG": [0.354, 0.10653253320129555], "AMGN": [0.06966153846153846, 0.10653253320129555], "AMRI": [0.06743333333333333, 0.10653253320129555], "AMRN": [0.46624, 0.10653253320129555], "ANDS": [-0.1591, 0.10653253320129555], "ANIP": [0.04933333333333333, 0.10653253320129555], "ANTH": [0.1079, 0.10653253320129555], "AQXP": [-0.024499999999999994, 0.10653253320129555], "ARDX": [0.4290666666666667, 0.10653253320129555], "ARIA": [0.41054999999999997, 0.10653253320129555], "ARLZ": [0.10747142857142856, 0.10653253320129555], "ARNA": [0.31255294117647064, 0.10653253320129555], "ARQL": [0.15327272727272725, 0.10653253320129555], "ARRY": [0.42172, 0.10653253320129555], "ARWR": [0.5323599999999999, 0.10653253320129555], "ASPX": [0.06661851851851854, 0.10653253320129555], "AST": [0.10928789808917191, 0.10653253320129555], "ATRA": [0.025369999999999997, 0.10653253320129555], "AVDL": [0.505575, 0.10653253320129555], "AVEO": [-0.20657272727272724, 0.10653253320129555], "AVXS": [0.150425, 0.10653253320129555], "BCRX": [0.1846352941176471, 0.10653253320129555], "BGNE": [0.0275, 0.10653253320129555], "BIIB": [0.11294848484848488, 0.10653253320129555], "BIOD": [0.0, 0.10653253320129555], "BLCM": [0.222647619047619, 0.10653253320129555], "BLUE": [0.001236363636363633, 0.10653253320129555], "BMRN": [0.09866666666666667, 0.10653253320129555], "BOLD": [-0.23456000000000002, 0.10653253320129555], "BPMC": [0.035544827586206904, 0.10653253320129555], "CALP": [0.0, 0.10653253320129555], "CARA": [0.012614473684210524, 0.10653253320129555], "CASC": [-0.14577142857142858, 0.10653253320129555], "CBPO": [-0.3612, 0.10653253320129555], "CCXI": [0.68, 0.10653253320129555], "CELG": [0.10391692307692306, 0.10653253320129555], "CEMP": [0.06542142857142856, 0.10653253320129555], "CERS": [-0.03664117647058824, 0.10653253320129555], "CHMA": [0.4939, 0.10653253320129555], "CHRS": [-0.13043333333333332, 0.10653253320129555], "CLDN": [0.6249, 0.10653253320129555], "CLDX": [0.037, 0.10653253320129555], "CLSD": [0.2732, 0.10653253320129555], "CLVS": [0.17380250000000003, 0.10653253320129555], "CMRX": [0.4767, 0.10653253320129555], "CNCE": [0.22260357142857143, 0.10653253320129555], "CNCT": [0.0, 0.10653253320129555], "COLL": [-0.01760526315789473, 0.10653253320129555], "COLY": [0.4215, 0.10653253320129555], "CRA": [0.26498285714285713, 0.10653253320129555], "CRIS": [0.04730833333333334, 0.10653253320129555], "CRME": [0.11839999999999999, 0.10653253320129555], "CTRX": [0.0, 0.10653253320129555], "CXRX": [0.0, 0.10653253320129555], "CYTK": [0.104275, 0.10653253320129555], "CYTX": [0.0, 0.10653253320129555], "DBVT": [0.0, 0.10653253320129555], "DEPO": [0.3377588235294117, 0.10653253320129555], "DERM": [0.37144285714285713, 0.10653253320129555], "DRNA": [0.4939, 0.10653253320129555], "DVAX": [0.070725, 0.10653253320129555], "DYAX": [0.0, 0.10653253320129555], "ECYT": [-0.018114285714285715, 0.10653253320129555], "EDIT": [0.10607142857142857, 0.10653253320129555], "EGLT": [0.0593578947368421, 0.10653253320129555], "EGRX": [0.18465, 0.10653253320129555], "ENCY": [0.047560000000000005, 0.10653253320129555], "ENDP": [0.01709523809523809, 0.10653253320129555], "ENTA": [0.24160454545454543, 0.10653253320129555], "EPZM": [0.003703125000000005, 0.10653253320129555], "ESPR": [0.03288125, 0.10653253320129555], "EXEL": [-0.02266521739130435, 0.10653253320129555], "FACT": [0.018439999999999998, 0.10653253320129555], "FGEN": [0.10898392857142859, 0.10653253320129555], "FLKS": [-0.019988, 0.10653253320129555], "FLXN": [0.10152307692307692, 0.10653253320129555], "FMI": [-0.046074999999999956, 0.10653253320129555], "FOLD": [0.12497777777777778, 0.10653253320129555], "GBT": [0.08952426035502957, 0.10653253320129555], "GERN": [0.13797999999999996, 0.10653253320129555], "GEVA": [0.21230000000000002, 0.10653253320129555], "GILD": [0.022666371681415946, 0.10653253320129555], "GPRO": [0.12574406779661015, 0.10653253320129555], "GRFS": [-0.1366, 0.10653253320129555], "GWPH": [0.0744989010989011, 0.10653253320129555], "HALO": [0.3731909090909092, 0.10653253320129555], "HBIO": [-0.03679166666666666, 0.10653253320129555], "HZNP": [0.22036666666666663, 0.10653253320129555], "ICEL": [0.5264, 0.10653253320129555], "ICPT": [0.003881818181818178, 0.10653253320129555], "ICY": [-0.36413333333333336, 0.10653253320129555], "ILMN": [0.18891999999999998, 0.10653253320129555], "ILU": [-0.013675000000000007, 0.10653253320129555], "IMDZ": [0.372964705882353, 0.10653253320129555], "IMGN": [0.07726666666666666, 0.10653253320129555], "IMMU": [0.0741560714285714, 0.10653253320129555], "INCR": [0.3332977777777775, 0.10653253320129555], "INCY": [0.11303333333333339, 0.10653253320129555], "INFI": [0.34032500000000004, 0.10653253320129555], "INGN": [0.0, 0.10653253320129555], "INO": [0.017075, 0.10653253320129555], "INSM": [0.0, 0.10653253320129555], "INSY": [0.03292666666666667, 0.10653253320129555], "INVA": [0.5092, 0.10653253320129555], "IONS": [0.05498445945945945, 0.10653253320129555], "IPXL": [0.012336231884057967, 0.10653253320129555], "IRWD": [0.17680322580645158, 0.10653253320129555], "ISPH": [0.0, 0.10653253320129555], "ISTA": [0.038461111111111106, 0.10653253320129555], "ITCI": [0.1572666666666667, 0.10653253320129555], "ITEK": [-0.34, 0.10653253320129555], "JAZZ": [0.2647428571428571, 0.10653253320129555], "JUNO": [0.058009259259259253, 0.10653253320129555], "KERX": [0.09315862068965518, 0.10653253320129555], "KITE": [0.10469900990099008, 0.10653253320129555], "KMPH": [0.12765, 0.10653253320129555], "KPTI": [-0.15952000000000002, 0.10653253320129555], "LBIO": [0.12776610169491526, 0.10653253320129555], "LGND": [0.12627777777777777, 0.10653253320129555], "LIFE": [0.16487272727272728, 0.10653253320129555], "LMNX": [0.0, 0.10653253320129555], "LOXO": [-0.09526, 0.10653253320129555], "LXRX": [0.16542999999999997, 0.10653253320129555], "MACK": [0.16260000000000002, 0.10653253320129555], "MAPP": [0.5978, 0.10653253320129555], "MDCO": [0.0870888888888889, 0.10653253320129555], "MDVN": [-0.10835000000000002, 0.10653253320129555], "MEDI": [0.13647624999999983, 0.10653253320129555], "MGNX": [0.0, 0.10653253320129555], "MNK": [0.027254166666666666, 0.10653253320129555], "MNKD": [0.04880526315789474, 0.10653253320129555], "MNTA": [0.0, 0.10653253320129555], "MYGN": [0.29195, 0.10653253320129555], "MYL": [-0.02132676056338028, 0.10653253320129555], "NABI": [0.150425, 0.10653253320129555], "NBIX": [0.09529285714285714, 0.10653253320129555], "NDRM": [0.13526, 0.10653253320129555], "NEOS": [0.073505, 0.10653253320129555], "NERV": [0.0, 0.10653253320129555], "NH": [0.1257492957746479, 0.10653253320129555], "NK": [0.1499408, 0.10653253320129555], "NKTR": [0.060200000000000004, 0.10653253320129555], "NLNK": [0.105375, 0.10653253320129555], "NOVN": [0.06676153846153846, 0.10653253320129555], "NTLA": [0.09863333333333334, 0.10653253320129555],