{"ACAD": [0.23272, 0.1916510280974164], "ACHN": [0.4215, 0.1916510280974164], "ACOR": [0.10882222222222221, 0.1916510280974164], "ACRX": [0.07747777777777778, 0.1916510280974164], "ADHD": [0.0, 0.1916510280974164], "AEGR": [0.4268909090909091, 0.1916510280974164], "AFFX": [0.0, 0.1916510280974164], "AFFY": [0.0, 0.1916510280974164], "AGEN": [0.1155, 0.1916510280974164], "AGIO": [-0.49477499999999996, 0.1916510280974164], "AKBA": [-0.468675, 0.1916510280974164], "AKRX": [0.2023, 0.1916510280974164], "ALDR": [0.34096666666666664, 0.1916510280974164], "ALIM": [0.17121, 0.1916510280974164], "ALKS": [0.01809999999999999, 0.1916510280974164], "ALNY": [0.208825, 0.1916510280974164], "ALTH": [0.012608235294117646, 0.1916510280974164], "ALTU": [0.5707, 0.1916510280974164], "ALXN": [0.3346833333333333, 0.1916510280974164], "AMAG": [0.5707, 0.1916510280974164], "AMGN": [-0.009574999999999972, 0.1916510280974164], "AMRN": [0.37255714285714286, 0.1916510280974164], "ANAC": [0.26030909090909093, 0.1916510280974164], "ANDS": [0.5267, 0.1916510280974164], "ANIP": [-0.0824090909090909, 0.1916510280974164], "ANTH": [0.1993166666666667, 0.1916510280974164], "ARIA": [0.03134545454545455, 0.1916510280974164], "ARNA": [0.21299166666666666, 0.1916510280974164], "ARQL": [0.018827272727272727, 0.1916510280974164], "ARRY": [0.19091818181818188, 0.1916510280974164], "ARWR": [0.33615, 0.1916510280974164], "ASPX": [0.047327272727272725, 0.1916510280974164], "AST": [0.02946764705882353, 0.1916510280974164], "ASTX": [0.24675, 0.1916510280974164], "AUXL": [0.0282875, 0.1916510280974164], "AVEO": [0.3753375, 0.1916510280974164], "AVNR": [0.21296999999999996, 0.1916510280974164], "BCRX": [0.017611111111111112, 0.1916510280974164], "BIIB": [0.09201538461538462, 0.1916510280974164], "BIOD": [0.03341666666666667, 0.1916510280974164], "BLUE": [0.2202, 0.1916510280974164], "BMRN": [0.12718333333333334, 0.1916510280974164], "CALP": [0.793, 0.1916510280974164], "CARA": [0.0, 0.1916510280974164], "CBST": [0.48886, 0.1916510280974164], "CCXI": [0.5707, 0.1916510280974164], "CELG": [0.1380125, 0.1916510280974164], "CEMP": [0.0, 0.1916510280974164], "CEPH": [-0.1909, 0.1916510280974164], "CERS": [0.2850083333333333, 0.1916510280974164], "CLDX": [0.283375, 0.1916510280974164], "CLVS": [0.3040517241379309, 0.1916510280974164], "CMRX": [0.296, 0.1916510280974164], "CNCE": [0.0, 0.1916510280974164], "COLL": [-0.045923076923076914, 0.1916510280974164], "CRA": [-0.12093333333333336, 0.1916510280974164], "CRGN": [0.0, 0.1916510280974164], "CRIS": [-0.23185714285714282, 0.1916510280974164], "CRME": [0.2140125, 0.1916510280974164], "CTIC": [-0.06078260869565218, 0.1916510280974164], "CTRX": [0.48917142857142853, 0.1916510280974164], "CYTK": [0.4939, 0.1916510280974164], "CYTX": [0.16585238095238095, 0.1916510280974164], "DEPO": [0.428025, 0.1916510280974164], "DIGE": [0.3178, 0.1916510280974164], "DNDN": [0.0, 0.1916510280974164], "DRRX": [0.2481, 0.1916510280974164], "DSCO": [0.06577777777777777, 0.1916510280974164], "DVAX": [-0.08895, 0.1916510280974164], "DYAX": [0.189125, 0.1916510280974164], "ECYT": [0.5002, 0.1916510280974164], "EDIT": [0.0881, 0.1916510280974164], "EGRX": [0.41065, 0.1916510280974164], "ENCY": [-0.1670375, 0.1916510280974164], "ENDP": [0.08770000000000001, 0.1916510280974164], "ENTA": [0.14746976744186047, 0.1916510280974164], "ENZN": [0.043000000000000003, 0.1916510280974164], "ESPR": [0.0, 0.1916510280974164], "EXEL": [0.39944705882352954, 0.1916510280974164], "FACT": [-0.2553, 0.1916510280974164], "FMI": [-0.26993999999999996, 0.1916510280974164], "FOLD": [0.127575, 0.1916510280974164], "FPRX": [0.5707, 0.1916510280974164], "FURX": [0.4335333333333333, 0.1916510280974164], "GERN": [0.16413333333333333, 0.1916510280974164], "GEVA": [0.5707, 0.1916510280974164], "GHDX": [-0.4972875, 0.1916510280974164], "GILD": [0.2660180000000001, 0.1916510280974164], "GNVC": [0.5707, 0.1916510280974164], "GTXI": [0.12323571428571427, 0.1916510280974164], "GWPH": [-0.03870526315789474, 0.1916510280974164], "HALO": [0.15918965517241385, 0.1916510280974164], "HZNP": [0.12997777777777778, 0.1916510280974164], "ICEL": [0.5713666666666667, 0.1916510280974164], "ICPT": [0.2488857142857143, 0.1916510280974164], "ICY": [-0.2765666666666667, 0.1916510280974164], "IDIX": [-0.4404, 0.1916510280974164], "ILMN": [0.1508111111111111, 0.1916510280974164], "ILU": [0.3696, 0.1916510280974164], "IMGN": [-0.08917, 0.1916510280974164], "IMMU": [0.02397777777777778, 0.1916510280974164], "INCR": [0.35863437499999995, 0.1916510280974164], "INCY": [0.0932, 0.1916510280974164], "INFI": [0.27776, 0.1916510280974164], "INO": [0.03548181818181819, 0.1916510280974164], "INSM": [0.04933333333333333, 0.1916510280974164], "INSY": [0.3397269230769231, 0.1916510280974164], "IONS": [0.17328024691358018, 0.1916510280974164], "IPXL": [0.5020249999999999, 0.1916510280974164], "IRWD": [0.1468, 0.1916510280974164], "ISIS": [0.23883000000000001, 0.1916510280974164], "ISTA": [0.050756249999999996, 0.1916510280974164], "ITMN": [0.11567000000000001, 0.1916510280974164], "JAZZ": [0.22362857142857143, 0.1916510280974164], "JUNO": [0.4404, 0.1916510280974164], "KERX": [0.2305470588235294, 0.1916510280974164], "KPTI": [0.0, 0.1916510280974164], "KYTH": [0.0, 0.1916510280974164], "LBIO": [0.15209090909090908, 0.1916510280974164], "LGND": [0.34242, 0.1916510280974164], "LIFE": [0.3629428571428571, 0.1916510280974164], "LMNX": [0.0, 0.1916510280974164], "LXRX": [0.0, 0.1916510280974164], "MACK": [0.03593636363636363, 0.1916510280974164], "MAPP": [0.0, 0.1916510280974164], "MDCO": [0.0645, 0.1916510280974164], "MDVN": [0.3177, 0.1916510280974164], "MEDI": [0.27594006116208086, 0.1916510280974164], "MEDX": [-0.1027, 0.1916510280974164], "MGNX": [0.1648857142857143, 0.1916510280974164], "MNK": [0.14074104046242775, 0.1916510280974164], "MNKD": [0.14379939759036145, 0.1916510280974164], "MNOV": [0.4939, 0.1916510280974164], "MNTA": [0.46605, 0.1916510280974164], "MYGN": [0.008505555555555556, 0.1916510280974164], "MYL": [0.3763925925925926, 0.1916510280974164], "NABI": [0.0, 0.1916510280974164], "NBIX": [0.44040000000000007, 0.1916510280974164], "NERV": [0.0, 0.1916510280974164], "NH": [0.00274166666666667, 0.1916510280974164], "NK": [0.13441290322580648, 0.1916510280974164], "NKTR": [0.5707, 0.1916510280974164], "NLNK": [0.12168222222222223, 0.1916510280974164], "NPSP": [0.06183405405405404, 0.1916510280974164], "NUVO": [0.4767, 0.1916510280974164], "NVAX": [0.045971428571428566, 0.1916510280974164], "OMED": [0.41043333333333326, 0.1916510280974164], "OMER": [0.23453333333333332, 0.1916510280974164], "ONCE": [-0.07294285714285716, 0.1916510280974164], "ONTY": [0.0713375, 0.1916510280974164], "ONVO": [0.20912499999999998, 0.1916510280974164], "OPHT": [0.0, 0.1916510280974164], "OPK": [0.31595, 0.1916510280974164], "OREX": [0.17131739130434784, 0.1916510280974164], "OSCI": [0.2742916666666667, 0.1916510280974164], "OSIR": [0.029599999999999998, 0.1916510280974164], "OVAS": [0.296, 0.1916510280974164], "PACB": [0.5574, 0.1916510280974164], "PANC": [0.7828, 0.1916510280974164], "PCYC": [0.3058666666666667, 0.1916510280974164], "PGNX": [0.4035352941176471, 0.1916510280974164], "POZN": [0.6988, 0.1916510280974164], "PRGO": [0.5707, 0.1916510280974164], "PTCT": [0.2928545454545454, 0.1916510280974164], "PTIE": [0.0, 0.1916510280974164], "QCOR": [0.36698, 0.1916510280974164], "QURE": [0.2023, 0.1916510280974164], "RARE": [0.19160000000000002, 0.1916510280974164], "RCPT": [0.0, 0.1916510280974164], "REGN": [0.5707, 0.1916510280974164], "RGLS": [0.2023, 0.1916510280974164], "RNAI": [0.1413, 0.1916510280974164], "RPTP": [0.5707, 0.1916510280974164], "RTRX": [0.03387272727272728, 0.1916510280974164], "SAGE": [0.20095, 0.1916510280974164], "SCMP": [0.40848000000000007, 0.1916510280974164], "SGEN": [0.5934636363636362, 0.1916510280974164], "SGMO": [0.3500478260869565, 0.1916510280974164], "SGYP": [0.24359166666666668, 0.1916510280974164],