{"ACAD": [0.16908, 0.1405116562007125], "ACHN": [-0.130575, 0.1405116562007125], "ACOR": [-0.07183333333333335, 0.1405116562007125], "ADRO": [0.0, 0.1405116562007125], "AFFX": [0.1806, 0.1405116562007125], "AFFY": [0.2445694915254238, 0.1405116562007125], "AGEN": [0.4019, 0.1405116562007125], "AKRX": [0.5061500000000001, 0.1405116562007125], "ALIM": [0.22924285714285714, 0.1405116562007125], "ALKS": [-0.12765, 0.1405116562007125], "ALNY": [0.0, 0.1405116562007125], "ALTH": [0.2391666666666667, 0.1405116562007125], "ALXA": [0.25687333333333334, 0.1405116562007125], "ALXN": [0.19993962264150944, 0.1405116562007125], "AMAG": [0.0, 0.1405116562007125], "AMGN": [0.11175500000000002, 0.1405116562007125], "AMLN": [0.2595250000000001, 0.1405116562007125], "AMRI": [0.44015, 0.1405116562007125], "AMRN": [0.10396176470588238, 0.1405116562007125], "ANDS": [0.22025, 0.1405116562007125], "ANTH": [0.2023, 0.1405116562007125], "ARIA": [0.0, 0.1405116562007125], "ARNA": [0.32481219512195125, 0.1405116562007125], "ARRY": [-0.17595999999999998, 0.1405116562007125], "ASPX": [0.06659555555555555, 0.1405116562007125], "AST": [0.07487768595041323, 0.1405116562007125], "ASTX": [0.0, 0.1405116562007125], "AVEO": [0.03383333333333333, 0.1405116562007125], "AVII": [0.5274, 0.1405116562007125], "BCRX": [0.3265454545454545, 0.1405116562007125], "BIIB": [0.4210500000000001, 0.1405116562007125], "BIOD": [0.26432, 0.1405116562007125], "BIOV": [0.0, 0.1405116562007125], "BLUE": [0.033716666666666666, 0.1405116562007125], "BLUS": [0.4404, 0.1405116562007125], "BMRN": [0.0, 0.1405116562007125], "BPAX": [0.45278, 0.1405116562007125], "CADX": [0.0, 0.1405116562007125], "CALP": [0.07678461538461538, 0.1405116562007125], "CBPO": [0.20229999999999998, 0.1405116562007125], "CBRX": [0.0, 0.1405116562007125], "CELG": [0.0, 0.1405116562007125], "CEPH": [0.5994, 0.1405116562007125], "CERS": [0.059199999999999996, 0.1405116562007125], "CGEN": [0.0, 0.1405116562007125], "CHRS": [0.0, 0.1405116562007125], "CLDX": [0.3954911764705883, 0.1405116562007125], "CLVS": [0.0, 0.1405116562007125], "COLL": [0.1366, 0.1405116562007125], "CRA": [0.0, 0.1405116562007125], "CRME": [0.05904999999999999, 0.1405116562007125], "CTIC": [0.10856666666666666, 0.1405116562007125], "CYTK": [0.0, 0.1405116562007125], "CYTX": [0.0, 0.1405116562007125], "DEPO": [0.0, 0.1405116562007125], "DNDN": [0.10115, 0.1405116562007125], "DSCO": [0.09466956521739131, 0.1405116562007125], "DVAX": [0.41355, 0.1405116562007125], "DYAX": [0.0, 0.1405116562007125], "ECYT": [0.34478000000000003, 0.1405116562007125], "EDIT": [0.1909, 0.1405116562007125], "EMIS": [0.0, 0.1405116562007125], "ENCY": [0.0, 0.1405116562007125], "ENTA": [0.49794, 0.1405116562007125], "ENZN": [0.0, 0.1405116562007125], "EXEL": [-0.107825, 0.1405116562007125], "FACT": [0.0, 0.1405116562007125], "FOLD": [0.2202, 0.1405116562007125], "FURX": [0.087575, 0.1405116562007125], "GERN": [0.0, 0.1405116562007125], "GEVA": [0.09283636363636365, 0.1405116562007125], "GILD": [0.1726740740740741, 0.1405116562007125], "GPRO": [0.4927, 0.1405116562007125], "GRFS": [0.13802857142857144, 0.1405116562007125], "GTXI": [0.013233333333333338, 0.1405116562007125], "HALO": [-0.1531, 0.1405116562007125], "HBIO": [0.0, 0.1405116562007125], "HGSI": [0.2809050632911392, 0.1405116562007125], "HITK": [0.0, 0.1405116562007125], "HZNP": [0.4309433333333335, 0.1405116562007125], "ICEL": [0.4404, 0.1405116562007125], "ICOS": [0.4215, 0.1405116562007125], "ICY": [0.179375, 0.1405116562007125], "IDIX": [0.3543659574468086, 0.1405116562007125], "ILMN": [0.10492499999999999, 0.1405116562007125], "ILU": [0.0, 0.1405116562007125], "IMMU": [0.1796, 0.1405116562007125], "INCR": [0.44028235294117657, 0.1405116562007125], "INCY": [0.24295, 0.1405116562007125], "INFI": [0.0, 0.1405116562007125], "INO": [0.0, 0.1405116562007125], "INSM": [0.0, 0.1405116562007125], "IONS": [0.035550000000000005, 0.1405116562007125], "IRWD": [0.0, 0.1405116562007125], "ISTA": [0.0, 0.1405116562007125], "ITMN": [-0.07655, 0.1405116562007125], "JAZZ": [0.3605, 0.1405116562007125], "KERX": [0.14704285714285714, 0.1405116562007125], "LBIO": [0.13195454545454546, 0.1405116562007125], "LGND": [0.2732, 0.1405116562007125], "LIFE": [0.10173684210526317, 0.1405116562007125], "LMNX": [0.1027, 0.1405116562007125], "MACK": [0.0, 0.1405116562007125], "MAPP": [0.564161904761905, 0.1405116562007125], "MDCO": [0.17, 0.1405116562007125], "MEDI": [0.27905714285714284, 0.1405116562007125], "MITI": [0.0, 0.1405116562007125], "MYGN": [0.004116666666666667, 0.1405116562007125], "MYL": [-0.06124, 0.1405116562007125], "NABI": [0.085, 0.1405116562007125], "NH": [0.27010000000000006, 0.1405116562007125], "NK": [0.1340896551724138, 0.1405116562007125], "NKTR": [0.18995833333333334, 0.1405116562007125], "NPSP": [0.34735, 0.1405116562007125], "OMED": [0.0, 0.1405116562007125], "ONCE": [0.0, 0.1405116562007125], "ONTY": [0.1641, 0.1405116562007125], "OPK": [-0.02033333333333333, 0.1405116562007125], "OPTR": [0.20229999999999998, 0.1405116562007125], "OREX": [0.13172, 0.1405116562007125], "OTIC": [0.4215, 0.1405116562007125], "PACB": [0.0, 0.1405116562007125], "POZN": [0.4672153846153847, 0.1405116562007125], "QCOR": [0.008577777777777778, 0.1405116562007125], "RARE": [0.0, 0.1405116562007125], "RDEA": [0.296, 0.1405116562007125], "REGN": [0.16819, 0.1405116562007125], "RIGL": [0.1144, 0.1405116562007125], "SAGE": [0.1545818181818182, 0.1405116562007125], "SGEN": [0.0, 0.1405116562007125], "SGYP": [-0.296, 0.1405116562007125], "SIGA": [0.0, 0.1405116562007125], "SLXP": [0.4672153846153847, 0.1405116562007125], "SPPI": [0.14082, 0.1405116562007125], "SQNM": [0.2489714285714286, 0.1405116562007125], "STEM": [-0.2713, 0.1405116562007125], "TBPH": [0.0, 0.1405116562007125], "TECH": [0.29063026315789464, 0.1405116562007125], "TEVA": [0.1452857142857143, 0.1405116562007125], "THLD": [0.347, 0.1405116562007125], "THRX": [0.24695, 0.1405116562007125], "TRGT": [0.0, 0.1405116562007125], "TRMS": [0.0, 0.1405116562007125], "USD": [0.0591453038674033, 0.1405116562007125], "VICL": [0.0, 0.1405116562007125], "VNDA": [0.0, 0.1405116562007125], "VPHM": [-0.07655, 0.1405116562007125], "VRTX": [0.5422739130434785, 0.1405116562007125], "VVUS": [0.26745084745762704, 0.1405116562007125], "WCRX": [0.08748571428571429, 0.1405116562007125], "XNPT": [0.39101666666666673, 0.1405116562007125], "XOMA": [0.18365, 0.1405116562007125], "ZGEN": [0.0, 0.1405116562007125], "ZLCS": [0.16004285714285715, 0.1405116562007125]}