{"ACAD": [0.0, 0.08635553587942427], "ACOR": [0.1591, 0.08635553587942427], "ADLR": [-0.06448181818181818, 0.08635553587942427], "AGEN": [0.3666, 0.08635553587942427], "ALTH": [0.23930588235294117, 0.08635553587942427], "ALXN": [0.23349347826086958, 0.08635553587942427], "AMGN": [0.033876923076923075, 0.08635553587942427], "AMRI": [0.0, 0.08635553587942427], "AMRN": [0.14179375, 0.08635553587942427], "ANAC": [0.13244, 0.08635553587942427], "ANDS": [-0.006966666666666667, 0.08635553587942427], "ARIA": [0.0, 0.08635553587942427], "ARRY": [0.0, 0.08635553587942427], "ASPX": [0.031914285714285714, 0.08635553587942427], "AST": [0.14135151515151517, 0.08635553587942427], "BCRX": [0.004671428571428576, 0.08635553587942427], "BIIB": [0.10008571428571429, 0.08635553587942427], "BIOD": [0.0, 0.08635553587942427], "BMRN": [0.0, 0.08635553587942427], "BPAX": [0.16824, 0.08635553587942427], "CALP": [-0.6103, 0.08635553587942427], "CASC": [0.0, 0.08635553587942427], "CBRX": [0.4404, 0.08635553587942427], "CBST": [-0.1531, 0.08635553587942427], "CELG": [0.0295, 0.08635553587942427], "CERS": [0.296, 0.08635553587942427], "CHRS": [0.0, 0.08635553587942427], "COLL": [-0.04344999999999999, 0.08635553587942427], "CRA": [-0.05986666666666667, 0.08635553587942427], "CRIS": [0.0, 0.08635553587942427], "CTIC": [-0.28294, 0.08635553587942427], "DEPO": [0.0, 0.08635553587942427], "DNDN": [0.0, 0.08635553587942427], "DRRX": [0.050575, 0.08635553587942427], "DSCO": [0.0, 0.08635553587942427], "DVAX": [0.0, 0.08635553587942427], "EDIT": [0.0, 0.08635553587942427], "EMIS": [0.0, 0.08635553587942427], "ENCY": [0.0, 0.08635553587942427], "ENTA": [0.35015, 0.08635553587942427], "ENZN": [0.0, 0.08635553587942427], "EXEL": [0.12764999999999999, 0.08635553587942427], "FACT": [0.0, 0.08635553587942427], "FLKS": [-0.1027, 0.08635553587942427], "FURX": [0.5574, 0.08635553587942427], "GERN": [0.08802857142857143, 0.08635553587942427], "GILD": [0.016066666666666663, 0.08635553587942427], "GPRO": [0.0, 0.08635553587942427], "HALO": [0.4019, 0.08635553587942427], "HGSI": [0.03557499999999998, 0.08635553587942427], "HITK": [0.0, 0.08635553587942427], "HZNP": [0.0, 0.08635553587942427], "IDIX": [0.0, 0.08635553587942427], "ILU": [0.0, 0.08635553587942427], "IMGN": [0.0, 0.08635553587942427], "INCR": [0.234575, 0.08635553587942427], "INCY": [0.10823333333333333, 0.08635553587942427], "INFI": [0.03423333333333333, 0.08635553587942427], "INO": [-0.021733333333333344, 0.08635553587942427], "IONS": [0.1542, 0.08635553587942427], "IPXL": [0.0, 0.08635553587942427], "IRWD": [0.0, 0.08635553587942427], "ISIS": [0.296, 0.08635553587942427], "ISTA": [0.2787, 0.08635553587942427], "JAZZ": [-0.025144444444444445, 0.08635553587942427], "KERX": [0.0, 0.08635553587942427], "LIFE": [0.0, 0.08635553587942427], "MDVN": [0.3070666666666667, 0.08635553587942427], "MEDI": [0.28446666666666665, 0.08635553587942427], "MNK": [0.24759583333333335, 0.08635553587942427], "MNKD": [0.24759583333333335, 0.08635553587942427], "MNOV": [0.0, 0.08635553587942427], "MNTA": [-0.1531, 0.08635553587942427], "MYL": [-0.061619999999999994, 0.08635553587942427], "NH": [0.08725555555555556, 0.08635553587942427], "NK": [0.2545060606060607, 0.08635553587942427], "NPSP": [0.0, 0.08635553587942427], "NVAX": [0.06846666666666666, 0.08635553587942427], "OMED": [0.296, 0.08635553587942427], "OMER": [0.0, 0.08635553587942427], "ONCE": [0.7269, 0.08635553587942427], "ONTY": [0.0683, 0.08635553587942427], "OPK": [0.75604, 0.08635553587942427], "OPTR": [0.38575000000000004, 0.08635553587942427], "OREX": [0.0, 0.08635553587942427], "OSCI": [0.10115, 0.08635553587942427], "PARD": [0.0, 0.08635553587942427], "PCRX": [-0.0459142857142857, 0.08635553587942427], "PCYC": [-0.1531, 0.08635553587942427], "PDLI": [0.4496, 0.08635553587942427], "POZN": [0.07415, 0.08635553587942427], "PTIE": [0.0, 0.08635553587942427], "QCOR": [-0.1531, 0.08635553587942427], "RARE": [0.20095, 0.08635553587942427], "REGN": [0.4615, 0.08635553587942427], "RIGL": [0.20229999999999998, 0.08635553587942427], "RPTP": [0.0, 0.08635553587942427], "SAGE": [0.050547368421052626, 0.08635553587942427], "SGEN": [0.24695, 0.08635553587942427], "SGMO": [-0.03504285714285713, 0.08635553587942427], "SGNT": [0.4019, 0.08635553587942427], "SIGA": [0.0, 0.08635553587942427], "SNTA": [0.0, 0.08635553587942427], "SNTS": [0.0, 0.08635553587942427], "SPPI": [0.0, 0.08635553587942427], "SQNM": [0.0, 0.08635553587942427], "STEM": [-0.836, 0.08635553587942427], "TECH": [0.14501538461538463, 0.08635553587942427], "TEVA": [0.5378499999999999, 0.08635553587942427], "THLD": [0.0, 0.08635553587942427], "TLCR": [0.5106, 0.08635553587942427], "TSRX": [0.0772, 0.08635553587942427], "USD": [0.1758432432432433, 0.08635553587942427], "UTHR": [0.0, 0.08635553587942427], "VICL": [0.0, 0.08635553587942427], "VPHM": [0.0, 0.08635553587942427], "VRTX": [0.23842692307692306, 0.08635553587942427], "VRUS": [0.21922714285714284, 0.08635553587942427], "VVUS": [0.4390222222222222, 0.08635553587942427], "WCRX": [-0.2023, 0.08635553587942427], "XOMA": [0.0, 0.08635553587942427], "ZLCS": [0.032, 0.08635553587942427]}