{"AAVL": [0.2462, 0.08099884882172663], "ACAD": [0.15671070110701094, 0.08099884882172663], "ACHN": [0.0, 0.08099884882172663], "ACOR": [0.00489032258064516, 0.08099884882172663], "ACRX": [-0.1091642857142857, 0.08099884882172663], "ADHD": [0.01604444444444444, 0.08099884882172663], "ADMS": [0.0, 0.08099884882172663], "ADRO": [0.02964285714285714, 0.08099884882172663], "AEGR": [-0.14974, 0.08099884882172663], "AERI": [-0.06275384615384615, 0.08099884882172663], "AFFX": [-0.045533333333333335, 0.08099884882172663], "AFFY": [0.42416, 0.08099884882172663], "AFMD": [0.11364285714285714, 0.08099884882172663], "AGEN": [0.062141176470588234, 0.08099884882172663], "AGIO": [-0.019261538461538462, 0.08099884882172663], "AGTC": [0.5599333333333333, 0.08099884882172663], "AIMT": [0.26783999999999997, 0.08099884882172663], "AKBA": [0.0, 0.08099884882172663], "AKRX": [0.22314444444444442, 0.08099884882172663], "ALDR": [0.0238, 0.08099884882172663], "ALIM": [-0.01832857142857144, 0.08099884882172663], "ALKS": [0.14675, 0.08099884882172663], "ALNY": [0.10567446808510637, 0.08099884882172663], "ALTH": [0.18612173913043478, 0.08099884882172663], "ALXA": [0.5106, 0.08099884882172663], "ALXN": [0.08135333333333333, 0.08099884882172663], "AMAG": [0.06743333333333333, 0.08099884882172663], "AMGN": [0.0008620253164556926, 0.08099884882172663], "AMPH": [0.1468, 0.08099884882172663], "AMRI": [0.0, 0.08099884882172663], "AMRN": [0.048383333333333334, 0.08099884882172663], "ANAC": [-0.06722916666666667, 0.08099884882172663], "ANDS": [0.32354999999999995, 0.08099884882172663], "ANIP": [0.38189999999999996, 0.08099884882172663], "ANTH": [0.0, 0.08099884882172663], "AQXP": [0.22319999999999998, 0.08099884882172663], "ARDX": [0.0, 0.08099884882172663], "ARIA": [0.16708484848484847, 0.08099884882172663], "ARLZ": [0.37270000000000003, 0.08099884882172663], "ARNA": [-0.02164705882352941, 0.08099884882172663], "ARQL": [-0.05464, 0.08099884882172663], "ARRY": [0.13204117647058825, 0.08099884882172663], "ARWR": [0.05339411764705882, 0.08099884882172663], "ASPV": [0.0, 0.08099884882172663], "ASPX": [0.073575, 0.08099884882172663], "AST": [0.11855714285714279, 0.08099884882172663], "ATRA": [0.0, 0.08099884882172663], "AVEO": [-0.0193, 0.08099884882172663], "AVII": [0.0, 0.08099884882172663], "AVNR": [0.0772, 0.08099884882172663], "AVXS": [-0.09106666666666667, 0.08099884882172663], "BCRX": [0.037, 0.08099884882172663], "BIIB": [0.21548800000000007, 0.08099884882172663], "BIOD": [0.02842, 0.08099884882172663], "BLCM": [0.14748571428571428, 0.08099884882172663], "BLUE": [0.18212608695652172, 0.08099884882172663], "BMRN": [0.086636, 0.08099884882172663], "CALP": [0.12691666666666668, 0.08099884882172663], "CARA": [0.10112727272727273, 0.08099884882172663], "CBPO": [-0.032, 0.08099884882172663], "CCXI": [0.0, 0.08099884882172663], "CELG": [0.013616483516483511, 0.08099884882172663], "CEMP": [0.13489156626506021, 0.08099884882172663], "CEPH": [-0.08415000000000002, 0.08099884882172663], "CERS": [0.11050666666666667, 0.08099884882172663], "CHMA": [-0.161675, 0.08099884882172663], "CHRS": [0.0, 0.08099884882172663], "CLCD": [0.174475, 0.08099884882172663], "CLDN": [0.3802, 0.08099884882172663], "CLDX": [0.1404181818181818, 0.08099884882172663], "CLVS": [0.22798749999999998, 0.08099884882172663], "CMRX": [0.23835, 0.08099884882172663], "CNCE": [0.1858, 0.08099884882172663], "COLL": [0.21788333333333332, 0.08099884882172663], "CRA": [0.15876315789473686, 0.08099884882172663], "CRIS": [0.04533333333333334, 0.08099884882172663], "CTIC": [0.5106, 0.08099884882172663], "CTRX": [0.4404, 0.08099884882172663], "CXRX": [-0.010000000000000002, 0.08099884882172663], "CYTK": [0.012238461538461538, 0.08099884882172663], "CYTX": [0.13396666666666665, 0.08099884882172663], "DBVT": [0.1648, 0.08099884882172663], "DEPO": [-0.09486666666666665, 0.08099884882172663], "DERM": [0.16463333333333333, 0.08099884882172663], "DIGE": [-0.013693333333333333, 0.08099884882172663], "DNAI": [-0.2509857142857143, 0.08099884882172663], "DRNA": [0.2715, 0.08099884882172663], "DRRX": [0.13443333333333332, 0.08099884882172663], "DVAX": [0.012869565217391304, 0.08099884882172663], "DYAX": [0.1591, 0.08099884882172663], "ECYT": [0.23464999999999994, 0.08099884882172663], "EDIT": [0.17749705882352942, 0.08099884882172663], "EGLT": [0.0, 0.08099884882172663], "EGRX": [0.2244823529411765, 0.08099884882172663], "EMIS": [0.0, 0.08099884882172663], "ENCY": [-0.5423, 0.08099884882172663], "ENDP": [0.10940285714285718, 0.08099884882172663], "ENTA": [-0.03588378378378378, 0.08099884882172663], "ENZN": [0.5719, 0.08099884882172663], "EPIX": [-0.12040000000000001, 0.08099884882172663], "EPZM": [0.10685714285714287, 0.08099884882172663], "ESPR": [0.36679375000000003, 0.08099884882172663], "EXEL": [0.09452941176470586, 0.08099884882172663], "FACT": [0.05737931034482758, 0.08099884882172663], "FGEN": [-0.12574285714285713, 0.08099884882172663], "FLKS": [0.0, 0.08099884882172663], "FLML": [0.2769366666666667, 0.08099884882172663], "FMI": [-0.09106666666666667, 0.08099884882172663], "FOLD": [0.2401521739130435, 0.08099884882172663], "FOMX": [0.0, 0.08099884882172663], "FPRX": [0.015561538461538462, 0.08099884882172663], "GBT": [0.2399466666666667, 0.08099884882172663], "GERN": [0.07151250000000002, 0.08099884882172663], "GEVA": [0.0, 0.08099884882172663], "GILD": [0.026788620689655165, 0.08099884882172663], "GNVC": [0.05853111111111112, 0.08099884882172663], "GPRO": [0.08043965517241379, 0.08099884882172663], "GRFS": [0.0, 0.08099884882172663], "GWPH": [0.27240000000000003, 0.08099884882172663], "HALO": [0.027171428571428596, 0.08099884882172663], "HBIO": [0.0, 0.08099884882172663], "HZNP": [0.10806, 0.08099884882172663], "ICEL": [0.46655, 0.08099884882172663], "ICPT": [0.15059999999999998, 0.08099884882172663], "ICY": [-0.0675, 0.08099884882172663], "ILMN": [0.21563636363636363, 0.08099884882172663], "ILU": [-0.39010000000000006, 0.08099884882172663], "IMDZ": [0.09866666666666667, 0.08099884882172663], "IMGN": [-0.0690078947368421, 0.08099884882172663], "IMMU": [0.025817999999999987, 0.08099884882172663], "INCR": [0.11477125000000002, 0.08099884882172663], "INCY": [-0.01300952380952381, 0.08099884882172663], "INFI": [0.037, 0.08099884882172663], "INGN": [0.24914999999999998, 0.08099884882172663], "INO": [0.06997307692307693, 0.08099884882172663], "INSM": [-0.045533333333333335, 0.08099884882172663], "INSY": [0.2641178571428572, 0.08099884882172663], "INVA": [0.299225, 0.08099884882172663], "IONS": [0.09754604316546761, 0.08099884882172663], "IPXL": [0.10194285714285714, 0.08099884882172663], "IRWD": [0.11482857142857142, 0.08099884882172663], "ISIS": [0.2023, 0.08099884882172663], "ISTA": [-0.31256666666666666, 0.08099884882172663], "ITCI": [0.0907, 0.08099884882172663], "ITEK": [0.179375, 0.08099884882172663], "ITMN": [-0.4019, 0.08099884882172663], "JAZZ": [-0.0721551724137931, 0.08099884882172663], "JUNO": [-0.02551666666666667, 0.08099884882172663], "KERX": [0.13806486486486486, 0.08099884882172663], "KITE": [0.050575, 0.08099884882172663], "KMPH": [-0.003050000000000001, 0.08099884882172663], "KPTI": [0.0, 0.08099884882172663], "LBIO": [0.25453333333333333, 0.08099884882172663], "LGND": [-0.06554166666666666, 0.08099884882172663], "LIFE": [0.01190952380952382, 0.08099884882172663], "LMNX": [0.03202105263157895, 0.08099884882172663], "LOXO": [0.0, 0.08099884882172663], "LXRX": [0.022477777777777777, 0.08099884882172663], "MACK": [-0.011418918918918917, 0.08099884882172663], "MAPP": [0.2587333333333333, 0.08099884882172663], "MCRB": [0.0, 0.08099884882172663], "MDCO": [0.04612, 0.08099884882172663], "MDVN": [0.07072315789473685, 0.08099884882172663], "MEDI": [0.04895078125, 0.08099884882172663], "MGNX": [0.0, 0.08099884882172663], "MNK": [0.14723636363636364, 0.08099884882172663], "MNKD": [0.23115500000000005, 0.08099884882172663], "MNTA": [0.050575, 0.08099884882172663], "MYGN": [0.27830714285714286, 0.08099884882172663],