{"ACAD": [-0.3182, 0.06775637371339677], "ACHN": [0.18946666666666667, 0.06775637371339677], "AFFX": [0.34, 0.06775637371339677], "AFFY": [0.085, 0.06775637371339677], "AGEN": [0.10192631578947368, 0.06775637371339677], "ALTH": [0.5415, 0.06775637371339677], "ALXA": [0.025516666666666677, 0.06775637371339677], "ALXN": [0.0, 0.06775637371339677], "AMAG": [-0.0516, 0.06775637371339677], "ARIA": [0.17020000000000002, 0.06775637371339677], "ARNA": [-0.03169999999999999, 0.06775637371339677], "ARQL": [0.19915714285714287, 0.06775637371339677], "ASPX": [0.007422222222222225, 0.06775637371339677], "AST": [0.22679999999999997, 0.06775637371339677], "BIIB": [0.0, 0.06775637371339677], "BIOD": [0.0, 0.06775637371339677], "BLUS": [0.2724, 0.06775637371339677], "BMRN": [0.0, 0.06775637371339677], "BPAX": [0.0, 0.06775637371339677], "CALP": [-0.14703333333333332, 0.06775637371339677], "CELG": [0.0, 0.06775637371339677], "CEPH": [0.0, 0.06775637371339677], "CGEN": [0.1589, 0.06775637371339677], "CHRS": [0.29295, 0.06775637371339677], "CLDX": [0.1533, 0.06775637371339677], "CRA": [-0.29155000000000003, 0.06775637371339677], "CRME": [0.0, 0.06775637371339677], "CSKI": [-0.39653333333333335, 0.06775637371339677], "DNDN": [-0.0447, 0.06775637371339677], "DSCO": [0.4199, 0.06775637371339677], "DVAX": [0.0, 0.06775637371339677], "ENTA": [0.3799666666666666, 0.06775637371339677], "EXEL": [-0.5432, 0.06775637371339677], "GENZ": [0.14632, 0.06775637371339677], "GERN": [0.6249, 0.06775637371339677], "GHDX": [0.0, 0.06775637371339677], "GILD": [0.30598000000000003, 0.06775637371339677], "HALO": [0.0, 0.06775637371339677], "ILMN": [0.0, 0.06775637371339677], "ILU": [0.8402, 0.06775637371339677], "IMMU": [0.2599777777777778, 0.06775637371339677], "INCR": [-0.6077, 0.06775637371339677], "IONS": [0.4019, 0.06775637371339677], "ITMN": [0.12471000000000002, 0.06775637371339677], "JAZZ": [0.07428461538461538, 0.06775637371339677], "KERX": [0.1335, 0.06775637371339677], "LBIO": [0.017349999999999994, 0.06775637371339677], "LIFE": [0.0, 0.06775637371339677], "LXRX": [0.0, 0.06775637371339677], "MAPP": [0.743, 0.06775637371339677], "MBRK": [0.2023, 0.06775637371339677], "MDVN": [0.3167, 0.06775637371339677], "NK": [0.26969999999999994, 0.06775637371339677], "NKTR": [-0.296, 0.06775637371339677], "OREX": [-0.296, 0.06775637371339677], "PARD": [-0.1486, 0.06775637371339677], "PGNX": [0.0, 0.06775637371339677], "RPTP": [0.0, 0.06775637371339677], "SAGE": [0.2674375, 0.06775637371339677], "SLXP": [-0.5106, 0.06775637371339677], "SPPI": [0.0, 0.06775637371339677], "SQNM": [0.0, 0.06775637371339677], "SUPG": [0.2023, 0.06775637371339677], "SVA": [-0.6077, 0.06775637371339677], "TECH": [-0.10656666666666664, 0.06775637371339677], "TEVA": [0.2886666666666667, 0.06775637371339677], "USD": [0.030524999999999997, 0.06775637371339677], "VRTX": [-0.098925, 0.06775637371339677], "VRUS": [0.296, 0.06775637371339677], "VTL": [0.296, 0.06775637371339677], "VVUS": [-0.031089999999999996, 0.06775637371339677], "XNPT": [0.0, 0.06775637371339677]}