{"ACAD": [0.20285000000000006, 0.07743335032558973], "ACHN": [0.05078378378378377, 0.07743335032558973], "ACRX": [-0.056641666666666694, 0.07743335032558973], "ADHD": [0.059199999999999996, 0.07743335032558973], "AEGR": [0.16487045454545457, 0.07743335032558973], "AFFX": [0.0, 0.07743335032558973], "AFFY": [0.11177704918032784, 0.07743335032558973], "AGEN": [0.4404, 0.07743335032558973], "ALIM": [0.0, 0.07743335032558973], "ALKS": [0.015741666666666678, 0.07743335032558973], "ALNY": [0.0, 0.07743335032558973], "ALTH": [0.13766129032258065, 0.07743335032558973], "ALXA": [0.10615000000000001, 0.07743335032558973], "ALXN": [0.0, 0.07743335032558973], "AMAG": [0.3612, 0.07743335032558973], "AMGN": [0.08201666666666667, 0.07743335032558973], "AMRI": [0.25, 0.07743335032558973], "AMRN": [0.22459399999999996, 0.07743335032558973], "ANAC": [0.0, 0.07743335032558973], "ANTH": [-0.11839999999999999, 0.07743335032558973], "ARIA": [0.318, 0.07743335032558973], "ARNA": [-0.3165733333333333, 0.07743335032558973], "ARQL": [0.0, 0.07743335032558973], "ARRY": [-0.15096363636363638, 0.07743335032558973], "ARWR": [0.2553, 0.07743335032558973], "ASPX": [0.038896, 0.07743335032558973], "AST": [0.092211320754717, 0.07743335032558973], "ASTX": [0.12683999999999998, 0.07743335032558973], "AUXL": [0.12040000000000001, 0.07743335032558973], "AVEO": [0.0, 0.07743335032558973], "AVNR": [0.0, 0.07743335032558973], "BCRX": [-0.09545, 0.07743335032558973], "BIIB": [0.2857416666666666, 0.07743335032558973], "BIOD": [0.129665625, 0.07743335032558973], "BMRN": [0.07839444444444445, 0.07743335032558973], "BPAX": [0.0, 0.07743335032558973], "CADX": [0.128, 0.07743335032558973], "CALP": [-0.02969999999999999, 0.07743335032558973], "CBPO": [0.0, 0.07743335032558973], "CBRX": [0.7579, 0.07743335032558973], "CBST": [0.20278500000000005, 0.07743335032558973], "CELG": [0.29494772727272733, 0.07743335032558973], "CERS": [-0.0411, 0.07743335032558973], "CLDN": [0.296, 0.07743335032558973], "CLDX": [0.23322500000000002, 0.07743335032558973], "CLVS": [0.6249, 0.07743335032558973], "CMRX": [0.0, 0.07743335032558973], "COLL": [-0.055033333333333344, 0.07743335032558973], "CRA": [0.10404117647058822, 0.07743335032558973], "CRIS": [-0.023924999999999988, 0.07743335032558973], "CTIC": [-0.11315, 0.07743335032558973], "CTRX": [0.21729999999999997, 0.07743335032558973], "CYTK": [0.08491428571428572, 0.07743335032558973], "DEPO": [0.028488888888888876, 0.07743335032558973], "DNDN": [0.12040000000000001, 0.07743335032558973], "DRNA": [0.0, 0.07743335032558973], "DRRX": [0.015110000000000002, 0.07743335032558973], "DSCO": [0.32152, 0.07743335032558973], "DVAX": [0.0875, 0.07743335032558973], "DYAX": [0.2083, 0.07743335032558973], "ECYT": [-0.5216, 0.07743335032558973], "EDIT": [0.44557499999999994, 0.07743335032558973], "EMIS": [0.22744999999999999, 0.07743335032558973], "ENCY": [0.1806, 0.07743335032558973], "ENDP": [-0.2317, 0.07743335032558973], "ENTA": [0.08038, 0.07743335032558973], "ENZN": [0.0, 0.07743335032558973], "EPZM": [0.1792813953488372, 0.07743335032558973], "EXEL": [0.01853846153846154, 0.07743335032558973], "FACT": [0.40635, 0.07743335032558973], "FLML": [-0.010494444444444452, 0.07743335032558973], "FOLD": [0.0, 0.07743335032558973], "GEVA": [0.0, 0.07743335032558973], "GHDX": [0.22575, 0.07743335032558973], "GILD": [-0.06248571428571427, 0.07743335032558973], "GRFS": [0.0, 0.07743335032558973], "GTXI": [-0.48036, 0.07743335032558973], "GWPH": [0.3612, 0.07743335032558973], "HALO": [0.0, 0.07743335032558973], "HITK": [0.0, 0.07743335032558973], "HPTX": [-0.1779, 0.07743335032558973], "ICEL": [0.20726666666666668, 0.07743335032558973], "ICY": [-0.026749999999999996, 0.07743335032558973], "IDIX": [0.48056666666666664, 0.07743335032558973], "ILMN": [0.3612, 0.07743335032558973], "ILU": [-0.1449, 0.07743335032558973], "IMGN": [0.14683, 0.07743335032558973], "IMMU": [0.20329999999999998, 0.07743335032558973], "INCR": [0.43470000000000003, 0.07743335032558973], "INFI": [0.1649846153846154, 0.07743335032558973], "INGN": [-0.3802, 0.07743335032558973], "INO": [0.14323333333333332, 0.07743335032558973], "INSM": [-0.3312538461538462, 0.07743335032558973], "INVA": [0.09531666666666666, 0.07743335032558973], "IONS": [0.1597896551724138, 0.07743335032558973], "IRWD": [-0.06567272727272727, 0.07743335032558973], "ISIS": [0.0, 0.07743335032558973], "ISPH": [0.0, 0.07743335032558973], "ISTA": [0.3703846153846154, 0.07743335032558973], "ITMN": [-0.17877500000000002, 0.07743335032558973], "JAZZ": [0.2874041666666666, 0.07743335032558973], "KERX": [0.3430714285714286, 0.07743335032558973], "KYTH": [0.0, 0.07743335032558973], "LBIO": [0.19232307692307685, 0.07743335032558973], "LMNX": [0.0, 0.07743335032558973], "LXRX": [0.0, 0.07743335032558973], "MACK": [0.0, 0.07743335032558973], "MDCO": [0.0, 0.07743335032558973], "MEDI": [0.19294545454545453, 0.07743335032558973], "MNK": [0.13269761904761906, 0.07743335032558973], "MNKD": [0.13269761904761906, 0.07743335032558973], "MRNA": [0.0, 0.07743335032558973], "MYGN": [0.0, 0.07743335032558973], "MYL": [0.0, 0.07743335032558973], "NABI": [-0.11910000000000001, 0.07743335032558973], "NEOS": [0.0, 0.07743335032558973], "NERV": [-0.4939, 0.07743335032558973], "NH": [0.06570000000000001, 0.07743335032558973], "NK": [0.11968656716417914, 0.07743335032558973], "NOVN": [0.6808, 0.07743335032558973], "NPSP": [0.0, 0.07743335032558973], "NVAX": [0.0, 0.07743335032558973], "OMED": [0.3816333333333333, 0.07743335032558973], "OMER": [0.3817333333333333, 0.07743335032558973], "ONCE": [-0.13300000000000003, 0.07743335032558973], "ONTY": [-0.1900571428571429, 0.07743335032558973], "ONXX": [0.23081333333333334, 0.07743335032558973], "OPHT": [-0.3612, 0.07743335032558973], "OPK": [0.09846666666666666, 0.07743335032558973], "OPTR": [0.34040000000000004, 0.07743335032558973], "OREX": [0.0319125, 0.07743335032558973], "OSIR": [-0.735, 0.07743335032558973], "OTIC": [-0.0772, 0.07743335032558973], "OVAS": [0.22693333333333332, 0.07743335032558973], "PANC": [0.0, 0.07743335032558973], "PCYC": [0.24085714285714288, 0.07743335032558973], "PTLA": [0.0, 0.07743335032558973], "PTX": [-0.1779, 0.07743335032558973], "QCOR": [0.28595, 0.07743335032558973], "RARE": [-0.10908571428571427, 0.07743335032558973], "REGN": [0.0, 0.07743335032558973], "RIGL": [0.3612, 0.07743335032558973], "RNAI": [0.0, 0.07743335032558973], "SAGE": [0.06305925925925926, 0.07743335032558973], "SCLN": [0.21603333333333333, 0.07743335032558973], "SCMP": [0.0, 0.07743335032558973], "SGEN": [0.19625555555555554, 0.07743335032558973], "SGYP": [0.13396666666666665, 0.07743335032558973], "SHPG": [-0.3328142857142858, 0.07743335032558973], "SIGA": [0.0, 0.07743335032558973], "SLXP": [0.0, 0.07743335032558973], "SNTA": [0.060200000000000004, 0.07743335032558973], "SNTS": [0.301, 0.07743335032558973], "SPPI": [0.07955, 0.07743335032558973], "SQNM": [0.09509999999999998, 0.07743335032558973], "SRPT": [0.10338055555555556, 0.07743335032558973], "STEM": [0.33030000000000004, 0.07743335032558973], "SUPN": [0.2831, 0.07743335032558973], "SVA": [-0.125, 0.07743335032558973], "TECH": [0.09932531645569621, 0.07743335032558973], "TELK": [-0.04623636363636363, 0.07743335032558973], "TEVA": [-0.1916857142857143, 0.07743335032558973], "THLD": [0.0, 0.07743335032558973], "THRX": [0.0, 0.07743335032558973], "TSRO": [0.255, 0.07743335032558973], "TSRX": [0.03869714285714283, 0.07743335032558973], "TTPH": [0.0, 0.07743335032558973], "USD": [-0.03471666666666665, 0.07743335032558973], "UTHR": [0.2235, 0.07743335032558973], "VICL": [0.3520625, 0.07743335032558973], "VNDA": [-0.12150408163265308, 0.07743335032558973], "VRTX": [0.2410818181818182, 0.07743335032558973], "VSTM": [0.0, 0.07743335032558973], "VTL": [0.0, 0.07743335032558973], "VVUS": [0.26685833333333336, 0.07743335032558973], "WCRX": [0.0, 0.07743335032558973], "ZLCS": [0.23071250000000001, 0.07743335032558973]}