{"ACAD": [0.0, 0.12631631130818896], "ACOR": [0.5859, 0.12631631130818896], "AGEN": [0.0, 0.12631631130818896], "ALKS": [-0.059199999999999996, 0.12631631130818896], "ALNY": [0.0, 0.12631631130818896], "ALTH": [0.41650666666666675, 0.12631631130818896], "ALXN": [0.5106, 0.12631631130818896], "AMGN": [0.0, 0.12631631130818896], "AMLN": [0.0, 0.12631631130818896], "AMRI": [0.0, 0.12631631130818896], "AMRN": [0.1069, 0.12631631130818896], "ANAC": [0.5859, 0.12631631130818896], "ANTH": [0.0, 0.12631631130818896], "ARNA": [0.02946666666666668, 0.12631631130818896], "ARQL": [0.0, 0.12631631130818896], "ARRY": [0.0, 0.12631631130818896], "ARWR": [0.0, 0.12631631130818896], "ASPX": [0.1460111111111111, 0.12631631130818896], "AST": [0.05332352941176471, 0.12631631130818896], "ATRA": [0.0, 0.12631631130818896], "AUXL": [0.6369, 0.12631631130818896], "AVEO": [0.0, 0.12631631130818896], "BIOD": [0.0, 0.12631631130818896], "BLUE": [0.12842, 0.12631631130818896], "BMRN": [0.0, 0.12631631130818896], "BPAX": [0.0, 0.12631631130818896], "CBST": [0.0, 0.12631631130818896], "CELG": [0.5106, 0.12631631130818896], "CEMP": [0.0, 0.12631631130818896], "CERS": [0.0, 0.12631631130818896], "CLDX": [0.1591, 0.12631631130818896], "CLVS": [0.5106, 0.12631631130818896], "CRA": [0.09106666666666667, 0.12631631130818896], "CYPB": [0.0, 0.12631631130818896], "DNDN": [0.0, 0.12631631130818896], "DVAX": [0.875, 0.12631631130818896], "ECYT": [0.12040000000000001, 0.12631631130818896], "EDIT": [-0.5574, 0.12631631130818896], "ENDP": [0.30512500000000004, 0.12631631130818896], "ENTA": [-0.2553, 0.12631631130818896], "ESPR": [0.0, 0.12631631130818896], "EXEL": [0.45042857142857134, 0.12631631130818896], "FACT": [0.24996666666666667, 0.12631631130818896], "FOLD": [0.2202, 0.12631631130818896], "FURX": [0.0, 0.12631631130818896], "GERN": [0.0, 0.12631631130818896], "GEVA": [0.0, 0.12631631130818896], "GILD": [0.2300125, 0.12631631130818896], "HALO": [0.0, 0.12631631130818896], "HGSI": [0.3328666666666667, 0.12631631130818896], "HZNP": [0.0, 0.12631631130818896], "ICY": [0.0, 0.12631631130818896], "IMGN": [0.0, 0.12631631130818896], "INCY": [0.0, 0.12631631130818896], "INFI": [0.0, 0.12631631130818896], "INGN": [0.4389, 0.12631631130818896], "INHX": [0.1027, 0.12631631130818896], "INO": [0.0, 0.12631631130818896], "IONS": [0.4215, 0.12631631130818896], "KERX": [0.5106, 0.12631631130818896], "LBIO": [0.0, 0.12631631130818896], "LIFE": [0.0, 0.12631631130818896], "LXRX": [0.0, 0.12631631130818896], "MACK": [0.0, 0.12631631130818896], "MAPP": [0.5106, 0.12631631130818896], "MAXY": [0.0, 0.12631631130818896], "MDCO": [0.40848000000000007, 0.12631631130818896], "MDVN": [-0.03423333333333333, 0.12631631130818896], "MEDI": [-0.017116666666666665, 0.12631631130818896], "MITI": [0.0, 0.12631631130818896], "MNK": [0.0, 0.12631631130818896], "MNKD": [0.0, 0.12631631130818896], "MNTA": [0.44039999999999996, 0.12631631130818896], "MYL": [0.38136000000000003, 0.12631631130818896], "NH": [0.1253, 0.12631631130818896], "NK": [0.3890230769230769, 0.12631631130818896], "NLNK": [0.5106, 0.12631631130818896], "NPSP": [0.5106, 0.12631631130818896], "NVAX": [0.0, 0.12631631130818896], "OMER": [-0.05135, 0.12631631130818896], "OMPI": [-0.1372, 0.12631631130818896], "ONCE": [0.35296666666666665, 0.12631631130818896], "ONTY": [0.4404, 0.12631631130818896], "ONXX": [0.0, 0.12631631130818896], "OPK": [0.0, 0.12631631130818896], "OREX": [0.0, 0.12631631130818896], "POZN": [0.0, 0.12631631130818896], "PTIE": [-0.5106, 0.12631631130818896], "PTX": [-0.2023, 0.12631631130818896], "RARE": [0.0, 0.12631631130818896], "REGN": [0.3650166666666667, 0.12631631130818896], "RIGL": [0.0, 0.12631631130818896], "SAGE": [0.30050999999999994, 0.12631631130818896], "SNTS": [0.0, 0.12631631130818896], "SPPI": [0.28984, 0.12631631130818896], "SQNM": [0.0, 0.12631631130818896], "SRPT": [0.29769999999999996, 0.12631631130818896], "STEM": [0.0, 0.12631631130818896], "TECH": [0.22031428571428568, 0.12631631130818896], "TEVA": [0.2800833333333333, 0.12631631130818896], "THLD": [0.0, 0.12631631130818896], "TSRX": [0.0, 0.12631631130818896], "USD": [0.049622480620155056, 0.12631631130818896], "VNDA": [-0.296, 0.12631631130818896], "VPHM": [0.3303, 0.12631631130818896], "VRNM": [0.0, 0.12631631130818896], "VRTX": [0.38, 0.12631631130818896], "VRUS": [0.0, 0.12631631130818896], "VVUS": [0.0, 0.12631631130818896], "XOMA": [0.0892, 0.12631631130818896], "ZGNX": [0.7405, 0.12631631130818896]}