{"ACAD": [0.1561625, 0.1077788868893464], "ACHN": [0.054349999999999996, 0.1077788868893464], "ACOR": [0.45752, 0.1077788868893464], "ACRX": [0.0, 0.1077788868893464], "ADHD": [0.07980000000000001, 0.1077788868893464], "AEGR": [-0.032888888888888884, 0.1077788868893464], "AFFX": [-0.020572727272727274, 0.1077788868893464], "AFFY": [-0.001043478260869565, 0.1077788868893464], "AGEN": [0.16996226415094343, 0.1077788868893464], "AGIO": [0.4002333333333334, 0.1077788868893464], "ALDR": [0.1779, 0.1077788868893464], "ALIM": [0.043292592592592584, 0.1077788868893464], "ALKS": [0.0, 0.1077788868893464], "ALNY": [0.13273333333333334, 0.1077788868893464], "ALTH": [0.12306060606060606, 0.1077788868893464], "ALXA": [0.06364, 0.1077788868893464], "ALXN": [0.1067896551724138, 0.1077788868893464], "AMGN": [0.09322352941176468, 0.1077788868893464], "AMRN": [0.06717194244604317, 0.1077788868893464], "ANAC": [0.4215, 0.1077788868893464], "ANDS": [0.16356, 0.1077788868893464], "ANIP": [0.3199875, 0.1077788868893464], "ARIA": [0.12293220338983052, 0.1077788868893464], "ARNA": [0.012633333333333333, 0.1077788868893464], "ARRY": [0.14229999999999998, 0.1077788868893464], "ARWR": [0.08575833333333333, 0.1077788868893464], "ASPX": [0.16331428571428572, 0.1077788868893464], "AST": [0.1578846153846154, 0.1077788868893464], "AUXL": [0.18525357142857143, 0.1077788868893464], "AVEO": [0.0526875, 0.1077788868893464], "AVNR": [0.36345, 0.1077788868893464], "AXCA": [0.3404, 0.1077788868893464], "BCRX": [0.029328205128205127, 0.1077788868893464], "BIIB": [0.17959538461538463, 0.1077788868893464], "BIOD": [0.39592, 0.1077788868893464], "BLUE": [0.08096470588235294, 0.1077788868893464], "BMRN": [0.19029285714285718, 0.1077788868893464], "BOLD": [0.4383, 0.1077788868893464], "BPAX": [0.0, 0.1077788868893464], "CADX": [0.43776666666666664, 0.1077788868893464], "CALP": [0.2202, 0.1077788868893464], "CCXI": [0.13885999999999998, 0.1077788868893464], "CELG": [0.05274878048780487, 0.1077788868893464], "CEMP": [0.16914285714285712, 0.1077788868893464], "CERS": [0.23679999999999998, 0.1077788868893464], "CGEN": [0.0, 0.1077788868893464], "CLDX": [-0.008550000000000002, 0.1077788868893464], "CLVS": [0.26133333333333336, 0.1077788868893464], "COLL": [0.0, 0.1077788868893464], "CRA": [0.06591333333333332, 0.1077788868893464], "CRIS": [0.4187666666666667, 0.1077788868893464], "CRME": [0.0, 0.1077788868893464], "CTIC": [0.08196380090497736, 0.1077788868893464], "CTRX": [0.0, 0.1077788868893464], "CYTK": [-0.5326500000000001, 0.1077788868893464], "CYTX": [0.0, 0.1077788868893464], "DEPO": [0.0, 0.1077788868893464], "DERM": [0.17, 0.1077788868893464], "DIGE": [0.0, 0.1077788868893464], "DNDN": [0.0, 0.1077788868893464], "DRNA": [-0.33662, 0.1077788868893464], "DRRX": [0.0, 0.1077788868893464], "DSCO": [0.0, 0.1077788868893464], "DVAX": [0.08623818181818182, 0.1077788868893464], "ECYT": [-0.12918571428571426, 0.1077788868893464], "EDIT": [0.47872000000000003, 0.1077788868893464], "EMIS": [0.0, 0.1077788868893464], "ENCY": [-0.21075, 0.1077788868893464], "ENDP": [0.15658048780487807, 0.1077788868893464], "ENTA": [0.25576296296296297, 0.1077788868893464], "ENZN": [0.0366875, 0.1077788868893464], "EPZM": [0.1806, 0.1077788868893464], "EXEL": [0.11688000000000001, 0.1077788868893464], "FACT": [0.0, 0.1077788868893464], "FLKS": [0.0, 0.1077788868893464], "FMI": [0.45879999999999993, 0.1077788868893464], "FOLD": [0.12394, 0.1077788868893464], "FURX": [0.0, 0.1077788868893464], "GERN": [0.13081857142857145, 0.1077788868893464], "GEVA": [-0.02145, 0.1077788868893464], "GHDX": [0.0, 0.1077788868893464], "GILD": [0.14847328244274807, 0.1077788868893464], "GNVC": [0.0, 0.1077788868893464], "GPRO": [0.3182, 0.1077788868893464], "GTXI": [0.041534782608695656, 0.1077788868893464], "GWPH": [0.12498000000000001, 0.1077788868893464], "HALO": [0.14088620689655174, 0.1077788868893464], "HITK": [0.0, 0.1077788868893464], "HZNP": [0.296, 0.1077788868893464], "ICEL": [0.3131833333333333, 0.1077788868893464], "ICPT": [0.11456236559139785, 0.1077788868893464], "ICY": [0.0, 0.1077788868893464], "IDIX": [0.019496875, 0.1077788868893464], "ILMN": [0.15565490196078435, 0.1077788868893464], "ILU": [0.09466666666666668, 0.1077788868893464], "IMGN": [0.4019, 0.1077788868893464], "IMMU": [0.100475, 0.1077788868893464], "INCR": [0.357775, 0.1077788868893464], "INCY": [-0.021084615384615382, 0.1077788868893464], "INFI": [0.104875, 0.1077788868893464], "INO": [0.07902452830188679, 0.1077788868893464], "INSM": [0.4588, 0.1077788868893464], "INSY": [0.148, 0.1077788868893464], "INVA": [0.3438, 0.1077788868893464], "IONS": [0.19047499999999998, 0.1077788868893464], "IPXL": [0.0, 0.1077788868893464], "IRWD": [0.06760434782608694, 0.1077788868893464], "ISIS": [0.0, 0.1077788868893464], "ISTA": [0.12075714285714285, 0.1077788868893464], "JAZZ": [0.08038181818181817, 0.1077788868893464], "KERX": [0.054776923076923084, 0.1077788868893464], "LBIO": [0.11899090909090909, 0.1077788868893464], "LGND": [0.0, 0.1077788868893464], "LIFE": [0.1679927272727273, 0.1077788868893464], "LMNX": [0.4215, 0.1077788868893464], "MACK": [0.0, 0.1077788868893464], "MAPP": [0.7222999999999999, 0.1077788868893464], "MDVN": [0.013569999999999999, 0.1077788868893464], "MEDI": [0.16783076923076928, 0.1077788868893464], "MNK": [0.1052227272727273, 0.1077788868893464], "MNKD": [0.1052227272727273, 0.1077788868893464], "MNOV": [0.15551666666666666, 0.1077788868893464], "MNTA": [-0.1806, 0.1077788868893464], "MRNA": [0.0516, 0.1077788868893464], "MYGN": [-0.423925, 0.1077788868893464], "MYL": [0.028682608695652173, 0.1077788868893464], "NABI": [0.6249, 0.1077788868893464], "NBIX": [0.11111, 0.1077788868893464], "NERV": [0.0516, 0.1077788868893464], "NH": [0.16088666666666668, 0.1077788868893464], "NK": [0.09394689655172413, 0.1077788868893464], "NKTR": [0.20354499999999995, 0.1077788868893464], "NLNK": [-0.007524999999999999, 0.1077788868893464], "NPSP": [0.047253333333333335, 0.1077788868893464], "NSTG": [0.255, 0.1077788868893464], "NVAX": [0.1312184210526316, 0.1077788868893464], "OMED": [0.20652500000000001, 0.1077788868893464], "OMER": [0.0038999999999999985, 0.1077788868893464], "OMPI": [-0.0258, 0.1077788868893464], "ONCE": [0.12726666666666667, 0.1077788868893464], "ONTX": [0.04965161290322581, 0.1077788868893464], "ONTY": [0.14002499999999998, 0.1077788868893464], "ONVO": [0.031500000000000014, 0.1077788868893464], "ONXX": [0.0, 0.1077788868893464], "OPK": [0.056830000000000006, 0.1077788868893464], "OREX": [0.0629533333333333, 0.1077788868893464], "OSCI": [0.19733333333333333, 0.1077788868893464], "OSIR": [0.7964, 0.1077788868893464], "OVAS": [0.0, 0.1077788868893464], "PACB": [0.023178947368421052, 0.1077788868893464], "PANC": [-0.36741999999999997, 0.1077788868893464], "PARD": [0.0, 0.1077788868893464], "PCYC": [0.2025, 0.1077788868893464], "PGNX": [0.0, 0.1077788868893464], "POZN": [0.0, 0.1077788868893464], "PRGO": [0.2023, 0.1077788868893464], "PTCT": [-0.11315000000000001, 0.1077788868893464], "QCOR": [0.07484375, 0.1077788868893464], "RARE": [0.105375, 0.1077788868893464], "RCPT": [-0.2732, 0.1077788868893464], "REGN": [0.2343375, 0.1077788868893464], "RGLS": [0.0, 0.1077788868893464], "RLYP": [0.0, 0.1077788868893464], "RNAI": [-0.6597, 0.1077788868893464], "SAGE": [0.23696, 0.1077788868893464], "SCMP": [0.0, 0.1077788868893464], "SGEN": [0.05067272727272727, 0.1077788868893464], "SGMO": [0.0, 0.1077788868893464], "SGYP": [0.14272, 0.1077788868893464], "SIGA": [0.0, 0.1077788868893464], "SLXP": [0.20901428571428568, 0.1077788868893464], "SNTA": [0.0, 0.1077788868893464], "SPPI": [0.2553, 0.1077788868893464], "SQNM": [0.042189473684210534, 0.1077788868893464], "SRPT": [0.09069067796610171, 0.1077788868893464], "STEM": [0.10053333333333332, 0.1077788868893464], "SUPN": [0.12575714285714285, 0.1077788868893464], "SVA": [0.4215, 0.1077788868893464], "SVNT": [0.4588, 0.1077788868893464], "TECH": [0.0931198630136986, 0.1077788868893464],