{"ACAD": [0.26115, 0.06554770004324091], "ACHN": [0.0, 0.06554770004324091], "ACOR": [0.0, 0.06554770004324091], "ACRX": [0.09531666666666666, 0.06554770004324091], "AFFY": [0.0, 0.06554770004324091], "AGEN": [0.376125, 0.06554770004324091], "ALKS": [0.027570588235294114, 0.06554770004324091], "ALTH": [0.18113333333333334, 0.06554770004324091], "ALXA": [0.19979999999999998, 0.06554770004324091], "ALXN": [0.09545, 0.06554770004324091], "AMAG": [0.0, 0.06554770004324091], "AMGN": [0.16515, 0.06554770004324091], "AMRN": [-0.006186400000000004, 0.06554770004324091], "ANAC": [-0.116225, 0.06554770004324091], "ANDS": [-0.317, 0.06554770004324091], "ANIP": [-0.296, 0.06554770004324091], "ANTH": [0.050575, 0.06554770004324091], "ARIA": [0.07638333333333332, 0.06554770004324091], "ARNA": [0.037987499999999993, 0.06554770004324091], "ARRY": [0.401, 0.06554770004324091], "ASPX": [0.10029772727272727, 0.06554770004324091], "AST": [0.03824326241134753, 0.06554770004324091], "ASTX": [0.0, 0.06554770004324091], "AVNR": [0.3544, 0.06554770004324091], "BCRX": [-0.05505, 0.06554770004324091], "BIIB": [0.33704, 0.06554770004324091], "BLUE": [0.12864444444444445, 0.06554770004324091], "BMRN": [0.0, 0.06554770004324091], "BOLD": [0.3818, 0.06554770004324091], "BPAX": [0.0, 0.06554770004324091], "CALP": [0.0, 0.06554770004324091], "CARA": [0.0, 0.06554770004324091], "CBRX": [0.0, 0.06554770004324091], "CBST": [0.0, 0.06554770004324091], "CELG": [-0.12260399999999999, 0.06554770004324091], "CLDX": [0.4171090909090909, 0.06554770004324091], "CLVS": [-0.35116153846153847, 0.06554770004324091], "COLL": [-0.04829999999999999, 0.06554770004324091], "CRA": [-0.0028599999999999884, 0.06554770004324091], "CRIS": [-0.2787, 0.06554770004324091], "CRME": [0.0, 0.06554770004324091], "CTRX": [0.10115, 0.06554770004324091], "CYTK": [0.4926, 0.06554770004324091], "DNAI": [0.0, 0.06554770004324091], "DRNA": [0.0, 0.06554770004324091], "DSCO": [0.4767, 0.06554770004324091], "DVAX": [0.11852045454545455, 0.06554770004324091], "DYAX": [0.3178, 0.06554770004324091], "ECYT": [0.0, 0.06554770004324091], "EDIT": [0.350125, 0.06554770004324091], "EMIS": [0.2936, 0.06554770004324091], "ENCY": [0.37612500000000004, 0.06554770004324091], "ENDP": [0.10115, 0.06554770004324091], "ENTA": [0.251675, 0.06554770004324091], "ENZN": [0.0, 0.06554770004324091], "EXEL": [0.12154166666666666, 0.06554770004324091], "FACT": [0.0, 0.06554770004324091], "FGEN": [0.0, 0.06554770004324091], "FLKS": [0.11315, 0.06554770004324091], "FOLD": [0.15595714285714288, 0.06554770004324091], "FURX": [0.0, 0.06554770004324091], "GERN": [-0.015315384615384611, 0.06554770004324091], "GILD": [0.05787068965517241, 0.06554770004324091], "HALO": [0.0, 0.06554770004324091], "HGSI": [-0.2202, 0.06554770004324091], "HZNP": [0.1136888888888889, 0.06554770004324091], "ICEL": [0.5115000000000001, 0.06554770004324091], "ICPT": [-0.5216, 0.06554770004324091], "ICY": [0.04251428571428571, 0.06554770004324091], "IDIX": [0.0, 0.06554770004324091], "ILMN": [0.0502375, 0.06554770004324091], "ILU": [0.6486, 0.06554770004324091], "IMMU": [0.0, 0.06554770004324091], "INCR": [0.35356666666666664, 0.06554770004324091], "INCY": [-0.05485714285714286, 0.06554770004324091], "INO": [-0.08652, 0.06554770004324091], "INSM": [0.0, 0.06554770004324091], "IONS": [0.09224117647058823, 0.06554770004324091], "IPXL": [0.036737500000000006, 0.06554770004324091], "ISIS": [0.06487499999999999, 0.06554770004324091], "ISTA": [0.12205714285714285, 0.06554770004324091], "ITMN": [0.1283, 0.06554770004324091], "LBIO": [0.13955714285714288, 0.06554770004324091], "LGND": [-0.3243, 0.06554770004324091], "LIFE": [0.159225, 0.06554770004324091], "LXRX": [0.0, 0.06554770004324091], "MACK": [0.12123333333333335, 0.06554770004324091], "MAPP": [0.0, 0.06554770004324091], "MDVN": [0.0, 0.06554770004324091], "MEDI": [0.0, 0.06554770004324091], "MRNA": [0.0, 0.06554770004324091], "MYGN": [0.08585555555555555, 0.06554770004324091], "MYL": [0.10771428571428572, 0.06554770004324091], "MYRX": [-0.3089, 0.06554770004324091], "NERV": [-0.1926, 0.06554770004324091], "NH": [-0.04636666666666667, 0.06554770004324091], "NK": [-0.007440983606557371, 0.06554770004324091], "NKTR": [-0.06069, 0.06554770004324091], "NLNK": [0.2648, 0.06554770004324091], "NOVN": [0.3953, 0.06554770004324091], "NPSP": [-0.1695, 0.06554770004324091], "OMED": [0.0, 0.06554770004324091], "OMER": [0.0, 0.06554770004324091], "ONCE": [0.21971666666666667, 0.06554770004324091], "ONTY": [0.25153333333333333, 0.06554770004324091], "ONVO": [0.12040000000000001, 0.06554770004324091], "ONXX": [0.005127272727272728, 0.06554770004324091], "OPK": [-0.705, 0.06554770004324091], "OREX": [-0.010962962962962963, 0.06554770004324091], "OSCI": [0.0, 0.06554770004324091], "OSIR": [0.10115, 0.06554770004324091], "PACB": [0.24458333333333335, 0.06554770004324091], "PANC": [-0.43979999999999997, 0.06554770004324091], "PCRX": [0.07543333333333334, 0.06554770004324091], "POZN": [0.159475, 0.06554770004324091], "QCOR": [0.13108571428571428, 0.06554770004324091], "RARE": [0.6518999999999999, 0.06554770004324091], "REGN": [0.009205555555555562, 0.06554770004324091], "RGLS": [-0.15445, 0.06554770004324091], "SAGE": [0.1631285714285714, 0.06554770004324091], "SCMP": [-0.18076666666666666, 0.06554770004324091], "SGEN": [0.0, 0.06554770004324091], "SGMO": [0.0, 0.06554770004324091], "SGNT": [0.128, 0.06554770004324091], "SGYP": [0.0423, 0.06554770004324091], "SHPG": [0.0, 0.06554770004324091], "SLXP": [0.0, 0.06554770004324091], "SNTA": [0.0, 0.06554770004324091], "SNTS": [0.0, 0.06554770004324091], "SPPI": [0.02545333333333333, 0.06554770004324091], "SRPT": [0.10077096774193549, 0.06554770004324091], "STEM": [0.127075, 0.06554770004324091], "SUPN": [0.0, 0.06554770004324091], "SVA": [0.4404, 0.06554770004324091], "TARO": [-0.0683, 0.06554770004324091], "TECH": [0.031610638297872334, 0.06554770004324091], "TEVA": [-0.03474146341463415, 0.06554770004324091], "THLD": [-0.18848571428571428, 0.06554770004324091], "THRX": [0.3612, 0.06554770004324091], "TRGT": [0.2083, 0.06554770004324091], "TSRX": [0.0, 0.06554770004324091], "USD": [0.05779253731343284, 0.06554770004324091], "UTHR": [0.0, 0.06554770004324091], "VICL": [0.0, 0.06554770004324091], "VNDA": [0.0, 0.06554770004324091], "VPHM": [0.204575, 0.06554770004324091], "VRTX": [-0.02981666666666667, 0.06554770004324091], "VRUS": [0.0, 0.06554770004324091], "VVUS": [0.16365999999999997, 0.06554770004324091], "WCRX": [0.1714, 0.06554770004324091], "XNPT": [0.26330000000000003, 0.06554770004324091], "XOMA": [0.3818, 0.06554770004324091], "ZGNX": [-0.027485714285714297, 0.06554770004324091], "ZLCS": [0.2050114754098361, 0.06554770004324091]}