{"AAVL": [-0.2023, 0.11716756649374531], "ACAD": [0.17857142857142858, 0.11716756649374531], "ACOR": [0.0, 0.11716756649374531], "ADHD": [0.0, 0.11716756649374531], "ADMS": [0.22384999999999997, 0.11716756649374531], "ADRO": [-0.6369, 0.11716756649374531], "ADVM": [-0.2023, 0.11716756649374531], "AERI": [0.39775, 0.11716756649374531], "AGEN": [0.05103333333333334, 0.11716756649374531], "AGIO": [0.13142857142857145, 0.11716756649374531], "AIMT": [-0.2207333333333334, 0.11716756649374531], "AKRX": [0.44715000000000005, 0.11716756649374531], "ALDR": [0.296, 0.11716756649374531], "ALKS": [0.1901, 0.11716756649374531], "ALNY": [-0.5994, 0.11716756649374531], "ALTH": [0.1330625, 0.11716756649374531], "ALXN": [0.0838125, 0.11716756649374531], "AMGN": [0.16804399999999997, 0.11716756649374531], "AMPH": [0.0, 0.11716756649374531], "AMRN": [0.0, 0.11716756649374531], "ANDS": [0.5303333333333334, 0.11716756649374531], "ANPI": [0.0, 0.11716756649374531], "ANTH": [0.3996, 0.11716756649374531], "ARDX": [0.28004285714285715, 0.11716756649374531], "ARIA": [0.16081, 0.11716756649374531], "ARNA": [-0.6908, 0.11716756649374531], "ARQL": [-0.27115, 0.11716756649374531], "ARRY": [0.34, 0.11716756649374531], "ARWR": [-0.4215, 0.11716756649374531], "ASPX": [0.1292388888888889, 0.11716756649374531], "AST": [0.19980624999999996, 0.11716756649374531], "ASTX": [0.0, 0.11716756649374531], "AVXS": [0.028500000000000008, 0.11716756649374531], "BCRX": [0.11839999999999999, 0.11716756649374531], "BGNE": [0.0, 0.11716756649374531], "BIIB": [0.3186444444444445, 0.11716756649374531], "BIOD": [0.6996, 0.11716756649374531], "BLUE": [0.11874444444444444, 0.11716756649374531], "BMRN": [0.0, 0.11716756649374531], "CARA": [0.17807500000000004, 0.11716756649374531], "CASC": [0.0, 0.11716756649374531], "CBPO": [0.0, 0.11716756649374531], "CELG": [0.25432727272727274, 0.11716756649374531], "CEMP": [0.039028571428571426, 0.11716756649374531], "CERS": [0.0, 0.11716756649374531], "CHRS": [0.6642, 0.11716756649374531], "CLDN": [0.3802, 0.11716756649374531], "CLDX": [0.0, 0.11716756649374531], "CLVS": [0.06656842105263158, 0.11716756649374531], "COLL": [0.6996, 0.11716756649374531], "CRA": [-0.5746, 0.11716756649374531], "CRIS": [0.0, 0.11716756649374531], "CXRX": [0.1366, 0.11716756649374531], "CYTX": [0.296, 0.11716756649374531], "DBVT": [-0.1366, 0.11716756649374531], "DEPO": [-0.17731666666666668, 0.11716756649374531], "DERM": [-0.2732, 0.11716756649374531], "DRNA": [0.2746, 0.11716756649374531], "DRRX": [0.0, 0.11716756649374531], "DVAX": [0.2732, 0.11716756649374531], "ECYT": [0.0, 0.11716756649374531], "EDIT": [0.05305833333333334, 0.11716756649374531], "EGRX": [0.08785, 0.11716756649374531], "ENCY": [0.11185, 0.11716756649374531], "ENDP": [0.3251, 0.11716756649374531], "ENTA": [0.25433124999999995, 0.11716756649374531], "EPZM": [0.2549142857142857, 0.11716756649374531], "ESPR": [0.0, 0.11716756649374531], "EXEL": [0.049333333333333326, 0.11716756649374531], "FGEN": [0.0, 0.11716756649374531], "FLXN": [0.5719, 0.11716756649374531], "FMI": [0.2202, 0.11716756649374531], "FOLD": [-0.015337500000000004, 0.11716756649374531], "FOMX": [0.0, 0.11716756649374531], "GBT": [0.19901428571428573, 0.11716756649374531], "GEVA": [0.31845, 0.11716756649374531], "GILD": [0.02249629629629629, 0.11716756649374531], "GPRO": [0.21041875000000004, 0.11716756649374531], "GRFS": [0.07555, 0.11716756649374531], "GTXI": [-0.2023, 0.11716756649374531], "GWPH": [0.07189285714285713, 0.11716756649374531], "HALO": [0.34273999999999993, 0.11716756649374531], "HZNP": [0.0, 0.11716756649374531], "ICPT": [-0.03933333333333333, 0.11716756649374531], "ICY": [0.0, 0.11716756649374531], "ILMN": [0.0, 0.11716756649374531], "ILU": [-0.0772, 0.11716756649374531], "IMGN": [0.0, 0.11716756649374531], "IMMU": [-0.16324545454545458, 0.11716756649374531], "INCR": [0.1818166666666667, 0.11716756649374531], "INCY": [0.20841470588235295, 0.11716756649374531], "INFI": [-0.17556666666666665, 0.11716756649374531], "INO": [0.1147, 0.11716756649374531], "INSY": [0.0, 0.11716756649374531], "INVA": [0.6652, 0.11716756649374531], "IONS": [0.16119387755102044, 0.11716756649374531], "IRWD": [0.08927142857142857, 0.11716756649374531], "ISIS": [0.3612, 0.11716756649374531], "ISPH": [0.13074285714285713, 0.11716756649374531], "ISTA": [0.02063333333333332, 0.11716756649374531], "ITCI": [0.296, 0.11716756649374531], "ITEK": [-0.4404, 0.11716756649374531], "JAZZ": [0.296, 0.11716756649374531], "JUNO": [0.5353666666666667, 0.11716756649374531], "KERX": [0.0, 0.11716756649374531], "KITE": [0.08900000000000001, 0.11716756649374531], "KPTI": [0.684525, 0.11716756649374531], "LBIO": [0.4021342857142857, 0.11716756649374531], "LGND": [0.11839999999999999, 0.11716756649374531], "LIFE": [0.24080000000000001, 0.11716756649374531], "MACK": [-0.10212000000000002, 0.11716756649374531], "MAPP": [0.7339, 0.11716756649374531], "MDCO": [-0.5994, 0.11716756649374531], "MEDI": [0.2544, 0.11716756649374531], "MGNX": [0.2781, 0.11716756649374531], "MNK": [0.012728571428571438, 0.11716756649374531], "MNKD": [0.0, 0.11716756649374531], "MNTA": [-0.0817, 0.11716756649374531], "MYGN": [0.3021333333333333, 0.11716756649374531], "MYL": [-0.0055312500000000014, 0.11716756649374531], "NABI": [0.0, 0.11716756649374531], "NBIX": [0.26802499999999996, 0.11716756649374531], "NDRM": [0.02933333333333334, 0.11716756649374531], "NEOS": [0.41548000000000007, 0.11716756649374531], "NH": [0.03666000000000001, 0.11716756649374531], "NK": [0.08646341463414635, 0.11716756649374531], "NKTR": [0.0, 0.11716756649374531], "NLNK": [0.0, 0.11716756649374531], "NOVN": [0.28595, 0.11716756649374531], "NTLA": [-0.1909, 0.11716756649374531], "NVAX": [0.12040000000000001, 0.11716756649374531], "OCUL": [0.0683, 0.11716756649374531], "OMED": [0.054542857142857136, 0.11716756649374531], "OMER": [0.12631666666666666, 0.11716756649374531], "ONCE": [0.0, 0.11716756649374531], "ONVO": [0.0, 0.11716756649374531], "ONXX": [0.529725, 0.11716756649374531], "OPHT": [0.2732, 0.11716756649374531], "OPK": [-0.32985, 0.11716756649374531], "OREX": [0.01998333333333333, 0.11716756649374531], "OSCI": [0.08665454545454546, 0.11716756649374531], "OTIC": [0.6597, 0.11716756649374531], "PACB": [0.7767, 0.11716756649374531], "PCRX": [0.2787, 0.11716756649374531], "PETX": [0.0, 0.11716756649374531], "PGNX": [0.0, 0.11716756649374531], "PRAH": [0.0, 0.11716756649374531], "PRGO": [0.13624285714285714, 0.11716756649374531], "PRTA": [0.0, 0.11716756649374531], "PTCT": [0.2732, 0.11716756649374531], "PTIE": [0.0, 0.11716756649374531], "PTLA": [0.25, 0.11716756649374531], "QGEN": [0.6124, 0.11716756649374531], "QURE": [0.0, 0.11716756649374531], "RARE": [0.0, 0.11716756649374531], "RDEA": [0.0, 0.11716756649374531], "RDUS": [0.2023, 0.11716756649374531], "REGN": [0.550575, 0.11716756649374531], "RGLS": [0.15415, 0.11716756649374531], "RGNX": [0.0, 0.11716756649374531], "RTRX": [0.0, 0.11716756649374531], "SAGE": [0.22393333333333332, 0.11716756649374531], "SCLN": [0.296, 0.11716756649374531], "SCMP": [-0.008633333333333345, 0.11716756649374531], "SGEN": [0.12726666666666667, 0.11716756649374531], "SGMO": [0.0, 0.11716756649374531], "SGYP": [0.2621892857142857, 0.11716756649374531], "SHPG": [0.209125, 0.11716756649374531], "SRPT": [0.06835, 0.11716756649374531], "STEM": [0.08840909090909091, 0.11716756649374531], "SVA": [0.4588, 0.11716756649374531], "TARO": [0.33290000000000003, 0.11716756649374531], "TBPH": [0.12268571428571429, 0.11716756649374531], "TECH": [0.16093281249999997, 0.11716756649374531], "TEVA": [0.08581034482758622, 0.11716756649374531], "THLD": [0.11333333333333334, 0.11716756649374531], "THRX": [0.12268571428571429, 0.11716756649374531], "TLGT": [0.0, 0.11716756649374531], "TSRO": [-0.017494999999999993, 0.11716756649374531], "TTPH": [0.0, 0.11716756649374531], "USD": [0.11829583333333334, 0.11716756649374531], "UTHR": [0.5858333333333333, 0.11716756649374531], "VICL": [0.0, 0.11716756649374531],