{"ACAD": [0.09962222222222218, 0.14441338393001207], "ACHN": [0.062208163265306114, 0.14441338393001207], "ACOR": [0.08457142857142856, 0.14441338393001207], "ACRX": [0.07315, 0.14441338393001207], "ADHD": [0.12595357142857141, 0.14441338393001207], "ADMS": [0.0, 0.14441338393001207], "AEGR": [0.21675, 0.14441338393001207], "AERI": [0.0, 0.14441338393001207], "AFFX": [0.21945, 0.14441338393001207], "AFFY": [0.0627, 0.14441338393001207], "AGEN": [0.0238625, 0.14441338393001207], "AGIO": [0.11932524271844658, 0.14441338393001207], "AKBA": [-0.015578947368421052, 0.14441338393001207], "AKRX": [0.14597142857142859, 0.14441338393001207], "ALIM": [0.20043636363636363, 0.14441338393001207], "ALKS": [0.10169411764705882, 0.14441338393001207], "ALNY": [0.08499210526315788, 0.14441338393001207], "ALTH": [0.19768085106382977, 0.14441338393001207], "ALXA": [0.5087846153846154, 0.14441338393001207], "ALXN": [0.20817000000000002, 0.14441338393001207], "AMAG": [0.5048, 0.14441338393001207], "AMGN": [0.2956, 0.14441338393001207], "AMRI": [0.10284444444444445, 0.14441338393001207], "AMRN": [0.043404255319148946, 0.14441338393001207], "ANAC": [0.15975000000000003, 0.14441338393001207], "ANDS": [0.357525, 0.14441338393001207], "ANIP": [0.4321058823529412, 0.14441338393001207], "ANTH": [-0.042830769230769235, 0.14441338393001207], "AQXP": [0.0, 0.14441338393001207], "ARIA": [0.139825, 0.14441338393001207], "ARNA": [0.18560967741935483, 0.14441338393001207], "ARQL": [0.2888, 0.14441338393001207], "ARRY": [0.36701428571428574, 0.14441338393001207], "ARWR": [0.08356119402985072, 0.14441338393001207], "ASPX": [0.058557142857142856, 0.14441338393001207], "AST": [0.2593443548387095, 0.14441338393001207], "ASTX": [0.4389, 0.14441338393001207], "ATRA": [0.23765, 0.14441338393001207], "AUXL": [0.04300643939393941, 0.14441338393001207], "AVEO": [0.36212500000000003, 0.14441338393001207], "AVNR": [0.06862763157894738, 0.14441338393001207], "AXCA": [0.5776, 0.14441338393001207], "BCRX": [0.04595454545454546, 0.14441338393001207], "BIIB": [0.0754, 0.14441338393001207], "BIOD": [0.0, 0.14441338393001207], "BLUE": [0.10306410256410256, 0.14441338393001207], "BMRN": [0.06021428571428571, 0.14441338393001207], "CADX": [0.4784, 0.14441338393001207], "CALP": [0.5980333333333333, 0.14441338393001207], "CARA": [-0.037195652173913046, 0.14441338393001207], "CASC": [0.0772, 0.14441338393001207], "CBPO": [0.24666666666666667, 0.14441338393001207], "CBRX": [0.0, 0.14441338393001207], "CBST": [0.100475, 0.14441338393001207], "CCXI": [0.2524, 0.14441338393001207], "CELG": [0.10820000000000002, 0.14441338393001207], "CEMP": [0.1472375, 0.14441338393001207], "CEPH": [-0.0035500000000000015, 0.14441338393001207], "CERS": [0.12887142857142858, 0.14441338393001207], "CGEN": [0.0, 0.14441338393001207], "CHMA": [0.0, 0.14441338393001207], "CLDN": [0.0, 0.14441338393001207], "CLDX": [0.2470875, 0.14441338393001207], "CLVS": [0.12264285714285715, 0.14441338393001207], "CMRX": [0.6996, 0.14441338393001207], "CNCE": [0.06176249999999999, 0.14441338393001207], "CNCT": [0.0, 0.14441338393001207], "COLL": [0.23964, 0.14441338393001207], "CRA": [0.051192499999999995, 0.14441338393001207], "CRIS": [-0.09565, 0.14441338393001207], "CRME": [0.1262, 0.14441338393001207], "CTIC": [0.084492, 0.14441338393001207], "CTRX": [0.4157666666666667, 0.14441338393001207], "CYTK": [0.0, 0.14441338393001207], "CYTX": [0.2023, 0.14441338393001207], "DEPO": [0.31190666666666667, 0.14441338393001207], "DERM": [0.0, 0.14441338393001207], "DRNA": [0.0, 0.14441338393001207], "DSCO": [0.20095, 0.14441338393001207], "DVAX": [0.4019, 0.14441338393001207], "DYAX": [0.33653333333333335, 0.14441338393001207], "ECYT": [0.35240476190476194, 0.14441338393001207], "EDIT": [0.042899999999999994, 0.14441338393001207], "EGRX": [-0.17242000000000002, 0.14441338393001207], "EMIS": [0.0, 0.14441338393001207], "ENCY": [-0.09545, 0.14441338393001207], "ENDP": [0.03925698924731185, 0.14441338393001207], "ENTA": [0.10174871794871795, 0.14441338393001207], "ENZN": [0.053818181818181814, 0.14441338393001207], "EPZM": [0.3841, 0.14441338393001207], "ESPR": [0.0, 0.14441338393001207], "EXEL": [0.24257241379310343, 0.14441338393001207], "FACT": [0.41169999999999995, 0.14441338393001207], "FGEN": [0.0, 0.14441338393001207], "FLKS": [0.028199999999999996, 0.14441338393001207], "FLML": [0.0, 0.14441338393001207], "FLXN": [-0.014274999999999998, 0.14441338393001207], "FMI": [0.296, 0.14441338393001207], "FOLD": [0.101304, 0.14441338393001207], "FOMX": [0.04019, 0.14441338393001207], "FPRX": [0.20714285714285716, 0.14441338393001207], "FURX": [0.0386, 0.14441338393001207], "GBT": [0.0, 0.14441338393001207], "GENZ": [0.0, 0.14441338393001207], "GERN": [0.0, 0.14441338393001207], "GEVA": [0.5048, 0.14441338393001207], "GHDX": [0.0, 0.14441338393001207], "GILD": [-0.04657121212121211, 0.14441338393001207], "GNVC": [0.33653333333333335, 0.14441338393001207], "GPRO": [0.08894578313253014, 0.14441338393001207], "GRFS": [0.3818, 0.14441338393001207], "GTXI": [0.29456000000000004, 0.14441338393001207], "GWPH": [0.008043749999999999, 0.14441338393001207], "HALO": [0.07865643564356434, 0.14441338393001207], "HPTX": [0.0, 0.14441338393001207], "HZNP": [0.18203999999999995, 0.14441338393001207], "ICEL": [0.4404, 0.14441338393001207], "ICPT": [0.06524, 0.14441338393001207], "ICY": [0.0, 0.14441338393001207], "ILMN": [0.07431874999999999, 0.14441338393001207], "ILU": [-0.11737142857142857, 0.14441338393001207], "IMGN": [0.0, 0.14441338393001207], "IMMU": [0.12241333333333333, 0.14441338393001207], "INCR": [0.34198000000000006, 0.14441338393001207], "INCY": [0.02493846153846154, 0.14441338393001207], "INFI": [0.36745, 0.14441338393001207], "INGN": [-0.32985, 0.14441338393001207], "INO": [0.08919090909090908, 0.14441338393001207], "INSY": [0.4115857142857143, 0.14441338393001207], "IONS": [0.09829753086419755, 0.14441338393001207], "IPXL": [0.21555000000000002, 0.14441338393001207], "IRWD": [0.40306666666666663, 0.14441338393001207], "ISIS": [0.07363924050632913, 0.14441338393001207], "ISTA": [0.10216363636363637, 0.14441338393001207], "ITCI": [0.4404, 0.14441338393001207], "ITMN": [0.23536, 0.14441338393001207], "JAZZ": [0.08038, 0.14441338393001207], "KERX": [0.32225882352941176, 0.14441338393001207], "KITE": [0.0, 0.14441338393001207], "KPTI": [-0.04046, 0.14441338393001207], "KYTH": [0.0, 0.14441338393001207], "LBIO": [0.12652558139534886, 0.14441338393001207], "LGND": [0.2414166666666667, 0.14441338393001207], "LIFE": [0.28725999999999996, 0.14441338393001207], "LMNX": [0.2787, 0.14441338393001207], "LXRX": [0.0, 0.14441338393001207], "MACK": [0.02752692307692308, 0.14441338393001207], "MAPP": [0.08486666666666669, 0.14441338393001207], "MDCO": [0.1032, 0.14441338393001207], "MDVN": [-0.000624999999999995, 0.14441338393001207], "MEDI": [0.28438911070780504, 0.14441338393001207], "MNK": [0.05797090909090909, 0.14441338393001207], "MNKD": [0.054863999999999996, 0.14441338393001207], "MNTA": [0.045457142857142856, 0.14441338393001207], "MRNA": [0.2619363636363636, 0.14441338393001207], "MYGN": [0.0548625, 0.14441338393001207], "MYL": [0.04691111111111112, 0.14441338393001207], "MYRX": [0.4019, 0.14441338393001207], "NABI": [0.0086, 0.14441338393001207], "NBIX": [0.2526857142857143, 0.14441338393001207], "NEOS": [0.072, 0.14441338393001207], "NERV": [0.27749999999999997, 0.14441338393001207], "NH": [0.0025052631578947357, 0.14441338393001207], "NK": [0.1203621468926554, 0.14441338393001207], "NKTR": [0.32076875000000005, 0.14441338393001207], "NLNK": [-0.0386, 0.14441338393001207], "NOVN": [0.6249, 0.14441338393001207], "NPSP": [0.29824117647058823, 0.14441338393001207], "NVAX": [0.29642500000000005, 0.14441338393001207], "OMED": [0.31349444444444446, 0.14441338393001207], "OMER": [0.27458571428571427, 0.14441338393001207], "ONCE": [-0.10149230769230769, 0.14441338393001207], "ONTY": [0.03210555555555556, 0.14441338393001207],