{"CLDN": [0.0, 0.05135], "GILD": [0.1027, 0.05135], "ISTA": [0.0, 0.05135], "TEVA": [0.1027, 0.05135]}