{"AAVL": [0.0021333333333333343, 0.13179301073627261], "ACAD": [0.07813611111111113, 0.13179301073627261], "ACHN": [0.39973749999999997, 0.13179301073627261], "ACOR": [0.0683076923076923, 0.13179301073627261], "ACRX": [-0.103825, 0.13179301073627261], "ADMS": [0.11773333333333331, 0.13179301073627261], "ADRO": [0.09866666666666667, 0.13179301073627261], "AEGR": [0.30777499999999997, 0.13179301073627261], "AERI": [0.0, 0.13179301073627261], "AFFX": [0.14776470588235296, 0.13179301073627261], "AFFY": [0.14558571428571426, 0.13179301073627261], "AFMD": [0.08772500000000003, 0.13179301073627261], "AGEN": [0.010649999999999993, 0.13179301073627261], "AGIO": [0.20022058823529415, 0.13179301073627261], "AGIX": [0.0, 0.13179301073627261], "AGTC": [0.21213333333333334, 0.13179301073627261], "AKBA": [0.19200000000000003, 0.13179301073627261], "AKRX": [-0.05542666666666666, 0.13179301073627261], "ALDR": [0.12385454545454545, 0.13179301073627261], "ALIM": [0.23923333333333333, 0.13179301073627261], "ALKS": [0.05012777777777777, 0.13179301073627261], "ALNY": [0.15295, 0.13179301073627261], "ALTH": [0.13670000000000002, 0.13179301073627261], "ALTU": [0.7177, 0.13179301073627261], "ALXA": [0.025733333333333334, 0.13179301073627261], "ALXN": [0.18725849056603777, 0.13179301073627261], "AMAG": [0.43124, 0.13179301073627261], "AMGN": [0.18828187499999993, 0.13179301073627261], "AMRI": [0.4019, 0.13179301073627261], "AMRN": [0.15037500000000004, 0.13179301073627261], "ANAC": [0.05951935483870966, 0.13179301073627261], "ANDS": [-0.021333333333333333, 0.13179301073627261], "ANIP": [0.005699999999999997, 0.13179301073627261], "ANTH": [-0.029599999999999998, 0.13179301073627261], "AQXP": [-0.021912499999999998, 0.13179301073627261], "ARDX": [-0.19733333333333333, 0.13179301073627261], "ARIA": [0.13012500000000002, 0.13179301073627261], "ARNA": [0.2151392857142857, 0.13179301073627261], "ARQL": [0.0, 0.13179301073627261], "ARRY": [-0.10702500000000001, 0.13179301073627261], "ARWR": [0.01653125000000001, 0.13179301073627261], "ASPX": [0.047466666666666664, 0.13179301073627261], "AST": [0.036565986394557826, 0.13179301073627261], "ASTX": [0.0, 0.13179301073627261], "ATRA": [0.16419999999999998, 0.13179301073627261], "AVEO": [0.1594888888888889, 0.13179301073627261], "AVNR": [0.0, 0.13179301073627261], "BCRX": [0.028366666666666675, 0.13179301073627261], "BGNE": [0.0, 0.13179301073627261], "BIIB": [0.23188958333333334, 0.13179301073627261], "BIOD": [0.21695454545454548, 0.13179301073627261], "BJGP": [0.4404, 0.13179301073627261], "BLCM": [0.0022392857142857214, 0.13179301073627261], "BLUE": [0.15333636363636358, 0.13179301073627261], "BMRN": [0.07653855421686745, 0.13179301073627261], "BPMC": [-0.06743333333333333, 0.13179301073627261], "BSTE": [0.765, 0.13179301073627261], "CADX": [0.44303333333333333, 0.13179301073627261], "CALP": [0.20573846153846154, 0.13179301073627261], "CARA": [0.15302222222222223, 0.13179301073627261], "CBPO": [-0.5267, 0.13179301073627261], "CCXI": [0.23923333333333333, 0.13179301073627261], "CELG": [0.1703914089347078, 0.13179301073627261], "CEMP": [0.08922000000000002, 0.13179301073627261], "CEPH": [-0.5106, 0.13179301073627261], "CERS": [0.05813, 0.13179301073627261], "CGEN": [0.029599999999999998, 0.13179301073627261], "CHMA": [-0.2023, 0.13179301073627261], "CHRS": [0.34584, 0.13179301073627261], "CLDN": [0.32301250000000004, 0.13179301073627261], "CLDX": [0.11526117647058824, 0.13179301073627261], "CLVS": [0.1926068965517242, 0.13179301073627261], "CMRX": [0.16673333333333337, 0.13179301073627261], "CNCE": [0.0, 0.13179301073627261], "CNCT": [-0.3612, 0.13179301073627261], "COLL": [0.038842857142857116, 0.13179301073627261], "CRA": [0.013490476190476185, 0.13179301073627261], "CRIS": [0.0, 0.13179301073627261], "CRME": [0.27085, 0.13179301073627261], "CTIC": [0.24584166666666665, 0.13179301073627261], "CTRX": [0.3206666666666667, 0.13179301073627261], "CYTK": [0.1858, 0.13179301073627261], "CYTX": [0.24559999999999996, 0.13179301073627261], "DBVT": [-0.10846, 0.13179301073627261], "DEPO": [0.20979705882352948, 0.13179301073627261], "DERM": [0.0, 0.13179301073627261], "DIGE": [0.2732, 0.13179301073627261], "DNAI": [0.22199999999999998, 0.13179301073627261], "DRNA": [0.1799666666666667, 0.13179301073627261], "DRRX": [0.0, 0.13179301073627261], "DVAX": [0.1036723404255319, 0.13179301073627261], "DYAX": [0.035919047619047614, 0.13179301073627261], "ECYT": [0.1530787878787879, 0.13179301073627261], "EDIT": [0.37784907975460025, 0.13179301073627261], "EGRX": [0.16062500000000002, 0.13179301073627261], "ENCY": [0.26502857142857145, 0.13179301073627261], "ENDP": [0.18818148148148148, 0.13179301073627261], "ENTA": [0.17949000000000004, 0.13179301073627261], "ENZN": [0.19063333333333332, 0.13179301073627261], "EPZM": [0.027188888888888887, 0.13179301073627261], "ESPR": [0.1769521739130435, 0.13179301073627261], "EXEL": [0.16136923076923076, 0.13179301073627261], "FACT": [0.10355909090909092, 0.13179301073627261], "FGEN": [0.18831379310344823, 0.13179301073627261], "FLKS": [-0.08533333333333333, 0.13179301073627261], "FLML": [0.19733333333333333, 0.13179301073627261], "FLXN": [-0.128, 0.13179301073627261], "FMI": [-0.09424000000000002, 0.13179301073627261], "FOLD": [0.07756666666666666, 0.13179301073627261], "FOMX": [0.0, 0.13179301073627261], "FPRX": [0.15933030303030304, 0.13179301073627261], "GBT": [0.0, 0.13179301073627261], "GERN": [0.2955777777777777, 0.13179301073627261], "GEVA": [0.19351428571428572, 0.13179301073627261], "GHDX": [0.032888888888888884, 0.13179301073627261], "GILD": [0.1267557522123893, 0.13179301073627261], "GNVC": [0.11988235294117645, 0.13179301073627261], "GPRO": [0.021079213483146054, 0.13179301073627261], "GRFS": [0.0, 0.13179301073627261], "GTXI": [0.13656363636363636, 0.13179301073627261], "GWPH": [0.4926, 0.13179301073627261], "HALO": [0.2390272727272727, 0.13179301073627261], "HBIO": [-0.2263, 0.13179301073627261], "HZNP": [0.1655815789473684, 0.13179301073627261], "ICEL": [0.58195, 0.13179301073627261], "ICPT": [0.13946923076923076, 0.13179301073627261], "ICY": [0.0, 0.13179301073627261], "IDIX": [0.0, 0.13179301073627261], "ILMN": [-0.02084642857142857, 0.13179301073627261], "ILU": [-0.060255555555555555, 0.13179301073627261], "IMDZ": [0.09106666666666667, 0.13179301073627261], "IMGN": [0.0909857142857143, 0.13179301073627261], "IMMU": [0.0, 0.13179301073627261], "INCR": [0.5049223880597017, 0.13179301073627261], "INCY": [0.13529531250000001, 0.13179301073627261], "INFI": [0.30679166666666663, 0.13179301073627261], "INGN": [0.7772, 0.13179301073627261], "INO": [0.15160769230769233, 0.13179301073627261], "INSY": [0.22216428571428573, 0.13179301073627261], "IONS": [0.12859352517985603, 0.13179301073627261], "IPXL": [0.27048333333333335, 0.13179301073627261], "IRWD": [0.10115, 0.13179301073627261], "ISIS": [0.5598, 0.13179301073627261], "ISPH": [0.0, 0.13179301073627261], "ISTA": [0.0, 0.13179301073627261], "ITCI": [0.033716666666666666, 0.13179301073627261], "ITEK": [0.0772, 0.13179301073627261], "ITMN": [0.0, 0.13179301073627261], "JAZZ": [0.13466250000000002, 0.13179301073627261], "JUNO": [0.1851106382978724, 0.13179301073627261], "KERX": [0.3331333333333334, 0.13179301073627261], "KITE": [0.0761298245614035, 0.13179301073627261], "KMPH": [0.0, 0.13179301073627261], "KPTI": [0.019235714285714283, 0.13179301073627261], "KYTH": [0.6588, 0.13179301073627261], "LBIO": [0.042968992248062034, 0.13179301073627261], "LGND": [0.012908333333333332, 0.13179301073627261], "LIFE": [0.17533200000000004, 0.13179301073627261], "LMNX": [0.074, 0.13179301073627261], "LOXO": [0.007136363636363638, 0.13179301073627261], "LXRX": [0.05, 0.13179301073627261], "MACK": [0.017032000000000012, 0.13179301073627261], "MCRB": [0.128, 0.13179301073627261], "MDCO": [0.10923424657534249, 0.13179301073627261], "MDVN": [0.14156470588235295, 0.13179301073627261], "MEDI": [0.10612260869565214, 0.13179301073627261], "MGNX": [-0.296, 0.13179301073627261],