{"ACAD": [0.6369, 0.11344728864480894], "ACHN": [-0.07543333333333334, 0.11344728864480894], "ADHD": [0.10115, 0.11344728864480894], "AEGR": [0.5090600000000001, 0.11344728864480894], "AFFX": [0.20095, 0.11344728864480894], "AFFY": [0.19081666666666666, 0.11344728864480894], "AGEN": [0.14049999999999999, 0.11344728864480894], "AGIO": [0.6369, 0.11344728864480894], "ALIM": [0.0977, 0.11344728864480894], "ALKS": [0.296, 0.11344728864480894], "ALNY": [-0.015369999999999995, 0.11344728864480894], "ALTH": [0.03297692307692308, 0.11344728864480894], "ALXN": [0.0, 0.11344728864480894], "AMAG": [-0.0903, 0.11344728864480894], "AMGN": [0.06743333333333333, 0.11344728864480894], "AMRN": [0.039, 0.11344728864480894], "ANAC": [0.07543333333333334, 0.11344728864480894], "ANIP": [-0.51915, 0.11344728864480894], "ARIA": [0.17112222222222223, 0.11344728864480894], "ARNA": [0.28219999999999995, 0.11344728864480894], "ARQL": [-0.0903, 0.11344728864480894], "ARRY": [0.2023, 0.11344728864480894], "ARWR": [0.0, 0.11344728864480894], "ASPX": [0.21857142857142858, 0.11344728864480894], "AST": [0.1181, 0.11344728864480894], "ASTX": [0.2023, 0.11344728864480894], "AUXL": [0.4088, 0.11344728864480894], "AVNR": [0.4577, 0.11344728864480894], "BIIB": [0.15846666666666667, 0.11344728864480894], "BIOD": [0.0, 0.11344728864480894], "BLUE": [0.0, 0.11344728864480894], "BMRN": [0.2023, 0.11344728864480894], "CALP": [0.4404, 0.11344728864480894], "CCXI": [0.03232857142857143, 0.11344728864480894], "CELG": [0.1252, 0.11344728864480894], "CEMP": [0.0, 0.11344728864480894], "CLDX": [0.0, 0.11344728864480894], "CLVS": [-0.5719, 0.11344728864480894], "CNCT": [0.0, 0.11344728864480894], "CRA": [-0.22593333333333332, 0.11344728864480894], "CRIS": [0.0, 0.11344728864480894], "CTIC": [0.05550666666666667, 0.11344728864480894], "CYTK": [0.0, 0.11344728864480894], "DRRX": [0.0, 0.11344728864480894], "DVAX": [-0.022919999999999996, 0.11344728864480894], "EDIT": [0.109725, 0.11344728864480894], "EMIS": [0.9214, 0.11344728864480894], "ENCY": [0.0, 0.11344728864480894], "ENDP": [-0.29295, 0.11344728864480894], "ENTA": [0.0, 0.11344728864480894], "FMI": [0.3369, 0.11344728864480894], "FOLD": [0.0, 0.11344728864480894], "GERN": [0.28595, 0.11344728864480894], "GEVA": [0.23165000000000002, 0.11344728864480894], "GILD": [0.04752857142857143, 0.11344728864480894], "GNVC": [0.4082666666666667, 0.11344728864480894], "GWPH": [0.0, 0.11344728864480894], "HALO": [0.17402500000000004, 0.11344728864480894], "ICOS": [0.0, 0.11344728864480894], "ICPT": [0.15471111111111113, 0.11344728864480894], "IDIX": [0.04003636363636364, 0.11344728864480894], "ILMN": [0.091375, 0.11344728864480894], "IMMU": [0.0, 0.11344728864480894], "INCY": [0.0, 0.11344728864480894], "INFI": [0.23964615384615387, 0.11344728864480894], "INO": [0.44592, 0.11344728864480894], "INSY": [0.09127777777777778, 0.11344728864480894], "IONS": [0.1675, 0.11344728864480894], "IRWD": [0.296, 0.11344728864480894], "ISIS": [0.074, 0.11344728864480894], "ISTA": [0.33615999999999996, 0.11344728864480894], "ITMN": [0.0, 0.11344728864480894], "JAZZ": [0.0, 0.11344728864480894], "KERX": [0.14842142857142857, 0.11344728864480894], "LBIO": [-0.11230000000000001, 0.11344728864480894], "LIFE": [0.13696666666666665, 0.11344728864480894], "MACK": [-0.10115, 0.11344728864480894], "MDVN": [0.05230000000000001, 0.11344728864480894], "MEDI": [0.1423777777777778, 0.11344728864480894], "MNK": [0.15315, 0.11344728864480894], "MNKD": [0.13942500000000002, 0.11344728864480894], "MYGN": [0.0, 0.11344728864480894], "NBIX": [0.135575, 0.11344728864480894], "NH": [0.318775, 0.11344728864480894], "NK": [0.15966153846153847, 0.11344728864480894], "NKTR": [0.3185142857142857, 0.11344728864480894], "NLNK": [0.0, 0.11344728864480894], "NPSP": [0.3818, 0.11344728864480894], "NVAX": [0.26720000000000005, 0.11344728864480894], "OMED": [0.0, 0.11344728864480894], "OMER": [0.0, 0.11344728864480894], "ONCE": [0.32665, 0.11344728864480894], "ONTX": [0.0, 0.11344728864480894], "ONVO": [0.10115, 0.11344728864480894], "OPK": [0.0, 0.11344728864480894], "OREX": [0.47725, 0.11344728864480894], "OSIR": [-0.296, 0.11344728864480894], "OTIC": [0.3612, 0.11344728864480894], "PACB": [0.0, 0.11344728864480894], "POZN": [0.0, 0.11344728864480894], "QCOR": [0.1909, 0.11344728864480894], "RARE": [0.7003, 0.11344728864480894], "REGN": [0.0, 0.11344728864480894], "RIGL": [0.17686666666666664, 0.11344728864480894], "RNAI": [0.1503142857142857, 0.11344728864480894], "RPTP": [0.0, 0.11344728864480894], "RTRX": [0.0, 0.11344728864480894], "SAGE": [0.0, 0.11344728864480894], "SGYP": [0.0, 0.11344728864480894], "SHPG": [0.0, 0.11344728864480894], "SNTA": [0.0, 0.11344728864480894], "SQNM": [0.0, 0.11344728864480894], "SRPT": [0.09148518518518518, 0.11344728864480894], "TECH": [0.14962954545454543, 0.11344728864480894], "TEVA": [0.23353333333333334, 0.11344728864480894], "THLD": [-0.07916000000000001, 0.11344728864480894], "TSRO": [0.0, 0.11344728864480894], "USD": [0.23338666666666663, 0.11344728864480894], "VICL": [0.0, 0.11344728864480894], "VNDA": [0.17556666666666665, 0.11344728864480894], "VRTX": [0.018613333333333332, 0.11344728864480894], "VVUS": [0.4089833333333333, 0.11344728864480894], "ZLCS": [-0.2553, 0.11344728864480894]}