{"AAVL": [0.0965, 0.09159421285506], "ACAD": [0.0, 0.09159421285506], "ACHN": [0.029813793103448272, 0.09159421285506], "ACOR": [0.11107999999999998, 0.09159421285506], "ACRX": [0.05948181818181819, 0.09159421285506], "ADHD": [0.0, 0.09159421285506], "AEGR": [-0.042612500000000005, 0.09159421285506], "AERI": [0.0, 0.09159421285506], "AFFX": [0.27266, 0.09159421285506], "AFFY": [0.07955, 0.09159421285506], "AGEN": [0.05769199999999999, 0.09159421285506], "AGIO": [0.08209999999999999, 0.09159421285506], "AKBA": [0.4404, 0.09159421285506], "AKRX": [0.026909090909090907, 0.09159421285506], "ALIM": [0.0, 0.09159421285506], "ALKS": [0.057166666666666664, 0.09159421285506], "ALNY": [0.19063333333333332, 0.09159421285506], "ALTH": [0.2422888888888889, 0.09159421285506], "ALXA": [0.2903428571428571, 0.09159421285506], "ALXN": [0.20327999999999996, 0.09159421285506], "AMAG": [-0.20040000000000002, 0.09159421285506], "AMGN": [0.07422105263157897, 0.09159421285506], "AMRI": [0.23536, 0.09159421285506], "AMRN": [0.022092, 0.09159421285506], "ANAC": [0.022766666666666668, 0.09159421285506], "ANDS": [0.09038333333333333, 0.09159421285506], "ANIP": [-0.03384615384615385, 0.09159421285506], "ANTH": [0.014214285714285704, 0.09159421285506], "AQXP": [-0.31845, 0.09159421285506], "ARIA": [-0.03207272727272726, 0.09159421285506], "ARNA": [0.09831124999999999, 0.09159421285506], "ARQL": [0.17516666666666666, 0.09159421285506], "ARRY": [0.019000000000000006, 0.09159421285506], "ARWR": [0.1680473684210526, 0.09159421285506], "ASPX": [0.08336666666666667, 0.09159421285506], "AST": [0.08163364485981309, 0.09159421285506], "ASTX": [0.0, 0.09159421285506], "ATRA": [0.4753, 0.09159421285506], "AUXL": [0.0, 0.09159421285506], "AVNR": [0.2023, 0.09159421285506], "BCRX": [0.17143181818181816, 0.09159421285506], "BIIB": [0.13951702127659574, 0.09159421285506], "BIOD": [0.25453333333333333, 0.09159421285506], "BJGP": [0.0, 0.09159421285506], "BLUE": [0.4095888888888889, 0.09159421285506], "BMRN": [0.05085555555555556, 0.09159421285506], "BPAX": [0.0, 0.09159421285506], "CADX": [0.0, 0.09159421285506], "CALP": [0.0734, 0.09159421285506], "CARA": [-0.025439130434782607, 0.09159421285506], "CBRX": [0.0, 0.09159421285506], "CBST": [0.0076666666666666645, 0.09159421285506], "CELG": [0.12327407407407408, 0.09159421285506], "CEMP": [0.027380000000000005, 0.09159421285506], "CEPH": [0.17490000000000003, 0.09159421285506], "CERS": [0.11916, 0.09159421285506], "CHMA": [0.0, 0.09159421285506], "CLDN": [0.718275, 0.09159421285506], "CLDX": [-0.020265217391304335, 0.09159421285506], "CLVS": [-0.11812, 0.09159421285506], "COLL": [0.5184000000000001, 0.09159421285506], "CRA": [0.11335, 0.09159421285506], "CRIS": [0.008600000000000007, 0.09159421285506], "CRME": [0.0, 0.09159421285506], "CTIC": [0.03231052631578948, 0.09159421285506], "CTRX": [0.19999117647058826, 0.09159421285506], "CYTK": [0.6249, 0.09159421285506], "DEPO": [0.10145000000000001, 0.09159421285506], "DERM": [0.069, 0.09159421285506], "DNDN": [-0.40848000000000007, 0.09159421285506], "DRRX": [-0.4404, 0.09159421285506], "DSCO": [0.2023, 0.09159421285506], "DVAX": [0.20128888888888888, 0.09159421285506], "DYAX": [0.0, 0.09159421285506], "ECYT": [-0.2023, 0.09159421285506], "EDIT": [0.38146, 0.09159421285506], "EGRX": [0.11988000000000001, 0.09159421285506], "EMIS": [0.0, 0.09159421285506], "ENCY": [0.24788333333333332, 0.09159421285506], "ENDP": [0.05300625, 0.09159421285506], "ENTA": [-0.05005882352941177, 0.09159421285506], "ENZN": [0.0, 0.09159421285506], "EXEL": [0.06741153846153845, 0.09159421285506], "FACT": [0.0, 0.09159421285506], "FGEN": [0.401, 0.09159421285506], "FLML": [0.0, 0.09159421285506], "FMI": [-0.03953333333333334, 0.09159421285506], "FOLD": [-0.054625, 0.09159421285506], "GERN": [0.0, 0.09159421285506], "GEVA": [-0.01686666666666666, 0.09159421285506], "GILD": [0.08438547008547008, 0.09159421285506], "GPRO": [0.05462834008097168, 0.09159421285506], "GRFS": [-0.1468, 0.09159421285506], "GTXI": [0.0, 0.09159421285506], "GWPH": [0.025009999999999998, 0.09159421285506], "HALO": [0.1806753246753246, 0.09159421285506], "HGSI": [0.0, 0.09159421285506], "HZNP": [-0.16629999999999998, 0.09159421285506], "ICEL": [0.7003, 0.09159421285506], "ICPT": [0.1726285714285714, 0.09159421285506], "ICY": [0.70775, 0.09159421285506], "IDIX": [-0.01622857142857143, 0.09159421285506], "ILMN": [0.22032413793103459, 0.09159421285506], "ILU": [-0.01914, 0.09159421285506], "IMCL": [0.0, 0.09159421285506], "IMDZ": [0.2249, 0.09159421285506], "IMGN": [-0.0009470588235294087, 0.09159421285506], "IMMU": [0.0544361111111111, 0.09159421285506], "INCR": [0.20397619047619053, 0.09159421285506], "INCY": [-0.03899999999999998, 0.09159421285506], "INFI": [0.212, 0.09159421285506], "INO": [0.11162424242424242, 0.09159421285506], "INSM": [0.0, 0.09159421285506], "INSY": [0.05428181818181817, 0.09159421285506], "IONS": [0.01899384615384617, 0.09159421285506], "IPXL": [0.15048333333333333, 0.09159421285506], "IRWD": [0.0, 0.09159421285506], "ISIS": [0.08826470588235294, 0.09159421285506], "ISPH": [0.2263, 0.09159421285506], "ISTA": [0.09201538461538461, 0.09159421285506], "ITMN": [0.34746666666666665, 0.09159421285506], "JAZZ": [0.12083333333333333, 0.09159421285506], "KERX": [0.09534000000000001, 0.09159421285506], "KITE": [0.0, 0.09159421285506], "KPTI": [0.1169, 0.09159421285506], "LBIO": [0.19093437500000002, 0.09159421285506], "LGND": [0.20731666666666668, 0.09159421285506], "LIFE": [0.75875, 0.09159421285506], "LMNX": [0.35125, 0.09159421285506], "LOXO": [-0.005083333333333336, 0.09159421285506], "LXRX": [0.0, 0.09159421285506], "MACK": [0.0, 0.09159421285506], "MAPP": [-0.46715, 0.09159421285506], "MDCO": [0.0, 0.09159421285506], "MDVN": [0.296416, 0.09159421285506], "MEDI": [0.2707430555555562, 0.09159421285506], "MGNX": [0.0, 0.09159421285506], "MITI": [-0.30569999999999997, 0.09159421285506], "MNK": [0.05729999999999999, 0.09159421285506], "MNKD": [0.05317272727272727, 0.09159421285506], "MNTA": [0.07972222222222222, 0.09159421285506], "MYGN": [-0.07116, 0.09159421285506], "MYL": [0.11388947368421053, 0.09159421285506], "MYRX": [-0.1779, 0.09159421285506], "NABI": [0.09866666666666667, 0.09159421285506], "NERV": [0.0, 0.09159421285506], "NH": [-0.047670000000000004, 0.09159421285506], "NK": [0.07623184713375797, 0.09159421285506], "NKTR": [0.36819285714285716, 0.09159421285506], "NPSP": [-0.16566153846153847, 0.09159421285506], "NSTG": [0.42896, 0.09159421285506], "NVAX": [-0.24695, 0.09159421285506], "OCUL": [0.17759999999999998, 0.09159421285506], "OMED": [-0.31845, 0.09159421285506], "OMER": [0.29798, 0.09159421285506], "ONCE": [0.34915555555555555, 0.09159421285506], "ONVO": [-0.059199999999999996, 0.09159421285506], "OPK": [0.0, 0.09159421285506], "OREX": [0.16528484848484848, 0.09159421285506], "OSCI": [-0.0702, 0.09159421285506], "OSIR": [0.0, 0.09159421285506], "OTIC": [0.34229999999999994, 0.09159421285506], "OVAS": [0.19733333333333333, 0.09159421285506], "PCYC": [0.2287857142857143, 0.09159421285506], "PDLI": [0.0, 0.09159421285506], "PGNX": [-0.028900000000000002, 0.09159421285506], "POZN": [0.0, 0.09159421285506], "PRGO": [0.0, 0.09159421285506], "PTCT": [0.7964, 0.09159421285506], "PTIE": [-0.5106, 0.09159421285506], "QCOR": [-0.06810000000000001, 0.09159421285506], "QGEN": [0.4215, 0.09159421285506], "QURE": [0.0, 0.09159421285506], "RARE": [0.1769375, 0.09159421285506], "REGN": [0.1628346153846154, 0.09159421285506], "RIGL": [-0.2732, 0.09159421285506], "RNAI": [0.0, 0.09159421285506], "RTRX": [0.0, 0.09159421285506], "SAGE": [0.01264411764705882, 0.09159421285506], "SCMP": [0.08457142857142856, 0.09159421285506], "SGEN": [0.1039470588235294, 0.09159421285506], "SGMO": [-0.0361375, 0.09159421285506], "SGNT": [0.04228571428571428, 0.09159421285506], "SGYP": [0.06345555555555556, 0.09159421285506], "SHPG": [0.09958, 0.09159421285506], "SLXP": [0.09074166666666666, 0.09159421285506], "SNTA": [0.0, 0.09159421285506],