{"ACAD": [0.0, 0.057105572206942755], "ACHN": [0.13003333333333333, 0.057105572206942755], "ACOR": [0.0, 0.057105572206942755], "ADRO": [0.0, 0.057105572206942755], "AFFX": [0.0, 0.057105572206942755], "AFFY": [-0.07243333333333334, 0.057105572206942755], "AGEN": [0.0, 0.057105572206942755], "AKRX": [0.13229375, 0.057105572206942755], "ALKS": [-0.01544, 0.057105572206942755], "ALNY": [0.0, 0.057105572206942755], "ALTH": [0.02068125000000001, 0.057105572206942755], "ALXA": [0.3313, 0.057105572206942755], "ALXN": [0.0903, 0.057105572206942755], "AMGN": [0.014794117647058824, 0.057105572206942755], "AMLN": [-0.2679333333333333, 0.057105572206942755], "AMRN": [0.06755217391304348, 0.057105572206942755], "ANIP": [0.0, 0.057105572206942755], "ANTH": [0.0708, 0.057105572206942755], "ARNA": [0.011853846153846158, 0.057105572206942755], "ARQL": [0.0, 0.057105572206942755], "ARWR": [0.0, 0.057105572206942755], "ASPX": [0.199808, 0.057105572206942755], "AST": [0.06383510638297873, 0.057105572206942755], "ASTX": [0.0, 0.057105572206942755], "AVEO": [0.0, 0.057105572206942755], "AVII": [0.0, 0.057105572206942755], "AVNR": [0.22606, 0.057105572206942755], "BCRX": [0.0, 0.057105572206942755], "BIIB": [0.06445, 0.057105572206942755], "BIOD": [0.4019, 0.057105572206942755], "BLUE": [0.0, 0.057105572206942755], "BMRN": [-0.002557142857142853, 0.057105572206942755], "BMTI": [0.5423, 0.057105572206942755], "BPAX": [0.03789230769230769, 0.057105572206942755], "CARA": [0.0, 0.057105572206942755], "CELG": [-0.12726666666666667, 0.057105572206942755], "CEMP": [0.0, 0.057105572206942755], "CEPH": [0.48165, 0.057105572206942755], "CERS": [0.0, 0.057105572206942755], "CGEN": [0.0, 0.057105572206942755], "CHMA": [0.0, 0.057105572206942755], "CLDX": [0.1205, 0.057105572206942755], "CLVS": [0.0, 0.057105572206942755], "CRA": [0.30401, 0.057105572206942755], "CRME": [0.0, 0.057105572206942755], "CTRX": [-0.1779, 0.057105572206942755], "CYTK": [0.06275, 0.057105572206942755], "DEPO": [0.0, 0.057105572206942755], "DERM": [0.2732, 0.057105572206942755], "DNDN": [0.0, 0.057105572206942755], "DSCO": [0.0, 0.057105572206942755], "ECYT": [0.08086428571428572, 0.057105572206942755], "EDIT": [0.3818, 0.057105572206942755], "EMIS": [0.0, 0.057105572206942755], "ENCY": [-0.042899999999999994, 0.057105572206942755], "ENDP": [0.08771818181818182, 0.057105572206942755], "ENTA": [0.09664444444444446, 0.057105572206942755], "ENZN": [0.0, 0.057105572206942755], "EXEL": [-0.017390909090909085, 0.057105572206942755], "FOLD": [0.18147222222222217, 0.057105572206942755], "FURX": [0.0, 0.057105572206942755], "GERN": [-0.34, 0.057105572206942755], "GILD": [0.08794166666666665, 0.057105572206942755], "GTXI": [0.61865, 0.057105572206942755], "HALO": [0.07192711864406778, 0.057105572206942755], "HGSI": [0.0, 0.057105572206942755], "HPTX": [0.0, 0.057105572206942755], "HZNP": [-0.03946000000000002, 0.057105572206942755], "ICEL": [0.363, 0.057105572206942755], "ICPT": [0.0, 0.057105572206942755], "ICY": [0.100475, 0.057105572206942755], "IDIX": [-0.5106, 0.057105572206942755], "ILMN": [0.0, 0.057105572206942755], "ILU": [-0.0299, 0.057105572206942755], "IMMU": [0.0, 0.057105572206942755], "INCR": [0.07313333333333333, 0.057105572206942755], "INCY": [0.037436363636363636, 0.057105572206942755], "INFI": [0.0, 0.057105572206942755], "INO": [0.08038, 0.057105572206942755], "INSM": [0.013486666666666668, 0.057105572206942755], "IONS": [0.142592, 0.057105572206942755], "IPXL": [0.31070000000000003, 0.057105572206942755], "IRWD": [0.0, 0.057105572206942755], "ISIS": [0.04870588235294117, 0.057105572206942755], "ISTA": [0.16671666666666665, 0.057105572206942755], "JAZZ": [0.09246538461538462, 0.057105572206942755], "KERX": [-0.0028666666666666667, 0.057105572206942755], "LBIO": [0.18951111111111113, 0.057105572206942755], "LIFE": [0.0, 0.057105572206942755], "LMNX": [0.22939999999999997, 0.057105572206942755], "LXRX": [0.0, 0.057105572206942755], "MACK": [0.0, 0.057105572206942755], "MAXY": [0.0, 0.057105572206942755], "MDVN": [0.0, 0.057105572206942755], "MEDI": [0.006900000000000001, 0.057105572206942755], "MNK": [0.11288181818181818, 0.057105572206942755], "MNKD": [0.11288181818181818, 0.057105572206942755], "MYGN": [0.7263, 0.057105572206942755], "MYL": [0.19756, 0.057105572206942755], "NEOS": [0.0, 0.057105572206942755], "NH": [0.0, 0.057105572206942755], "NK": [0.09208225806451613, 0.057105572206942755], "NKTR": [-0.32985, 0.057105572206942755], "NPSP": [0.061983333333333335, 0.057105572206942755], "NVAX": [0.0, 0.057105572206942755], "OMED": [0.34409999999999996, 0.057105572206942755], "OMER": [0.0, 0.057105572206942755], "OMPI": [-0.0064333333333333334, 0.057105572206942755], "ONCE": [0.132175, 0.057105572206942755], "ONTY": [0.0, 0.057105572206942755], "ONVO": [0.0, 0.057105572206942755], "ONXX": [0.2475, 0.057105572206942755], "OPK": [0.1612333333333333, 0.057105572206942755], "OPTR": [0.0, 0.057105572206942755], "OREX": [0.04857391304347826, 0.057105572206942755], "PCRX": [0.0, 0.057105572206942755], "PCYC": [0.159225, 0.057105572206942755], "PGNX": [0.0, 0.057105572206942755], "POZN": [0.0, 0.057105572206942755], "PTX": [0.0, 0.057105572206942755], "RARE": [0.0, 0.057105572206942755], "REGN": [0.1158, 0.057105572206942755], "RIGL": [-0.07543333333333334, 0.057105572206942755], "SAGE": [0.20124189189189193, 0.057105572206942755], "SCMP": [0.0, 0.057105572206942755], "SGEN": [0.0, 0.057105572206942755], "SGYP": [0.13252, 0.057105572206942755], "SHPG": [0.3111, 0.057105572206942755], "SLXP": [0.0, 0.057105572206942755], "SNTA": [-0.296, 0.057105572206942755], "SNTS": [-0.06021428571428571, 0.057105572206942755], "SPPI": [-0.0086, 0.057105572206942755], "SQNM": [0.0, 0.057105572206942755], "SRPT": [0.17382142857142857, 0.057105572206942755], "STEM": [0.0441, 0.057105572206942755], "TARO": [0.0, 0.057105572206942755], "TBPH": [0.0, 0.057105572206942755], "TECH": [0.005730000000000002, 0.057105572206942755], "TEVA": [0.06313333333333333, 0.057105572206942755], "THLD": [0.07001666666666666, 0.057105572206942755], "THRX": [0.0, 0.057105572206942755], "TRGT": [0.0, 0.057105572206942755], "TSRX": [0.0, 0.057105572206942755], "USD": [0.08755958904109587, 0.057105572206942755], "VNDA": [0.014605263157894737, 0.057105572206942755], "VPHM": [0.08744285714285714, 0.057105572206942755], "VRNM": [0.0, 0.057105572206942755], "VRTX": [-0.03998571428571428, 0.057105572206942755], "VSTM": [0.0, 0.057105572206942755], "VVUS": [0.06649038461538462, 0.057105572206942755], "WCRX": [0.1442411764705882, 0.057105572206942755], "XNPT": [0.0909857142857143, 0.057105572206942755], "XOMA": [0.0, 0.057105572206942755], "ZLCS": [0.14225384615384612, 0.057105572206942755]}