{"ACAD": [0.3454, 0.11503276180169035], "ACHN": [0.0, 0.11503276180169035], "ACOR": [0.0, 0.11503276180169035], "AEGR": [0.0, 0.11503276180169035], "AFFY": [0.159225, 0.11503276180169035], "AGEN": [0.0, 0.11503276180169035], "ALKS": [0.02115, 0.11503276180169035], "ALTH": [0.4404, 0.11503276180169035], "AMGN": [0.0, 0.11503276180169035], "AMRI": [0.08333333333333333, 0.11503276180169035], "AMRN": [0.17504545454545453, 0.11503276180169035], "ANTH": [0.0, 0.11503276180169035], "ARIA": [0.12726666666666667, 0.11503276180169035], "ARNA": [0.20965333333333333, 0.11503276180169035], "ARRY": [0.0, 0.11503276180169035], "ASPX": [0.06234318181818182, 0.11503276180169035], "AST": [0.17521666666666666, 0.11503276180169035], "AUXL": [0.0, 0.11503276180169035], "AVEO": [0.42442727272727276, 0.11503276180169035], "AVNR": [0.3876, 0.11503276180169035], "BCRX": [-0.2997, 0.11503276180169035], "BIIB": [0.0, 0.11503276180169035], "BMRN": [0.1366, 0.11503276180169035], "CADX": [0.0, 0.11503276180169035], "CBPO": [-0.21075, 0.11503276180169035], "CBRX": [0.0, 0.11503276180169035], "CBST": [0.0, 0.11503276180169035], "CELG": [0.15002, 0.11503276180169035], "CEMP": [0.0, 0.11503276180169035], "CERS": [0.0, 0.11503276180169035], "CLDX": [0.34, 0.11503276180169035], "CRA": [-0.5106, 0.11503276180169035], "CRIS": [0.26944999999999997, 0.11503276180169035], "CRME": [0.0, 0.11503276180169035], "CTIC": [0.0, 0.11503276180169035], "DERM": [0.7717, 0.11503276180169035], "DNDN": [0.0, 0.11503276180169035], "DYAX": [0.09106666666666667, 0.11503276180169035], "ECYT": [0.0, 0.11503276180169035], "EMIS": [0.0, 0.11503276180169035], "ENCY": [-0.12689999999999999, 0.11503276180169035], "ENTA": [0.0, 0.11503276180169035], "FLML": [0.0, 0.11503276180169035], "FURX": [0.0, 0.11503276180169035], "GERN": [0.0, 0.11503276180169035], "GILD": [0.38837499999999997, 0.11503276180169035], "HZNP": [-0.1511, 0.11503276180169035], "ICEL": [0.5574, 0.11503276180169035], "ILU": [0.0, 0.11503276180169035], "IMGN": [0.17626000000000003, 0.11503276180169035], "IMMU": [0.0, 0.11503276180169035], "INCR": [0.5122666666666666, 0.11503276180169035], "INCY": [0.0, 0.11503276180169035], "INFI": [0.20095, 0.11503276180169035], "INO": [0.04515, 0.11503276180169035], "INVA": [0.2015, 0.11503276180169035], "IONS": [0.476375, 0.11503276180169035], "IPXL": [0.0, 0.11503276180169035], "ISIS": [0.6588, 0.11503276180169035], "ISTA": [0.0, 0.11503276180169035], "JAZZ": [0.0, 0.11503276180169035], "KERX": [0.2827, 0.11503276180169035], "LBIO": [0.3626, 0.11503276180169035], "LGND": [0.4404, 0.11503276180169035], "LIFE": [0.0, 0.11503276180169035], "MACK": [0.0, 0.11503276180169035], "MDCO": [0.0, 0.11503276180169035], "MDVN": [0.2553, 0.11503276180169035], "MEDI": [0.4004666666666667, 0.11503276180169035], "MITI": [0.0, 0.11503276180169035], "MNTA": [0.0, 0.11503276180169035], "MYL": [0.10115, 0.11503276180169035], "NH": [0.07615, 0.11503276180169035], "NK": [0.18124285714285712, 0.11503276180169035], "NKTR": [0.0, 0.11503276180169035], "NLNK": [0.0, 0.11503276180169035], "NPSP": [0.34, 0.11503276180169035], "NVAX": [0.0, 0.11503276180169035], "ONCE": [0.65785, 0.11503276180169035], "ONVO": [-0.5411, 0.11503276180169035], "ONXX": [0.0, 0.11503276180169035], "OPK": [0.0, 0.11503276180169035], "OREX": [0.0, 0.11503276180169035], "OSIR": [0.0, 0.11503276180169035], "PACB": [0.0, 0.11503276180169035], "QCOR": [0.0, 0.11503276180169035], "RARE": [0.0, 0.11503276180169035], "RIGL": [0.0, 0.11503276180169035], "RPTP": [0.7717, 0.11503276180169035], "SAGE": [0.081355, 0.11503276180169035], "SCMP": [0.0, 0.11503276180169035], "SHPG": [0.2732, 0.11503276180169035], "SLXP": [0.6369, 0.11503276180169035], "SNTA": [-0.0772, 0.11503276180169035], "SPPI": [-0.3736, 0.11503276180169035], "SRPT": [0.14055555555555554, 0.11503276180169035], "STEM": [0.0, 0.11503276180169035], "SUPN": [0.2023, 0.11503276180169035], "TBPH": [0.0, 0.11503276180169035], "TECH": [0.398775, 0.11503276180169035], "TEVA": [0.024666666666666667, 0.11503276180169035], "THRX": [0.10326250000000001, 0.11503276180169035], "TSRO": [0.13486666666666666, 0.11503276180169035], "USD": [-0.04709999999999999, 0.11503276180169035], "VICL": [0.1468, 0.11503276180169035], "VPHM": [0.2993375, 0.11503276180169035], "VRTX": [0.4708333333333334, 0.11503276180169035], "VRUS": [0.0, 0.11503276180169035], "VVUS": [0.12513333333333332, 0.11503276180169035], "WCRX": [0.0, 0.11503276180169035], "ZGNX": [0.6369, 0.11503276180169035], "ZLCS": [0.0903, 0.11503276180169035]}