{"AAVL": [0.421675, 0.11973607793022346], "ACAD": [0.03637142857142857, 0.11973607793022346], "ACHN": [0.17029600000000003, 0.11973607793022346], "ACOR": [0.03794666666666666, 0.11973607793022346], "ACRX": [0.18076666666666666, 0.11973607793022346], "ADHD": [0.0407, 0.11973607793022346], "ADMS": [0.2746, 0.11973607793022346], "AEGR": [0.05555555555555555, 0.11973607793022346], "AFFX": [0.0, 0.11973607793022346], "AFFY": [0.0, 0.11973607793022346], "AFMD": [0.6309, 0.11973607793022346], "AGEN": [0.2266166666666667, 0.11973607793022346], "AGIO": [0.02917916666666667, 0.11973607793022346], "AGTC": [0.042899999999999994, 0.11973607793022346], "AKBA": [0.0, 0.11973607793022346], "AKRX": [0.05635526315789474, 0.11973607793022346], "ALDR": [0.17020000000000002, 0.11973607793022346], "ALIM": [0.026909090909090907, 0.11973607793022346], "ALKS": [0.1022875, 0.11973607793022346], "ALNY": [0.2975181818181818, 0.11973607793022346], "ALTH": [0.10400526315789471, 0.11973607793022346], "ALTU": [0.0, 0.11973607793022346], "ALXA": [0.0, 0.11973607793022346], "ALXN": [0.029831249999999997, 0.11973607793022346], "AMAG": [0.0, 0.11973607793022346], "AMGN": [0.05547175572519084, 0.11973607793022346], "AMRN": [0.3328428571428571, 0.11973607793022346], "ANAC": [0.040021875, 0.11973607793022346], "ANDS": [0.41403333333333353, 0.11973607793022346], "ANIP": [-0.19733333333333333, 0.11973607793022346], "ANTH": [0.2158, 0.11973607793022346], "ARDX": [0.34040000000000004, 0.11973607793022346], "ARIA": [0.17570333333333338, 0.11973607793022346], "ARNA": [0.3470999999999999, 0.11973607793022346], "ARQL": [0.0, 0.11973607793022346], "ARRY": [0.06519433427762039, 0.11973607793022346], "ARWR": [0.1923357142857143, 0.11973607793022346], "ASPX": [-0.004709090909090915, 0.11973607793022346], "AST": [0.28705497630331755, 0.11973607793022346], "AUXL": [0.059199999999999996, 0.11973607793022346], "AVEO": [0.0, 0.11973607793022346], "AVNR": [0.1934375, 0.11973607793022346], "BCRX": [0.15201621621621625, 0.11973607793022346], "BIIB": [0.017649206349206352, 0.11973607793022346], "BIOD": [0.0, 0.11973607793022346], "BJGP": [0.0, 0.11973607793022346], "BLCM": [0.05642894736842105, 0.11973607793022346], "BLUE": [0.09692205882352943, 0.11973607793022346], "BMRN": [0.23316499999999998, 0.11973607793022346], "CALP": [0.3215, 0.11973607793022346], "CARA": [0.14049999999999999, 0.11973607793022346], "CBPO": [0.08510000000000001, 0.11973607793022346], "CCXI": [0.0, 0.11973607793022346], "CELG": [0.04055442176870749, 0.11973607793022346], "CEMP": [0.0, 0.11973607793022346], "CEPH": [0.08333333333333333, 0.11973607793022346], "CERS": [0.07095333333333334, 0.11973607793022346], "CHRS": [0.1477888888888889, 0.11973607793022346], "CLDN": [0.010049999999999995, 0.11973607793022346], "CLDX": [0.06782195121951219, 0.11973607793022346], "CLVS": [0.104776, 0.11973607793022346], "CMRX": [0.0, 0.11973607793022346], "CNCE": [0.05852222222222222, 0.11973607793022346], "COLL": [0.2668666666666667, 0.11973607793022346], "CRA": [0.32447594936708885, 0.11973607793022346], "CRIS": [0.10421666666666667, 0.11973607793022346], "CRME": [0.0, 0.11973607793022346], "CTIC": [0.3417846153846154, 0.11973607793022346], "CTRX": [0.0, 0.11973607793022346], "CYTK": [0.059199999999999996, 0.11973607793022346], "CYTX": [0.46180000000000004, 0.11973607793022346], "DEPO": [0.0, 0.11973607793022346], "DERM": [0.26335, 0.11973607793022346], "DNDN": [0.21658666666666665, 0.11973607793022346], "DRNA": [0.05464, 0.11973607793022346], "DSCO": [0.0, 0.11973607793022346], "DVAX": [0.08488333333333332, 0.11973607793022346], "DYAX": [0.09002857142857143, 0.11973607793022346], "ECYT": [0.148, 0.11973607793022346], "EDIT": [0.23514166666666667, 0.11973607793022346], "EGLT": [0.10683846153846156, 0.11973607793022346], "EGRX": [0.17229444444444442, 0.11973607793022346], "EMIS": [0.296, 0.11973607793022346], "ENCY": [0.20095, 0.11973607793022346], "ENDP": [0.22575555555555557, 0.11973607793022346], "ENTA": [0.11634838709677417, 0.11973607793022346], "ENZN": [0.0, 0.11973607793022346], "EPZM": [0.296, 0.11973607793022346], "ESPR": [0.0, 0.11973607793022346], "EXEL": [0.13295263157894738, 0.11973607793022346], "FACT": [0.5391555555555558, 0.11973607793022346], "FGEN": [0.07224, 0.11973607793022346], "FLKS": [0.06265925925925926, 0.11973607793022346], "FLML": [0.0, 0.11973607793022346], "FLXN": [0.0, 0.11973607793022346], "FMI": [0.008577777777777778, 0.11973607793022346], "FOLD": [0.035568749999999996, 0.11973607793022346], "FOMX": [0.2173857142857143, 0.11973607793022346], "FPRX": [0.11438, 0.11973607793022346], "FURX": [0.0, 0.11973607793022346], "GERN": [0.025282608695652194, 0.11973607793022346], "GEVA": [0.03125, 0.11973607793022346], "GHDX": [-0.21989999999999998, 0.11973607793022346], "GILD": [0.12951644444444443, 0.11973607793022346], "GNVC": [0.11036666666666667, 0.11973607793022346], "GPRO": [0.040799367088607603, 0.11973607793022346], "GRFS": [0.12414444444444445, 0.11973607793022346], "GTXI": [0.5106, 0.11973607793022346], "GWPH": [0.13557777777777777, 0.11973607793022346], "HALO": [0.06790217391304347, 0.11973607793022346], "HBIO": [0.28595, 0.11973607793022346], "HGSI": [0.7003, 0.11973607793022346], "HITK": [0.2023, 0.11973607793022346], "HPTX": [0.0, 0.11973607793022346], "HZNP": [0.26380000000000003, 0.11973607793022346], "ICEL": [-0.1806, 0.11973607793022346], "ICPT": [0.014825, 0.11973607793022346], "ICY": [-0.21833333333333338, 0.11973607793022346], "ILMN": [0.06161034482758621, 0.11973607793022346], "ILU": [-0.03480769230769231, 0.11973607793022346], "IMDZ": [0.296, 0.11973607793022346], "IMGN": [0.03125, 0.11973607793022346], "IMMU": [0.13634000000000002, 0.11973607793022346], "INCR": [0.29695199999999994, 0.11973607793022346], "INCY": [0.09523750000000002, 0.11973607793022346], "INFI": [0.22532000000000002, 0.11973607793022346], "INGN": [0.0, 0.11973607793022346], "INO": [0.17278571428571432, 0.11973607793022346], "INSM": [0.0, 0.11973607793022346], "INSY": [-0.026466666666666663, 0.11973607793022346], "INVA": [-0.128, 0.11973607793022346], "IONS": [0.04831954022988505, 0.11973607793022346], "IPXL": [0.46566, 0.11973607793022346], "IRWD": [0.0, 0.11973607793022346], "ISIS": [0.08147826086956524, 0.11973607793022346], "ISTA": [0.18726842105263158, 0.11973607793022346], "ITCI": [0.0, 0.11973607793022346], "ITEK": [0.0, 0.11973607793022346], "ITMN": [0.2023, 0.11973607793022346], "JAZZ": [0.004882758620689654, 0.11973607793022346], "JUNO": [0.07911666666666667, 0.11973607793022346], "KERX": [0.08743, 0.11973607793022346], "KITE": [0.07084999999999997, 0.11973607793022346], "KPTI": [0.46675714285714287, 0.11973607793022346], "KYTH": [0.0, 0.11973607793022346], "LBIO": [0.14581025641025647, 0.11973607793022346], "LGND": [0.0, 0.11973607793022346], "LIFE": [0.16785714285714287, 0.11973607793022346], "LOXO": [0.0, 0.11973607793022346], "LXRX": [0.436, 0.11973607793022346], "MACK": [-0.08027500000000001, 0.11973607793022346], "MAPP": [0.10606666666666666, 0.11973607793022346], "MDCO": [0.123434375, 0.11973607793022346], "MDVN": [0.0, 0.11973607793022346], "MEDI": [0.275286939313983, 0.11973607793022346], "MGNX": [0.40743999999999997, 0.11973607793022346], "MNK": [0.11695739130434778, 0.11973607793022346], "MNKD": [0.11723716814159287, 0.11973607793022346], "MNTA": [0.023999999999999997, 0.11973607793022346], "MRNA": [0.0, 0.11973607793022346], "MYGN": [-0.13194, 0.11973607793022346], "MYL": [0.07232264150943395, 0.11973607793022346], "NBIX": [0.2122137931034483, 0.11973607793022346], "NDRM": [0.05676607142857143, 0.11973607793022346], "NEOS": [0.6124, 0.11973607793022346], "NERV": [0.22274285714285716, 0.11973607793022346], "NH": [0.0005701754385964937, 0.11973607793022346], "NK": [0.1469679856115108, 0.11973607793022346], "NKTR": [0.07039500000000001, 0.11973607793022346], "NLNK": [0.05593421052631578, 0.11973607793022346], "NPSP": [0.3526644444444445, 0.11973607793022346], "NSTG": [0.0, 0.11973607793022346],