{"AAVL": [0.2462, 0.09038573230472485], "ACAD": [0.2754387096774194, 0.09038573230472485], "ACHN": [0.003168, 0.09038573230472485], "ACOR": [-0.2523, 0.09038573230472485], "ACRX": [0.38136000000000003, 0.09038573230472485], "ADMS": [0.4089428571428572, 0.09038573230472485], "ADRO": [-0.37621428571428567, 0.09038573230472485], "ADVM": [-0.3943, 0.09038573230472485], "AEGR": [0.15596470588235295, 0.09038573230472485], "AERI": [0.0, 0.09038573230472485], "AFMD": [0.45450000000000007, 0.09038573230472485], "AGEN": [0.0029343750000000077, 0.09038573230472485], "AGIO": [-0.13304347826086954, 0.09038573230472485], "AIMT": [0.100475, 0.09038573230472485], "AKBA": [0.0, 0.09038573230472485], "AKRX": [0.4404, 0.09038573230472485], "ALDR": [0.05223529411764705, 0.09038573230472485], "ALIM": [-0.016414285714285708, 0.09038573230472485], "ALKS": [0.025952631578947366, 0.09038573230472485], "ALNY": [0.06483035714285713, 0.09038573230472485], "ALTH": [0.11463770491803278, 0.09038573230472485], "ALXN": [0.02507735849056603, 0.09038573230472485], "AMAG": [-0.24695, 0.09038573230472485], "AMGN": [0.15014999999999998, 0.09038573230472485], "AMPH": [0.0, 0.09038573230472485], "AMRI": [0.17759999999999998, 0.09038573230472485], "AMRN": [0.21230000000000002, 0.09038573230472485], "ANAC": [0.0, 0.09038573230472485], "ANDS": [0.27976666666666666, 0.09038573230472485], "ANIP": [0.09585000000000005, 0.09038573230472485], "ANPI": [0.296, 0.09038573230472485], "ANTH": [-0.20157368421052632, 0.09038573230472485], "APCVZ&": [0.0, 0.09038573230472485], "APPX": [0.0, 0.09038573230472485], "AQXP": [0.10047368421052631, 0.09038573230472485], "ARDX": [0.30483333333333335, 0.09038573230472485], "ARIA": [0.2594521739130433, 0.09038573230472485], "ARLZ": [0.27565555555555554, 0.09038573230472485], "ARNA": [0.11208, 0.09038573230472485], "ARRY": [0.08536086956521738, 0.09038573230472485], "ARWR": [0.015557434402332364, 0.09038573230472485], "ARXT": [0.0, 0.09038573230472485], "ASPX": [0.12271000000000001, 0.09038573230472485], "AST": [0.10622480620155031, 0.09038573230472485], "ATRA": [0.0, 0.09038573230472485], "AVXS": [0.19781333333333334, 0.09038573230472485], "AXCA": [0.0, 0.09038573230472485], "BCRX": [-0.12915, 0.09038573230472485], "BGIXX": [0.0, 0.09038573230472485], "BGNE": [0.148, 0.09038573230472485], "BIIB": [0.12505421686746981, 0.09038573230472485], "BIOD": [0.3371916666666667, 0.09038573230472485], "BIOV": [0.0, 0.09038573230472485], "BIVN": [0.0, 0.09038573230472485], "BLCM": [0.22174, 0.09038573230472485], "BLKFDS": [0.0, 0.09038573230472485], "BLUE": [0.1266701818181818, 0.09038573230472485], "BLUS": [0.0, 0.09038573230472485], "BMRN": [0.08422142857142857, 0.09038573230472485], "BOLD": [0.0, 0.09038573230472485], "BPMC": [0.0189304347826087, 0.09038573230472485], "BRIXX": [0.0, 0.09038573230472485], "BSTE": [0.3612, 0.09038573230472485], "BTRX": [0.0, 0.09038573230472485], "CADX": [0.5719, 0.09038573230472485], "CALP": [0.0, 0.09038573230472485], "CARA": [-0.03145769230769231, 0.09038573230472485], "CASC": [-0.10615000000000001, 0.09038573230472485], "CBPO": [0.0, 0.09038573230472485], "CCXI": [0.44040000000000007, 0.09038573230472485], "CELG": [0.10789782608695651, 0.09038573230472485], "CEMP": [0.06409999999999999, 0.09038573230472485], "CEPH": [0.0, 0.09038573230472485], "CERS": [0.148, 0.09038573230472485], "CGEN": [0.63015, 0.09038573230472485], "CHMA": [-0.09360526315789472, 0.09038573230472485], "CHRS": [0.17335454545454548, 0.09038573230472485], "CLCD": [0.0, 0.09038573230472485], "CLDN": [0.2732, 0.09038573230472485], "CLDX": [0.203584, 0.09038573230472485], "CLSD": [-0.19293478260869562, 0.09038573230472485], "CLVS": [0.3863, 0.09038573230472485], "CMRX": [0.41445714285714297, 0.09038573230472485], "COLL": [0.048924999999999996, 0.09038573230472485], "COLY": [0.0, 0.09038573230472485], "CRA": [0.03989166666666667, 0.09038573230472485], "CRIS": [-0.1323, 0.09038573230472485], "CTIC": [0.13135, 0.09038573230472485], "CTRX": [0.0, 0.09038573230472485], "CXRX": [0.1366, 0.09038573230472485], "CYTK": [0.3405, 0.09038573230472485], "DEPO": [0.19884, 0.09038573230472485], "DERM": [0.09064444444444446, 0.09038573230472485], "DIGE": [0.5100333333333333, 0.09038573230472485], "DNAI": [-0.30580555555555555, 0.09038573230472485], "DRAX": [0.0, 0.09038573230472485], "DRNA": [0.23835625000000002, 0.09038573230472485], "DRRX": [0.0, 0.09038573230472485], "DVAX": [-0.06391176470588233, 0.09038573230472485], "EDIT": [0.30278125000000006, 0.09038573230472485], "EGLT": [0.05896250000000001, 0.09038573230472485], "EGRX": [0.07414782608695653, 0.09038573230472485], "EMIS": [0.55315, 0.09038573230472485], "ENCY": [-0.03566249999999999, 0.09038573230472485], "ENDP": [-0.0680357142857143, 0.09038573230472485], "ENTA": [0.1321088888888889, 0.09038573230472485], "ENZN": [0.18483548387096776, 0.09038573230472485], "EPZM": [0.0, 0.09038573230472485], "EURX": [0.0, 0.09038573230472485], "EXEL": [0.23934473684210536, 0.09038573230472485], "FACT": [0.30097894736842107, 0.09038573230472485], "FGEN": [0.008299999999999998, 0.09038573230472485], "FLKS": [-0.128, 0.09038573230472485], "FLML": [0.230225, 0.09038573230472485], "FLXN": [-0.17, 0.09038573230472485], "FMI": [0.1101, 0.09038573230472485], "FOLD": [-0.061969387755102044, 0.09038573230472485], "FOMX": [0.0, 0.09038573230472485], "FPRX": [0.10763636363636363, 0.09038573230472485], "GBT": [0.08038333333333332, 0.09038573230472485], "GERN": [0.6369, 0.09038573230472485], "GEVA": [0.159225, 0.09038573230472485], "GILD": [0.13753191489361696, 0.09038573230472485], "GNVC": [0.0, 0.09038573230472485], "GPRO": [0.014714622641509469, 0.09038573230472485], "GRFS": [0.0, 0.09038573230472485], "GWPH": [0.03345869565217391, 0.09038573230472485], "HALO": [0.07344444444444445, 0.09038573230472485], "HPTX": [0.0, 0.09038573230472485], "HZNP": [0.11890975609756098, 0.09038573230472485], "ICEL": [0.4404, 0.09038573230472485], "ICOS": [0.0, 0.09038573230472485], "ICPT": [0.2716923076923078, 0.09038573230472485], "ICY": [0.2786666666666667, 0.09038573230472485], "IDEV": [-0.4404, 0.09038573230472485], "ILMN": [0.008081481481481481, 0.09038573230472485], "ILU": [-0.03929230769230769, 0.09038573230472485], "IMGN": [0.0, 0.09038573230472485], "IMMU": [0.233225, 0.09038573230472485], "INCR": [0.12799565217391304, 0.09038573230472485], "INCY": [0.1008784810126583, 0.09038573230472485], "INFI": [0.30784999999999996, 0.09038573230472485], "INO": [0.05112333333333333, 0.09038573230472485], "INSY": [0.0, 0.09038573230472485], "INVA": [0.0, 0.09038573230472485], "IONS": [0.10545044247787615, 0.09038573230472485], "IPXL": [0.0, 0.09038573230472485], "ISIS": [0.25923333333333337, 0.09038573230472485], "ISTA": [-0.008325000000000006, 0.09038573230472485], "ITCI": [0.0683, 0.09038573230472485], "ITEK": [0.188825, 0.09038573230472485], "JAZZ": [-0.18213333333333334, 0.09038573230472485], "JUNO": [0.06375802469135804, 0.09038573230472485], "KERX": [0.21600000000000003, 0.09038573230472485], "KITE": [0.06866000000000003, 0.09038573230472485], "KMPH": [0.3382, 0.09038573230472485], "KPTI": [-0.06071111111111111, 0.09038573230472485], "KYTH": [0.0, 0.09038573230472485], "LBIO": [0.08590727272727272, 0.09038573230472485], "LGND": [0.14871111111111113, 0.09038573230472485], "LIFE": [0.3134777777777778, 0.09038573230472485], "LMNX": [0.225225, 0.09038573230472485], "LXRX": [0.0, 0.09038573230472485], "MACK": [0.23390000000000005, 0.09038573230472485], "MCRB": [0.064, 0.09038573230472485], "MDCO": [0.09545, 0.09038573230472485], "MDVN": [0.4404, 0.09038573230472485], "MEDI": [0.20884037267080718, 0.09038573230472485], "MEDX": [0.0, 0.09038573230472485], "MGNX": [0.05146666666666667, 0.09038573230472485], "MITI": [-0.296, 0.09038573230472485], "MLNM": [0.0, 0.09038573230472485], "MNK": [0.009727536231884054, 0.09038573230472485], "MNKD": [0.33623333333333333, 0.09038573230472485], "MNTA": [0.09471428571428571, 0.09038573230472485], "MRNA": [0.0, 0.09038573230472485],