{"ACAD": [0.0, 0.07465146119527649], "ACHN": [0.023458333333333345, 0.07465146119527649], "ACOR": [0.0, 0.07465146119527649], "ACRX": [0.2463363636363636, 0.07465146119527649], "ADRO": [0.0, 0.07465146119527649], "AEGR": [0.0, 0.07465146119527649], "AFFX": [0.6053999999999999, 0.07465146119527649], "AFFY": [0.25352, 0.07465146119527649], "AGEN": [0.2202, 0.07465146119527649], "ALIM": [0.39225, 0.07465146119527649], "ALKS": [0.13396666666666665, 0.07465146119527649], "ALTH": [0.28073333333333333, 0.07465146119527649], "ALXA": [0.1598176470588235, 0.07465146119527649], "ALXN": [0.0, 0.07465146119527649], "AMGN": [0.021377777777777787, 0.07465146119527649], "AMRI": [0.2202, 0.07465146119527649], "AMRN": [0.22479000000000005, 0.07465146119527649], "ANAC": [-0.1186, 0.07465146119527649], "ANDS": [0.11820000000000001, 0.07465146119527649], "ANTH": [-0.028974999999999994, 0.07465146119527649], "ARIA": [0.11081250000000001, 0.07465146119527649], "ARNA": [-0.19926666666666668, 0.07465146119527649], "ARQL": [0.0, 0.07465146119527649], "ARRY": [0.36050000000000004, 0.07465146119527649], "ARWR": [0.0, 0.07465146119527649], "ASPX": [0.0944688888888889, 0.07465146119527649], "AST": [0.07322136752136754, 0.07465146119527649], "ASTX": [0.5867142857142857, 0.07465146119527649], "AVEO": [-0.08884999999999998, 0.07465146119527649], "AXCA": [-0.2023, 0.07465146119527649], "BCRX": [0.0, 0.07465146119527649], "BIIB": [0.0, 0.07465146119527649], "BIOD": [-0.29333333333333333, 0.07465146119527649], "BIOV": [-0.43979999999999997, 0.07465146119527649], "BLUE": [0.0, 0.07465146119527649], "BMRN": [-0.03442727272727272, 0.07465146119527649], "BPAX": [0.21075, 0.07465146119527649], "CADX": [0.0, 0.07465146119527649], "CALP": [0.296, 0.07465146119527649], "CASC": [0.0, 0.07465146119527649], "CBST": [0.128, 0.07465146119527649], "CELG": [0.11955500000000001, 0.07465146119527649], "CEMP": [0.0, 0.07465146119527649], "CERS": [0.0, 0.07465146119527649], "CLDX": [0.16090000000000002, 0.07465146119527649], "CNCT": [0.2578564516129033, 0.07465146119527649], "COLL": [0.0, 0.07465146119527649], "CRA": [0.021871428571428573, 0.07465146119527649], "CRIS": [0.052683333333333325, 0.07465146119527649], "CRME": [0.0, 0.07465146119527649], "CTIC": [0.0, 0.07465146119527649], "CTRX": [0.011266666666666683, 0.07465146119527649], "CYTK": [0.39141, 0.07465146119527649], "CYTX": [0.4404, 0.07465146119527649], "DEPO": [0.1172, 0.07465146119527649], "DERM": [0.0, 0.07465146119527649], "DNDN": [0.04108, 0.07465146119527649], "DSCO": [0.1147, 0.07465146119527649], "DVAX": [0.10438399999999998, 0.07465146119527649], "EDIT": [0.5207499999999999, 0.07465146119527649], "EMIS": [0.5399, 0.07465146119527649], "ENCY": [-0.04193333333333332, 0.07465146119527649], "ENDP": [0.0, 0.07465146119527649], "ENTA": [0.45630000000000004, 0.07465146119527649], "ENZN": [0.0, 0.07465146119527649], "EXEL": [-0.1095, 0.07465146119527649], "FACT": [-0.16311818181818183, 0.07465146119527649], "FGEN": [0.0, 0.07465146119527649], "FLML": [0.0, 0.07465146119527649], "FOLD": [0.253075, 0.07465146119527649], "FURX": [0.0, 0.07465146119527649], "GERN": [0.0, 0.07465146119527649], "GILD": [-0.0073909090909090895, 0.07465146119527649], "GTXI": [-0.100475, 0.07465146119527649], "HALO": [0.0, 0.07465146119527649], "ICPT": [0.5574, 0.07465146119527649], "ICY": [0.156025, 0.07465146119527649], "IDIX": [0.0, 0.07465146119527649], "ILMN": [0.0, 0.07465146119527649], "ILU": [-0.33315, 0.07465146119527649], "IMGN": [0.0, 0.07465146119527649], "IMMU": [-0.06777999999999999, 0.07465146119527649], "INCR": [0.60015, 0.07465146119527649], "INCY": [0.21075, 0.07465146119527649], "INFI": [0.12343636363636365, 0.07465146119527649], "INHX": [0.0, 0.07465146119527649], "INO": [0.09716363636363635, 0.07465146119527649], "IONS": [0.09695000000000001, 0.07465146119527649], "IPXL": [0.0, 0.07465146119527649], "IRWD": [0.0, 0.07465146119527649], "ISIS": [-0.06465714285714286, 0.07465146119527649], "ISTA": [0.0, 0.07465146119527649], "ITMN": [0.039389999999999994, 0.07465146119527649], "JAZZ": [-0.10856666666666666, 0.07465146119527649], "KERX": [0.03610000000000001, 0.07465146119527649], "KYTH": [0.5574, 0.07465146119527649], "LBIO": [0.0794, 0.07465146119527649], "LIFE": [0.18615, 0.07465146119527649], "LMNX": [0.0, 0.07465146119527649], "LXRX": [0.08038, 0.07465146119527649], "MACK": [0.0, 0.07465146119527649], "MAPP": [0.0, 0.07465146119527649], "MAXY": [0.0, 0.07465146119527649], "MDCO": [0.018299999999999997, 0.07465146119527649], "MDVN": [0.016858333333333333, 0.07465146119527649], "MEDI": [0.06203333333333334, 0.07465146119527649], "MITI": [0.4215, 0.07465146119527649], "MNK": [0.0, 0.07465146119527649], "MNKD": [0.0, 0.07465146119527649], "MNOV": [0.0, 0.07465146119527649], "MNTA": [0.0, 0.07465146119527649], "MYL": [0.08092, 0.07465146119527649], "NBIX": [0.0, 0.07465146119527649], "NH": [0.05620909090909092, 0.07465146119527649], "NK": [0.13342222222222222, 0.07465146119527649], "NKTR": [0.4215, 0.07465146119527649], "NLNK": [0.0, 0.07465146119527649], "NPSP": [0.006137500000000001, 0.07465146119527649], "OMED": [0.0, 0.07465146119527649], "OMER": [0.20291666666666666, 0.07465146119527649], "OMPI": [0.0, 0.07465146119527649], "ONCE": [0.14049999999999999, 0.07465146119527649], "ONVO": [0.0, 0.07465146119527649], "ONXX": [-0.13207142857142856, 0.07465146119527649], "OPTR": [0.128, 0.07465146119527649], "OREX": [-0.03345227272727272, 0.07465146119527649], "OSCI": [0.0, 0.07465146119527649], "PARD": [0.0, 0.07465146119527649], "PCYC": [0.08510000000000001, 0.07465146119527649], "QCOR": [0.0, 0.07465146119527649], "RARE": [0.0, 0.07465146119527649], "RGLS": [0.5574, 0.07465146119527649], "RPTP": [-0.23900000000000002, 0.07465146119527649], "SAGE": [0.10889253731343283, 0.07465146119527649], "SCMP": [0.0, 0.07465146119527649], "SGEN": [0.0, 0.07465146119527649], "SHPG": [0.0193, 0.07465146119527649], "SNTS": [0.0, 0.07465146119527649], "SPPI": [0.04588666666666666, 0.07465146119527649], "SQNM": [-0.2732, 0.07465146119527649], "SRPT": [0.18474482758620692, 0.07465146119527649], "STEM": [0.0, 0.07465146119527649], "TBPH": [0.0, 0.07465146119527649], "TECH": [0.12471612903225807, 0.07465146119527649], "TEVA": [0.0091, 0.07465146119527649], "THLD": [0.057800000000000004, 0.07465146119527649], "THRX": [0.13486666666666666, 0.07465146119527649], "TSRX": [0.25922, 0.07465146119527649], "USD": [0.04140657894736846, 0.07465146119527649], "VICL": [-0.37283333333333335, 0.07465146119527649], "VNDA": [0.0, 0.07465146119527649], "VPHM": [0.128, 0.07465146119527649], "VRTX": [0.1027, 0.07465146119527649], "VVUS": [-0.06935000000000001, 0.07465146119527649], "WCRX": [0.0, 0.07465146119527649], "XOMA": [0.0, 0.07465146119527649], "ZGNX": [0.32031538461538456, 0.07465146119527649], "ZLCS": [0.2644714285714286, 0.07465146119527649]}