{"ACHN": [0.7184, 0.21770011474055184], "AFFY": [0.6369, 0.21770011474055184], "AKRX": [0.6597, 0.21770011474055184], "ALKS": [0.0, 0.21770011474055184], "ALTH": [0.4939, 0.21770011474055184], "ALXN": [0.0, 0.21770011474055184], "AMLN": [0.6369, 0.21770011474055184], "AMRN": [0.0, 0.21770011474055184], "ANTH": [0.20010000000000003, 0.21770011474055184], "APCVZ&": [0.5204, 0.21770011474055184], "APPX": [0.5204, 0.21770011474055184], "ARIA": [0.3182, 0.21770011474055184], "ARNA": [0.24254285714285714, 0.21770011474055184], "ARRY": [0.05212499999999999, 0.21770011474055184], "ARXT": [0.5204, 0.21770011474055184], "ASPX": [0.09809999999999999, 0.21770011474055184], "AST": [0.04493950617283951, 0.21770011474055184], "ASTX": [0.0, 0.21770011474055184], "AXCA": [0.5204, 0.21770011474055184], "BGIXX": [0.5204, 0.21770011474055184], "BIIB": [0.0, 0.21770011474055184], "BIVN": [0.5204, 0.21770011474055184], "BLKFDS": [0.5204, 0.21770011474055184], "BLUE": [-0.056575, 0.21770011474055184], "BLUS": [0.5204, 0.21770011474055184], "BMRN": [-0.4215, 0.21770011474055184], "BPAX": [-0.10963333333333335, 0.21770011474055184], "BRIXX": [0.5204, 0.21770011474055184], "BTRX": [0.5204, 0.21770011474055184], "CELG": [-0.4939, 0.21770011474055184], "CEMP": [0.0, 0.21770011474055184], "CLDX": [0.4312090909090909, 0.21770011474055184], "COLL": [0.0, 0.21770011474055184], "COLY": [0.5204, 0.21770011474055184], "CRA": [-0.34, 0.21770011474055184], "CSKI": [0.0, 0.21770011474055184], "CTIC": [0.0, 0.21770011474055184], "DRAX": [0.5204, 0.21770011474055184], "EDIT": [-0.2263, 0.21770011474055184], "ENCY": [0.0693, 0.21770011474055184], "ENDP": [0.0, 0.21770011474055184], "EURX": [0.5204, 0.21770011474055184], "EXEL": [0.0, 0.21770011474055184], "FOLD": [0.4404, 0.21770011474055184], "FURX": [0.068, 0.21770011474055184], "GHDX": [0.7184, 0.21770011474055184], "GILD": [0.6369, 0.21770011474055184], "GNVC": [0.0, 0.21770011474055184], "HALO": [-0.13674999999999998, 0.21770011474055184], "HBIO": [0.0, 0.21770011474055184], "HGSI": [0.5343611111111112, 0.21770011474055184], "ICPT": [0.0, 0.21770011474055184], "ICY": [0.2602, 0.21770011474055184], "ILU": [0.5204, 0.21770011474055184], "IMGN": [0.0, 0.21770011474055184], "IMMU": [0.0, 0.21770011474055184], "INCY": [0.0, 0.21770011474055184], "INFI": [0.0, 0.21770011474055184], "IONS": [0.4404, 0.21770011474055184], "JAZZ": [0.13396666666666665, 0.21770011474055184], "KERX": [0.148, 0.21770011474055184], "KYTH": [0.0, 0.21770011474055184], "LBIO": [-0.19063333333333332, 0.21770011474055184], "MACK": [0.0, 0.21770011474055184], "MAPP": [0.0, 0.21770011474055184], "MAXY": [0.5106, 0.21770011474055184], "MDVN": [0.5986666666666667, 0.21770011474055184], "MEDI": [-0.1909, 0.21770011474055184], "MLNM": [0.2023, 0.21770011474055184], "MYGN": [0.24695, 0.21770011474055184], "MYL": [0.0, 0.21770011474055184], "NFLD": [0.5204, 0.21770011474055184], "NH": [0.0, 0.21770011474055184], "NK": [0.15571666666666667, 0.21770011474055184], "NRMX": [0.5204, 0.21770011474055184], "ONVO": [-0.34, 0.21770011474055184], "ONXX": [0.3182, 0.21770011474055184], "OPTR": [0.0, 0.21770011474055184], "OREX": [0.0, 0.21770011474055184], "OSCI": [0.2602, 0.21770011474055184], "OSIR": [0.6808, 0.21770011474055184], "PARD": [0.5859, 0.21770011474055184], "PCYC": [0.0, 0.21770011474055184], "POZN": [0.1468, 0.21770011474055184], "REGN": [0.6369, 0.21770011474055184], "SAGE": [0.19898333333333332, 0.21770011474055184], "SGEN": [0.4404, 0.21770011474055184], "SIGA": [0.0, 0.21770011474055184], "SLXA": [0.5204, 0.21770011474055184], "SNTA": [0.0, 0.21770011474055184], "SNTS": [0.31245, 0.21770011474055184], "SQNM": [0.0, 0.21770011474055184], "STEM": [0.0, 0.21770011474055184], "TARO": [0.0, 0.21770011474055184], "TECH": [0.37012777777777767, 0.21770011474055184], "TEVA": [0.0, 0.21770011474055184], "THLD": [0.6369, 0.21770011474055184], "TNOX": [0.5204, 0.21770011474055184], "TWTI": [0.5204, 0.21770011474055184], "USD": [0.03809508196721311, 0.21770011474055184], "VVUS": [0.5003142857142856, 0.21770011474055184], "WCRX": [0.0, 0.21770011474055184], "XNPT": [0.4361555555555556, 0.21770011474055184], "ZLCS": [0.0, 0.21770011474055184]}