{"ACAD": [0.75, 0.20281259321938766], "AFFY": [0.34006206896551705, 0.20281259321938766], "AGEN": [0.11175000000000002, 0.20281259321938766], "AKRX": [0.5106, 0.20281259321938766], "ALIM": [0.7184, 0.20281259321938766], "ALKS": [0.0, 0.20281259321938766], "ALNY": [-0.0572, 0.20281259321938766], "ALTH": [0.50726, 0.20281259321938766], "ALXA": [0.0, 0.20281259321938766], "ALXN": [0.074, 0.20281259321938766], "AMLN": [0.31921666666666665, 0.20281259321938766], "AMRI": [0.7184, 0.20281259321938766], "AMRN": [0.21627380952380945, 0.20281259321938766], "ARIA": [0.10115, 0.20281259321938766], "ARNA": [0.2357037037037037, 0.20281259321938766], "ARWR": [0.0, 0.20281259321938766], "ASPX": [0.06671739130434784, 0.20281259321938766], "AST": [0.06567246376811595, 0.20281259321938766], "ASTX": [0.23835, 0.20281259321938766], "AVII": [0.11295217391304346, 0.20281259321938766], "AVNR": [0.0, 0.20281259321938766], "BIIB": [0.296, 0.20281259321938766], "BMTI": [0.100475, 0.20281259321938766], "BPAX": [0.3054454545454546, 0.20281259321938766], "CADX": [0.0, 0.20281259321938766], "CALP": [0.0, 0.20281259321938766], "CBRX": [0.4767, 0.20281259321938766], "CBST": [0.0, 0.20281259321938766], "CERS": [0.2023, 0.20281259321938766], "CHRS": [0.24771428571428575, 0.20281259321938766], "CLDX": [0.28895238095238096, 0.20281259321938766], "CRA": [-0.025675, 0.20281259321938766], "CTIC": [0.0, 0.20281259321938766], "DEPO": [0.5106, 0.20281259321938766], "DRRX": [0.7184, 0.20281259321938766], "DSCO": [0.4767, 0.20281259321938766], "DVAX": [0.31195, 0.20281259321938766], "DYAX": [0.4939, 0.20281259321938766], "EDIT": [0.3818, 0.20281259321938766], "ENTA": [0.0, 0.20281259321938766], "FURX": [0.0, 0.20281259321938766], "GILD": [0.0, 0.20281259321938766], "HALO": [0.7184, 0.20281259321938766], "HZNP": [0.19436666666666666, 0.20281259321938766], "ICY": [0.0, 0.20281259321938766], "ILMN": [0.2083, 0.20281259321938766], "IMGN": [0.0, 0.20281259321938766], "IMMU": [0.0, 0.20281259321938766], "INO": [0.3147, 0.20281259321938766], "IONS": [0.12190909090909091, 0.20281259321938766], "ISIS": [0.0, 0.20281259321938766], "JAZZ": [0.0, 0.20281259321938766], "KERX": [0.3569333333333333, 0.20281259321938766], "LBIO": [0.07543333333333334, 0.20281259321938766], "LGND": [0.0, 0.20281259321938766], "LIFE": [0.0, 0.20281259321938766], "LXRX": [0.0, 0.20281259321938766], "MACK": [0.0, 0.20281259321938766], "MAPP": [0.33359230769230763, 0.20281259321938766], "MNK": [0.0, 0.20281259321938766], "MNKD": [0.0, 0.20281259321938766], "MYL": [0.3877, 0.20281259321938766], "NABI": [-0.44040000000000007, 0.20281259321938766], "NH": [0.4461125000000001, 0.20281259321938766], "NK": [0.21339999999999998, 0.20281259321938766], "NKTR": [0.0, 0.20281259321938766], "OMER": [0.0, 0.20281259321938766], "OPK": [0.05, 0.20281259321938766], "OPTR": [0.0, 0.20281259321938766], "OREX": [0.24476923076923077, 0.20281259321938766], "PARD": [-0.44040000000000007, 0.20281259321938766], "PDLI": [0.5106, 0.20281259321938766], "QCOR": [0.40848000000000007, 0.20281259321938766], "REGN": [0.0, 0.20281259321938766], "RPTP": [0.0, 0.20281259321938766], "SAGE": [0.15235500000000002, 0.20281259321938766], "SGMO": [0.7184, 0.20281259321938766], "SIGA": [0.3182, 0.20281259321938766], "STEM": [0.0, 0.20281259321938766], "TECH": [0.2667439024390243, 0.20281259321938766], "TELK": [0.7184, 0.20281259321938766], "TEVA": [0.10004285714285714, 0.20281259321938766], "THLD": [0.23157777777777774, 0.20281259321938766], "USD": [0.0066511627906976735, 0.20281259321938766], "VRNM": [0.7184, 0.20281259321938766], "VRTX": [0.31764000000000003, 0.20281259321938766], "VVUS": [0.30386842105263157, 0.20281259321938766], "XNPT": [-0.296, 0.20281259321938766], "XOMA": [0.6628000000000001, 0.20281259321938766], "ZGNX": [0.7184, 0.20281259321938766], "ZLCS": [0.0, 0.20281259321938766]}