{"ACRX": [0.2023, 0.1179711437390911], "ADHD": [-0.2732, 0.1179711437390911], "AEGR": [-0.3612, 0.1179711437390911], "AERI": [0.09866666666666667, 0.1179711437390911], "ALIM": [0.5927, 0.1179711437390911], "ALNY": [0.43657500000000005, 0.1179711437390911], "ALTH": [-0.03207499999999999, 0.1179711437390911], "ALXN": [0.0, 0.1179711437390911], "AMAG": [-0.4404, 0.1179711437390911], "AMGN": [0.6369, 0.1179711437390911], "AMRI": [0.296, 0.1179711437390911], "ANDS": [0.2997, 0.1179711437390911], "ANIP": [0.0, 0.1179711437390911], "ARIA": [0.1917324324324325, 0.1179711437390911], "ARNA": [0.10807499999999999, 0.1179711437390911], "ARRY": [0.10115, 0.1179711437390911], "ARWR": [0.3228285714285714, 0.1179711437390911], "ASPX": [0.009149999999999998, 0.1179711437390911], "AST": [0.03960909090909092, 0.1179711437390911], "AUXL": [0.39185, 0.1179711437390911], "AVEO": [-0.296, 0.1179711437390911], "AXCA": [0.296, 0.1179711437390911], "BIIB": [0.09385454545454545, 0.1179711437390911], "BIOD": [0.0, 0.1179711437390911], "BMRN": [0.09077333333333333, 0.1179711437390911], "CADX": [0.31245, 0.1179711437390911], "CALP": [0.4404, 0.1179711437390911], "CBST": [0.6124, 0.1179711437390911], "CELG": [0.08808, 0.1179711437390911], "CEMP": [-0.23515, 0.1179711437390911], "CMRX": [0.4576, 0.1179711437390911], "CRA": [0.07224, 0.1179711437390911], "CRIS": [0.0, 0.1179711437390911], "CTIC": [0.0, 0.1179711437390911], "CTRX": [0.0, 0.1179711437390911], "DEPO": [-0.1531, 0.1179711437390911], "DRRX": [-0.06709999999999999, 0.1179711437390911], "DSCO": [0.03423333333333333, 0.1179711437390911], "ECYT": [0.0, 0.1179711437390911], "EMIS": [-0.1531, 0.1179711437390911], "ENCY": [-0.1909, 0.1179711437390911], "ENDP": [-0.5859, 0.1179711437390911], "ENTA": [0.21303333333333338, 0.1179711437390911], "EPZM": [0.23835, 0.1179711437390911], "EXEL": [0.0, 0.1179711437390911], "FACT": [0.4767, 0.1179711437390911], "FMI": [0.0, 0.1179711437390911], "FURX": [0.5543666666666667, 0.1179711437390911], "GERN": [0.0, 0.1179711437390911], "GILD": [0.059437500000000004, 0.1179711437390911], "GWPH": [0.31845, 0.1179711437390911], "HALO": [0.10606666666666666, 0.1179711437390911], "HPTX": [0.0, 0.1179711437390911], "ICPT": [0.074, 0.1179711437390911], "ICY": [-0.1366, 0.1179711437390911], "IDIX": [0.0, 0.1179711437390911], "ILMN": [0.027939999999999986, 0.1179711437390911], "INCR": [0.30645, 0.1179711437390911], "INCY": [0.2263, 0.1179711437390911], "INFI": [0.34, 0.1179711437390911], "INGN": [0.0, 0.1179711437390911], "INO": [0.12713333333333335, 0.1179711437390911], "IONS": [-0.07620000000000002, 0.1179711437390911], "ISIS": [0.8655, 0.1179711437390911], "ISTA": [0.0, 0.1179711437390911], "ITMN": [0.4404, 0.1179711437390911], "JAZZ": [0.0, 0.1179711437390911], "KPTI": [0.0, 0.1179711437390911], "LBIO": [0.0, 0.1179711437390911], "LGND": [0.32259166666666667, 0.1179711437390911], "LIFE": [0.0, 0.1179711437390911], "MDCO": [0.21586, 0.1179711437390911], "MEDI": [0.28838888888888853, 0.1179711437390911], "MNK": [0.0013400000000000022, 0.1179711437390911], "MNKD": [0.018500000000000003, 0.1179711437390911], "MNOV": [0.0, 0.1179711437390911], "MYGN": [-0.6597, 0.1179711437390911], "MYL": [0.0, 0.1179711437390911], "NH": [0.25, 0.1179711437390911], "NK": [0.09132333333333335, 0.1179711437390911], "NPSP": [0.159225, 0.1179711437390911], "OMER": [0.0, 0.1179711437390911], "ONCE": [0.0, 0.1179711437390911], "ONTX": [0.0, 0.1179711437390911], "ONVO": [-0.1468, 0.1179711437390911], "OPK": [0.270675, 0.1179711437390911], "OREX": [0.44904, 0.1179711437390911], "PCYC": [0.4215, 0.1179711437390911], "PTIE": [0.3787, 0.1179711437390911], "PTX": [0.0, 0.1179711437390911], "QCOR": [0.029599999999999998, 0.1179711437390911], "REGN": [0.0, 0.1179711437390911], "RGLS": [0.28850000000000003, 0.1179711437390911], "RNAI": [0.0, 0.1179711437390911], "SAGE": [-0.04438333333333333, 0.1179711437390911], "SGEN": [0.5268666666666667, 0.1179711437390911], "SGYP": [-0.14105999999999996, 0.1179711437390911], "SHPG": [0.5568, 0.1179711437390911], "SLXP": [0.0, 0.1179711437390911], "SNTA": [0.3446, 0.1179711437390911], "SQNM": [0.18213333333333334, 0.1179711437390911], "SRPT": [0.055237500000000016, 0.1179711437390911], "STEM": [0.125, 0.1179711437390911], "SUPN": [0.0, 0.1179711437390911], "TECH": [0.12133500000000001, 0.1179711437390911], "USD": [0.28650399999999965, 0.1179711437390911], "VICL": [0.0, 0.1179711437390911], "VPHM": [0.0, 0.1179711437390911], "VRTX": [0.12882, 0.1179711437390911], "VSTM": [0.25, 0.1179711437390911], "VVUS": [0.11254285714285714, 0.1179711437390911], "XOMA": [0.5267, 0.1179711437390911], "ZGNX": [0.4404, 0.1179711437390911], "ZLCS": [0.0, 0.1179711437390911]}