{"AAVL": [0.24984, 0.09961251587682264], "ACAD": [0.3398857142857143, 0.09961251587682264], "ACOR": [-0.013353333333333333, 0.09961251587682264], "ACRX": [0.10533999999999999, 0.09961251587682264], "ADHD": [0.159225, 0.09961251587682264], "ADMS": [0.0, 0.09961251587682264], "ADRO": [0.039745454545454535, 0.09961251587682264], "AEGR": [0.0, 0.09961251587682264], "AERI": [0.0, 0.09961251587682264], "AFFX": [0.035589473684210525, 0.09961251587682264], "AFFY": [0.0, 0.09961251587682264], "AFMD": [0.5303333333333333, 0.09961251587682264], "AGEN": [0.0987, 0.09961251587682264], "AGIO": [0.0, 0.09961251587682264], "AGIX": [0.0, 0.09961251587682264], "AGTC": [0.0, 0.09961251587682264], "AIMT": [0.0, 0.09961251587682264], "AKBA": [0.04228571428571428, 0.09961251587682264], "AKRX": [-0.14859999999999998, 0.09961251587682264], "ALDR": [0.0, 0.09961251587682264], "ALIM": [-0.6369, 0.09961251587682264], "ALKS": [0.0, 0.09961251587682264], "ALNY": [0.1531, 0.09961251587682264], "ALTH": [0.3613806451612903, 0.09961251587682264], "ALXN": [0.005619444444444444, 0.09961251587682264], "AMGN": [0.044869047619047614, 0.09961251587682264], "AMRI": [0.6369, 0.09961251587682264], "AMRN": [0.0, 0.09961251587682264], "ANAC": [0.0, 0.09961251587682264], "ANDS": [0.4793916666666666, 0.09961251587682264], "ANIP": [0.18013333333333334, 0.09961251587682264], "ANTH": [0.7845, 0.09961251587682264], "AQXP": [0.02704563758389261, 0.09961251587682264], "ARDX": [0.0, 0.09961251587682264], "ARIA": [0.19534358974358979, 0.09961251587682264], "ARNA": [0.05445882352941176, 0.09961251587682264], "ARQL": [0.0, 0.09961251587682264], "ARRY": [-0.021699999999999997, 0.09961251587682264], "ARWR": [0.4926, 0.09961251587682264], "ASPX": [-0.2869285714285715, 0.09961251587682264], "AST": [0.09359879518072291, 0.09961251587682264], "ATRA": [0.22199999999999998, 0.09961251587682264], "AVEO": [0.0, 0.09961251587682264], "AVXS": [0.0, 0.09961251587682264], "BCRX": [-0.08, 0.09961251587682264], "BIIB": [0.17833243243243244, 0.09961251587682264], "BIOD": [0.45594, 0.09961251587682264], "BLCM": [0.022312500000000002, 0.09961251587682264], "BLUE": [0.03266470588235294, 0.09961251587682264], "BMRN": [0.02920124999999999, 0.09961251587682264], "BPMC": [0.0, 0.09961251587682264], "CARA": [0.02913333333333333, 0.09961251587682264], "CBPO": [0.296, 0.09961251587682264], "CELG": [0.07438939393939394, 0.09961251587682264], "CEMP": [0.04874285714285714, 0.09961251587682264], "CERS": [0.08409333333333334, 0.09961251587682264], "CGEN": [-0.096, 0.09961251587682264], "CHMA": [-0.011933333333333315, 0.09961251587682264], "CHRS": [0.13391999999999998, 0.09961251587682264], "CLCD": [-0.128, 0.09961251587682264], "CLDN": [0.06617272727272726, 0.09961251587682264], "CLDX": [-0.001389285714285716, 0.09961251587682264], "CLVS": [0.013712499999999999, 0.09961251587682264], "CMRX": [0.10177777777777777, 0.09961251587682264], "COLL": [0.49646, 0.09961251587682264], "CRA": [-0.05626923076923077, 0.09961251587682264], "CRIS": [-0.14258, 0.09961251587682264], "CRME": [0.0, 0.09961251587682264], "CTIC": [0.3967, 0.09961251587682264], "CXRX": [0.0, 0.09961251587682264], "CYTX": [0.14108, 0.09961251587682264], "DBVT": [-0.064, 0.09961251587682264], "DEPO": [-0.09785999999999999, 0.09961251587682264], "DERM": [0.3467428571428571, 0.09961251587682264], "DNAI": [0.4033, 0.09961251587682264], "DRNA": [0.40725, 0.09961251587682264], "DRRX": [0.0, 0.09961251587682264], "DSCO": [0.7934, 0.09961251587682264], "DVAX": [0.003577777777777766, 0.09961251587682264], "DYAX": [0.014950943396226398, 0.09961251587682264], "EDIT": [0.2529, 0.09961251587682264], "EGLT": [-0.7579, 0.09961251587682264], "EGRX": [0.09302222222222221, 0.09961251587682264], "ENCY": [0.50118, 0.09961251587682264], "ENDP": [0.018190909090909087, 0.09961251587682264], "ENTA": [0.009712903225806448, 0.09961251587682264], "ENZN": [0.4115333333333333, 0.09961251587682264], "EPZM": [0.3358333333333334, 0.09961251587682264], "ESPR": [0.009809999999999996, 0.09961251587682264], "EXEL": [0.19835, 0.09961251587682264], "FACT": [-0.21906666666666666, 0.09961251587682264], "FGEN": [0.19590799999999997, 0.09961251587682264], "FLKS": [0.07842142857142857, 0.09961251587682264], "FLML": [0.43374000000000007, 0.09961251587682264], "FLXN": [0.08748571428571429, 0.09961251587682264], "FMI": [0.1366, 0.09961251587682264], "FOLD": [0.0, 0.09961251587682264], "FOMX": [0.0, 0.09961251587682264], "FPRX": [0.0, 0.09961251587682264], "GBT": [0.10212000000000002, 0.09961251587682264], "GERN": [-0.05673333333333334, 0.09961251587682264], "GEVA": [0.07076666666666667, 0.09961251587682264], "GHDX": [0.3751, 0.09961251587682264], "GILD": [0.13877663551401873, 0.09961251587682264], "GNVC": [0.39175, 0.09961251587682264], "GPRO": [0.1085265625, 0.09961251587682264], "GRFS": [0.29205, 0.09961251587682264], "GTXI": [0.04404, 0.09961251587682264], "HALO": [0.10305714285714287, 0.09961251587682264], "HBIO": [-0.2263, 0.09961251587682264], "HITK": [0.0, 0.09961251587682264], "HZNP": [-0.019707142857142857, 0.09961251587682264], "ICPT": [0.31079999999999997, 0.09961251587682264], "ILMN": [0.013486666666666668, 0.09961251587682264], "ILU": [0.0, 0.09961251587682264], "IMCL": [0.0, 0.09961251587682264], "IMDZ": [0.0, 0.09961251587682264], "IMMU": [0.1438, 0.09961251587682264], "INCR": [0.291552380952381, 0.09961251587682264], "INCY": [0.06407142857142857, 0.09961251587682264], "INO": [0.23255999999999996, 0.09961251587682264], "INSM": [-0.07543333333333334, 0.09961251587682264], "INSY": [-0.08505, 0.09961251587682264], "INVA": [0.0, 0.09961251587682264], "IONS": [-0.032630645161290314, 0.09961251587682264], "IPXL": [0.0005500000000000019, 0.09961251587682264], "IRWD": [-0.22766666666666668, 0.09961251587682264], "ISIS": [0.07224, 0.09961251587682264], "ISPH": [0.5719, 0.09961251587682264], "ISTA": [-0.3982, 0.09961251587682264], "ITCI": [0.07483, 0.09961251587682264], "JAZZ": [0.0, 0.09961251587682264], "JUNO": [0.04314333333333333, 0.09961251587682264], "KERX": [0.1165125, 0.09961251587682264], "KITE": [0.054462500000000004, 0.09961251587682264], "KPTI": [0.148, 0.09961251587682264], "LBIO": [0.20661333333333337, 0.09961251587682264], "LGND": [0.02114285714285714, 0.09961251587682264], "LIFE": [0.1806, 0.09961251587682264], "LMNX": [0.0, 0.09961251587682264], "LOXO": [-0.15293333333333334, 0.09961251587682264], "MACK": [0.059199999999999996, 0.09961251587682264], "MCRB": [0.0, 0.09961251587682264], "MDCO": [0.0, 0.09961251587682264], "MDVN": [-0.41133333333333333, 0.09961251587682264], "MEDI": [0.03015111111111111, 0.09961251587682264], "MGNX": [0.3404, 0.09961251587682264], "MNK": [0.028119999999999996, 0.09961251587682264], "MNKD": [0.03124444444444444, 0.09961251587682264], "MNOV": [0.0, 0.09961251587682264], "MNTA": [-0.029369230769230766, 0.09961251587682264], "MRNA": [0.0, 0.09961251587682264], "MYGN": [0.0, 0.09961251587682264], "MYL": [0.06947941176470587, 0.09961251587682264], "MYRX": [0.0, 0.09961251587682264], "NBIX": [0.34040000000000004, 0.09961251587682264], "NDRM": [0.19733333333333333, 0.09961251587682264], "NEOS": [0.0, 0.09961251587682264], "NH": [0.06647142857142858, 0.09961251587682264], "NK": [0.08412727272727274, 0.09961251587682264], "NKTR": [0.16089473684210523, 0.09961251587682264], "NLNK": [0.0, 0.09961251587682264], "NSTG": [0.07294285714285716, 0.09961251587682264], "NVAX": [0.119175, 0.09961251587682264], "NVCR": [0.0, 0.09961251587682264], "OCUL": [0.0, 0.09961251587682264], "OMED": [0.09866666666666667, 0.09961251587682264], "OMER": [0.0, 0.09961251587682264], "ONCE": [0.12283999999999998, 0.09961251587682264], "ONTY": [0.136, 0.09961251587682264], "OPHT": [0.0, 0.09961251587682264], "OPK": [0.1502222222222222, 0.09961251587682264], "OREX": [0.0, 0.09961251587682264], "OSCI": [0.1458857142857143, 0.09961251587682264], "OSIR": [0.0, 0.09961251587682264], "OTIC": [-0.02954444444444446, 0.09961251587682264], "OVAS": [0.06743333333333333, 0.09961251587682264],