{"AKRX": [-0.3612, -0.007462329209461542], "ALNY": [0.0, -0.007462329209461542], "ALTH": [0.4212666666666667, -0.007462329209461542], "ALXA": [0.0, -0.007462329209461542], "AMGN": [-0.10921874999999999, -0.007462329209461542], "AMLN": [0.1468, -0.007462329209461542], "ANDS": [0.0, -0.007462329209461542], "ARIA": [0.015616666666666668, -0.007462329209461542], "ARNA": [0.023083333333333306, -0.007462329209461542], "AST": [0.12976875000000004, -0.007462329209461542], "ATRA": [-0.5719, -0.007462329209461542], "AVII": [0.0, -0.007462329209461542], "AVNR": [-0.022728571428571428, -0.007462329209461542], "BIIB": [0.0595875, -0.007462329209461542], "BIOD": [0.10415, -0.007462329209461542], "BJGP": [0.28235, -0.007462329209461542], "BPAX": [0.0, -0.007462329209461542], "CASC": [0.2023, -0.007462329209461542], "CELG": [-0.5444, -0.007462329209461542], "CERS": [0.0, -0.007462329209461542], "CGPI": [0.0, -0.007462329209461542], "CYTX": [0.0, -0.007462329209461542], "DEPO": [0.0, -0.007462329209461542], "DNDN": [-0.5719, -0.007462329209461542], "EMIS": [0.0, -0.007462329209461542], "ENDP": [0.4767, -0.007462329209461542], "GENZ": [0.12726666666666667, -0.007462329209461542], "GILD": [0.0, -0.007462329209461542], "GNVC": [-0.6324799999999999, -0.007462329209461542], "HGSI": [-0.28595, -0.007462329209461542], "ICEL": [-0.5719, -0.007462329209461542], "ILMN": [0.0, -0.007462329209461542], "ILU": [0.0, -0.007462329209461542], "INCR": [0.08305000000000001, -0.007462329209461542], "INFI": [-0.09796666666666669, -0.007462329209461542], "IONS": [0.0, -0.007462329209461542], "ISTA": [0.5647, -0.007462329209461542], "KERX": [-0.01138333333333333, -0.007462329209461542], "LIFE": [-0.27156, -0.007462329209461542], "MNK": [0.0, -0.007462329209461542], "MNKD": [0.0, -0.007462329209461542], "MRNA": [-0.2732, -0.007462329209461542], "MTXX": [0.0, -0.007462329209461542], "MYL": [0.08092, -0.007462329209461542], "NH": [0.132425, -0.007462329209461542], "NK": [-0.0949, -0.007462329209461542], "NKTR": [-0.4588, -0.007462329209461542], "OMER": [0.5106, -0.007462329209461542], "OMPI": [0.2023, -0.007462329209461542], "OREX": [-0.01031250000000003, -0.007462329209461542], "OSCI": [0.4588, -0.007462329209461542], "OSIP": [0.4404, -0.007462329209461542], "PACB": [0.4588, -0.007462329209461542], "PANC": [-0.7906, -0.007462329209461542], "PARD": [0.13946, -0.007462329209461542], "RIGL": [0.0, -0.007462329209461542], "SAGE": [-0.034924999999999984, -0.007462329209461542], "SLXP": [0.0, -0.007462329209461542], "SUPG": [0.21033333333333334, -0.007462329209461542], "SVNT": [-0.5719, -0.007462329209461542], "TECH": [0.20551851851851854, -0.007462329209461542], "TELK": [0.6808, -0.007462329209461542], "THLD": [-0.7906, -0.007462329209461542], "USD": [-0.05315, -0.007462329209461542], "VRNM": [-0.0578666666666667, -0.007462329209461542], "VRTX": [0.0, -0.007462329209461542], "VVUS": [0.10600666666666661, -0.007462329209461542], "ZLCS": [0.4184, -0.007462329209461542]}