{"ACAD": [0.20257692307692304, 0.058141286945687494], "ACHN": [0.69248, 0.058141286945687494], "ACRX": [-0.012012500000000006, 0.058141286945687494], "AEGR": [0.0, 0.058141286945687494], "AFFY": [-0.05788543689320388, 0.058141286945687494], "AKRX": [-0.5106, 0.058141286945687494], "ALKS": [0.0526875, 0.058141286945687494], "ALNY": [0.03366666666666667, 0.058141286945687494], "ALTH": [0.248775, 0.058141286945687494], "ALXA": [0.15086666666666668, 0.058141286945687494], "AMAG": [0.0, 0.058141286945687494], "AMGN": [-0.041156250000000005, 0.058141286945687494], "AMRI": [0.17072727272727273, 0.058141286945687494], "AMRN": [-0.030208571428571425, 0.058141286945687494], "ANAC": [0.0, 0.058141286945687494], "ANTH": [0.100475, 0.058141286945687494], "ARIA": [-0.022766666666666668, 0.058141286945687494], "ARNA": [0.03971333333333333, 0.058141286945687494], "ARQL": [-0.3612, 0.058141286945687494], "ARRY": [-0.08681999999999998, 0.058141286945687494], "ASPX": [0.12868910891089103, 0.058141286945687494], "AST": [0.01793260869565217, 0.058141286945687494], "ASTX": [-0.09682222222222221, 0.058141286945687494], "AUXL": [0.4019, 0.058141286945687494], "AVNR": [0.0, 0.058141286945687494], "AXCA": [0.4019, 0.058141286945687494], "BCRX": [0.0, 0.058141286945687494], "BIIB": [0.02023, 0.058141286945687494], "BIOD": [0.101, 0.058141286945687494], "BLUE": [0.0, 0.058141286945687494], "BMRN": [0.04975999999999999, 0.058141286945687494], "CALP": [0.5375666666666666, 0.058141286945687494], "CASC": [0.0, 0.058141286945687494], "CBPO": [-0.12755, 0.058141286945687494], "CBRX": [0.0, 0.058141286945687494], "CBST": [0.0, 0.058141286945687494], "CCXI": [0.2023, 0.058141286945687494], "CELG": [0.02743684210526316, 0.058141286945687494], "CEPH": [0.0, 0.058141286945687494], "CERS": [0.2495666666666667, 0.058141286945687494], "CGEN": [-0.38857499999999995, 0.058141286945687494], "CLDX": [0.17337777777777774, 0.058141286945687494], "CLVS": [0.004825, 0.058141286945687494], "COLL": [0.0, 0.058141286945687494], "CRA": [0.39014444444444446, 0.058141286945687494], "CRIS": [0.4019, 0.058141286945687494], "CRME": [0.0, 0.058141286945687494], "CTIC": [-0.064, 0.058141286945687494], "CTRX": [0.28175, 0.058141286945687494], "CYTK": [-0.31912500000000005, 0.058141286945687494], "DEPO": [0.0, 0.058141286945687494], "DRRX": [0.2936, 0.058141286945687494], "DSCO": [0.0, 0.058141286945687494], "DVAX": [0.21185, 0.058141286945687494], "ECYT": [0.02551666666666667, 0.058141286945687494], "ENCY": [0.064, 0.058141286945687494], "ENDP": [0.0, 0.058141286945687494], "ENTA": [0.0, 0.058141286945687494], "ENZN": [0.0, 0.058141286945687494], "ESPR": [0.0, 0.058141286945687494], "EXEL": [-0.1806, 0.058141286945687494], "FACT": [-0.09866666666666667, 0.058141286945687494], "FOLD": [0.15465555555555555, 0.058141286945687494], "FURX": [0.06021428571428571, 0.058141286945687494], "GERN": [-0.14476153846153844, 0.058141286945687494], "GHDX": [0.0, 0.058141286945687494], "GILD": [0.3182347826086956, 0.058141286945687494], "GTXI": [0.2869, 0.058141286945687494], "HALO": [0.24635, 0.058141286945687494], "HGSI": [0.0, 0.058141286945687494], "HPTX": [0.05165, 0.058141286945687494], "HZNP": [0.08645263157894738, 0.058141286945687494], "ICEL": [0.1191, 0.058141286945687494], "ICPT": [-0.21075, 0.058141286945687494], "ICY": [-0.02054, 0.058141286945687494], "ILMN": [0.0, 0.058141286945687494], "ILU": [-0.2675714285714286, 0.058141286945687494], "IMMU": [0.022766666666666668, 0.058141286945687494], "INCR": [0.02054, 0.058141286945687494], "INCY": [-0.016523809523809514, 0.058141286945687494], "INFI": [-0.30557999999999996, 0.058141286945687494], "INO": [0.08415625, 0.058141286945687494], "INSM": [0.0777952380952381, 0.058141286945687494], "IONS": [0.05331874999999999, 0.058141286945687494], "IPXL": [-0.0256, 0.058141286945687494], "IRWD": [0.134975, 0.058141286945687494], "ISIS": [0.4345, 0.058141286945687494], "ISPH": [0.5719, 0.058141286945687494], "ISTA": [0.013999999999999988, 0.058141286945687494], "ITMN": [0.0, 0.058141286945687494], "JAZZ": [0.29488181818181824, 0.058141286945687494], "KERX": [0.15033157894736837, 0.058141286945687494], "KYTH": [0.2046, 0.058141286945687494], "LBIO": [0.2034375, 0.058141286945687494], "LGND": [0.151725, 0.058141286945687494], "LIFE": [0.0, 0.058141286945687494], "LMNX": [0.0, 0.058141286945687494], "LXRX": [0.0, 0.058141286945687494], "MACK": [0.0, 0.058141286945687494], "MDCO": [0.0, 0.058141286945687494], "MDVN": [0.10556666666666666, 0.058141286945687494], "MEDI": [0.145625, 0.058141286945687494], "MNK": [0.13633529411764708, 0.058141286945687494], "MNKD": [0.13633529411764708, 0.058141286945687494], "MYGN": [0.3167, 0.058141286945687494], "MYL": [0.06364, 0.058141286945687494], "NH": [-0.09818125, 0.058141286945687494], "NK": [0.07651000000000005, 0.058141286945687494], "NKTR": [0.03516249999999999, 0.058141286945687494], "NLNK": [0.036576923076923076, 0.058141286945687494], "NOVN": [0.5885, 0.058141286945687494], "NPSP": [0.0, 0.058141286945687494], "NVAX": [0.24629500000000007, 0.058141286945687494], "OMER": [0.12408, 0.058141286945687494], "OMPI": [0.0, 0.058141286945687494], "ONCE": [-0.02238333333333332, 0.058141286945687494], "ONTY": [-0.4082666666666667, 0.058141286945687494], "ONVO": [0.30410000000000004, 0.058141286945687494], "ONXX": [0.2070769230769231, 0.058141286945687494], "OPK": [0.35015, 0.058141286945687494], "OREX": [0.0774421052631579, 0.058141286945687494], "OTIC": [0.0, 0.058141286945687494], "PACB": [-0.5267, 0.058141286945687494], "PCRX": [0.4404, 0.058141286945687494], "PCYC": [0.50952, 0.058141286945687494], "PGNX": [0.0, 0.058141286945687494], "PTX": [-0.14081666666666667, 0.058141286945687494], "QCOR": [0.42135999999999996, 0.058141286945687494], "RNAI": [-0.3818, 0.058141286945687494], "SAGE": [0.17573999999999992, 0.058141286945687494], "SCLN": [0.0, 0.058141286945687494], "SCMP": [0.13674444444444445, 0.058141286945687494], "SGEN": [0.0, 0.058141286945687494], "SGYP": [0.07509999999999999, 0.058141286945687494], "SHPG": [-0.3818, 0.058141286945687494], "SIGA": [0.0, 0.058141286945687494], "SLXP": [0.0, 0.058141286945687494], "SNTA": [-0.5093, 0.058141286945687494], "SNTS": [0.21067999999999998, 0.058141286945687494], "SPPI": [-0.11685, 0.058141286945687494], "SQNM": [-0.06364, 0.058141286945687494], "SRPT": [0.1815651162790698, 0.058141286945687494], "STEM": [0.36268750000000005, 0.058141286945687494], "SUPN": [-0.09962, 0.058141286945687494], "SVA": [0.13486666666666666, 0.058141286945687494], "TBPH": [0.0, 0.058141286945687494], "TECH": [0.12856226415094338, 0.058141286945687494], "TEVA": [0.09431666666666666, 0.058141286945687494], "THLD": [0.06743333333333333, 0.058141286945687494], "THRX": [-0.148, 0.058141286945687494], "TRGT": [-0.03391666666666667, 0.058141286945687494], "TSRO": [-0.3412, 0.058141286945687494], "TSRX": [0.07775499999999999, 0.058141286945687494], "TTPH": [0.0, 0.058141286945687494], "USD": [0.08104424242424241, 0.058141286945687494], "UTHR": [0.032888888888888884, 0.058141286945687494], "VPHM": [0.2023, 0.058141286945687494], "VRNM": [0.0, 0.058141286945687494], "VRTX": [0.33858, 0.058141286945687494], "VRUS": [0.0, 0.058141286945687494], "VSTM": [0.0, 0.058141286945687494], "VTL": [0.0, 0.058141286945687494], "VVUS": [0.03431666666666669, 0.058141286945687494], "WCRX": [-0.28595, 0.058141286945687494], "XNPT": [0.04228571428571428, 0.058141286945687494], "XOMA": [0.26861818181818187, 0.058141286945687494], "ZLCS": [0.270775, 0.058141286945687494]}