{"ACAD": [0.09627380952380953, 0.10525650346782801], "ACHN": [0.03182, 0.10525650346782801], "ACOR": [0.0, 0.10525650346782801], "ACRX": [0.0, 0.10525650346782801], "AEGR": [0.2787722222222222, 0.10525650346782801], "AFFX": [0.1147, 0.10525650346782801], "AFFY": [0.09545, 0.10525650346782801], "AGEN": [0.0, 0.10525650346782801], "ALIM": [0.0086, 0.10525650346782801], "ALKS": [0.00045, 0.10525650346782801], "ALNY": [0.2732, 0.10525650346782801], "ALTH": [0.5050714285714285, 0.10525650346782801], "ALXN": [0.23697, 0.10525650346782801], "AMGN": [0.12098000000000003, 0.10525650346782801], "AMRI": [0.0, 0.10525650346782801], "AMRN": [0.15358999999999998, 0.10525650346782801], "ANAC": [0.21075, 0.10525650346782801], "ANDS": [-0.2411, 0.10525650346782801], "ANTH": [0.0, 0.10525650346782801], "ARIA": [-0.029485714285714285, 0.10525650346782801], "ARNA": [-0.004168965517241387, 0.10525650346782801], "ARQL": [0.09866666666666667, 0.10525650346782801], "ARRY": [0.0, 0.10525650346782801], "ARWR": [-0.08036666666666667, 0.10525650346782801], "ASPX": [0.025733333333333334, 0.10525650346782801], "AST": [-0.045702702702702686, 0.10525650346782801], "ASTX": [0.085, 0.10525650346782801], "ATRA": [0.0, 0.10525650346782801], "AVEO": [0.0, 0.10525650346782801], "AVNR": [0.09013846153846153, 0.10525650346782801], "BCRX": [0.0, 0.10525650346782801], "BIIB": [0.13252499999999998, 0.10525650346782801], "BIOD": [0.11407857142857143, 0.10525650346782801], "BLUE": [0.2384, 0.10525650346782801], "BMRN": [0.0, 0.10525650346782801], "BPAX": [-0.050575, 0.10525650346782801], "CBRX": [0.0, 0.10525650346782801], "CBST": [-0.0516, 0.10525650346782801], "CCXI": [0.128, 0.10525650346782801], "CELG": [0.10623684210526316, 0.10525650346782801], "CEMP": [0.18354545454545457, 0.10525650346782801], "CERS": [0.2732, 0.10525650346782801], "CLDX": [0.1364625, 0.10525650346782801], "CLVS": [0.2827, 0.10525650346782801], "COLL": [0.0, 0.10525650346782801], "CRA": [0.26534545454545455, 0.10525650346782801], "CRIS": [0.0683, 0.10525650346782801], "CTIC": [0.3226333333333333, 0.10525650346782801], "CTRX": [0.0, 0.10525650346782801], "CYTK": [0.09021666666666665, 0.10525650346782801], "DRRX": [0.07224, 0.10525650346782801], "DSCO": [0.0, 0.10525650346782801], "DVAX": [0.24898571428571428, 0.10525650346782801], "ECYT": [-0.49429999999999996, 0.10525650346782801], "EDIT": [0.0, 0.10525650346782801], "ENCY": [0.05429999999999999, 0.10525650346782801], "ENDP": [-0.13455, 0.10525650346782801], "ENTA": [-0.024900000000000005, 0.10525650346782801], "ENZN": [0.0, 0.10525650346782801], "EPZM": [0.3844666666666667, 0.10525650346782801], "ESPR": [0.2533653846153846, 0.10525650346782801], "FACT": [0.21075, 0.10525650346782801], "FLML": [0.0, 0.10525650346782801], "FMI": [0.0, 0.10525650346782801], "FOLD": [0.0, 0.10525650346782801], "FURX": [0.0, 0.10525650346782801], "GENZ": [0.0, 0.10525650346782801], "GERN": [0.2625, 0.10525650346782801], "GILD": [-0.04126530612244898, 0.10525650346782801], "GNVC": [0.0, 0.10525650346782801], "HALO": [0.1864, 0.10525650346782801], "HZNP": [0.8356, 0.10525650346782801], "ICEL": [0.4404, 0.10525650346782801], "ICPT": [0.296, 0.10525650346782801], "ICY": [0.370425, 0.10525650346782801], "IDIX": [0.0, 0.10525650346782801], "ILMN": [0.17182999999999998, 0.10525650346782801], "IMGN": [0.3058666666666667, 0.10525650346782801], "IMMU": [0.18930000000000002, 0.10525650346782801], "INCR": [0.0, 0.10525650346782801], "INCY": [0.0, 0.10525650346782801], "INFI": [0.18489999999999998, 0.10525650346782801], "INO": [0.2512677419354839, 0.10525650346782801], "INSM": [0.29295, 0.10525650346782801], "IONS": [0.02987500000000001, 0.10525650346782801], "ISIS": [0.13136153846153847, 0.10525650346782801], "ISTA": [0.091525, 0.10525650346782801], "JAZZ": [0.537, 0.10525650346782801], "KERX": [0.0, 0.10525650346782801], "LBIO": [0.03963333333333333, 0.10525650346782801], "LIFE": [0.023842857142857134, 0.10525650346782801], "MACK": [0.0, 0.10525650346782801], "MAPP": [0.0, 0.10525650346782801], "MDVN": [-0.08327499999999999, 0.10525650346782801], "MEDI": [-0.06441666666666666, 0.10525650346782801], "MNK": [0.20159333333333335, 0.10525650346782801], "MNKD": [0.20159333333333335, 0.10525650346782801], "MNTA": [-0.14049999999999999, 0.10525650346782801], "MYL": [0.0, 0.10525650346782801], "NBIX": [0.2202, 0.10525650346782801], "NH": [0.0363909090909091, 0.10525650346782801], "NK": [0.1408967741935484, 0.10525650346782801], "NKTR": [0.30358999999999997, 0.10525650346782801], "NLNK": [0.07525, 0.10525650346782801], "NOVN": [0.4215, 0.10525650346782801], "NPSP": [0.0, 0.10525650346782801], "NSTG": [0.004181818181818181, 0.10525650346782801], "NVAX": [0.21075, 0.10525650346782801], "OMER": [0.0, 0.10525650346782801], "ONCE": [0.28099999999999997, 0.10525650346782801], "ONXX": [0.0, 0.10525650346782801], "OPK": [0.0, 0.10525650346782801], "OREX": [-0.005021428571428573, 0.10525650346782801], "PANC": [-0.20185, 0.10525650346782801], "PCRX": [0.296, 0.10525650346782801], "PCYC": [0.0, 0.10525650346782801], "PRGO": [0.0, 0.10525650346782801], "PTCT": [0.4419428571428572, 0.10525650346782801], "PTLA": [0.40078571428571425, 0.10525650346782801], "QCOR": [0.4585, 0.10525650346782801], "RARE": [0.38285714285714284, 0.10525650346782801], "REGN": [0.31205, 0.10525650346782801], "RGLS": [0.0, 0.10525650346782801], "RNAI": [0.5574, 0.10525650346782801], "RPTP": [0.255, 0.10525650346782801], "SAGE": [0.0129, 0.10525650346782801], "SCLN": [0.0, 0.10525650346782801], "SCMP": [0.0, 0.10525650346782801], "SGEN": [0.41942500000000005, 0.10525650346782801], "SGMO": [0.0, 0.10525650346782801], "SGYP": [0.20095, 0.10525650346782801], "SHPG": [0.2023, 0.10525650346782801], "SLXP": [-0.2732, 0.10525650346782801], "SNTA": [0.13896666666666666, 0.10525650346782801], "SNTS": [0.13227142857142857, 0.10525650346782801], "SPPI": [0.2983, 0.10525650346782801], "SQNM": [0.0172, 0.10525650346782801], "SRPT": [0.0760390625, 0.10525650346782801], "STEM": [-0.29528571428571426, 0.10525650346782801], "SUPN": [0.0, 0.10525650346782801], "TBPH": [0.296, 0.10525650346782801], "TECH": [0.11371714285714285, 0.10525650346782801], "TEVA": [0.0, 0.10525650346782801], "THRX": [0.37283333333333335, 0.10525650346782801], "TRGT": [0.28595, 0.10525650346782801], "TSRO": [0.33173571428571424, 0.10525650346782801], "TSRX": [0.1531, 0.10525650346782801], "USD": [-0.0317891304347826, 0.10525650346782801], "VRTX": [0.21404545454545457, 0.10525650346782801], "VSTM": [-0.22123333333333328, 0.10525650346782801], "VTL": [0.2023, 0.10525650346782801], "VVUS": [-0.1441, 0.10525650346782801], "XOMA": [0.0, 0.10525650346782801], "ZGNX": [-0.03463333333333334, 0.10525650346782801], "ZLCS": [-0.2940333333333333, 0.10525650346782801]}