{"ACAD": [0.7184, 0.1362436346617448], "ACHN": [0.0734, 0.1362436346617448], "ADRO": [0.5267, 0.1362436346617448], "AKRX": [0.0, 0.1362436346617448], "ALTH": [0.0, 0.1362436346617448], "ALTU": [0.0, 0.1362436346617448], "ALXA": [0.0, 0.1362436346617448], "ALXN": [-0.1458857142857143, 0.1362436346617448], "AMGN": [0.0, 0.1362436346617448], "AMLN": [0.0, 0.1362436346617448], "AMRN": [0.20238095238095238, 0.1362436346617448], "ANTH": [0.0, 0.1362436346617448], "ARIA": [0.3724285714285714, 0.1362436346617448], "ARRY": [0.7184, 0.1362436346617448], "ASPX": [0.058099999999999985, 0.1362436346617448], "AST": [0.020328571428571432, 0.1362436346617448], "AUXL": [0.296, 0.1362436346617448], "BIIB": [0.5574, 0.1362436346617448], "BIOD": [0.7184, 0.1362436346617448], "BLUE": [0.0, 0.1362436346617448], "BPAX": [0.06743333333333333, 0.1362436346617448], "CALP": [0.5267, 0.1362436346617448], "CBRX": [0.6489, 0.1362436346617448], "CBST": [0.0, 0.1362436346617448], "COLL": [0.0, 0.1362436346617448], "CRA": [0.0, 0.1362436346617448], "CRIS": [0.0, 0.1362436346617448], "CTIC": [0.17902307692307692, 0.1362436346617448], "CYTK": [0.0, 0.1362436346617448], "DEPO": [-0.5106, 0.1362436346617448], "DNDN": [0.4404, 0.1362436346617448], "DRRX": [0.0, 0.1362436346617448], "DYAX": [0.7184, 0.1362436346617448], "ENDP": [0.0, 0.1362436346617448], "FLKS": [0.0, 0.1362436346617448], "FOLD": [0.0449, 0.1362436346617448], "FURX": [0.0, 0.1362436346617448], "GHDX": [0.0, 0.1362436346617448], "GILD": [0.0, 0.1362436346617448], "GNTA": [0.2023, 0.1362436346617448], "HALO": [0.0, 0.1362436346617448], "ICY": [0.0992, 0.1362436346617448], "IDIX": [0.1709125, 0.1362436346617448], "ILMN": [0.0, 0.1362436346617448], "IMGN": [0.43104000000000003, 0.1362436346617448], "INCY": [0.0, 0.1362436346617448], "INFI": [-0.23026666666666665, 0.1362436346617448], "INSM": [0.11988000000000001, 0.1362436346617448], "ISTA": [0.0, 0.1362436346617448], "ITMN": [0.0, 0.1362436346617448], "JAZZ": [0.10115, 0.1362436346617448], "KERX": [0.51912, 0.1362436346617448], "LBIO": [0.0, 0.1362436346617448], "MACK": [0.5777, 0.1362436346617448], "MEDI": [0.0, 0.1362436346617448], "MITI": [0.0, 0.1362436346617448], "NH": [-0.028735294117647053, 0.1362436346617448], "NK": [-0.04935, 0.1362436346617448], "OMED": [-0.2553, 0.1362436346617448], "ONXX": [0.25, 0.1362436346617448], "OREX": [0.5388000000000001, 0.1362436346617448], "PANC": [-0.6908, 0.1362436346617448], "QCOR": [0.0, 0.1362436346617448], "SAGE": [0.14334166666666662, 0.1362436346617448], "SGEN": [-0.34, 0.1362436346617448], "SIGA": [0.7184, 0.1362436346617448], "SLXP": [0.0, 0.1362436346617448], "SPPI": [-0.6369, 0.1362436346617448], "SQNM": [0.3715, 0.1362436346617448], "STEM": [0.0, 0.1362436346617448], "TECH": [0.2530210526315789, 0.1362436346617448], "TEVA": [0.21230000000000002, 0.1362436346617448], "USD": [0.01736413502109705, 0.1362436346617448], "UTHR": [0.4939, 0.1362436346617448], "VICL": [0.296, 0.1362436346617448], "VPHM": [0.7184, 0.1362436346617448], "VRTX": [0.25657368421052634, 0.1362436346617448]}