{"ACAD": [0.0, 0.06572899728862296], "ACOR": [0.0, 0.06572899728862296], "ACRX": [0.0, 0.06572899728862296], "ADLR": [0.33674375, 0.06572899728862296], "AFFX": [0.296, 0.06572899728862296], "AFFY": [0.1741125, 0.06572899728862296], "AGEN": [-0.5574, 0.06572899728862296], "AKRX": [0.2553, 0.06572899728862296], "ALKS": [0.28099999999999997, 0.06572899728862296], "ALTH": [0.12738, 0.06572899728862296], "ALXA": [0.0, 0.06572899728862296], "ALXN": [0.0, 0.06572899728862296], "AMGN": [0.02911666666666667, 0.06572899728862296], "AMLN": [0.07663636363636363, 0.06572899728862296], "AMRN": [0.09134285714285714, 0.06572899728862296], "ANAC": [0.050575, 0.06572899728862296], "ANDS": [-0.0507, 0.06572899728862296], "ARIA": [0.098825, 0.06572899728862296], "ARNA": [0.0, 0.06572899728862296], "ASPX": [0.0, 0.06572899728862296], "AST": [0.04280571428571428, 0.06572899728862296], "AVII": [0.0, 0.06572899728862296], "AVNR": [0.0, 0.06572899728862296], "BCRX": [0.0, 0.06572899728862296], "BIIB": [0.4242666666666666, 0.06572899728862296], "BLUE": [0.0, 0.06572899728862296], "BMRN": [0.0, 0.06572899728862296], "BPAX": [0.0, 0.06572899728862296], "CBRX": [-0.0258, 0.06572899728862296], "CELG": [0.08747142857142856, 0.06572899728862296], "CEPH": [0.0, 0.06572899728862296], "CLDX": [-0.39581999999999995, 0.06572899728862296], "COLL": [0.0, 0.06572899728862296], "CSKI": [-0.10115, 0.06572899728862296], "CTIC": [-0.09620000000000004, 0.06572899728862296], "CYTK": [0.10206666666666668, 0.06572899728862296], "CYTX": [0.04118, 0.06572899728862296], "DEPO": [0.2023, 0.06572899728862296], "DNDN": [-0.05212499999999999, 0.06572899728862296], "ECYT": [0.0, 0.06572899728862296], "ENCY": [0.0, 0.06572899728862296], "ENDP": [0.0, 0.06572899728862296], "ENTA": [0.2296, 0.06572899728862296], "ENZN": [0.059199999999999996, 0.06572899728862296], "EXEL": [-0.26335, 0.06572899728862296], "FACT": [0.46775, 0.06572899728862296], "FOLD": [0.0, 0.06572899728862296], "GENZ": [0.0, 0.06572899728862296], "GERN": [0.0, 0.06572899728862296], "GILD": [0.20312000000000002, 0.06572899728862296], "HGSI": [0.0, 0.06572899728862296], "ICEL": [-0.16, 0.06572899728862296], "IDIX": [-0.10159999999999998, 0.06572899728862296], "ILMN": [0.6369, 0.06572899728862296], "IMGN": [0.0, 0.06572899728862296], "IMMU": [-0.6597, 0.06572899728862296], "INCR": [0.0, 0.06572899728862296], "INGN": [0.0, 0.06572899728862296], "INHX": [0.33402, 0.06572899728862296], "INO": [-0.119175, 0.06572899728862296], "INSM": [0.0, 0.06572899728862296], "IONS": [0.322575, 0.06572899728862296], "IRWD": [0.36600000000000005, 0.06572899728862296], "JAZZ": [-0.039775, 0.06572899728862296], "KERX": [-0.13893999999999998, 0.06572899728862296], "LBIO": [0.0, 0.06572899728862296], "LGND": [0.0, 0.06572899728862296], "LIFE": [0.0, 0.06572899728862296], "LMNX": [0.0, 0.06572899728862296], "LXRX": [-0.0703, 0.06572899728862296], "MACK": [0.0, 0.06572899728862296], "MDVN": [0.0, 0.06572899728862296], "MEDI": [0.2023, 0.06572899728862296], "MNK": [0.0, 0.06572899728862296], "MNKD": [0.0, 0.06572899728862296], "MNTA": [0.21125000000000002, 0.06572899728862296], "MRNA": [0.0, 0.06572899728862296], "MYGN": [0.0, 0.06572899728862296], "MYL": [-0.003683333333333344, 0.06572899728862296], "MYRX": [0.1531, 0.06572899728862296], "NBIX": [0.4215, 0.06572899728862296], "NH": [0.27835, 0.06572899728862296], "NK": [0.22811333333333333, 0.06572899728862296], "NKTR": [0.5423, 0.06572899728862296], "NPSP": [0.0, 0.06572899728862296], "OMER": [0.10194, 0.06572899728862296], "ONCE": [0.4019, 0.06572899728862296], "ONTY": [0.2787, 0.06572899728862296], "ONXX": [0.16463333333333333, 0.06572899728862296], "OPTR": [0.06473333333333334, 0.06572899728862296], "OREX": [0.038385714285714294, 0.06572899728862296], "OSCI": [0.2023, 0.06572899728862296], "OSIR": [0.0, 0.06572899728862296], "PDLI": [0.034, 0.06572899728862296], "PGNX": [0.5423, 0.06572899728862296], "QCOR": [0.0, 0.06572899728862296], "SAGE": [0.0, 0.06572899728862296], "SGEN": [-0.08549999999999998, 0.06572899728862296], "SGMO": [0.06743333333333333, 0.06572899728862296], "SGYP": [-0.296, 0.06572899728862296], "SIGA": [0.0, 0.06572899728862296], "SPPI": [0.29295, 0.06572899728862296], "SQNM": [0.0, 0.06572899728862296], "STEM": [0.0, 0.06572899728862296], "SUPG": [0.0, 0.06572899728862296], "SVA": [0.0, 0.06572899728862296], "TECH": [0.0982193548387097, 0.06572899728862296], "TEVA": [0.1147, 0.06572899728862296], "THLD": [0.29312499999999997, 0.06572899728862296], "THRX": [0.43384, 0.06572899728862296], "TRGT": [0.0, 0.06572899728862296], "TSRX": [0.4592, 0.06572899728862296], "USD": [0.061507317073170725, 0.06572899728862296], "UTHR": [0.0, 0.06572899728862296], "VPHM": [0.0, 0.06572899728862296], "VRNM": [0.0, 0.06572899728862296], "VRTX": [0.0, 0.06572899728862296], "VRUS": [0.0962, 0.06572899728862296], "VVUS": [0.0, 0.06572899728862296], "XNPT": [0.0, 0.06572899728862296], "XOMA": [0.0, 0.06572899728862296], "ZGNX": [0.07655, 0.06572899728862296], "ZLCS": [0.10606666666666666, 0.06572899728862296]}