{"ACOR": [0.0, -0.16833818477822976], "AKRX": [0.0, -0.16833818477822976], "ALNY": [-0.17830000000000001, -0.16833818477822976], "ALTH": [-0.296, -0.16833818477822976], "AMGN": [0.10422758620689654, -0.16833818477822976], "APCVZ&": [-0.5349, -0.16833818477822976], "APPX": [-0.5349, -0.16833818477822976], "ARXT": [-0.5349, -0.16833818477822976], "AST": [0.07315, -0.16833818477822976], "AVII": [-0.07347499999999998, -0.16833818477822976], "AXCA": [-0.5349, -0.16833818477822976], "BCRX": [-0.24053846153846153, -0.16833818477822976], "BGIXX": [-0.5349, -0.16833818477822976], "BIVN": [-0.5349, -0.16833818477822976], "BLKFDS": [-0.5349, -0.16833818477822976], "BLUS": [-0.5349, -0.16833818477822976], "BRIXX": [-0.5349, -0.16833818477822976], "BTRX": [-0.5349, -0.16833818477822976], "CALP": [0.0, -0.16833818477822976], "CERS": [0.0, -0.16833818477822976], "CLDX": [0.0, -0.16833818477822976], "COLY": [-0.5349, -0.16833818477822976], "CRA": [-0.5541999999999999, -0.16833818477822976], "CRIS": [0.4767, -0.16833818477822976], "CTIC": [0.0, -0.16833818477822976], "DRAX": [-0.5349, -0.16833818477822976], "ENCY": [-0.5349, -0.16833818477822976], "ENTA": [0.0, -0.16833818477822976], "ENZN": [0.0, -0.16833818477822976], "EPIX": [0.2023, -0.16833818477822976], "EURX": [-0.5349, -0.16833818477822976], "GERN": [0.16537500000000002, -0.16833818477822976], "GILD": [0.0, -0.16833818477822976], "HGSI": [0.07808461538461538, -0.16833818477822976], "ICY": [-0.5349, -0.16833818477822976], "ILU": [-0.41545, -0.16833818477822976], "IONS": [-0.0067499999999999965, -0.16833818477822976], "ISTA": [0.07355714285714286, -0.16833818477822976], "JAZZ": [0.12158, -0.16833818477822976], "KERX": [0.0, -0.16833818477822976], "LIFE": [0.0, -0.16833818477822976], "LXRX": [0.2202, -0.16833818477822976], "MEDI": [-0.148, -0.16833818477822976], "MNK": [-0.3818, -0.16833818477822976], "MNKD": [-0.3818, -0.16833818477822976], "MYL": [-0.148, -0.16833818477822976], "NFLD": [-0.5349, -0.16833818477822976], "NH": [0.5574, -0.16833818477822976], "NK": [0.11756249999999997, -0.16833818477822976], "NRMX": [-0.5349, -0.16833818477822976], "NVAX": [-0.30891818181818187, -0.16833818477822976], "OMER": [-0.2023, -0.16833818477822976], "OREX": [0.0, -0.16833818477822976], "OSCI": [-0.47490000000000004, -0.16833818477822976], "PARD": [0.1858, -0.16833818477822976], "QLTI": [0.0, -0.16833818477822976], "RDEA": [-0.4449, -0.16833818477822976], "SAGE": [0.13486666666666666, -0.16833818477822976], "SGMO": [0.0, -0.16833818477822976], "SLXA": [-0.5349, -0.16833818477822976], "SPPI": [0.4404, -0.16833818477822976], "SQNM": [-0.1909, -0.16833818477822976], "STEM": [0.1746142857142857, -0.16833818477822976], "SVA": [-0.3865272727272728, -0.16833818477822976], "TECH": [0.0, -0.16833818477822976], "TLCR": [0.4767, -0.16833818477822976], "TNOX": [-0.5349, -0.16833818477822976], "TRMS": [0.0, -0.16833818477822976], "TWTI": [-0.5349, -0.16833818477822976], "USD": [-0.023770000000000006, -0.16833818477822976], "VVUS": [0.0, -0.16833818477822976]}