{"AFFY": [0.0, 0.06489438571335311], "AKRX": [0.2023, 0.06489438571335311], "ALKS": [0.0, 0.06489438571335311], "ALTH": [0.4404, 0.06489438571335311], "ALXA": [0.1806, 0.06489438571335311], "ALXN": [-0.022599999999999995, 0.06489438571335311], "AMGN": [0.0, 0.06489438571335311], "AMRN": [0.0, 0.06489438571335311], "ANAC": [0.3818, 0.06489438571335311], "ANDS": [0.0, 0.06489438571335311], "ARNA": [0.14994000000000002, 0.06489438571335311], "ARQL": [-0.2732, 0.06489438571335311], "ARRY": [0.2553, 0.06489438571335311], "ASPX": [0.010861111111111111, 0.06489438571335311], "AST": [0.10495333333333332, 0.06489438571335311], "AVII": [0.09285, 0.06489438571335311], "AVNR": [0.1909, 0.06489438571335311], "BMRN": [0.0, 0.06489438571335311], "BMTI": [0.3818, 0.06489438571335311], "CBRX": [0.34, 0.06489438571335311], "CERS": [0.0, 0.06489438571335311], "CRIS": [0.27446666666666664, 0.06489438571335311], "CRME": [0.1027, 0.06489438571335311], "CSKI": [0.24874000000000002, 0.06489438571335311], "CTIC": [0.0, 0.06489438571335311], "DVAX": [0.0, 0.06489438571335311], "DYAX": [0.0, 0.06489438571335311], "ENDP": [-0.19063333333333332, 0.06489438571335311], "ENTA": [0.1909, 0.06489438571335311], "EXEL": [0.0, 0.06489438571335311], "FACT": [0.059233333333333325, 0.06489438571335311], "GENZ": [0.08324285714285715, 0.06489438571335311], "GERN": [-0.17, 0.06489438571335311], "GILD": [0.06586, 0.06489438571335311], "ICEL": [0.4927, 0.06489438571335311], "IMGN": [0.0, 0.06489438571335311], "IMMU": [0.0, 0.06489438571335311], "INCY": [-0.2732, 0.06489438571335311], "INHX": [0.0, 0.06489438571335311], "IONS": [0.06575, 0.06489438571335311], "JAZZ": [0.195, 0.06489438571335311], "LIFE": [-0.135575, 0.06489438571335311], "LMNX": [0.3818, 0.06489438571335311], "MACK": [0.0, 0.06489438571335311], "MDCO": [0.0, 0.06489438571335311], "MDVN": [0.0, 0.06489438571335311], "MEDI": [0.0, 0.06489438571335311], "MYGN": [0.0, 0.06489438571335311], "MYL": [0.0, 0.06489438571335311], "NABI": [0.0, 0.06489438571335311], "NH": [0.0, 0.06489438571335311], "NK": [0.048924999999999996, 0.06489438571335311], "OMED": [0.0, 0.06489438571335311], "OREX": [-0.148, 0.06489438571335311], "POZN": [-0.2732, 0.06489438571335311], "PPCO": [-0.12216666666666665, 0.06489438571335311], "PRGO": [0.0, 0.06489438571335311], "PTIE": [0.0, 0.06489438571335311], "RDEA": [0.0, 0.06489438571335311], "SAGE": [0.0, 0.06489438571335311], "SCLN": [0.022862500000000004, 0.06489438571335311], "SPPI": [0.21075, 0.06489438571335311], "STEM": [-0.3182, 0.06489438571335311], "SUPG": [0.0, 0.06489438571335311], "TECH": [0.05666666666666667, 0.06489438571335311], "TEVA": [0.0, 0.06489438571335311], "USD": [0.027392857142857146, 0.06489438571335311], "VICL": [0.3818, 0.06489438571335311], "VRNM": [0.17, 0.06489438571335311], "VRTX": [0.026065217391304345, 0.06489438571335311], "VVUS": [0.5106, 0.06489438571335311], "WCRX": [0.0, 0.06489438571335311], "XOMA": [0.0, 0.06489438571335311], "ZGEN": [0.3818, 0.06489438571335311]}