{"ACAD": [0.08366666666666667, 0.0713429002593835], "ACOR": [0.39185, 0.0713429002593835], "ACRX": [0.45283333333333337, 0.0713429002593835], "ADRO": [0.1779, 0.0713429002593835], "AEGR": [0.50935, 0.0713429002593835], "AFFX": [0.0, 0.0713429002593835], "AFFY": [0.0, 0.0713429002593835], "AGEN": [0.0, 0.0713429002593835], "AKRX": [0.4019, 0.0713429002593835], "ALKS": [-0.06185333333333335, 0.0713429002593835], "ALNY": [0.04397499999999999, 0.0713429002593835], "ALTH": [0.06765714285714287, 0.0713429002593835], "AMGN": [0.06376440677966103, 0.0713429002593835], "AMRN": [0.0185153846153846, 0.0713429002593835], "ANAC": [0.0, 0.0713429002593835], "ANDS": [-0.05296666666666668, 0.0713429002593835], "ANTH": [0.06281, 0.0713429002593835], "ARIA": [0.30065, 0.0713429002593835], "ARNA": [-0.21064864864864868, 0.0713429002593835], "ARQL": [0.0, 0.0713429002593835], "ARRY": [0.18762000000000004, 0.0713429002593835], "ARWR": [0.0, 0.0713429002593835], "ASPX": [0.05540550458715597, 0.0713429002593835], "AST": [0.019919444444444448, 0.0713429002593835], "ASTX": [0.0, 0.0713429002593835], "ATRA": [0.3612, 0.0713429002593835], "AUXL": [0.0, 0.0713429002593835], "AVEO": [0.0, 0.0713429002593835], "AVNR": [0.18936875000000003, 0.0713429002593835], "BCRX": [0.0, 0.0713429002593835], "BIIB": [0.05331999999999999, 0.0713429002593835], "BIOD": [0.0, 0.0713429002593835], "BLUE": [-0.28020588235294114, 0.0713429002593835], "BMTI": [0.0, 0.0713429002593835], "BPAX": [0.1779, 0.0713429002593835], "CBRX": [-0.133312, 0.0713429002593835], "CBST": [0.1224, 0.0713429002593835], "CELG": [-0.15607857142857137, 0.0713429002593835], "CEPH": [0.0, 0.0713429002593835], "CERS": [0.4391, 0.0713429002593835], "CLDN": [0.3612, 0.0713429002593835], "CLDX": [0.04948, 0.0713429002593835], "CLVS": [0.0, 0.0713429002593835], "CRA": [0.15630000000000002, 0.0713429002593835], "CRME": [0.0, 0.0713429002593835], "CSKI": [0.0, 0.0713429002593835], "CTIC": [0.0, 0.0713429002593835], "CTRX": [0.0, 0.0713429002593835], "CYTK": [0.0, 0.0713429002593835], "CYTX": [0.0, 0.0713429002593835], "DEPO": [0.4215, 0.0713429002593835], "DNDN": [0.0, 0.0713429002593835], "DRRX": [0.0, 0.0713429002593835], "DSCO": [0.0, 0.0713429002593835], "DVAX": [0.08496315789473681, 0.0713429002593835], "DYAX": [0.14049999999999999, 0.0713429002593835], "ECYT": [-0.1366, 0.0713429002593835], "EDIT": [0.21817142857142854, 0.0713429002593835], "EGRX": [0.0, 0.0713429002593835], "EMIS": [0.4019, 0.0713429002593835], "ENCY": [-0.16233333333333333, 0.0713429002593835], "ENDP": [-0.0042636363636363635, 0.0713429002593835], "ENTA": [-0.1403083333333333, 0.0713429002593835], "ENZN": [0.0, 0.0713429002593835], "EXEL": [0.0, 0.0713429002593835], "FACT": [0.08364285714285713, 0.0713429002593835], "FLML": [-0.236775, 0.0713429002593835], "FOLD": [-0.06016875000000001, 0.0713429002593835], "FURX": [0.0, 0.0713429002593835], "GERN": [0.12466666666666665, 0.0713429002593835], "GEVA": [-0.6597, 0.0713429002593835], "GHDX": [-0.4425142857142857, 0.0713429002593835], "GILD": [0.056666666666666664, 0.0713429002593835], "GTXI": [0.0, 0.0713429002593835], "HITK": [0.0, 0.0713429002593835], "HPTX": [0.4767, 0.0713429002593835], "HZNP": [0.0, 0.0713429002593835], "ICEL": [0.6318999999999999, 0.0713429002593835], "ICY": [0.06671666666666666, 0.0713429002593835], "IDIX": [0.0, 0.0713429002593835], "ILMN": [-0.070125, 0.0713429002593835], "ILU": [-0.39112857142857144, 0.0713429002593835], "IMGN": [0.22693333333333332, 0.0713429002593835], "IMMU": [0.0, 0.0713429002593835], "INCR": [0.24979999999999997, 0.0713429002593835], "INCY": [0.173125, 0.0713429002593835], "INFI": [0.08333333333333333, 0.0713429002593835], "INO": [0.1214227272727273, 0.0713429002593835], "INSM": [0.0, 0.0713429002593835], "IONS": [0.09364285714285714, 0.0713429002593835], "IPXL": [-0.0193, 0.0713429002593835], "IRWD": [0.0, 0.0713429002593835], "ISIS": [0.0, 0.0713429002593835], "ISTA": [0.07626666666666666, 0.0713429002593835], "ITMN": [0.0, 0.0713429002593835], "JAZZ": [0.3818, 0.0713429002593835], "KERX": [0.0029244897959183626, 0.0713429002593835], "LBIO": [-0.17677200000000004, 0.0713429002593835], "LGND": [0.4910333333333334, 0.0713429002593835], "LIFE": [0.11355000000000001, 0.0713429002593835], "LXRX": [0.0, 0.0713429002593835], "MACK": [0.23626666666666665, 0.0713429002593835], "MAPP": [0.1589, 0.0713429002593835], "MDCO": [0.4404, 0.0713429002593835], "MDVN": [0.0, 0.0713429002593835], "MEDI": [0.0900125, 0.0713429002593835], "MNK": [0.0, 0.0713429002593835], "MNKD": [0.0, 0.0713429002593835], "MNTA": [0.0, 0.0713429002593835], "MYL": [0.24345, 0.0713429002593835], "NEOS": [0.0, 0.0713429002593835], "NH": [0.0047538461538461346, 0.0713429002593835], "NK": [0.030678571428571416, 0.0713429002593835], "NKTR": [0.349975, 0.0713429002593835], "NPSP": [-0.13886666666666667, 0.0713429002593835], "OMED": [-0.0827, 0.0713429002593835], "OMER": [-0.16585000000000003, 0.0713429002593835], "ONCE": [0.26720000000000005, 0.0713429002593835], "ONTY": [0.0, 0.0713429002593835], "ONVO": [0.0, 0.0713429002593835], "ONXX": [-0.13980625, 0.0713429002593835], "OPK": [0.0, 0.0713429002593835], "OPTR": [0.1786333333333333, 0.0713429002593835], "OREX": [-0.07151351351351348, 0.0713429002593835], "OSCI": [0.07955, 0.0713429002593835], "PACB": [-0.025733333333333334, 0.0713429002593835], "PCYC": [0.0, 0.0713429002593835], "PDLI": [0.0, 0.0713429002593835], "PTX": [0.4767, 0.0713429002593835], "QCOR": [0.0, 0.0713429002593835], "RARE": [0.0, 0.0713429002593835], "RNAI": [0.4588, 0.0713429002593835], "RPTP": [0.1122, 0.0713429002593835], "SAGE": [0.05342619047619047, 0.0713429002593835], "SCMP": [0.2244, 0.0713429002593835], "SGMO": [0.13175555555555554, 0.0713429002593835], "SGYP": [0.11660000000000001, 0.0713429002593835], "SIGA": [0.19177499999999997, 0.0713429002593835], "SLXP": [0.0, 0.0713429002593835], "SPPI": [-0.367, 0.0713429002593835], "SRPT": [0.06610000000000002, 0.0713429002593835], "STEM": [0.0, 0.0713429002593835], "TECH": [0.10656666666666667, 0.0713429002593835], "TEVA": [-0.07089374999999999, 0.0713429002593835], "THLD": [0.6486, 0.0713429002593835], "TSRX": [0.09349999999999999, 0.0713429002593835], "USD": [0.05831904761904761, 0.0713429002593835], "UTHR": [0.6705, 0.0713429002593835], "VICL": [0.08042857142857145, 0.0713429002593835], "VPHM": [0.0, 0.0713429002593835], "VRTX": [0.058750000000000004, 0.0713429002593835], "VSTM": [0.0, 0.0713429002593835], "VTL": [0.0, 0.0713429002593835], "VVUS": [-0.15176, 0.0713429002593835], "WCRX": [0.1806, 0.0713429002593835], "XOMA": [0.0, 0.0713429002593835], "ZGNX": [0.14024999999999999, 0.0713429002593835], "ZLCS": [0.46302000000000004, 0.0713429002593835]}