{"ACAD": [-0.05077142857142858, 0.0873871551127558], "ACHN": [0.1013666666666667, 0.0873871551127558], "ACOR": [-0.2732, 0.0873871551127558], "ACRX": [0.0, 0.0873871551127558], "ADRO": [0.4019, 0.0873871551127558], "AEGR": [0.2263, 0.0873871551127558], "AFFX": [0.0, 0.0873871551127558], "AFFY": [0.087775, 0.0873871551127558], "AGEN": [0.0, 0.0873871551127558], "AGIO": [0.0, 0.0873871551127558], "AKRX": [0.4019, 0.0873871551127558], "ALIM": [0.05815833333333333, 0.0873871551127558], "ALKS": [0.14393846153846154, 0.0873871551127558], "ALNY": [0.24695, 0.0873871551127558], "ALTH": [0.3314, 0.0873871551127558], "ALXA": [0.4215, 0.0873871551127558], "ALXN": [0.050575, 0.0873871551127558], "AMGN": [0.07350943396226417, 0.0873871551127558], "AMRI": [0.0, 0.0873871551127558], "AMRN": [0.12084166666666667, 0.0873871551127558], "ANAC": [0.125, 0.0873871551127558], "ANIP": [-0.3736, 0.0873871551127558], "ANTH": [-0.10115, 0.0873871551127558], "ARIA": [-0.0008723076923076927, 0.0873871551127558], "ARNA": [0.04901363636363636, 0.0873871551127558], "ARQL": [0.07269, 0.0873871551127558], "ARRY": [0.21494117647058825, 0.0873871551127558], "ARWR": [-0.2138, 0.0873871551127558], "ASPX": [0.1151096385542169, 0.0873871551127558], "AST": [0.12199911504424779, 0.0873871551127558], "ASTX": [0.13595555555555558, 0.0873871551127558], "AUXL": [0.0, 0.0873871551127558], "AVEO": [0.1899, 0.0873871551127558], "AVNR": [0.2553, 0.0873871551127558], "AXCA": [-0.296, 0.0873871551127558], "BCRX": [0.0, 0.0873871551127558], "BIIB": [0.10473846153846153, 0.0873871551127558], "BIOD": [-0.03168333333333332, 0.0873871551127558], "BLUE": [0.038275, 0.0873871551127558], "BLUS": [-0.25, 0.0873871551127558], "BMRN": [0.08333333333333333, 0.0873871551127558], "CADX": [0.24695, 0.0873871551127558], "CASC": [0.0, 0.0873871551127558], "CBPO": [0.0, 0.0873871551127558], "CBST": [0.3544, 0.0873871551127558], "CELG": [0.02163658536585365, 0.0873871551127558], "CEMP": [0.0, 0.0873871551127558], "CEPH": [-0.296, 0.0873871551127558], "CERS": [0.08092, 0.0873871551127558], "CGEN": [0.0, 0.0873871551127558], "CMRX": [0.0, 0.0873871551127558], "COLL": [0.38507500000000006, 0.0873871551127558], "CRA": [0.056380000000000006, 0.0873871551127558], "CRIS": [0.0095857142857143, 0.0873871551127558], "CRME": [0.0, 0.0873871551127558], "CTIC": [0.0, 0.0873871551127558], "CTRX": [0.100475, 0.0873871551127558], "CYTK": [0.32443999999999995, 0.0873871551127558], "DEPO": [0.142975, 0.0873871551127558], "DIGE": [0.2553, 0.0873871551127558], "DNDN": [0.0, 0.0873871551127558], "DRNA": [0.0, 0.0873871551127558], "DRRX": [0.0, 0.0873871551127558], "DVAX": [0.24496, 0.0873871551127558], "DYAX": [0.0, 0.0873871551127558], "ECYT": [0.3222416666666667, 0.0873871551127558], "EDIT": [0.27555, 0.0873871551127558], "ENCY": [0.032, 0.0873871551127558], "ENDP": [-0.15011818181818182, 0.0873871551127558], "ENTA": [0.12536250000000002, 0.0873871551127558], "ENZN": [-0.028900000000000002, 0.0873871551127558], "EXEL": [0.0, 0.0873871551127558], "FLKS": [0.11315, 0.0873871551127558], "FLML": [0.6369, 0.0873871551127558], "FMI": [0.0, 0.0873871551127558], "FOLD": [0.11177142857142856, 0.0873871551127558], "FURX": [-0.03844999999999999, 0.0873871551127558], "GERN": [0.038275, 0.0873871551127558], "GILD": [0.02566341463414635, 0.0873871551127558], "GTXI": [0.38280000000000003, 0.0873871551127558], "HALO": [0.3736, 0.0873871551127558], "HZNP": [0.17686666666666664, 0.0873871551127558], "ICEL": [0.495225, 0.0873871551127558], "ICPT": [0.2202, 0.0873871551127558], "ICY": [0.04295, 0.0873871551127558], "IDIX": [0.22775000000000004, 0.0873871551127558], "ILMN": [-0.3818, 0.0873871551127558], "ILU": [0.0938, 0.0873871551127558], "IMGN": [-0.12391249999999998, 0.0873871551127558], "IMMU": [-0.030679166666666664, 0.0873871551127558], "INCR": [0.5256, 0.0873871551127558], "INCY": [0.037, 0.0873871551127558], "INFI": [0.14825, 0.0873871551127558], "INO": [0.12392500000000001, 0.0873871551127558], "INVA": [0.18490714285714288, 0.0873871551127558], "IONS": [0.022538461538461542, 0.0873871551127558], "IPXL": [0.16396363636363634, 0.0873871551127558], "IRWD": [0.312975, 0.0873871551127558], "ISIS": [0.30331250000000004, 0.0873871551127558], "ISTA": [-0.12422307692307692, 0.0873871551127558], "KERX": [0.137125, 0.0873871551127558], "KYTH": [0.0, 0.0873871551127558], "LBIO": [0.21109999999999998, 0.0873871551127558], "LGND": [0.4939, 0.0873871551127558], "LIFE": [-0.05792000000000001, 0.0873871551127558], "MACK": [-0.1259272727272727, 0.0873871551127558], "MCRB": [0.0, 0.0873871551127558], "MDVN": [0.3968833333333333, 0.0873871551127558], "MEDI": [0.07578571428571428, 0.0873871551127558], "MITI": [0.0, 0.0873871551127558], "MNK": [0.06322105263157893, 0.0873871551127558], "MNKD": [0.06322105263157893, 0.0873871551127558], "MNOV": [0.0, 0.0873871551127558], "MNTA": [-0.22693333333333332, 0.0873871551127558], "MRNA": [0.0, 0.0873871551127558], "MYL": [0.4293571428571428, 0.0873871551127558], "NBIX": [0.0, 0.0873871551127558], "NEOS": [0.5256, 0.0873871551127558], "NH": [0.049778571428571436, 0.0873871551127558], "NK": [0.04124727272727273, 0.0873871551127558], "NKTR": [0.0, 0.0873871551127558], "NPSP": [0.21624285714285715, 0.0873871551127558], "NVAX": [0.1257625, 0.0873871551127558], "OMED": [0.135125, 0.0873871551127558], "OMER": [0.148, 0.0873871551127558], "OMPI": [0.058847368421052634, 0.0873871551127558], "ONCE": [0.01544, 0.0873871551127558], "ONTY": [-0.4166, 0.0873871551127558], "ONVO": [0.15998, 0.0873871551127558], "ONXX": [-0.05805652173913043, 0.0873871551127558], "OPK": [0.09622222222222221, 0.0873871551127558], "OPTR": [0.41978, 0.0873871551127558], "OREX": [0.05489599999999999, 0.0873871551127558], "OSCI": [0.0, 0.0873871551127558], "PACB": [0.0, 0.0873871551127558], "PANC": [-0.8689, 0.0873871551127558], "PARD": [0.0, 0.0873871551127558], "PCYC": [0.08086363636363636, 0.0873871551127558], "PHRM": [0.0, 0.0873871551127558], "PRGO": [0.6369, 0.0873871551127558], "QCOR": [0.6124, 0.0873871551127558], "REGN": [0.2023, 0.0873871551127558], "RNAI": [-0.00045, 0.0873871551127558], "SAGE": [0.14186200000000002, 0.0873871551127558], "SCLN": [0.13486666666666666, 0.0873871551127558], "SCMP": [0.0435125, 0.0873871551127558], "SGEN": [-0.24738749999999998, 0.0873871551127558], "SGMO": [0.2571, 0.0873871551127558], "SGYP": [0.32914999999999994, 0.0873871551127558], "SHPG": [0.0, 0.0873871551127558], "SNTS": [0.13895, 0.0873871551127558], "SPPI": [0.27740000000000004, 0.0873871551127558], "SQNM": [0.057425000000000004, 0.0873871551127558], "SRPT": [0.1062, 0.0873871551127558], "STEM": [-0.1369857142857143, 0.0873871551127558], "TARO": [-0.1511, 0.0873871551127558], "TECH": [0.037875000000000006, 0.0873871551127558], "TELK": [0.0, 0.0873871551127558], "TEVA": [0.049727272727272724, 0.0873871551127558], "THLD": [0.0, 0.0873871551127558], "THRX": [0.0, 0.0873871551127558], "TRGT": [0.0183, 0.0873871551127558], "TSRO": [0.296, 0.0873871551127558], "TSRX": [0.0, 0.0873871551127558], "USD": [0.08035919540229888, 0.0873871551127558], "UTHR": [0.2023, 0.0873871551127558], "VICL": [0.23701034482758626, 0.0873871551127558], "VNDA": [0.21989999999999998, 0.0873871551127558], "VPHM": [0.0, 0.0873871551127558], "VRTX": [0.07654347826086959, 0.0873871551127558], "VSTM": [0.0, 0.0873871551127558], "VVUS": [-0.04332222222222222, 0.0873871551127558], "WCRX": [0.5499, 0.0873871551127558], "XNPT": [0.0, 0.0873871551127558], "XOMA": [0.0, 0.0873871551127558], "ZGNX": [-0.05013636363636364, 0.0873871551127558], "ZLCS": [0.0, 0.0873871551127558]}