{"AAVL": [0.2462, 0.09076889084309978], "ACAD": [0.24647368421052634, 0.09076889084309978], "ACHN": [0.11981428571428572, 0.09076889084309978], "ACOR": [0.03773333333333332, 0.09076889084309978], "ACRX": [-0.1864, 0.09076889084309978], "ADHD": [0.0, 0.09076889084309978], "ADMS": [0.04933333333333333, 0.09076889084309978], "ADRO": [0.0, 0.09076889084309978], "AEGR": [-0.0484, 0.09076889084309978], "AFFX": [0.0, 0.09076889084309978], "AFFY": [0.4404, 0.09076889084309978], "AFMD": [0.0666, 0.09076889084309978], "AGEN": [0.0, 0.09076889084309978], "AGIO": [-0.033786956521739124, 0.09076889084309978], "AIMT": [0.0, 0.09076889084309978], "AKBA": [0.12198, 0.09076889084309978], "AKRX": [0.17720588235294116, 0.09076889084309978], "ALDR": [-0.1806, 0.09076889084309978], "ALIM": [-0.018983333333333328, 0.09076889084309978], "ALKS": [0.14391, 0.09076889084309978], "ALNY": [0.1468, 0.09076889084309978], "ALTH": [0.07662264150943396, 0.09076889084309978], "ALXA": [0.0, 0.09076889084309978], "ALXN": [0.1271142857142857, 0.09076889084309978], "AMAG": [-0.3919, 0.09076889084309978], "AMGN": [0.13461774193548387, 0.09076889084309978], "AMPH": [0.2202, 0.09076889084309978], "AMRI": [-0.15215, 0.09076889084309978], "AMRN": [0.0921, 0.09076889084309978], "ANAC": [-0.022390909090909093, 0.09076889084309978], "ANDS": [0.27815, 0.09076889084309978], "ANIP": [-0.022769230769230767, 0.09076889084309978], "ANTH": [0.08486666666666666, 0.09076889084309978], "APCVZ&": [0.0, 0.09076889084309978], "APPX": [0.0, 0.09076889084309978], "AQXP": [0.05381875, 0.09076889084309978], "ARDX": [0.142975, 0.09076889084309978], "ARIA": [0.029618181818181818, 0.09076889084309978], "ARLZ": [0.33974666666666664, 0.09076889084309978], "ARNA": [0.04658333333333334, 0.09076889084309978], "ARRY": [0.2139416666666667, 0.09076889084309978], "ARWR": [0.10183999999999999, 0.09076889084309978], "ARXT": [0.0, 0.09076889084309978], "ASPX": [-0.09106666666666667, 0.09076889084309978], "AST": [0.07955172413793102, 0.09076889084309978], "ATRA": [0.0, 0.09076889084309978], "AVEO": [-0.43645000000000006, 0.09076889084309978], "AVII": [0.0, 0.09076889084309978], "AVNR": [0.0772, 0.09076889084309978], "AVXS": [0.09772307692307693, 0.09076889084309978], "AXCA": [0.0, 0.09076889084309978], "BCRX": [0.053075000000000004, 0.09076889084309978], "BGIXX": [0.0, 0.09076889084309978], "BGNE": [0.0, 0.09076889084309978], "BIIB": [0.10039565217391304, 0.09076889084309978], "BIOD": [0.0, 0.09076889084309978], "BIVN": [0.0, 0.09076889084309978], "BLCM": [0.0714875, 0.09076889084309978], "BLKFDS": [0.0, 0.09076889084309978], "BLUE": [-0.0009350000000000025, 0.09076889084309978], "BLUS": [0.0, 0.09076889084309978], "BMRN": [0.0066999999999999985, 0.09076889084309978], "BPMC": [0.0, 0.09076889084309978], "BRIXX": [0.0, 0.09076889084309978], "BSTE": [0.4767, 0.09076889084309978], "BTRX": [0.0, 0.09076889084309978], "CALP": [0.6219, 0.09076889084309978], "CARA": [0.11529999999999997, 0.09076889084309978], "CBPO": [0.23442352941176467, 0.09076889084309978], "CCXI": [0.2249235294117647, 0.09076889084309978], "CELG": [0.06862432432432432, 0.09076889084309978], "CEMP": [-0.018808333333333316, 0.09076889084309978], "CEPH": [-0.1531, 0.09076889084309978], "CERS": [0.22255000000000003, 0.09076889084309978], "CGEN": [0.0, 0.09076889084309978], "CGPI": [0.0, 0.09076889084309978], "CHMA": [0.148, 0.09076889084309978], "CHRS": [0.13536666666666666, 0.09076889084309978], "CLCD": [0.0, 0.09076889084309978], "CLDX": [0.09848571428571429, 0.09076889084309978], "CLSD": [0.0, 0.09076889084309978], "CLVS": [0.11492857142857141, 0.09076889084309978], "CMRX": [0.032850000000000004, 0.09076889084309978], "CNCE": [0.4404, 0.09076889084309978], "COLL": [0.08927142857142857, 0.09076889084309978], "COLY": [0.0, 0.09076889084309978], "CRA": [0.1489923076923077, 0.09076889084309978], "CRIS": [0.15293333333333334, 0.09076889084309978], "CRME": [-0.4253, 0.09076889084309978], "CTIC": [-0.004971428571428563, 0.09076889084309978], "CTRX": [0.4404, 0.09076889084309978], "CXRX": [0.105375, 0.09076889084309978], "CYTK": [0.33225, 0.09076889084309978], "CYTX": [0.17, 0.09076889084309978], "DBVT": [-0.26335, 0.09076889084309978], "DEPO": [0.19063333333333332, 0.09076889084309978], "DERM": [0.145375, 0.09076889084309978], "DIGE": [0.17, 0.09076889084309978], "DNAI": [0.24059, 0.09076889084309978], "DRAX": [0.0, 0.09076889084309978], "DRNA": [0.5399, 0.09076889084309978], "DRRX": [0.14049999999999999, 0.09076889084309978], "DSCO": [0.0, 0.09076889084309978], "DVAX": [0.21319999999999997, 0.09076889084309978], "DYAX": [0.1591, 0.09076889084309978], "ECYT": [-0.3852333333333333, 0.09076889084309978], "EDIT": [0.09565000000000001, 0.09076889084309978], "EGLT": [0.0, 0.09076889084309978], "EGRX": [0.1319423076923077, 0.09076889084309978], "EMIS": [0.20095, 0.09076889084309978], "ENCY": [-0.3728, 0.09076889084309978], "ENDP": [0.028715151515151513, 0.09076889084309978], "ENTA": [0.2745039999999999, 0.09076889084309978], "ENZN": [-0.1779, 0.09076889084309978], "EPZM": [0.36635999999999996, 0.09076889084309978], "ESPR": [0.2732, 0.09076889084309978], "EURX": [0.0, 0.09076889084309978], "EXEL": [0.1456372549019608, 0.09076889084309978], "FACT": [-0.013605555555555541, 0.09076889084309978], "FGEN": [-0.03584, 0.09076889084309978], "FLKS": [0.08096206896551723, 0.09076889084309978], "FLML": [0.34040000000000004, 0.09076889084309978], "FLXN": [0.054336842105263156, 0.09076889084309978], "FMI": [-0.08510000000000001, 0.09076889084309978], "FOLD": [0.0193, 0.09076889084309978], "FOMX": [0.5106, 0.09076889084309978], "FPRX": [0.3339666666666667, 0.09076889084309978], "GBT": [0.0, 0.09076889084309978], "GERN": [0.18203999999999998, 0.09076889084309978], "GEVA": [0.0, 0.09076889084309978], "GILD": [0.1325137931034483, 0.09076889084309978], "GPRO": [0.1357806282722513, 0.09076889084309978], "GRFS": [-0.017999999999999995, 0.09076889084309978], "GWPH": [0.03612, 0.09076889084309978], "HALO": [0.13655757575757577, 0.09076889084309978], "HBIO": [0.0, 0.09076889084309978], "HZNP": [0.05234285714285715, 0.09076889084309978], "ICEL": [0.6597, 0.09076889084309978], "ICPT": [0.2579291666666667, 0.09076889084309978], "ICY": [-0.12441428571428571, 0.09076889084309978], "ILMN": [0.1419857142857143, 0.09076889084309978], "ILU": [-0.1973125, 0.09076889084309978], "IMDZ": [0.17759999999999998, 0.09076889084309978], "IMGN": [0.0088, 0.09076889084309978], "IMMU": [0.046121428571428584, 0.09076889084309978], "INCR": [0.1957904761904762, 0.09076889084309978], "INCY": [0.058982608695652174, 0.09076889084309978], "INFI": [0.40925, 0.09076889084309978], "INO": [0.050819148936170226, 0.09076889084309978], "INSM": [0.41977142857142863, 0.09076889084309978], "INSY": [0.2852130434782609, 0.09076889084309978], "INVA": [0.047725, 0.09076889084309978], "IONS": [0.20191406249999996, 0.09076889084309978], "IPXL": [0.31886666666666663, 0.09076889084309978], "IRWD": [0.09866666666666667, 0.09076889084309978], "ISIS": [0.521, 0.09076889084309978], "ISTA": [0.037028571428571425, 0.09076889084309978], "ITCI": [0.15383999999999998, 0.09076889084309978], "ITEK": [0.0, 0.09076889084309978], "JAZZ": [0.058306250000000004, 0.09076889084309978], "JUNO": [0.07025263157894737, 0.09076889084309978], "KERX": [0.03315833333333334, 0.09076889084309978], "KITE": [-0.012542857142857142, 0.09076889084309978], "KMPH": [0.2110857142857143, 0.09076889084309978], "KPTI": [0.2072, 0.09076889084309978], "LBIO": [0.1314471698113208, 0.09076889084309978], "LGND": [-0.0022199999999999998, 0.09076889084309978], "LIFE": [0.10010000000000001, 0.09076889084309978], "LMNX": [0.04214999999999999, 0.09076889084309978], "LOXO": [0.0, 0.09076889084309978], "LXRX": [-0.04876666666666666, 0.09076889084309978], "MACK": [0.052599999999999994, 0.09076889084309978], "MAPP": [0.7088, 0.09076889084309978], "MCRB": [0.09345652173913042, 0.09076889084309978], "MDCO": [0.0, 0.09076889084309978], "MDVN": [-0.02543809523809524, 0.09076889084309978],