{"ACHN": [0.06794, 0.060021281691489896], "ACOR": [0.0, 0.060021281691489896], "ADRO": [0.0, 0.060021281691489896], "AFFX": [0.0, 0.060021281691489896], "AFFY": [0.01876, 0.060021281691489896], "AGEN": [0.22571666666666668, 0.060021281691489896], "AKRX": [0.0, 0.060021281691489896], "ALKS": [0.0, 0.060021281691489896], "ALTH": [0.0, 0.060021281691489896], "ALXN": [0.14124615384615385, 0.060021281691489896], "AMGN": [-0.10815857142857141, 0.060021281691489896], "AMLN": [0.3454, 0.060021281691489896], "AMRN": [0.0, 0.060021281691489896], "ANAC": [0.0, 0.060021281691489896], "ANDS": [0.71154, 0.060021281691489896], "ANTH": [0.0, 0.060021281691489896], "ARIA": [-0.26335, 0.060021281691489896], "ARNA": [0.10479545454545454, 0.060021281691489896], "ARQL": [0.0, 0.060021281691489896], "ARRY": [0.15822142857142857, 0.060021281691489896], "ASPX": [0.08815172413793101, 0.060021281691489896], "AST": [0.029694117647058822, 0.060021281691489896], "ASTX": [0.09511111111111112, 0.060021281691489896], "ATRA": [0.0, 0.060021281691489896], "AUXL": [0.0, 0.060021281691489896], "AVII": [0.0, 0.060021281691489896], "AVNR": [-0.04912307692307693, 0.060021281691489896], "BCRX": [-0.0562, 0.060021281691489896], "BIIB": [-0.24208666666666667, 0.060021281691489896], "BIOD": [0.13396666666666665, 0.060021281691489896], "BLUE": [0.0, 0.060021281691489896], "BMRN": [0.0, 0.060021281691489896], "BMTI": [0.0, 0.060021281691489896], "BOLD": [0.3167, 0.060021281691489896], "BPAX": [0.035693589743589736, 0.060021281691489896], "CADX": [0.0, 0.060021281691489896], "CALP": [0.02765333333333334, 0.060021281691489896], "CBRX": [0.12907142857142856, 0.060021281691489896], "CBST": [0.21996666666666667, 0.060021281691489896], "CCXI": [0.005549999999999999, 0.060021281691489896], "CELG": [0.15710769230769234, 0.060021281691489896], "CLDX": [0.0, 0.060021281691489896], "CLVS": [0.7184, 0.060021281691489896], "COLL": [-0.021962500000000003, 0.060021281691489896], "CRA": [0.017657142857142854, 0.060021281691489896], "CRIS": [0.18864444444444445, 0.060021281691489896], "CTIC": [0.06286, 0.060021281691489896], "CYTK": [0.15642, 0.060021281691489896], "DNDN": [-0.12646666666666667, 0.060021281691489896], "DRRX": [0.24766666666666667, 0.060021281691489896], "DSCO": [0.19243684210526316, 0.060021281691489896], "ECYT": [0.025414285714285716, 0.060021281691489896], "EDIT": [0.8689, 0.060021281691489896], "ENCY": [-0.3818, 0.060021281691489896], "ENDP": [-0.13536666666666666, 0.060021281691489896], "ENTA": [0.6431, 0.060021281691489896], "ENZN": [0.0, 0.060021281691489896], "EXEL": [0.01871764705882353, 0.060021281691489896], "FACT": [0.481175, 0.060021281691489896], "FOLD": [0.0, 0.060021281691489896], "FURX": [0.0, 0.060021281691489896], "GERN": [0.0, 0.060021281691489896], "GEVA": [-0.05334347826086957, 0.060021281691489896], "GHDX": [-0.15047500000000003, 0.060021281691489896], "GILD": [-0.1369, 0.060021281691489896], "GNTA": [0.0, 0.060021281691489896], "GPRO": [0.0, 0.060021281691489896], "GTXI": [0.0677875, 0.060021281691489896], "HALO": [-0.06487272727272728, 0.060021281691489896], "HGSI": [0.03895625, 0.060021281691489896], "HITK": [0.0, 0.060021281691489896], "ICEL": [0.8316, 0.060021281691489896], "ICPT": [0.0, 0.060021281691489896], "ICY": [0.0, 0.060021281691489896], "IDIX": [0.05576363636363637, 0.060021281691489896], "ILMN": [-0.17126296296296295, 0.060021281691489896], "ILU": [0.359275, 0.060021281691489896], "IMGN": [0.0258, 0.060021281691489896], "IMMU": [-0.18668823529411763, 0.060021281691489896], "INCR": [0.29569999999999996, 0.060021281691489896], "INFI": [0.0, 0.060021281691489896], "INHX": [0.22814, 0.060021281691489896], "INO": [0.277725, 0.060021281691489896], "IONS": [0.18747777777777774, 0.060021281691489896], "IRWD": [0.0, 0.060021281691489896], "ISIS": [0.0, 0.060021281691489896], "ISTA": [0.3355181818181818, 0.060021281691489896], "ITMN": [0.0, 0.060021281691489896], "JAZZ": [0.12364545454545457, 0.060021281691489896], "KERX": [0.21067499999999997, 0.060021281691489896], "LBIO": [-0.044922222222222224, 0.060021281691489896], "LGND": [0.22738, 0.060021281691489896], "LIFE": [0.10325263157894737, 0.060021281691489896], "LMNX": [0.0, 0.060021281691489896], "LXRX": [0.0, 0.060021281691489896], "MACK": [0.0, 0.060021281691489896], "MAPP": [0.0, 0.060021281691489896], "MEDI": [0.10422727272727271, 0.060021281691489896], "MLNM": [0.0, 0.060021281691489896], "MNK": [0.063825, 0.060021281691489896], "MNKD": [0.063825, 0.060021281691489896], "MYGN": [0.0, 0.060021281691489896], "MYL": [0.10115, 0.060021281691489896], "NBIX": [-0.1101, 0.060021281691489896], "NH": [0.046207142857142856, 0.060021281691489896], "NK": [0.1335409090909091, 0.060021281691489896], "NOVN": [0.0, 0.060021281691489896], "NPSP": [0.1101, 0.060021281691489896], "NVAX": [-0.12256666666666666, 0.060021281691489896], "OMED": [0.11743333333333333, 0.060021281691489896], "OMER": [0.0, 0.060021281691489896], "ONCE": [-0.20732499999999998, 0.060021281691489896], "ONTY": [0.06790000000000002, 0.060021281691489896], "ONXX": [0.0, 0.060021281691489896], "OPK": [0.296, 0.060021281691489896], "OPTR": [0.4926, 0.060021281691489896], "OREX": [-0.0984875, 0.060021281691489896], "OSCI": [-0.2202, 0.060021281691489896], "OTIC": [0.40190000000000003, 0.060021281691489896], "PACB": [0.0, 0.060021281691489896], "PANC": [0.0, 0.060021281691489896], "PRGO": [0.0, 0.060021281691489896], "QCOR": [0.0, 0.060021281691489896], "QGEN": [-0.5106, 0.060021281691489896], "RARE": [-0.8979, 0.060021281691489896], "REGN": [0.007045238095238099, 0.060021281691489896], "SAGE": [0.11163181818181818, 0.060021281691489896], "SGEN": [0.058300000000000005, 0.060021281691489896], "SGMO": [0.0, 0.060021281691489896], "SGYP": [0.0, 0.060021281691489896], "SIGA": [0.0, 0.060021281691489896], "SLXP": [0.25, 0.060021281691489896], "SNTA": [0.026909090909090907, 0.060021281691489896], "SPPI": [0.37499999999999994, 0.060021281691489896], "SQNM": [0.0, 0.060021281691489896], "STEM": [0.0, 0.060021281691489896], "SVNT": [0.0, 0.060021281691489896], "TECH": [0.08022702702702704, 0.060021281691489896], "TEVA": [0.12291250000000001, 0.060021281691489896], "THLD": [0.08316666666666667, 0.060021281691489896], "THRX": [0.6908, 0.060021281691489896], "TRGT": [0.0, 0.060021281691489896], "USD": [0.08143275529865122, 0.060021281691489896], "VICL": [0.11215, 0.060021281691489896], "VPHM": [0.0, 0.060021281691489896], "VRTX": [-0.08721111111111111, 0.060021281691489896], "VSTM": [-0.5654571428571428, 0.060021281691489896], "VVUS": [0.07538148148148148, 0.060021281691489896], "XOMA": [0.0, 0.060021281691489896], "ZGNX": [0.0, 0.060021281691489896], "ZLCS": [0.0, 0.060021281691489896]}