{"AAVL": [0.2820214285714286, 0.10923329706934011], "ACAD": [0.05848181818181819, 0.10923329706934011], "ACHN": [0.08841666666666666, 0.10923329706934011], "ACOR": [0.009005882352941178, 0.10923329706934011], "ACRX": [0.013139999999999985, 0.10923329706934011], "ADHD": [0.06845, 0.10923329706934011], "ADMS": [0.0, 0.10923329706934011], "AEGR": [0.11229655172413794, 0.10923329706934011], "AERI": [0.24954, 0.10923329706934011], "AFFX": [0.33980000000000005, 0.10923329706934011], "AFFY": [0.3182, 0.10923329706934011], "AGEN": [0.06698333333333333, 0.10923329706934011], "AGIO": [0.2534818181818182, 0.10923329706934011], "AGTC": [0.12040000000000001, 0.10923329706934011], "AKBA": [0.16914285714285712, 0.10923329706934011], "AKRX": [-0.06561428571428572, 0.10923329706934011], "ALIM": [0.21206666666666665, 0.10923329706934011], "ALKS": [0.06101363636363635, 0.10923329706934011], "ALNY": [-0.16770999999999997, 0.10923329706934011], "ALTH": [0.07338556701030931, 0.10923329706934011], "ALTU": [0.35924999999999996, 0.10923329706934011], "ALXN": [-0.056681249999999996, 0.10923329706934011], "AMAG": [0.38487499999999997, 0.10923329706934011], "AMGN": [-0.004233333333333328, 0.10923329706934011], "AMRI": [0.0, 0.10923329706934011], "AMRN": [0.09716666666666667, 0.10923329706934011], "ANAC": [0.051835, 0.10923329706934011], "ANDS": [0.48945, 0.10923329706934011], "ANIP": [0.08927142857142857, 0.10923329706934011], "ANPI": [0.0, 0.10923329706934011], "ANTH": [0.0, 0.10923329706934011], "AQXP": [0.22199999999999998, 0.10923329706934011], "ARDX": [0.4215, 0.10923329706934011], "ARIA": [0.13595120481927706, 0.10923329706934011], "ARNA": [0.26058124999999993, 0.10923329706934011], "ARRY": [0.1116818181818182, 0.10923329706934011], "ARWR": [-0.046403773584905654, 0.10923329706934011], "ASPX": [0.07837407407407405, 0.10923329706934011], "AST": [0.10109964157706089, 0.10923329706934011], "ASTX": [0.3182, 0.10923329706934011], "AUXL": [0.06266, 0.10923329706934011], "AVEO": [0.19184, 0.10923329706934011], "AVNR": [0.03788135593220339, 0.10923329706934011], "AXCA": [-0.1779, 0.10923329706934011], "BCRX": [0.0376904761904762, 0.10923329706934011], "BIIB": [0.09715813953488373, 0.10923329706934011], "BIOD": [0.0, 0.10923329706934011], "BLUE": [0.22274090909090913, 0.10923329706934011], "BMRN": [0.08468532110091742, 0.10923329706934011], "CADX": [0.056927165354330726, 0.10923329706934011], "CALP": [0.07220000000000001, 0.10923329706934011], "CARA": [0.10606666666666666, 0.10923329706934011], "CBPO": [0.12905, 0.10923329706934011], "CBST": [0.08580740740740742, 0.10923329706934011], "CCXI": [0.33862499999999995, 0.10923329706934011], "CELG": [0.1161223300970874, 0.10923329706934011], "CEMP": [0.1732111111111111, 0.10923329706934011], "CEPH": [0.0, 0.10923329706934011], "CERS": [-0.045716666666666655, 0.10923329706934011], "CGEN": [0.54125, 0.10923329706934011], "CHMA": [0.0, 0.10923329706934011], "CHRS": [0.04631999999999999, 0.10923329706934011], "CLDX": [0.06619428571428569, 0.10923329706934011], "CLVS": [-0.21989999999999998, 0.10923329706934011], "CMRX": [0.05106000000000001, 0.10923329706934011], "CNCE": [-0.3182, 0.10923329706934011], "COLL": [0.3552666666666666, 0.10923329706934011], "CRA": [0.46109545454545436, 0.10923329706934011], "CRIS": [-0.013684615384615385, 0.10923329706934011], "CRME": [0.20015, 0.10923329706934011], "CTIC": [0.04933333333333333, 0.10923329706934011], "CTRX": [0.15803846153846154, 0.10923329706934011], "CYTK": [-0.2121333333333333, 0.10923329706934011], "DBVT": [0.0, 0.10923329706934011], "DEPO": [0.1715615384615385, 0.10923329706934011], "DNDN": [0.16958, 0.10923329706934011], "DRNA": [-0.21956499999999995, 0.10923329706934011], "DRRX": [0.059199999999999996, 0.10923329706934011], "DSCO": [0.0, 0.10923329706934011], "DYAX": [0.1254131578947368, 0.10923329706934011], "ECYT": [0.22287500000000002, 0.10923329706934011], "EDIT": [0.2574111111111111, 0.10923329706934011], "EGRX": [0.0, 0.10923329706934011], "EMIS": [0.6808, 0.10923329706934011], "ENCY": [0.07224, 0.10923329706934011], "ENDP": [0.05703928571428572, 0.10923329706934011], "ENTA": [0.11604230769230768, 0.10923329706934011], "ENZN": [0.06021428571428571, 0.10923329706934011], "EPZM": [0.0, 0.10923329706934011], "ESPR": [0.05505, 0.10923329706934011], "EXEL": [0.17193636363636366, 0.10923329706934011], "FACT": [0.142975, 0.10923329706934011], "FGEN": [-0.017011111111111112, 0.10923329706934011], "FLKS": [0.0, 0.10923329706934011], "FLML": [0.4136, 0.10923329706934011], "FLXN": [0.0, 0.10923329706934011], "FMI": [-0.00633999999999999, 0.10923329706934011], "FOLD": [0.09989659090909093, 0.10923329706934011], "FPRX": [0.132408, 0.10923329706934011], "FURX": [0.2023, 0.10923329706934011], "GENZ": [0.09866666666666667, 0.10923329706934011], "GERN": [0.17192794117647053, 0.10923329706934011], "GEVA": [0.23949999999999996, 0.10923329706934011], "GHDX": [0.0, 0.10923329706934011], "GILD": [0.11209781659388651, 0.10923329706934011], "GNVC": [0.13343333333333332, 0.10923329706934011], "GPRO": [0.10014477611940303, 0.10923329706934011], "GRFS": [-0.07543333333333334, 0.10923329706934011], "GTXI": [0.074, 0.10923329706934011], "GWPH": [0.06455999999999999, 0.10923329706934011], "HALO": [0.10835294117647058, 0.10923329706934011], "HBIO": [0.0, 0.10923329706934011], "HZNP": [0.26655, 0.10923329706934011], "ICEL": [0.3852222222222223, 0.10923329706934011], "ICOS": [-0.4215, 0.10923329706934011], "ICPT": [0.11752857142857143, 0.10923329706934011], "ICY": [0.0, 0.10923329706934011], "ILMN": [0.0924625, 0.10923329706934011], "ILU": [0.0, 0.10923329706934011], "IMDZ": [0.0, 0.10923329706934011], "IMMU": [0.07237894736842106, 0.10923329706934011], "INCR": [0.3811833333333334, 0.10923329706934011], "INCY": [0.11185333333333336, 0.10923329706934011], "INFI": [0.3071, 0.10923329706934011], "INGN": [0.0, 0.10923329706934011], "INO": [0.1154361111111111, 0.10923329706934011], "INSM": [0.0, 0.10923329706934011], "INSY": [0.31389230769230764, 0.10923329706934011], "IONS": [0.06685434782608697, 0.10923329706934011], "IPXL": [0.23949999999999996, 0.10923329706934011], "ISIS": [0.022459649122807023, 0.10923329706934011], "ISPH": [0.0, 0.10923329706934011], "ISTA": [-0.139425, 0.10923329706934011], "ITCI": [0.0, 0.10923329706934011], "ITMN": [-0.1531, 0.10923329706934011], "JAZZ": [0.11690238095238097, 0.10923329706934011], "JUNO": [0.3958, 0.10923329706934011], "KERX": [0.11975000000000001, 0.10923329706934011], "KITE": [0.2149409090909091, 0.10923329706934011], "KPTI": [0.0, 0.10923329706934011], "KYTH": [0.023759999999999993, 0.10923329706934011], "LBIO": [0.07666666666666666, 0.10923329706934011], "LGND": [0.09574710424710431, 0.10923329706934011], "LIFE": [0.10657857142857143, 0.10923329706934011], "LMNX": [0.0, 0.10923329706934011], "LXRX": [0.6908, 0.10923329706934011], "MACK": [0.038024999999999996, 0.10923329706934011], "MAPP": [0.0, 0.10923329706934011], "MDCO": [0.5719, 0.10923329706934011], "MDVN": [0.13674473684210522, 0.10923329706934011], "MEDI": [0.28694438502674013, 0.10923329706934011], "MGNX": [0.09555294117647059, 0.10923329706934011], "MNK": [0.09594237288135596, 0.10923329706934011], "MNKD": [0.10807599999999999, 0.10923329706934011], "MNOV": [0.0, 0.10923329706934011], "MNTA": [0.0, 0.10923329706934011], "MRNA": [-0.10040416666666667, 0.10923329706934011], "MYGN": [0.08208, 0.10923329706934011], "MYL": [0.0490627906976744, 0.10923329706934011], "NABI": [-0.0909857142857143, 0.10923329706934011], "NBIX": [0.04331764705882352, 0.10923329706934011], "NDRM": [0.0, 0.10923329706934011], "NEOS": [0.5346, 0.10923329706934011], "NERV": [0.17947333333333332, 0.10923329706934011], "NH": [0.16289722222222225, 0.10923329706934011], "NK": [0.11068430493273546, 0.10923329706934011], "NKTR": [0.08428, 0.10923329706934011], "NLNK": [0.07641818181818182, 0.10923329706934011], "NOVN": [-0.22341999999999995, 0.10923329706934011], "NPSP": [0.05768518518518519, 0.10923329706934011],