{"AAVL": [0.09531666666666666, 0.08575487252744535], "ACAD": [0.1011608695652174, 0.08575487252744535], "ACHN": [0.044705555555555554, 0.08575487252744535], "ACOR": [-0.06145384615384615, 0.08575487252744535], "ACRX": [0.11026, 0.08575487252744535], "ADHD": [0.0, 0.08575487252744535], "ADMS": [0.16090714285714286, 0.08575487252744535], "ADRO": [0.09035294117647061, 0.08575487252744535], "AEGR": [0.023706451612903228, 0.08575487252744535], "AERI": [0.0, 0.08575487252744535], "AFFX": [0.06949130434782609, 0.08575487252744535], "AFFY": [0.0, 0.08575487252744535], "AFMD": [0.2480605263157895, 0.08575487252744535], "AGEN": [0.04965128205128205, 0.08575487252744535], "AGIO": [0.018319230769230768, 0.08575487252744535], "AGTC": [0.0, 0.08575487252744535], "AKBA": [0.1834, 0.08575487252744535], "AKRX": [-0.1558142857142857, 0.08575487252744535], "ALDR": [0.09052, 0.08575487252744535], "ALIM": [0.2056, 0.08575487252744535], "ALKS": [-0.11160000000000002, 0.08575487252744535], "ALNY": [0.4266142857142857, 0.08575487252744535], "ALTH": [0.23428484848484843, 0.08575487252744535], "ALTU": [0.0, 0.08575487252744535], "ALXA": [0.0, 0.08575487252744535], "ALXN": [-0.0406809523809524, 0.08575487252744535], "AMAG": [-0.21213333333333334, 0.08575487252744535], "AMGN": [0.06233407821229051, 0.08575487252744535], "AMRI": [-0.09866666666666667, 0.08575487252744535], "AMRN": [0.0853472222222222, 0.08575487252744535], "ANAC": [0.05212244897959184, 0.08575487252744535], "ANDS": [0.0657, 0.08575487252744535], "ANIP": [0.15539999999999998, 0.08575487252744535], "ANTH": [0.16303333333333334, 0.08575487252744535], "APCVZ&": [0.37555, 0.08575487252744535], "APPX": [0.37555, 0.08575487252744535], "ARDX": [0.38856440677966103, 0.08575487252744535], "ARIA": [-0.0648776923076923, 0.08575487252744535], "ARNA": [0.11681599999999998, 0.08575487252744535], "ARQL": [0.07543333333333334, 0.08575487252744535], "ARRY": [0.08832666666666668, 0.08575487252744535], "ARWR": [0.074, 0.08575487252744535], "ARXT": [0.37555, 0.08575487252744535], "ASPX": [0.06294500000000001, 0.08575487252744535], "AST": [0.07333625954198472, 0.08575487252744535], "ATRA": [-0.09878, 0.08575487252744535], "AVEO": [0.1265525147928994, 0.08575487252744535], "AVII": [0.0, 0.08575487252744535], "AVNR": [0.0, 0.08575487252744535], "AXCA": [0.37555, 0.08575487252744535], "BCRX": [0.21697499999999997, 0.08575487252744535], "BGIXX": [0.37555, 0.08575487252744535], "BIIB": [0.0013487394957983248, 0.08575487252744535], "BIOD": [0.04588, 0.08575487252744535], "BIVN": [0.37555, 0.08575487252744535], "BLCM": [0.06291428571428571, 0.08575487252744535], "BLKFDS": [0.37555, 0.08575487252744535], "BLUE": [0.11170578512396684, 0.08575487252744535], "BLUS": [0.37555, 0.08575487252744535], "BMRN": [0.09534875000000001, 0.08575487252744535], "BPAX": [0.3182, 0.08575487252744535], "BPMC": [0.0, 0.08575487252744535], "BRIXX": [0.37555, 0.08575487252744535], "BTRX": [0.37555, 0.08575487252744535], "CADX": [0.0, 0.08575487252744535], "CALP": [-0.36376, 0.08575487252744535], "CARA": [0.31066666666666665, 0.08575487252744535], "CASC": [0.5267, 0.08575487252744535], "CBPO": [0.0, 0.08575487252744535], "CCXI": [0.21945, 0.08575487252744535], "CELG": [0.05932927927927927, 0.08575487252744535], "CEMP": [0.0, 0.08575487252744535], "CEPH": [-0.148, 0.08575487252744535], "CERS": [0.0, 0.08575487252744535], "CGEN": [0.0, 0.08575487252744535], "CHRS": [0.44661999999999996, 0.08575487252744535], "CLDN": [0.0225828125, 0.08575487252744535], "CLDX": [0.138764, 0.08575487252744535], "CLVS": [0.17952222222222222, 0.08575487252744535], "CMRX": [0.17357999999999998, 0.08575487252744535], "CNCE": [0.0, 0.08575487252744535], "COLL": [0.18783125000000003, 0.08575487252744535], "COLY": [0.187775, 0.08575487252744535], "CRA": [0.10018378378378379, 0.08575487252744535], "CRIS": [0.14867499999999997, 0.08575487252744535], "CRME": [0.11438, 0.08575487252744535], "CTIC": [0.023875999999999998, 0.08575487252744535], "CTRX": [0.12582857142857143, 0.08575487252744535], "CYTK": [0.3674799999999999, 0.08575487252744535], "CYTX": [0.05850599999999999, 0.08575487252744535], "DEPO": [0.13064166666666666, 0.08575487252744535], "DERM": [0.0, 0.08575487252744535], "DNDN": [-0.06755000000000001, 0.08575487252744535], "DRAX": [0.37555, 0.08575487252744535], "DRNA": [0.13495, 0.08575487252744535], "DRRX": [0.47670000000000007, 0.08575487252744535], "DSCO": [0.0, 0.08575487252744535], "DVAX": [0.02857999999999999, 0.08575487252744535], "DYAX": [0.06022592592592593, 0.08575487252744535], "ECYT": [0.21945, 0.08575487252744535], "EDIT": [0.12040000000000001, 0.08575487252744535], "EGRX": [0.017245238095238095, 0.08575487252744535], "EMIS": [-0.045533333333333335, 0.08575487252744535], "ENCY": [0.3674636363636363, 0.08575487252744535], "ENDP": [0.034608235294117655, 0.08575487252744535], "ENTA": [0.2045065217391304, 0.08575487252744535], "ENZN": [0.12250000000000001, 0.08575487252744535], "EPZM": [0.19063333333333332, 0.08575487252744535], "ESPR": [0.010446153846153852, 0.08575487252744535], "EURX": [0.37555, 0.08575487252744535], "EXEL": [0.0, 0.08575487252744535], "FACT": [0.05799411764705882, 0.08575487252744535], "FGEN": [-0.14424814814814818, 0.08575487252744535], "FLKS": [0.0, 0.08575487252744535], "FLML": [0.017521428571428573, 0.08575487252744535], "FLXN": [0.5719, 0.08575487252744535], "FMI": [0.023642857142857143, 0.08575487252744535], "FOLD": [-0.021357142857142856, 0.08575487252744535], "FOMX": [0.0, 0.08575487252744535], "FPRX": [0.04389, 0.08575487252744535], "GBT": [0.0, 0.08575487252744535], "GENZ": [0.0, 0.08575487252744535], "GERN": [0.07584823529411766, 0.08575487252744535], "GEVA": [0.29295, 0.08575487252744535], "GHDX": [0.10976000000000004, 0.08575487252744535], "GILD": [0.03839496221662469, 0.08575487252744535], "GNVC": [0.0, 0.08575487252744535], "GPRO": [-0.004906201550387592, 0.08575487252744535], "GRFS": [0.0, 0.08575487252744535], "GTXI": [0.296, 0.08575487252744535], "GWPH": [0.1864357142857143, 0.08575487252744535], "HALO": [-0.01364418604651163, 0.08575487252744535], "HBIO": [0.0, 0.08575487252744535], "HGSI": [0.3182, 0.08575487252744535], "HPTX": [-0.13601999999999997, 0.08575487252744535], "HZNP": [0.05482139303482588, 0.08575487252744535], "ICEL": [0.1293, 0.08575487252744535], "ICPT": [0.03374725274725274, 0.08575487252744535], "ICY": [0.17967142857142854, 0.08575487252744535], "ILMN": [-0.05427948717948721, 0.08575487252744535], "ILU": [0.04983333333333332, 0.08575487252744535], "IMCL": [0.0, 0.08575487252744535], "IMDZ": [0.0, 0.08575487252744535], "IMGN": [0.0, 0.08575487252744535], "IMMU": [0.09084999999999999, 0.08575487252744535], "INCR": [0.1869, 0.08575487252744535], "INCY": [-0.04145416666666666, 0.08575487252744535], "INFI": [0.01911111111111112, 0.08575487252744535], "INO": [0.10401666666666667, 0.08575487252744535], "INSM": [0.0, 0.08575487252744535], "INSY": [-0.0579121212121212, 0.08575487252744535], "IONS": [0.06537589743589743, 0.08575487252744535], "IPXL": [-0.1191285714285714, 0.08575487252744535], "IRWD": [-0.24872222222222223, 0.08575487252744535], "ISIS": [0.07982500000000001, 0.08575487252744535], "ISPH": [-0.045533333333333335, 0.08575487252744535], "ISTA": [0.17810357142857147, 0.08575487252744535], "ITCI": [0.17178333333333332, 0.08575487252744535], "ITEK": [0.0, 0.08575487252744535], "ITMN": [0.06255, 0.08575487252744535], "JAZZ": [-0.199684375, 0.08575487252744535], "JUNO": [0.02808076923076923, 0.08575487252744535], "KERX": [0.08778, 0.08575487252744535], "KITE": [0.02836323529411765, 0.08575487252744535], "KMPH": [0.0, 0.08575487252744535], "KPTI": [-0.08798695652173913, 0.08575487252744535], "KYTH": [0.1939833333333333, 0.08575487252744535], "LBIO": [0.0909636363636364, 0.08575487252744535], "LGND": [0.17597000000000002, 0.08575487252744535], "LIFE": [0.001337333333333331, 0.08575487252744535], "LMNX": [0.08895, 0.08575487252744535], "LOXO": [-0.09866666666666667, 0.08575487252744535],