{"ACAD": [0.08070888888888887, 0.12825861390994692], "ACHN": [-0.023642857142857143, 0.12825861390994692], "ACOR": [0.21075, 0.12825861390994692], "ACRX": [0.01605, 0.12825861390994692], "ADHD": [0.06321666666666666, 0.12825861390994692], "AEGR": [0.15474736842105263, 0.12825861390994692], "AFFX": [0.0, 0.12825861390994692], "AFFY": [0.13396666666666665, 0.12825861390994692], "AGEN": [0.148, 0.12825861390994692], "AKRX": [0.0, 0.12825861390994692], "ALNY": [0.2667411764705883, 0.12825861390994692], "ALTH": [0.1684823529411765, 0.12825861390994692], "ALXA": [0.10606666666666666, 0.12825861390994692], "AMAG": [0.0, 0.12825861390994692], "AMGN": [-0.011006060606060604, 0.12825861390994692], "AMRI": [0.296, 0.12825861390994692], "AMRN": [0.035589062500000004, 0.12825861390994692], "ANAC": [0.0843, 0.12825861390994692], "ANDS": [0.24093333333333333, 0.12825861390994692], "ANIP": [0.4491, 0.12825861390994692], "ANTH": [0.0, 0.12825861390994692], "ARIA": [0.074525, 0.12825861390994692], "ARNA": [0.028245714285714284, 0.12825861390994692], "ARQL": [0.27576666666666666, 0.12825861390994692], "ARRY": [-0.11893636363636363, 0.12825861390994692], "ARWR": [0.1582, 0.12825861390994692], "ASPX": [0.11889999999999999, 0.12825861390994692], "AST": [0.12025797101449273, 0.12825861390994692], "ASTX": [0.0358625, 0.12825861390994692], "ATRA": [0.0, 0.12825861390994692], "AUXL": [0.0, 0.12825861390994692], "AVEO": [0.36749999999999994, 0.12825861390994692], "AVII": [0.0, 0.12825861390994692], "AXCA": [0.6597, 0.12825861390994692], "BCRX": [0.14684615384615382, 0.12825861390994692], "BIIB": [0.04169333333333334, 0.12825861390994692], "BLUE": [0.23642222222222223, 0.12825861390994692], "BLUS": [0.6369, 0.12825861390994692], "BMRN": [0.28461000000000003, 0.12825861390994692], "CALP": [0.351075, 0.12825861390994692], "CBRX": [0.296, 0.12825861390994692], "CCXI": [0.20995, 0.12825861390994692], "CELG": [0.1940777777777778, 0.12825861390994692], "CEMP": [0.2155, 0.12825861390994692], "CEPH": [0.7906, 0.12825861390994692], "CERS": [-0.05943333333333332, 0.12825861390994692], "CHMA": [0.8519, 0.12825861390994692], "CLDX": [0.0793, 0.12825861390994692], "CLVS": [0.14487499999999998, 0.12825861390994692], "COLL": [-0.2673833333333333, 0.12825861390994692], "CRA": [0.23784285714285716, 0.12825861390994692], "CRIS": [0.06394375, 0.12825861390994692], "CTIC": [-0.011218181818181823, 0.12825861390994692], "CTRX": [-0.2023, 0.12825861390994692], "DNDN": [0.0, 0.12825861390994692], "DRRX": [0.0, 0.12825861390994692], "DVAX": [0.1027, 0.12825861390994692], "DYAX": [0.0, 0.12825861390994692], "ECYT": [0.0, 0.12825861390994692], "EDIT": [0.40605, 0.12825861390994692], "EMIS": [0.0, 0.12825861390994692], "ENCY": [0.0, 0.12825861390994692], "ENDP": [0.1779, 0.12825861390994692], "ENTA": [0.04472727272727272, 0.12825861390994692], "ENZN": [0.0, 0.12825861390994692], "EPZM": [0.14801666666666666, 0.12825861390994692], "EXEL": [0.35562000000000005, 0.12825861390994692], "FACT": [0.0294875, 0.12825861390994692], "FGEN": [0.0, 0.12825861390994692], "FLKS": [0.14909999999999998, 0.12825861390994692], "FLML": [0.0, 0.12825861390994692], "FMI": [-0.39176666666666665, 0.12825861390994692], "FOLD": [0.5574, 0.12825861390994692], "FURX": [0.0, 0.12825861390994692], "GERN": [-0.1953, 0.12825861390994692], "GEVA": [0.0, 0.12825861390994692], "GHDX": [0.10119999999999998, 0.12825861390994692], "GILD": [0.1274785714285714, 0.12825861390994692], "GNVC": [0.2884809523809524, 0.12825861390994692], "GPRO": [0.3939, 0.12825861390994692], "GTXI": [-0.20484285714285713, 0.12825861390994692], "GWPH": [-0.26335, 0.12825861390994692], "HALO": [0.08128000000000002, 0.12825861390994692], "HBIO": [0.23835, 0.12825861390994692], "HPTX": [0.2732, 0.12825861390994692], "HZNP": [0.18755555555555556, 0.12825861390994692], "ICEL": [0.2944, 0.12825861390994692], "ICY": [0.17790000000000003, 0.12825861390994692], "IDIX": [0.0, 0.12825861390994692], "ILMN": [-0.025049999999999996, 0.12825861390994692], "ILU": [-0.7416, 0.12825861390994692], "IMGN": [0.21632500000000005, 0.12825861390994692], "IMMU": [0.059963999999999996, 0.12825861390994692], "INCR": [0.37071764705882354, 0.12825861390994692], "INCY": [0.1851769230769231, 0.12825861390994692], "INFI": [0.0, 0.12825861390994692], "INO": [0.11790588235294118, 0.12825861390994692], "INSM": [0.0, 0.12825861390994692], "INSY": [0.1468, 0.12825861390994692], "IONS": [0.1396568181818182, 0.12825861390994692], "ISIS": [0.08896363636363636, 0.12825861390994692], "ISTA": [0.0, 0.12825861390994692], "ITMN": [0.11616666666666664, 0.12825861390994692], "JAZZ": [0.34676666666666667, 0.12825861390994692], "KERX": [0.14094, 0.12825861390994692], "KYTH": [0.0, 0.12825861390994692], "LBIO": [0.21136666666666667, 0.12825861390994692], "LGND": [0.28715416666666665, 0.12825861390994692], "LIFE": [0.42621379310344826, 0.12825861390994692], "LOXO": [-0.3243, 0.12825861390994692], "MACK": [0.15087777777777778, 0.12825861390994692], "MDVN": [0.0, 0.12825861390994692], "MEDI": [0.05295882352941178, 0.12825861390994692], "MNK": [0.05284166666666667, 0.12825861390994692], "MNKD": [0.05284166666666667, 0.12825861390994692], "MYGN": [0.3182, 0.12825861390994692], "MYL": [0.11155652173913044, 0.12825861390994692], "NH": [-0.052376923076923085, 0.12825861390994692], "NK": [0.11573611111111116, 0.12825861390994692], "NKTR": [0.0, 0.12825861390994692], "NLNK": [0.2023, 0.12825861390994692], "NOVN": [0.34, 0.12825861390994692], "NPSP": [0.15567105263157893, 0.12825861390994692], "NVAX": [0.05505, 0.12825861390994692], "OMED": [0.06743333333333333, 0.12825861390994692], "OMER": [0.11207692307692312, 0.12825861390994692], "ONCE": [0.3458666666666667, 0.12825861390994692], "ONTX": [0.306, 0.12825861390994692], "ONTY": [0.0, 0.12825861390994692], "ONVO": [0.0, 0.12825861390994692], "ONXX": [0.2202, 0.12825861390994692], "OPHT": [0.1953, 0.12825861390994692], "OPK": [0.003966666666666666, 0.12825861390994692], "OREX": [0.0947921052631579, 0.12825861390994692], "OSCI": [0.0, 0.12825861390994692], "OSIR": [0.06896666666666666, 0.12825861390994692], "OTIC": [0.0, 0.12825861390994692], "PACB": [0.13583571428571428, 0.12825861390994692], "PANC": [0.5859, 0.12825861390994692], "PHRM": [0.2023, 0.12825861390994692], "PRGO": [0.15734444444444443, 0.12825861390994692], "PRTA": [-0.6124, 0.12825861390994692], "PTCT": [0.20048000000000005, 0.12825861390994692], "PTLA": [0.0, 0.12825861390994692], "PTX": [0.28459999999999996, 0.12825861390994692], "QLTI": [0.4019, 0.12825861390994692], "RARE": [0.13074285714285716, 0.12825861390994692], "REGN": [0.4404, 0.12825861390994692], "RNAI": [0.0, 0.12825861390994692], "RPTP": [-0.08408333333333333, 0.12825861390994692], "RTRX": [0.4019, 0.12825861390994692], "SAGE": [0.20048749999999999, 0.12825861390994692], "SGEN": [0.323075, 0.12825861390994692], "SGMO": [-0.009800000000000003, 0.12825861390994692], "SGNT": [0.296, 0.12825861390994692], "SGYP": [0.0, 0.12825861390994692], "SHPG": [0.2553, 0.12825861390994692], "SLXP": [-0.25, 0.12825861390994692], "SNTS": [0.3518333333333333, 0.12825861390994692], "SPPI": [0.0, 0.12825861390994692], "SQNM": [-0.12376000000000002, 0.12825861390994692], "SRPT": [0.18540504201680674, 0.12825861390994692], "STEM": [-0.08262666666666668, 0.12825861390994692], "TECH": [0.11433026315789475, 0.12825861390994692], "TEVA": [0.1344857142857143, 0.12825861390994692], "THLD": [0.12434444444444444, 0.12825861390994692], "TSRO": [-0.25, 0.12825861390994692], "TSRX": [0.2869, 0.12825861390994692], "TTPH": [0.51, 0.12825861390994692], "USD": [0.010851020408163268, 0.12825861390994692], "UTHR": [0.536, 0.12825861390994692], "VICL": [0.0679111111111111, 0.12825861390994692], "VNDA": [0.3825, 0.12825861390994692], "VPHM": [0.0, 0.12825861390994692], "VRTX": [0.13486666666666666, 0.12825861390994692], "VTL": [0.765, 0.12825861390994692], "VVUS": [0.15514608695652174, 0.12825861390994692], "WCRX": [0.24695, 0.12825861390994692], "XOMA": [0.1514, 0.12825861390994692],