{"AAVL": [0.04171538461538461, 0.08996985436748417], "ACAD": [-0.03717777777777778, 0.08996985436748417], "ACHN": [0.1990625, 0.08996985436748417], "ACOR": [0.0, 0.08996985436748417], "ACRX": [-0.017609523809523804, 0.08996985436748417], "ADHD": [0.09645555555555556, 0.08996985436748417], "AEGR": [0.14830985915492953, 0.08996985436748417], "AERI": [0.0, 0.08996985436748417], "AFFX": [0.0, 0.08996985436748417], "AFFY": [0.0, 0.08996985436748417], "AGEN": [0.03695, 0.08996985436748417], "AGIO": [0.0, 0.08996985436748417], "ALIM": [0.2936, 0.08996985436748417], "ALKS": [0.0906, 0.08996985436748417], "ALNY": [-0.100475, 0.08996985436748417], "ALTH": [0.3788, 0.08996985436748417], "ALXA": [0.0, 0.08996985436748417], "ALXN": [0.033335000000000004, 0.08996985436748417], "AMAG": [-0.4939, 0.08996985436748417], "AMGN": [0.10446764705882353, 0.08996985436748417], "AMRI": [0.0, 0.08996985436748417], "AMRN": [-0.28099999999999997, 0.08996985436748417], "ANAC": [0.35132, 0.08996985436748417], "ANDS": [0.0968, 0.08996985436748417], "ANIP": [0.5079, 0.08996985436748417], "ANTH": [0.0, 0.08996985436748417], "ARIA": [0.04202068965517241, 0.08996985436748417], "ARNA": [0.027525, 0.08996985436748417], "ARRY": [0.20462499999999997, 0.08996985436748417], "ARWR": [0.1504271428571428, 0.08996985436748417], "ASPX": [-0.17020000000000002, 0.08996985436748417], "AST": [0.09234358974358976, 0.08996985436748417], "ATRA": [-0.27115, 0.08996985436748417], "AUXL": [0.0, 0.08996985436748417], "AVEO": [0.14796, 0.08996985436748417], "AVNR": [-0.09519999999999999, 0.08996985436748417], "AXCA": [0.0, 0.08996985436748417], "BCRX": [0.0, 0.08996985436748417], "BIIB": [0.07180714285714285, 0.08996985436748417], "BIOD": [0.0, 0.08996985436748417], "BLUE": [0.0, 0.08996985436748417], "BMRN": [0.05428484848484848, 0.08996985436748417], "BOLD": [0.3818, 0.08996985436748417], "CALP": [0.0, 0.08996985436748417], "CARA": [0.1858, 0.08996985436748417], "CBPO": [0.0, 0.08996985436748417], "CBRX": [0.0258, 0.08996985436748417], "CBST": [0.074875, 0.08996985436748417], "CCXI": [0.44040000000000007, 0.08996985436748417], "CELG": [0.10786610169491527, 0.08996985436748417], "CEMP": [-0.03144444444444445, 0.08996985436748417], "CEPH": [-0.3243, 0.08996985436748417], "CERS": [0.0, 0.08996985436748417], "CLDN": [0.148, 0.08996985436748417], "CLDX": [0.04462777777777777, 0.08996985436748417], "CLVS": [0.13696363636363634, 0.08996985436748417], "CMRX": [0.0, 0.08996985436748417], "CNCE": [0.44040000000000007, 0.08996985436748417], "CNCT": [0.0, 0.08996985436748417], "CRA": [0.1732, 0.08996985436748417], "CRIS": [0.0, 0.08996985436748417], "CTIC": [0.0, 0.08996985436748417], "CTRX": [0.22449230769230766, 0.08996985436748417], "CYTK": [0.07461428571428572, 0.08996985436748417], "CYTX": [0.0, 0.08996985436748417], "DEPO": [-0.01230000000000001, 0.08996985436748417], "DERM": [-0.5423, 0.08996985436748417], "DNDN": [0.0, 0.08996985436748417], "DRNA": [0.44040000000000007, 0.08996985436748417], "DRRX": [0.19733333333333333, 0.08996985436748417], "DSCO": [0.0, 0.08996985436748417], "DYAX": [0.17218, 0.08996985436748417], "ECYT": [0.25034999999999996, 0.08996985436748417], "EDIT": [0.3818, 0.08996985436748417], "EGLT": [0.3818, 0.08996985436748417], "EGRX": [0.0, 0.08996985436748417], "ENCY": [0.7947500000000001, 0.08996985436748417], "ENDP": [0.10426666666666667, 0.08996985436748417], "ENTA": [0.134795, 0.08996985436748417], "ENZN": [0.0, 0.08996985436748417], "ESPR": [0.3528, 0.08996985436748417], "EXEL": [0.025177777777777778, 0.08996985436748417], "FACT": [0.105375, 0.08996985436748417], "FLML": [-0.056575, 0.08996985436748417], "FOLD": [0.038275, 0.08996985436748417], "FPRX": [0.6597, 0.08996985436748417], "GBT": [0.31845, 0.08996985436748417], "GERN": [-0.07629, 0.08996985436748417], "GEVA": [0.0, 0.08996985436748417], "GILD": [0.11305741935483865, 0.08996985436748417], "GPRO": [0.10722755102040817, 0.08996985436748417], "GTXI": [0.8074, 0.08996985436748417], "GWPH": [0.052804545454545465, 0.08996985436748417], "HALO": [0.07907741935483871, 0.08996985436748417], "HZNP": [0.05687317073170731, 0.08996985436748417], "ICPT": [0.21098139534883725, 0.08996985436748417], "ICY": [0.0, 0.08996985436748417], "IDIX": [-0.07166666666666667, 0.08996985436748417], "ILMN": [0.1091391304347826, 0.08996985436748417], "ILU": [0.10115, 0.08996985436748417], "IMCL": [0.0, 0.08996985436748417], "IMDZ": [0.0, 0.08996985436748417], "IMMU": [-0.09112666666666665, 0.08996985436748417], "INCR": [0.25496176470588233, 0.08996985436748417], "INCY": [0.06260000000000002, 0.08996985436748417], "INFI": [0.296, 0.08996985436748417], "INGN": [0.0, 0.08996985436748417], "INO": [-0.05036153846153845, 0.08996985436748417], "INSM": [0.4215, 0.08996985436748417], "INVA": [0.36755, 0.08996985436748417], "IONS": [0.11184929577464789, 0.08996985436748417], "IPXL": [0.07031034482758619, 0.08996985436748417], "IRWD": [0.0, 0.08996985436748417], "ISIS": [0.0, 0.08996985436748417], "ISPH": [0.0, 0.08996985436748417], "ISTA": [0.11449000000000001, 0.08996985436748417], "ITMN": [0.0, 0.08996985436748417], "JAZZ": [0.09866666666666667, 0.08996985436748417], "KERX": [0.18862, 0.08996985436748417], "KPTI": [0.0, 0.08996985436748417], "LBIO": [0.10201578947368421, 0.08996985436748417], "LGND": [0.050575, 0.08996985436748417], "LIFE": [0.18466666666666665, 0.08996985436748417], "LMNX": [0.0, 0.08996985436748417], "LXRX": [0.0, 0.08996985436748417], "MACK": [0.10195454545454545, 0.08996985436748417], "MDCO": [0.18660000000000002, 0.08996985436748417], "MDVN": [-0.06447777777777779, 0.08996985436748417], "MEDI": [0.2922627494456789, 0.08996985436748417], "MGNX": [0.6808, 0.08996985436748417], "MNK": [0.10571458333333338, 0.08996985436748417], "MNKD": [0.15082857142857145, 0.08996985436748417], "MNOV": [-0.2732, 0.08996985436748417], "MNTA": [0.23862499999999998, 0.08996985436748417], "MRNA": [0.0, 0.08996985436748417], "MYGN": [0.05303333333333333, 0.08996985436748417], "MYL": [0.105375, 0.08996985436748417], "NBIX": [0.0, 0.08996985436748417], "NERV": [0.33695, 0.08996985436748417], "NH": [0.02208823529411765, 0.08996985436748417], "NK": [0.143148905109489, 0.08996985436748417], "NKTR": [0.06291428571428571, 0.08996985436748417], "NLNK": [-0.25, 0.08996985436748417], "NOVN": [0.2294, 0.08996985436748417], "NPSP": [0.31379999999999997, 0.08996985436748417], "NVAX": [0.019790476190476188, 0.08996985436748417], "OCUL": [0.0, 0.08996985436748417], "OMED": [0.1101, 0.08996985436748417], "OMER": [0.61215, 0.08996985436748417], "ONCE": [-0.21459999999999999, 0.08996985436748417], "ONTX": [0.0, 0.08996985436748417], "ONVO": [0.2294, 0.08996985436748417], "OPK": [-0.032011111111111115, 0.08996985436748417], "OREX": [0.20237692307692318, 0.08996985436748417], "OSCI": [0.148, 0.08996985436748417], "OSIR": [0.49108, 0.08996985436748417], "OTIC": [-0.03758571428571428, 0.08996985436748417], "OVAS": [0.0, 0.08996985436748417], "PCYC": [0.3117153846153846, 0.08996985436748417], "POZN": [0.42043333333333327, 0.08996985436748417], "PRGO": [0.0772, 0.08996985436748417], "PTCT": [0.0, 0.08996985436748417], "PTIE": [-0.20226666666666668, 0.08996985436748417], "QCOR": [-0.004299999999999999, 0.08996985436748417], "QGEN": [0.0, 0.08996985436748417], "RARE": [0.06405454545454545, 0.08996985436748417], "RCPT": [0.0, 0.08996985436748417], "REGN": [0.07534888888888888, 0.08996985436748417], "RNAI": [-0.013799999999999993, 0.08996985436748417], "RPTP": [0.0, 0.08996985436748417], "SAGE": [0.0, 0.08996985436748417], "SGEN": [0.08762222222222223, 0.08996985436748417], "SGMO": [0.0, 0.08996985436748417], "SGNT": [0.0, 0.08996985436748417], "SGYP": [-0.04013333333333333, 0.08996985436748417], "SHPG": [0.023149999999999993, 0.08996985436748417], "SLXP": [0.07024999999999999, 0.08996985436748417], "SNTA": [0.05997272727272727, 0.08996985436748417], "SQNM": [0.11425625, 0.08996985436748417], "SRPT": [0.25101398601398617, 0.08996985436748417], "STEM": [0.047, 0.08996985436748417],