{"AAVL": [-0.128, 0.09628793172924123], "ACAD": [0.12315142857142856, 0.09628793172924123], "ACHN": [0.01334942528735632, 0.09628793172924123], "ACOR": [-0.07424666666666666, 0.09628793172924123], "ACRX": [0.104125, 0.09628793172924123], "ADMS": [0.0, 0.09628793172924123], "ADRO": [0.06501666666666668, 0.09628793172924123], "AEGR": [0.3403692307692308, 0.09628793172924123], "AERI": [0.36522500000000013, 0.09628793172924123], "AFFX": [0.22094285714285714, 0.09628793172924123], "AFFY": [0.18436666666666668, 0.09628793172924123], "AFMD": [0.6005666666666666, 0.09628793172924123], "AGEN": [0.022437500000000003, 0.09628793172924123], "AGIO": [0.052874193548387106, 0.09628793172924123], "AGIX": [-0.032, 0.09628793172924123], "AGTC": [0.4019, 0.09628793172924123], "AKBA": [0.12165999999999999, 0.09628793172924123], "AKRX": [0.05493207547169811, 0.09628793172924123], "ALDR": [0.0, 0.09628793172924123], "ALIM": [0.36873333333333336, 0.09628793172924123], "ALKS": [-0.023799999999999988, 0.09628793172924123], "ALNY": [0.028675, 0.09628793172924123], "ALTH": [0.1552833333333333, 0.09628793172924123], "ALTU": [0.27655, 0.09628793172924123], "ALXA": [0.0, 0.09628793172924123], "ALXN": [-8.000000000000388e-05, 0.09628793172924123], "AMAG": [0.22124000000000002, 0.09628793172924123], "AMGN": [0.13990388349514565, 0.09628793172924123], "AMPH": [0.0, 0.09628793172924123], "AMRI": [0.1324, 0.09628793172924123], "AMRN": [0.2297780487804878, 0.09628793172924123], "ANAC": [0.07827887323943662, 0.09628793172924123], "ANDS": [-0.034733333333333345, 0.09628793172924123], "ANIP": [0.0, 0.09628793172924123], "ANTH": [0.065008, 0.09628793172924123], "AQXP": [0.0, 0.09628793172924123], "ARIA": [0.008935655737704913, 0.09628793172924123], "ARNA": [0.17297241379310344, 0.09628793172924123], "ARQL": [0.4019, 0.09628793172924123], "ARRY": [0.1009027027027027, 0.09628793172924123], "ARWR": [0.08930000000000002, 0.09628793172924123], "ASPX": [-0.021714285714285724, 0.09628793172924123], "AST": [0.04392514619883041, 0.09628793172924123], "ASTX": [0.36873333333333336, 0.09628793172924123], "ATRA": [0.29103648648648667, 0.09628793172924123], "AVEO": [0.16186250000000002, 0.09628793172924123], "AVNR": [0.36873333333333336, 0.09628793172924123], "AXCA": [-0.28865, 0.09628793172924123], "BCRX": [0.36873333333333336, 0.09628793172924123], "BIIB": [0.12024864864864866, 0.09628793172924123], "BIOD": [0.0, 0.09628793172924123], "BLCM": [-0.29634, 0.09628793172924123], "BLUE": [0.022991447368421045, 0.09628793172924123], "BMRN": [-0.04689361702127659, 0.09628793172924123], "BPMC": [0.0, 0.09628793172924123], "CADX": [0.36873333333333336, 0.09628793172924123], "CALP": [0.22851999999999997, 0.09628793172924123], "CARA": [0.5531, 0.09628793172924123], "CBPO": [0.08090999999999998, 0.09628793172924123], "CCXI": [0.1828, 0.09628793172924123], "CELG": [0.15144934210526323, 0.09628793172924123], "CEMP": [0.074, 0.09628793172924123], "CERS": [0.19295833333333334, 0.09628793172924123], "CLDN": [0.34753913043478263, 0.09628793172924123], "CLDX": [0.12000646387832703, 0.09628793172924123], "CLVS": [0.14243798449612408, 0.09628793172924123], "CNCE": [0.24513333333333334, 0.09628793172924123], "COLL": [-0.011180000000000004, 0.09628793172924123], "CRA": [0.08409130434782608, 0.09628793172924123], "CRIS": [0.2800371428571428, 0.09628793172924123], "CRME": [0.36873333333333336, 0.09628793172924123], "CTIC": [0.0731305263157895, 0.09628793172924123], "CTRX": [0.35834285714285713, 0.09628793172924123], "DEPO": [0.10188947368421053, 0.09628793172924123], "DERM": [-0.128, 0.09628793172924123], "DNDN": [0.038575862068965516, 0.09628793172924123], "DRNA": [0.0, 0.09628793172924123], "DRRX": [0.1312818181818182, 0.09628793172924123], "DSCO": [0.0, 0.09628793172924123], "DVAX": [-0.01901818181818181, 0.09628793172924123], "DYAX": [0.08028490566037735, 0.09628793172924123], "ECYT": [0.3084928571428572, 0.09628793172924123], "EDIT": [0.39177142857142855, 0.09628793172924123], "EGLT": [0.0, 0.09628793172924123], "EGRX": [0.04565000000000001, 0.09628793172924123], "EMIS": [0.0, 0.09628793172924123], "ENCY": [0.27504, 0.09628793172924123], "ENDP": [-0.025441666666666665, 0.09628793172924123], "ENTA": [0.03551111111111111, 0.09628793172924123], "ENZN": [0.3637063492063495, 0.09628793172924123], "ESPR": [0.068632, 0.09628793172924123], "EXEL": [0.08776562500000003, 0.09628793172924123], "FACT": [-0.2732, 0.09628793172924123], "FGEN": [-0.3182, 0.09628793172924123], "FLKS": [0.0, 0.09628793172924123], "FMI": [0.30488, 0.09628793172924123], "FOLD": [0.048990909090909085, 0.09628793172924123], "FPRX": [0.15334444444444445, 0.09628793172924123], "GERN": [0.0, 0.09628793172924123], "GEVA": [0.07374666666666667, 0.09628793172924123], "GHDX": [0.0, 0.09628793172924123], "GILD": [0.07763613707165117, 0.09628793172924123], "GNVC": [0.36873333333333336, 0.09628793172924123], "GPRO": [0.07680392156862746, 0.09628793172924123], "GWPH": [0.10757272727272728, 0.09628793172924123], "HALO": [0.13654742268041242, 0.09628793172924123], "HITK": [0.0, 0.09628793172924123], "HZNP": [0.015948421052631577, 0.09628793172924123], "ICEL": [0.4140625, 0.09628793172924123], "ICPT": [0.09930833333333333, 0.09628793172924123], "ICY": [-0.6597, 0.09628793172924123], "ILMN": [-0.010752, 0.09628793172924123], "ILU": [-0.2294, 0.09628793172924123], "IMGN": [0.2784111111111111, 0.09628793172924123], "IMMU": [0.02310526315789475, 0.09628793172924123], "INCR": [0.36012500000000003, 0.09628793172924123], "INCY": [-0.018200000000000008, 0.09628793172924123], "INFI": [0.1469818181818182, 0.09628793172924123], "INGN": [0.0, 0.09628793172924123], "INO": [0.22394347826086955, 0.09628793172924123], "INSM": [0.0, 0.09628793172924123], "INSY": [0.07553571428571429, 0.09628793172924123], "IONS": [0.15445433070866144, 0.09628793172924123], "IPXL": [0.04022105263157895, 0.09628793172924123], "IRWD": [-0.3182, 0.09628793172924123], "ISIS": [0.05843918918918918, 0.09628793172924123], "ISTA": [-0.16271428571428573, 0.09628793172924123], "ITCI": [0.0, 0.09628793172924123], "JAZZ": [-0.24014193548387097, 0.09628793172924123], "JUNO": [0.025453982300884956, 0.09628793172924123], "KERX": [0.143284, 0.09628793172924123], "KITE": [0.03321538461538462, 0.09628793172924123], "KPTI": [0.02792857142857143, 0.09628793172924123], "LBIO": [0.004227380952380955, 0.09628793172924123], "LGND": [0.18887500000000002, 0.09628793172924123], "LIFE": [0.08029565217391305, 0.09628793172924123], "LMNX": [0.0843, 0.09628793172924123], "LOXO": [0.5574, 0.09628793172924123], "MACK": [-0.278425, 0.09628793172924123], "MAPP": [0.0, 0.09628793172924123], "MCRB": [0.4576, 0.09628793172924123], "MDCO": [0.09106666666666667, 0.09628793172924123], "MDVN": [0.08798333333333334, 0.09628793172924123], "MEDI": [0.2081866666666665, 0.09628793172924123], "MGNX": [-0.04631428571428572, 0.09628793172924123], "MNK": [0.08820175438596499, 0.09628793172924123], "MNKD": [0.15970365853658539, 0.09628793172924123], "MNTA": [0.012358333333333332, 0.09628793172924123], "MRNA": [0.138275, 0.09628793172924123], "MYGN": [0.14270000000000002, 0.09628793172924123], "MYL": [0.06159428571428573, 0.09628793172924123], "NABI": [0.0, 0.09628793172924123], "NBIX": [0.12379344262295089, 0.09628793172924123], "NEOS": [0.0, 0.09628793172924123], "NH": [0.09340416666666668, 0.09628793172924123], "NK": [0.08299924242424246, 0.09628793172924123], "NKTR": [0.33634444444444445, 0.09628793172924123], "NLNK": [-0.27319374999999996, 0.09628793172924123], "NPSP": [0.36873333333333336, 0.09628793172924123], "NSTG": [0.0, 0.09628793172924123], "NVAX": [0.06878999999999999, 0.09628793172924123], "NVCR": [0.0, 0.09628793172924123], "OMED": [0.17477894736842103, 0.09628793172924123], "OMER": [0.1061076923076923, 0.09628793172924123], "OMPI": [0.26853333333333335, 0.09628793172924123], "ONCE": [-0.005211111111111111, 0.09628793172924123], "ONTX": [0.4019, 0.09628793172924123], "ONTY": [0.10131351351351349, 0.09628793172924123],