{"ACAD": [0.10115, 0.042861560198449035], "ACHN": [0.2553, 0.042861560198449035], "ADLR": [0.0, 0.042861560198449035], "AFFX": [0.0, 0.042861560198449035], "AFFY": [0.0, 0.042861560198449035], "AGEN": [0.0, 0.042861560198449035], "AKRX": [0.0, 0.042861560198449035], "ALKS": [0.5994, 0.042861560198449035], "ALTH": [0.0, 0.042861560198449035], "ALXA": [0.0, 0.042861560198449035], "ALXN": [0.0, 0.042861560198449035], "AMAG": [-0.6512, 0.042861560198449035], "AMGN": [0.016858333333333333, 0.042861560198449035], "AMRN": [0.11457999999999999, 0.042861560198449035], "ANAC": [0.0, 0.042861560198449035], "ANDS": [0.4696, 0.042861560198449035], "ARIA": [0.048975000000000005, 0.042861560198449035], "ASPX": [0.0, 0.042861560198449035], "AST": [0.02944705882352942, 0.042861560198449035], "AVEO": [0.0, 0.042861560198449035], "BCRX": [0.0, 0.042861560198449035], "BIIB": [0.009709090909090905, 0.042861560198449035], "BIOD": [0.0, 0.042861560198449035], "BIOV": [0.0, 0.042861560198449035], "BLUE": [0.7566999999999999, 0.042861560198449035], "BMTI": [-0.1909, 0.042861560198449035], "BPAX": [0.024794117647058824, 0.042861560198449035], "CADX": [0.0, 0.042861560198449035], "CALP": [0.0, 0.042861560198449035], "CARA": [0.6486, 0.042861560198449035], "CBRX": [0.0, 0.042861560198449035], "CBST": [-0.06110000000000001, 0.042861560198449035], "CELG": [0.0, 0.042861560198449035], "CEPH": [0.0, 0.042861560198449035], "CLDX": [0.2202, 0.042861560198449035], "CLSD": [0.0, 0.042861560198449035], "COLL": [0.0, 0.042861560198449035], "CRA": [-0.6427, 0.042861560198449035], "CYTX": [0.17134545454545452, 0.042861560198449035], "DEPO": [0.08038, 0.042861560198449035], "DNDN": [0.0, 0.042861560198449035], "DVAX": [0.1468, 0.042861560198449035], "EDIT": [0.10269999999999999, 0.042861560198449035], "ENTA": [0.0, 0.042861560198449035], "ENZN": [0.0, 0.042861560198449035], "FACT": [0.24695, 0.042861560198449035], "FLKS": [-0.5106, 0.042861560198449035], "FOLD": [0.0, 0.042861560198449035], "GILD": [0.074, 0.042861560198449035], "HGSI": [0.2023, 0.042861560198449035], "ILMN": [0.04375882352941177, 0.042861560198449035], "INCR": [0.3182, 0.042861560198449035], "INFI": [0.0, 0.042861560198449035], "INHX": [0.0, 0.042861560198449035], "INO": [0.2906518518518518, 0.042861560198449035], "IONS": [-0.10729999999999999, 0.042861560198449035], "IRWD": [0.0, 0.042861560198449035], "JAZZ": [0.04035, 0.042861560198449035], "KERX": [0.22619999999999998, 0.042861560198449035], "LBIO": [0.1591, 0.042861560198449035], "LGND": [-0.5365, 0.042861560198449035], "LIFE": [0.11438, 0.042861560198449035], "MEDI": [0.0, 0.042861560198449035], "MITI": [0.2023, 0.042861560198449035], "MNK": [0.0, 0.042861560198449035], "MNKD": [0.0, 0.042861560198449035], "MNTA": [0.032, 0.042861560198449035], "MRNA": [0.0, 0.042861560198449035], "MYGN": [0.0, 0.042861560198449035], "NABI": [0.11498333333333333, 0.042861560198449035], "NERV": [-0.6512, 0.042861560198449035], "NH": [-0.005205555555555554, 0.042861560198449035], "NK": [0.1327888888888889, 0.042861560198449035], "NPSP": [0.0, 0.042861560198449035], "NVAX": [-0.2732, 0.042861560198449035], "OMED": [0.0, 0.042861560198449035], "OMER": [0.0, 0.042861560198449035], "ONCE": [0.0, 0.042861560198449035], "ONTY": [0.107725, 0.042861560198449035], "ONXX": [-0.6512, 0.042861560198449035], "OPK": [0.5729, 0.042861560198449035], "OPTR": [0.37276, 0.042861560198449035], "OREX": [0.057055555555555554, 0.042861560198449035], "PCRX": [0.1237, 0.042861560198449035], "PDLI": [0.10115, 0.042861560198449035], "PTIE": [0.01630000000000001, 0.042861560198449035], "QCOR": [0.0, 0.042861560198449035], "SAGE": [0.2202, 0.042861560198449035], "SGEN": [0.21900000000000003, 0.042861560198449035], "SGMO": [0.45879999999999993, 0.042861560198449035], "SIGA": [0.0, 0.042861560198449035], "SLXP": [0.0, 0.042861560198449035], "SPPI": [-0.024666666666666667, 0.042861560198449035], "SQNM": [0.0, 0.042861560198449035], "STEM": [-0.0683, 0.042861560198449035], "SUPG": [0.0, 0.042861560198449035], "TECH": [0.2662666666666667, 0.042861560198449035], "TEVA": [0.021333333333333333, 0.042861560198449035], "USD": [0.11948399999999999, 0.042861560198449035], "VICL": [0.0, 0.042861560198449035], "VPHM": [0.131675, 0.042861560198449035], "VRTX": [0.2023, 0.042861560198449035], "VRUS": [-0.21075, 0.042861560198449035], "VTL": [0.0, 0.042861560198449035], "VVUS": [0.1875375, 0.042861560198449035], "XOMA": [-0.07543333333333334, 0.042861560198449035], "ZLCS": [0.07375348837209303, 0.042861560198449035]}