{"AAVL": [0.0, 0.12314881185628102], "ACHN": [0.1857, 0.12314881185628102], "ACRX": [0.06868095238095236, 0.12314881185628102], "ADHD": [0.4588, 0.12314881185628102], "ADRO": [0.5574, 0.12314881185628102], "AEGR": [0.0, 0.12314881185628102], "AFFY": [0.3595, 0.12314881185628102], "AGEN": [-0.128, 0.12314881185628102], "AGTC": [0.0, 0.12314881185628102], "AKRX": [-0.22199999999999998, 0.12314881185628102], "ALNY": [0.2023, 0.12314881185628102], "ALXA": [0.0, 0.12314881185628102], "ALXN": [0.00686666666666665, 0.12314881185628102], "AMRI": [0.0, 0.12314881185628102], "ARIA": [0.0759736842105263, 0.12314881185628102], "ARNA": [0.0014249999999999992, 0.12314881185628102], "ASPX": [-0.0064750000000000085, 0.12314881185628102], "AST": [0.2842166666666667, 0.12314881185628102], "AVNR": [0.0, 0.12314881185628102], "BCRX": [0.4588, 0.12314881185628102], "BLUE": [0.0, 0.12314881185628102], "CELG": [0.15674, 0.12314881185628102], "CEMP": [0.33973333333333333, 0.12314881185628102], "CLVS": [0.3612, 0.12314881185628102], "CMRX": [0.4588, 0.12314881185628102], "CNCE": [0.0, 0.12314881185628102], "CNCT": [0.0, 0.12314881185628102], "COLL": [0.6597, 0.12314881185628102], "CRA": [0.17667499999999997, 0.12314881185628102], "CRIS": [-0.6249, 0.12314881185628102], "CTIC": [-0.11482500000000001, 0.12314881185628102], "DNDN": [0.0, 0.12314881185628102], "DSCO": [0.0, 0.12314881185628102], "ECYT": [-0.10837500000000001, 0.12314881185628102], "EDIT": [0.3818, 0.12314881185628102], "EGRX": [0.0, 0.12314881185628102], "ENDP": [0.0, 0.12314881185628102], "ENTA": [0.4189666666666667, 0.12314881185628102], "ENZN": [0.34, 0.12314881185628102], "ESPR": [0.12251666666666666, 0.12314881185628102], "EXEL": [0.092375, 0.12314881185628102], "FACT": [0.0, 0.12314881185628102], "FLKS": [0.0, 0.12314881185628102], "FLML": [0.22047499999999998, 0.12314881185628102], "FMI": [0.4767, 0.12314881185628102], "FOLD": [0.227, 0.12314881185628102], "GILD": [0.02496666666666666, 0.12314881185628102], "GPRO": [-0.08493333333333335, 0.12314881185628102], "GRFS": [0.0, 0.12314881185628102], "GTXI": [-0.1531, 0.12314881185628102], "GWPH": [0.0, 0.12314881185628102], "HALO": [0.2736363636363636, 0.12314881185628102], "HZNP": [-0.004769999999999999, 0.12314881185628102], "ICPT": [0.1379142857142857, 0.12314881185628102], "IDIX": [0.14687500000000003, 0.12314881185628102], "ILMN": [0.25, 0.12314881185628102], "IMGN": [0.0, 0.12314881185628102], "IMMU": [0.2023, 0.12314881185628102], "INCR": [0.6124, 0.12314881185628102], "INCY": [0.0, 0.12314881185628102], "INFI": [0.2023, 0.12314881185628102], "INGN": [-0.6597, 0.12314881185628102], "INO": [0.21406363636363634, 0.12314881185628102], "INSM": [0.4754, 0.12314881185628102], "INSY": [0.4754, 0.12314881185628102], "IONS": [0.11488571428571429, 0.12314881185628102], "ISIS": [-0.3551, 0.12314881185628102], "ISTA": [0.3552285714285714, 0.12314881185628102], "ITMN": [0.1591, 0.12314881185628102], "JAZZ": [-0.0625, 0.12314881185628102], "LBIO": [0.1632857142857143, 0.12314881185628102], "LGND": [0.0, 0.12314881185628102], "LMNX": [0.0, 0.12314881185628102], "LOXO": [0.0, 0.12314881185628102], "MDCO": [0.0, 0.12314881185628102], "MEDI": [0.2923012499999996, 0.12314881185628102], "MNK": [0.06997272727272728, 0.12314881185628102], "MNKD": [0.06997272727272728, 0.12314881185628102], "MNTA": [0.796, 0.12314881185628102], "MRNA": [0.0, 0.12314881185628102], "MYL": [0.1799666666666667, 0.12314881185628102], "MYRX": [0.0, 0.12314881185628102], "NABI": [0.0, 0.12314881185628102], "NH": [0.059800000000000006, 0.12314881185628102], "NK": [0.14659523809523808, 0.12314881185628102], "NKTR": [0.0, 0.12314881185628102], "NPSP": [0.3148444444444445, 0.12314881185628102], "OMED": [0.296, 0.12314881185628102], "OMER": [0.3612, 0.12314881185628102], "ONCE": [0.0, 0.12314881185628102], "ONVO": [0.3062, 0.12314881185628102], "OPK": [0.23835, 0.12314881185628102], "OREX": [0.2473, 0.12314881185628102], "OSIR": [0.0, 0.12314881185628102], "OTIC": [0.0, 0.12314881185628102], "PCRX": [0.0, 0.12314881185628102], "PCYC": [0.0, 0.12314881185628102], "POZN": [0.4588, 0.12314881185628102], "QCOR": [0.0, 0.12314881185628102], "RCPT": [0.0, 0.12314881185628102], "RNAI": [0.2023, 0.12314881185628102], "SAGE": [-0.009133333333333335, 0.12314881185628102], "SGNT": [-0.128, 0.12314881185628102], "SGYP": [0.4404, 0.12314881185628102], "SHPG": [0.13415714285714286, 0.12314881185628102], "SNTA": [0.0, 0.12314881185628102], "SRPT": [0.15742499999999998, 0.12314881185628102], "TECH": [0.10000666666666663, 0.12314881185628102], "TSRO": [0.045233333333333334, 0.12314881185628102], "TSRX": [0.3818, 0.12314881185628102], "USD": [0.2557528089887638, 0.12314881185628102], "ZGNX": [0.0, 0.12314881185628102]}