{"AAVL": [0.2366181818181818, 0.2026513935263766], "ACAD": [0.16973333333333332, 0.2026513935263766], "ACHN": [0.0, 0.2026513935263766], "ACOR": [0.0, 0.2026513935263766], "ACRX": [0.0, 0.2026513935263766], "ADHD": [0.2732, 0.2026513935263766], "AEGR": [0.49006666666666665, 0.2026513935263766], "AERI": [0.09866666666666667, 0.2026513935263766], "AFMD": [0.3887999999999999, 0.2026513935263766], "AGEN": [0.5827000000000001, 0.2026513935263766], "AGIO": [0.35636666666666666, 0.2026513935263766], "AKBA": [0.31245, 0.2026513935263766], "AKRX": [0.1289857142857143, 0.2026513935263766], "ALDR": [0.296, 0.2026513935263766], "ALIM": [0.296, 0.2026513935263766], "ALKS": [0.2863555555555555, 0.2026513935263766], "ALNY": [0.4574, 0.2026513935263766], "ALTH": [0.15007142857142858, 0.2026513935263766], "ALXA": [0.0, 0.2026513935263766], "ALXN": [0.038759999999999996, 0.2026513935263766], "AMAG": [0.0, 0.2026513935263766], "AMGN": [0.1049906976744186, 0.2026513935263766], "AMRN": [0.41217999999999994, 0.2026513935263766], "ANAC": [0.2023, 0.2026513935263766], "ANDS": [0.5574, 0.2026513935263766], "ANIP": [0.16076, 0.2026513935263766], "ANTH": [0.14574782608695652, 0.2026513935263766], "ARIA": [0.1869807692307692, 0.2026513935263766], "ARNA": [0.33703, 0.2026513935263766], "ARQL": [0.06978999999999999, 0.2026513935263766], "ARRY": [0.11679666666666667, 0.2026513935263766], "ARWR": [0.2172521739130435, 0.2026513935263766], "ASPX": [-0.00740000000000001, 0.2026513935263766], "AST": [0.44937402597402587, 0.2026513935263766], "ATRA": [0.2462, 0.2026513935263766], "AVEO": [0.15672333333333335, 0.2026513935263766], "AVNR": [0.18322, 0.2026513935263766], "BCRX": [0.0, 0.2026513935263766], "BIIB": [0.09701785714285713, 0.2026513935263766], "BIOD": [0.0, 0.2026513935263766], "BLCM": [0.0, 0.2026513935263766], "BLUE": [0.24415000000000006, 0.2026513935263766], "BMRN": [0.06656153846153846, 0.2026513935263766], "CALP": [0.0, 0.2026513935263766], "CARA": [0.3612, 0.2026513935263766], "CBPO": [0.2023, 0.2026513935263766], "CELG": [0.15712083333333332, 0.2026513935263766], "CEMP": [0.20242, 0.2026513935263766], "CERS": [0.2463, 0.2026513935263766], "CHRS": [0.7461, 0.2026513935263766], "CLDN": [0.14094117647058826, 0.2026513935263766], "CLDX": [0.08916153846153849, 0.2026513935263766], "CLVS": [0.296, 0.2026513935263766], "COLL": [0.13343333333333332, 0.2026513935263766], "CRA": [0.6086, 0.2026513935263766], "CRIS": [0.3612, 0.2026513935263766], "CTIC": [0.17987999999999998, 0.2026513935263766], "CYTK": [0.074, 0.2026513935263766], "CYTX": [0.218, 0.2026513935263766], "DERM": [0.3612, 0.2026513935263766], "DNDN": [0.8635, 0.2026513935263766], "DRRX": [0.1257, 0.2026513935263766], "DSCO": [0.296, 0.2026513935263766], "DVAX": [0.13592857142857143, 0.2026513935263766], "DYAX": [0.0, 0.2026513935263766], "ECYT": [0.0, 0.2026513935263766], "EDIT": [0.0, 0.2026513935263766], "EGLT": [0.5106, 0.2026513935263766], "EGRX": [0.16894285714285712, 0.2026513935263766], "ENCY": [0.24722727272727277, 0.2026513935263766], "ENDP": [0.26039999999999996, 0.2026513935263766], "ENTA": [0.10806666666666666, 0.2026513935263766], "ENZN": [0.22199999999999998, 0.2026513935263766], "EPZM": [0.4166, 0.2026513935263766], "ESPR": [0.036781818181818186, 0.2026513935263766], "EXEL": [0.5776909090909091, 0.2026513935263766], "FACT": [0.0, 0.2026513935263766], "FGEN": [0.03394761904761905, 0.2026513935263766], "FLML": [0.148, 0.2026513935263766], "FMI": [-0.051239999999999994, 0.2026513935263766], "FOLD": [0.148, 0.2026513935263766], "FOMX": [0.032888888888888884, 0.2026513935263766], "FPRX": [0.0, 0.2026513935263766], "GERN": [0.15327037037037036, 0.2026513935263766], "GEVA": [0.6369, 0.2026513935263766], "GHDX": [0.0, 0.2026513935263766], "GILD": [0.07568955223880597, 0.2026513935263766], "GNVC": [0.0, 0.2026513935263766], "GPRO": [0.091536170212766, 0.2026513935263766], "GTXI": [0.35875, 0.2026513935263766], "GWPH": [0.24505, 0.2026513935263766], "HALO": [0.2892363636363638, 0.2026513935263766], "HZNP": [0.222, 0.2026513935263766], "ICEL": [0.06017142857142856, 0.2026513935263766], "ICPT": [0.04566470588235294, 0.2026513935263766], "ICY": [0.0, 0.2026513935263766], "ILMN": [0.05702307692307692, 0.2026513935263766], "ILU": [0.027777777777777776, 0.2026513935263766], "IMDZ": [0.1531, 0.2026513935263766], "IMMU": [0.3513375000000001, 0.2026513935263766], "INCR": [0.3559666666666667, 0.2026513935263766], "INCY": [0.24923076923076926, 0.2026513935263766], "INFI": [0.477675, 0.2026513935263766], "INGN": [0.12726666666666667, 0.2026513935263766], "INO": [0.0837, 0.2026513935263766], "INSY": [0.26148, 0.2026513935263766], "IONS": [0.042774999999999994, 0.2026513935263766], "ISIS": [0.4529083333333333, 0.2026513935263766], "ISTA": [-0.296, 0.2026513935263766], "ITCI": [0.296, 0.2026513935263766], "ITMN": [0.0, 0.2026513935263766], "JUNO": [0.027749999999999997, 0.2026513935263766], "KERX": [0.19476, 0.2026513935263766], "KITE": [0.06425294117647058, 0.2026513935263766], "KPTI": [0.296, 0.2026513935263766], "KYTH": [0.10980000000000001, 0.2026513935263766], "LBIO": [0.09509425287356323, 0.2026513935263766], "LGND": [0.1126375, 0.2026513935263766], "LIFE": [0.19701818181818184, 0.2026513935263766], "LXRX": [0.7814, 0.2026513935263766], "MACK": [0.439525, 0.2026513935263766], "MDVN": [0.3005866666666667, 0.2026513935263766], "MEDI": [0.2768699115044244, 0.2026513935263766], "MGNX": [0.0425, 0.2026513935263766], "MNK": [0.1225658536585366, 0.2026513935263766], "MNKD": [0.11627105263157896, 0.2026513935263766], "MRNA": [0.0, 0.2026513935263766], "MYGN": [0.0, 0.2026513935263766], "MYL": [0.183775, 0.2026513935263766], "NBIX": [0.148, 0.2026513935263766], "NDRM": [0.0, 0.2026513935263766], "NEOS": [0.0, 0.2026513935263766], "NERV": [0.25, 0.2026513935263766], "NH": [0.38570000000000004, 0.2026513935263766], "NK": [0.20177808219178073, 0.2026513935263766], "NLNK": [0.148, 0.2026513935263766], "NOVN": [0.0, 0.2026513935263766], "NPSP": [0.0, 0.2026513935263766], "NVAX": [0.46625000000000005, 0.2026513935263766], "OCUL": [-0.4215, 0.2026513935263766], "OMED": [0.026909090909090907, 0.2026513935263766], "OMPI": [0.17857142857142858, 0.2026513935263766], "ONCE": [0.09052, 0.2026513935263766], "ONTX": [0.0, 0.2026513935263766], "ONVO": [0.20793333333333333, 0.2026513935263766], "OPHT": [0.35213333333333335, 0.2026513935263766], "OPK": [0.5106, 0.2026513935263766], "OREX": [0.14981136363636363, 0.2026513935263766], "OSCI": [0.296, 0.2026513935263766], "OSIR": [0.47096666666666664, 0.2026513935263766], "OTIC": [0.24674285714285715, 0.2026513935263766], "OVAS": [0.12588181818181818, 0.2026513935263766], "PCYC": [0.15174583333333333, 0.2026513935263766], "PDLI": [0.5106, 0.2026513935263766], "PRTA": [0.296, 0.2026513935263766], "PTCT": [0.0, 0.2026513935263766], "PTLA": [0.3395, 0.2026513935263766], "QGEN": [0.0, 0.2026513935263766], "QURE": [0.05815833333333333, 0.2026513935263766], "RARE": [0.802, 0.2026513935263766], "RCPT": [0.0, 0.2026513935263766], "REGN": [0.048933333333333336, 0.2026513935263766], "RGLS": [0.0, 0.2026513935263766], "RIGL": [0.6808, 0.2026513935263766], "RNAI": [0.4574, 0.2026513935263766], "RTRX": [0.22199999999999998, 0.2026513935263766], "SAGE": [0.2839615384615385, 0.2026513935263766], "SCLN": [0.51084, 0.2026513935263766], "SGEN": [0.33294000000000007, 0.2026513935263766], "SGMO": [0.2809153846153846, 0.2026513935263766], "SGYP": [0.074, 0.2026513935263766], "SHPG": [-0.1468, 0.2026513935263766], "SLXP": [0.0, 0.2026513935263766], "SNTA": [0.0, 0.2026513935263766], "SPPI": [0.8977, 0.2026513935263766], "SQNM": [0.40318181818181814, 0.2026513935263766], "SRPT": [0.12418181818181818, 0.2026513935263766], "STEM": [0.0, 0.2026513935263766], "SUPN": [0.148, 0.2026513935263766], "TECH": [0.14305686274509805, 0.2026513935263766], "TEVA": [-0.2732, 0.2026513935263766], "THLD": [0.4767, 0.2026513935263766], "THRX": [0.0, 0.2026513935263766], "TRGT": [0.0, 0.2026513935263766], "TRVN": [0.296, 0.2026513935263766],