{"ACAD": [0.0, 0.10800494038386711], "ACHN": [0.0, 0.10800494038386711], "ACRX": [0.0, 0.10800494038386711], "AFFY": [0.14688333333333334, 0.10800494038386711], "AGEN": [0.0, 0.10800494038386711], "AGIO": [-0.4588, 0.10800494038386711], "ALKS": [-0.0015176470588235294, 0.10800494038386711], "ALNY": [0.0, 0.10800494038386711], "ALTH": [0.17575454545454547, 0.10800494038386711], "ALXN": [0.34409999999999996, 0.10800494038386711], "AMGN": [0.3178, 0.10800494038386711], "AMLN": [0.5236500000000001, 0.10800494038386711], "AMRN": [0.080975, 0.10800494038386711], "ANTH": [0.0, 0.10800494038386711], "ARIA": [0.0, 0.10800494038386711], "ARNA": [0.14527391304347823, 0.10800494038386711], "ARRY": [0.0, 0.10800494038386711], "ASPX": [0.09125230769230769, 0.10800494038386711], "AST": [0.011685714285714284, 0.10800494038386711], "ASTX": [0.0, 0.10800494038386711], "AUXL": [0.7578999999999999, 0.10800494038386711], "BCRX": [-0.2728, 0.10800494038386711], "BIIB": [0.10115, 0.10800494038386711], "BIOD": [0.0, 0.10800494038386711], "BLUE": [0.11024285714285716, 0.10800494038386711], "BMRN": [0.07655, 0.10800494038386711], "BPMC": [0.0, 0.10800494038386711], "CASC": [0.0, 0.10800494038386711], "CBST": [0.642425, 0.10800494038386711], "CELG": [0.1007, 0.10800494038386711], "COLL": [0.105375, 0.10800494038386711], "CRA": [-0.0129, 0.10800494038386711], "CTIC": [0.27905555555555556, 0.10800494038386711], "DSCO": [0.0, 0.10800494038386711], "ENDP": [0.0, 0.10800494038386711], "ENZN": [0.0, 0.10800494038386711], "EXEL": [0.3516, 0.10800494038386711], "FACT": [0.25, 0.10800494038386711], "FOLD": [0.0, 0.10800494038386711], "FURX": [0.0, 0.10800494038386711], "GILD": [0.0, 0.10800494038386711], "HGSI": [0.049961904761904756, 0.10800494038386711], "HZNP": [0.38585, 0.10800494038386711], "ICY": [-0.025675, 0.10800494038386711], "ILMN": [0.0, 0.10800494038386711], "IMMU": [0.4019, 0.10800494038386711], "INCY": [0.2354, 0.10800494038386711], "INSM": [0.0, 0.10800494038386711], "IONS": [-0.0384875, 0.10800494038386711], "IRWD": [0.0, 0.10800494038386711], "ISTA": [0.0, 0.10800494038386711], "JAZZ": [0.38126666666666664, 0.10800494038386711], "LBIO": [0.0, 0.10800494038386711], "LGND": [0.10525999999999999, 0.10800494038386711], "LIFE": [0.301425, 0.10800494038386711], "LMNX": [0.0, 0.10800494038386711], "LXRX": [0.35168, 0.10800494038386711], "MACK": [0.22852499999999998, 0.10800494038386711], "MAXY": [0.0, 0.10800494038386711], "MDCO": [0.0, 0.10800494038386711], "MDVN": [0.0, 0.10800494038386711], "MEDI": [0.0, 0.10800494038386711], "MITI": [0.0, 0.10800494038386711], "MNK": [0.0, 0.10800494038386711], "MNKD": [0.0, 0.10800494038386711], "MYL": [0.4588, 0.10800494038386711], "MYRX": [0.6369, 0.10800494038386711], "NH": [-0.0129, 0.10800494038386711], "NK": [0.05276428571428571, 0.10800494038386711], "NPSP": [0.4019, 0.10800494038386711], "NVAX": [-0.21213333333333334, 0.10800494038386711], "OMPI": [0.08346, 0.10800494038386711], "ONCE": [0.0, 0.10800494038386711], "ONXX": [-0.296, 0.10800494038386711], "OPK": [0.0, 0.10800494038386711], "OPTR": [0.4019, 0.10800494038386711], "OREX": [0.13584782608695653, 0.10800494038386711], "OSCI": [0.0, 0.10800494038386711], "PACB": [0.0, 0.10800494038386711], "PCRX": [0.0, 0.10800494038386711], "PCYC": [0.31845, 0.10800494038386711], "RARE": [-0.148, 0.10800494038386711], "RIGL": [0.296, 0.10800494038386711], "SAGE": [0.09220185185185184, 0.10800494038386711], "SNTA": [0.1366, 0.10800494038386711], "SNTS": [0.301425, 0.10800494038386711], "SPPI": [0.45474, 0.10800494038386711], "STEM": [0.0, 0.10800494038386711], "SUPN": [0.4019, 0.10800494038386711], "SVA": [-0.3182, 0.10800494038386711], "TBPH": [0.0, 0.10800494038386711], "TECH": [0.21285714285714286, 0.10800494038386711], "TEVA": [0.0, 0.10800494038386711], "THLD": [0.37407500000000005, 0.10800494038386711], "THRX": [0.0, 0.10800494038386711], "TRGT": [0.0, 0.10800494038386711], "USD": [0.007684166666666666, 0.10800494038386711], "UTHR": [0.4215, 0.10800494038386711], "VPHM": [0.296, 0.10800494038386711], "VVUS": [0.08294193548387095, 0.10800494038386711], "XOMA": [0.16666666666666666, 0.10800494038386711], "ZGNX": [0.0, 0.10800494038386711], "ZLCS": [0.13366666666666668, 0.10800494038386711]}