{"ACAD": [0.04618888888888889, 0.13935508966024174], "ACHN": [0.331475, 0.13935508966024174], "ACOR": [0.20814999999999997, 0.13935508966024174], "ACRX": [0.0, 0.13935508966024174], "ADHD": [0.3203, 0.13935508966024174], "ADMS": [-0.10398888888888888, 0.13935508966024174], "AEGR": [0.296, 0.13935508966024174], "AFFX": [0.4019, 0.13935508966024174], "AFFY": [0.20095, 0.13935508966024174], "AGEN": [0.001880000000000015, 0.13935508966024174], "AGTC": [0.296, 0.13935508966024174], "AKBA": [0.0, 0.13935508966024174], "AKRX": [0.29867999999999995, 0.13935508966024174], "ALIM": [0.5106, 0.13935508966024174], "ALKS": [0.07974999999999999, 0.13935508966024174], "ALNY": [0.06074444444444444, 0.13935508966024174], "ALTH": [0.18290370370370373, 0.13935508966024174], "ALXA": [0.0, 0.13935508966024174], "ALXN": [0.0041756097560975616, 0.13935508966024174], "AMGN": [0.12773793103448278, 0.13935508966024174], "AMRI": [0.08510000000000001, 0.13935508966024174], "AMRN": [0.4892666666666667, 0.13935508966024174], "ANAC": [0.0, 0.13935508966024174], "ANDS": [0.06645, 0.13935508966024174], "ANIP": [0.014671428571428571, 0.13935508966024174], "ANTH": [0.1343, 0.13935508966024174], "ARIA": [0.14842708333333335, 0.13935508966024174], "ARNA": [0.14430606060606058, 0.13935508966024174], "ARQL": [0.06638235294117649, 0.13935508966024174], "ARRY": [0.64028, 0.13935508966024174], "ARWR": [-0.019264516129032253, 0.13935508966024174], "ASPX": [0.1605857142857143, 0.13935508966024174], "AST": [0.0881358490566038, 0.13935508966024174], "AUXL": [0.5270666666666667, 0.13935508966024174], "AVEO": [0.41795, 0.13935508966024174], "AVNR": [0.28387142857142855, 0.13935508966024174], "BCRX": [0.0, 0.13935508966024174], "BIIB": [-0.053704000000000016, 0.13935508966024174], "BIOD": [0.29295, 0.13935508966024174], "BLUE": [0.45594999999999997, 0.13935508966024174], "BMRN": [-0.23199230769230772, 0.13935508966024174], "CADX": [0.0, 0.13935508966024174], "CALP": [0.0, 0.13935508966024174], "CARA": [0.4404, 0.13935508966024174], "CASC": [0.0, 0.13935508966024174], "CBST": [0.0, 0.13935508966024174], "CCXI": [-0.10606666666666666, 0.13935508966024174], "CELG": [0.21901066666666652, 0.13935508966024174], "CEMP": [0.0, 0.13935508966024174], "CEPH": [-0.08808, 0.13935508966024174], "CERS": [0.5504249999999999, 0.13935508966024174], "CGEN": [0.6249, 0.13935508966024174], "CLDN": [-0.12986, 0.13935508966024174], "CLDX": [0.11481875000000001, 0.13935508966024174], "CLVS": [-0.09264615384615385, 0.13935508966024174], "CMRX": [0.0, 0.13935508966024174], "CNCE": [0.0, 0.13935508966024174], "COLL": [0.29828, 0.13935508966024174], "CRA": [-0.019739285714285727, 0.13935508966024174], "CRIS": [0.20678571428571427, 0.13935508966024174], "CRME": [-0.012866666666666667, 0.13935508966024174], "CTIC": [0.2007266666666667, 0.13935508966024174], "CTRX": [-0.026471428571428573, 0.13935508966024174], "CYTK": [-0.36755, 0.13935508966024174], "CYTX": [0.0, 0.13935508966024174], "DEPO": [0.151725, 0.13935508966024174], "DERM": [0.3182, 0.13935508966024174], "DIGE": [0.0772, 0.13935508966024174], "DNDN": [0.7339, 0.13935508966024174], "DRNA": [0.021871428571428573, 0.13935508966024174], "DRRX": [0.023849999999999996, 0.13935508966024174], "DSCO": [-0.15293333333333334, 0.13935508966024174], "DVAX": [0.7854749999999999, 0.13935508966024174], "DYAX": [-0.1027, 0.13935508966024174], "ECYT": [0.8442, 0.13935508966024174], "EDIT": [0.16392, 0.13935508966024174], "EGLT": [-0.2732, 0.13935508966024174], "EGRX": [0.058099999999999985, 0.13935508966024174], "EMIS": [0.20095, 0.13935508966024174], "ENCY": [0.0, 0.13935508966024174], "ENDP": [0.25920000000000004, 0.13935508966024174], "ENTA": [0.10325128205128205, 0.13935508966024174], "ENZN": [0.0, 0.13935508966024174], "EPZM": [0.0772, 0.13935508966024174], "ESPR": [0.0, 0.13935508966024174], "EXEL": [0.3902545454545454, 0.13935508966024174], "FACT": [0.36249, 0.13935508966024174], "FGEN": [-0.2732, 0.13935508966024174], "FLKS": [0.296, 0.13935508966024174], "FLML": [0.06775384615384615, 0.13935508966024174], "FLXN": [0.296, 0.13935508966024174], "FOLD": [0.6124, 0.13935508966024174], "FURX": [0.20095, 0.13935508966024174], "GERN": [0.37739999999999996, 0.13935508966024174], "GEVA": [0.0, 0.13935508966024174], "GHDX": [0.035422222222222216, 0.13935508966024174], "GILD": [0.12511534090909085, 0.13935508966024174], "GRFS": [0.0, 0.13935508966024174], "GTXI": [0.1265, 0.13935508966024174], "GWPH": [0.18370624999999996, 0.13935508966024174], "HALO": [0.11955454545454547, 0.13935508966024174], "HZNP": [0.0950125, 0.13935508966024174], "ICEL": [0.4864111111111111, 0.13935508966024174], "ICOS": [0.1858, 0.13935508966024174], "ICPT": [0.039419444444444444, 0.13935508966024174], "ICY": [-0.2023, 0.13935508966024174], "IDIX": [0.3656, 0.13935508966024174], "ILMN": [0.07462857142857142, 0.13935508966024174], "ILU": [-0.4113333333333334, 0.13935508966024174], "IMGN": [0.20095, 0.13935508966024174], "IMMU": [0.15969999999999998, 0.13935508966024174], "INCR": [0.24949333333333337, 0.13935508966024174], "INCY": [0.19566, 0.13935508966024174], "INFI": [0.2571333333333333, 0.13935508966024174], "INO": [0.18013749999999998, 0.13935508966024174], "INSM": [0.316, 0.13935508966024174], "INSY": [0.0, 0.13935508966024174], "IONS": [0.19011086956521742, 0.13935508966024174], "IPXL": [0.06648000000000001, 0.13935508966024174], "IRWD": [0.24502222222222217, 0.13935508966024174], "ISIS": [0.1293733333333333, 0.13935508966024174], "ISTA": [0.07307272727272728, 0.13935508966024174], "ITMN": [0.14921, 0.13935508966024174], "JAZZ": [-0.0017714285714285824, 0.13935508966024174], "KERX": [0.12655714285714287, 0.13935508966024174], "KPTI": [0.6369, 0.13935508966024174], "LBIO": [0.1818, 0.13935508966024174], "LGND": [0.17016250000000002, 0.13935508966024174], "LIFE": [-0.0843, 0.13935508966024174], "LMNX": [0.0, 0.13935508966024174], "LXRX": [0.4892666666666667, 0.13935508966024174], "MACK": [0.0, 0.13935508966024174], "MAPP": [0.2023, 0.13935508966024174], "MDCO": [0.4019, 0.13935508966024174], "MDVN": [0.39036250000000006, 0.13935508966024174], "MEDI": [0.28700376647834397, 0.13935508966024174], "MGNX": [0.0928, 0.13935508966024174], "MNK": [0.05754347826086957, 0.13935508966024174], "MNKD": [0.026938461538461543, 0.13935508966024174], "MRNA": [0.0, 0.13935508966024174], "MYGN": [-0.0383125, 0.13935508966024174], "MYL": [0.21179583333333338, 0.13935508966024174], "NABI": [0.0015249999999999986, 0.13935508966024174], "NBIX": [0.0, 0.13935508966024174], "NH": [0.23514444444444443, 0.13935508966024174], "NK": [0.1068458823529412, 0.13935508966024174], "NLNK": [0.38585, 0.13935508966024174], "NPSP": [0.291775, 0.13935508966024174], "NVAX": [0.06718571428571428, 0.13935508966024174], "OMER": [0.296, 0.13935508966024174], "ONCE": [0.13986666666666667, 0.13935508966024174], "ONTX": [0.0, 0.13935508966024174], "ONTY": [0.56, 0.13935508966024174], "ONVO": [0.30875, 0.13935508966024174], "ONXX": [0.13785, 0.13935508966024174], "OPK": [0.18345555555555557, 0.13935508966024174], "OREX": [0.13108823529411767, 0.13935508966024174], "OSCI": [0.0, 0.13935508966024174], "OSIR": [0.0, 0.13935508966024174], "OTIC": [0.0, 0.13935508966024174], "PCYC": [-0.05474545454545455, 0.13935508966024174], "PHRM": [0.0, 0.13935508966024174], "PRTA": [0.0, 0.13935508966024174], "PTCT": [-0.16908, 0.13935508966024174], "PTIE": [0.3684200000000001, 0.13935508966024174], "QCOR": [0.16516086956521736, 0.13935508966024174], "QGEN": [0.1027, 0.13935508966024174], "RARE": [0.2335, 0.13935508966024174], "RCPT": [0.0, 0.13935508966024174], "REGN": [0.013285714285714298, 0.13935508966024174], "RIGL": [0.0, 0.13935508966024174], "RLYP": [0.10978571428571429, 0.13935508966024174], "RNAI": [-0.042375, 0.13935508966024174], "RTRX": [0.1468, 0.13935508966024174], "SAGE": [0.34214999999999995, 0.13935508966024174], "SGEN": [-0.21519999999999997, 0.13935508966024174], "SGMO": [-0.5423, 0.13935508966024174], "SGYP": [0.11742222222222222, 0.13935508966024174],