{"AAVL": [-0.00557499999999999, 0.13719667668062244], "ACAD": [0.08563333333333335, 0.13719667668062244], "ACHN": [0.18103333333333335, 0.13719667668062244], "ACOR": [0.0388875, 0.13719667668062244], "ACRX": [0.5009, 0.13719667668062244], "ADRO": [0.2815944444444444, 0.13719667668062244], "AEGR": [0.1596, 0.13719667668062244], "AFFX": [0.22144285714285714, 0.13719667668062244], "AFFY": [0.15115, 0.13719667668062244], "AFMD": [0.04737741935483871, 0.13719667668062244], "AGEN": [0.017548571428571427, 0.13719667668062244], "AGIO": [0.2295923076923077, 0.13719667668062244], "AGTC": [-0.2732, 0.13719667668062244], "AIMT": [0.0, 0.13719667668062244], "AKBA": [0.0, 0.13719667668062244], "AKRX": [0.06655789473684211, 0.13719667668062244], "ALDR": [-0.022766666666666668, 0.13719667668062244], "ALIM": [0.4389, 0.13719667668062244], "ALKS": [0.1717375, 0.13719667668062244], "ALNY": [-0.1414, 0.13719667668062244], "ALTH": [0.17399493670886076, 0.13719667668062244], "ALTU": [0.4389, 0.13719667668062244], "ALXN": [0.08407941176470589, 0.13719667668062244], "AMAG": [0.1628125, 0.13719667668062244], "AMGN": [0.06996687116564419, 0.13719667668062244], "AMPH": [-0.10674000000000002, 0.13719667668062244], "AMRI": [0.0, 0.13719667668062244], "AMRN": [0.06313333333333333, 0.13719667668062244], "ANAC": [0.06659111111111113, 0.13719667668062244], "ANDS": [0.05208181818181818, 0.13719667668062244], "ANIP": [-0.00875833333333333, 0.13719667668062244], "ANTH": [0.08344814814814816, 0.13719667668062244], "ARDX": [0.05992051282051281, 0.13719667668062244], "ARIA": [0.0951832298136646, 0.13719667668062244], "ARNA": [0.12174444444444446, 0.13719667668062244], "ARRY": [0.17814000000000002, 0.13719667668062244], "ARWR": [0.1929666666666667, 0.13719667668062244], "ASPX": [0.1579875, 0.13719667668062244], "AST": [0.08948758620689654, 0.13719667668062244], "ASTX": [0.4389, 0.13719667668062244], "ATRA": [0.2023, 0.13719667668062244], "AVEO": [0.15817894736842106, 0.13719667668062244], "AVNR": [0.4389, 0.13719667668062244], "BCRX": [0.2926, 0.13719667668062244], "BIIB": [-0.006922929936305738, 0.13719667668062244], "BLCM": [0.05190512820512821, 0.13719667668062244], "BLUE": [0.10255901639344259, 0.13719667668062244], "BMRN": [0.034126829268292684, 0.13719667668062244], "BPMC": [0.2323948717948717, 0.13719667668062244], "CADX": [0.1254, 0.13719667668062244], "CALP": [-0.18456666666666666, 0.13719667668062244], "CARA": [0.11742, 0.13719667668062244], "CBPO": [0.11638749999999999, 0.13719667668062244], "CBRX": [0.0, 0.13719667668062244], "CBST": [0.0, 0.13719667668062244], "CCXI": [0.4389, 0.13719667668062244], "CELG": [0.059026190476190545, 0.13719667668062244], "CEMP": [0.2195923076923077, 0.13719667668062244], "CERS": [0.4389, 0.13719667668062244], "CGEN": [0.0, 0.13719667668062244], "CHRS": [0.032888888888888884, 0.13719667668062244], "CLDN": [0.15752692307692306, 0.13719667668062244], "CLDX": [0.1437081967213115, 0.13719667668062244], "CLVS": [0.4377625, 0.13719667668062244], "CRA": [0.15405555555555558, 0.13719667668062244], "CRIS": [-0.04864444444444445, 0.13719667668062244], "CRME": [0.1392, 0.13719667668062244], "CTIC": [0.39467692307692315, 0.13719667668062244], "CXRX": [0.0, 0.13719667668062244], "CYTK": [-0.182475, 0.13719667668062244], "CYTX": [0.029675000000000007, 0.13719667668062244], "DBVT": [-0.015384313725490215, 0.13719667668062244], "DEPO": [0.061753333333333334, 0.13719667668062244], "DERM": [0.6369, 0.13719667668062244], "DRNA": [0.5399, 0.13719667668062244], "DRRX": [-0.013388235294117649, 0.13719667668062244], "DVAX": [0.12882666666666667, 0.13719667668062244], "DYAX": [0.48905000000000015, 0.13719667668062244], "ECYT": [0.1840166666666667, 0.13719667668062244], "EDIT": [0.0, 0.13719667668062244], "EGLT": [-0.6249, 0.13719667668062244], "EGRX": [0.09012176870748292, 0.13719667668062244], "EMIS": [0.09231875, 0.13719667668062244], "ENCY": [0.39367083333333336, 0.13719667668062244], "ENDP": [0.059246666666666656, 0.13719667668062244], "ENTA": [0.16913902439024392, 0.13719667668062244], "ENZN": [0.15362, 0.13719667668062244], "EPZM": [0.56775, 0.13719667668062244], "ESPR": [0.06547142857142856, 0.13719667668062244], "EXEL": [0.030625225225225216, 0.13719667668062244], "FACT": [-0.23835, 0.13719667668062244], "FGEN": [0.1668375, 0.13719667668062244], "FLKS": [0.0, 0.13719667668062244], "FLML": [0.0, 0.13719667668062244], "FLXN": [0.0, 0.13719667668062244], "FMI": [0.10658000000000002, 0.13719667668062244], "FOLD": [0.04264184397163121, 0.13719667668062244], "FOMX": [0.5525, 0.13719667668062244], "FPRX": [0.0021315789473684214, 0.13719667668062244], "GERN": [0.13086666666666666, 0.13719667668062244], "GEVA": [0.30294, 0.13719667668062244], "GHDX": [0.0, 0.13719667668062244], "GILD": [0.14547025641025615, 0.13719667668062244], "GNVC": [0.4389, 0.13719667668062244], "GPRO": [0.08413846153846156, 0.13719667668062244], "GTXI": [0.0, 0.13719667668062244], "GWPH": [0.08895, 0.13719667668062244], "HALO": [0.24453230769230777, 0.13719667668062244], "HZNP": [0.07381428571428574, 0.13719667668062244], "ICEL": [0.21945, 0.13719667668062244], "ICPT": [0.03806388888888888, 0.13719667668062244], "ICY": [0.4588, 0.13719667668062244], "ILMN": [0.49416000000000027, 0.13719667668062244], "ILU": [-0.1618, 0.13719667668062244], "IMGN": [0.06908113207547172, 0.13719667668062244], "IMMU": [0.02732, 0.13719667668062244], "INCR": [0.20288333333333336, 0.13719667668062244], "INCY": [0.04576421052631579, 0.13719667668062244], "INFI": [0.06801219512195122, 0.13719667668062244], "INGN": [0.0, 0.13719667668062244], "INO": [0.10292, 0.13719667668062244], "INSM": [0.027596153846153847, 0.13719667668062244], "INSY": [0.038667924528301895, 0.13719667668062244], "IONS": [0.059275776397515495, 0.13719667668062244], "IPXL": [0.45680000000000004, 0.13719667668062244], "IRWD": [0.40037500000000004, 0.13719667668062244], "ISIS": [0.2367142857142857, 0.13719667668062244], "ISTA": [-0.08360000000000001, 0.13719667668062244], "ITCI": [0.18561666666666665, 0.13719667668062244], "ITEK": [0.080229, 0.13719667668062244], "JAZZ": [0.09196103896103898, 0.13719667668062244], "JUNO": [0.3536105263157894, 0.13719667668062244], "KERX": [0.42934285714285714, 0.13719667668062244], "KITE": [0.05923746630727763, 0.13719667668062244], "LBIO": [0.2154904761904762, 0.13719667668062244], "LGND": [0.07551428571428571, 0.13719667668062244], "LIFE": [-0.02409591836734693, 0.13719667668062244], "LMNX": [0.0, 0.13719667668062244], "LOXO": [0.2202, 0.13719667668062244], "MACK": [0.12685714285714284, 0.13719667668062244], "MCRB": [0.08654782608695653, 0.13719667668062244], "MDCO": [-0.1366, 0.13719667668062244], "MDVN": [-0.026746666666666665, 0.13719667668062244], "MEDI": [0.19181282051282036, 0.13719667668062244], "MGNX": [-0.31245, 0.13719667668062244], "MNK": [0.08128, 0.13719667668062244], "MNKD": [0.10665357142857143, 0.13719667668062244], "MNTA": [0.0, 0.13719667668062244], "MRNA": [0.4389, 0.13719667668062244], "MYGN": [0.4389, 0.13719667668062244], "MYL": [0.008761290322580644, 0.13719667668062244], "NBIX": [0.1178652777777778, 0.13719667668062244], "NDRM": [0.2299875, 0.13719667668062244], "NEOS": [0.074, 0.13719667668062244], "NERV": [0.5106, 0.13719667668062244], "NH": [0.10144536082474226, 0.13719667668062244], "NK": [0.0915862700228832, 0.13719667668062244], "NKTR": [0.11636000000000002, 0.13719667668062244], "NLNK": [0.07583999999999999, 0.13719667668062244], "NPSP": [0.4389, 0.13719667668062244], "NSTG": [0.148, 0.13719667668062244], "NVAX": [0.055726595744680855, 0.13719667668062244], "OMED": [0.038365517241379314, 0.13719667668062244], "OMER": [0.04512105263157895, 0.13719667668062244], "ONCE": [0.1868625, 0.13719667668062244], "ONTY": [0.08782068965517242, 0.13719667668062244], "ONVO": [0.4048714285714286, 0.13719667668062244], "OPHT": [0.0, 0.13719667668062244], "OPK": [0.005129090909090906, 0.13719667668062244], "OREX": [0.0714516129032258, 0.13719667668062244], "OSCI": [0.02294, 0.13719667668062244],