{"ACAD": [0.13864545454545454, 0.1851896072299912], "ACHN": [0.08714, 0.1851896072299912], "ACOR": [0.43662, 0.1851896072299912], "ACRX": [0.2613055555555556, 0.1851896072299912], "ADHD": [0.0, 0.1851896072299912], "AEGR": [0.48550000000000004, 0.1851896072299912], "AFFX": [0.33975999999999995, 0.1851896072299912], "AFFY": [0.3804666666666667, 0.1851896072299912], "AGEN": [0.148, 0.1851896072299912], "AKRX": [0.4734, 0.1851896072299912], "ALDR": [0.0, 0.1851896072299912], "ALIM": [0.4855, 0.1851896072299912], "ALKS": [0.16457499999999997, 0.1851896072299912], "ALNY": [0.3876153846153846, 0.1851896072299912], "ALTH": [0.14461904761904762, 0.1851896072299912], "ALTU": [0.5707, 0.1851896072299912], "ALXN": [0.1399, 0.1851896072299912], "AMAG": [0.5707, 0.1851896072299912], "AMGN": [0.2553, 0.1851896072299912], "AMRN": [0.1953625, 0.1851896072299912], "ANAC": [0.42979999999999996, 0.1851896072299912], "ANDS": [0.24695, 0.1851896072299912], "ANIP": [-0.27240000000000003, 0.1851896072299912], "ARDX": [0.0, 0.1851896072299912], "ARIA": [0.10830624999999999, 0.1851896072299912], "ARNA": [0.06210909090909091, 0.1851896072299912], "ARQL": [-0.07078888888888889, 0.1851896072299912], "ARRY": [0.33971, 0.1851896072299912], "ARWR": [0.13287333333333332, 0.1851896072299912], "ASPX": [0.221375, 0.1851896072299912], "AST": [0.0942659090909091, 0.1851896072299912], "ASTX": [0.5707, 0.1851896072299912], "AVEO": [0.26685000000000003, 0.1851896072299912], "AVNR": [0.16397, 0.1851896072299912], "BCRX": [0.14971428571428572, 0.1851896072299912], "BIIB": [0.2946116279069767, 0.1851896072299912], "BIOD": [-0.19738181818181816, 0.1851896072299912], "BLUE": [0.03515, 0.1851896072299912], "BMRN": [0.07823888888888889, 0.1851896072299912], "CADX": [0.5707, 0.1851896072299912], "CARA": [0.20221999999999998, 0.1851896072299912], "CBPO": [0.0, 0.1851896072299912], "CBST": [0.1788769230769231, 0.1851896072299912], "CCXI": [0.46796249999999995, 0.1851896072299912], "CELG": [0.38720000000000004, 0.1851896072299912], "CEPH": [0.092825, 0.1851896072299912], "CERS": [0.35577142857142857, 0.1851896072299912], "CLDX": [0.30282, 0.1851896072299912], "CLVS": [0.03256, 0.1851896072299912], "COLL": [0.21075, 0.1851896072299912], "CRA": [0.19841764705882353, 0.1851896072299912], "CRIS": [0.02636666666666667, 0.1851896072299912], "CRME": [0.3804666666666667, 0.1851896072299912], "CTIC": [0.25129999999999997, 0.1851896072299912], "CTRX": [0.3804666666666667, 0.1851896072299912], "CYTK": [0.35861818181818184, 0.1851896072299912], "CYTX": [0.14448, 0.1851896072299912], "DEPO": [0.3098571428571429, 0.1851896072299912], "DIGE": [0.0, 0.1851896072299912], "DRNA": [0.0, 0.1851896072299912], "DSCO": [0.0, 0.1851896072299912], "DVAX": [0.0, 0.1851896072299912], "DYAX": [0.3804666666666667, 0.1851896072299912], "ECYT": [0.3277230769230769, 0.1851896072299912], "EGRX": [0.11315, 0.1851896072299912], "ENCY": [0.0, 0.1851896072299912], "ENDP": [0.06801428571428571, 0.1851896072299912], "ENTA": [0.1449, 0.1851896072299912], "ENZN": [0.0, 0.1851896072299912], "ESPR": [0.0, 0.1851896072299912], "EXEL": [0.14120666666666667, 0.1851896072299912], "FACT": [0.20090000000000002, 0.1851896072299912], "FGEN": [0.0, 0.1851896072299912], "FLKS": [0.5859, 0.1851896072299912], "FLML": [0.0, 0.1851896072299912], "FMI": [0.0, 0.1851896072299912], "FPRX": [0.5139, 0.1851896072299912], "FURX": [0.0, 0.1851896072299912], "GERN": [0.14606333333333335, 0.1851896072299912], "GEVA": [0.3804666666666667, 0.1851896072299912], "GHDX": [0.0, 0.1851896072299912], "GILD": [0.022286516853932587, 0.1851896072299912], "GNVC": [0.5707, 0.1851896072299912], "GRFS": [0.0, 0.1851896072299912], "GTXI": [-0.39495, 0.1851896072299912], "GWPH": [0.13176363636363636, 0.1851896072299912], "HALO": [0.3365105263157895, 0.1851896072299912], "HGSI": [0.0, 0.1851896072299912], "HZNP": [0.1562, 0.1851896072299912], "ICEL": [0.40573999999999993, 0.1851896072299912], "ICPT": [0.0866, 0.1851896072299912], "ICY": [0.23835, 0.1851896072299912], "ILMN": [0.1942888888888889, 0.1851896072299912], "ILU": [0.13419999999999999, 0.1851896072299912], "IMGN": [0.339125, 0.1851896072299912], "IMMU": [0.18045, 0.1851896072299912], "INCR": [0.29408421052631584, 0.1851896072299912], "INCY": [0.0, 0.1851896072299912], "INFI": [0.47913333333333336, 0.1851896072299912], "INO": [0.24212361111111122, 0.1851896072299912], "INSY": [0.4404857142857143, 0.1851896072299912], "IONS": [0.09875348837209304, 0.1851896072299912], "IPXL": [0.3434, 0.1851896072299912], "IRWD": [0.3209, 0.1851896072299912], "ISIS": [0.2101462264150943, 0.1851896072299912], "ISPH": [0.0, 0.1851896072299912], "ISTA": [-0.03651111111111109, 0.1851896072299912], "ITMN": [0.10149534883720933, 0.1851896072299912], "JAZZ": [0.06666923076923077, 0.1851896072299912], "KERX": [0.1424396551724138, 0.1851896072299912], "LBIO": [0.0, 0.1851896072299912], "LGND": [-0.036625, 0.1851896072299912], "LIFE": [0.38039999999999996, 0.1851896072299912], "MACK": [0.05945714285714286, 0.1851896072299912], "MDCO": [0.23263333333333333, 0.1851896072299912], "MDVN": [0.0, 0.1851896072299912], "MEDI": [0.28830722891566435, 0.1851896072299912], "MNK": [0.16368260869565218, 0.1851896072299912], "MNKD": [0.138845, 0.1851896072299912], "MNTA": [0.11019999999999999, 0.1851896072299912], "MRNA": [0.25582499999999997, 0.1851896072299912], "MYGN": [0.09874545454545453, 0.1851896072299912], "MYL": [0.1641125, 0.1851896072299912], "NERV": [0.4206, 0.1851896072299912], "NH": [0.39691538461538467, 0.1851896072299912], "NK": [0.1817052631578947, 0.1851896072299912], "NKTR": [0.45655999999999997, 0.1851896072299912], "NLNK": [0.3182, 0.1851896072299912], "NPSP": [0.31129090909090906, 0.1851896072299912], "NVAX": [0.18999250000000004, 0.1851896072299912], "OMED": [0.16652499999999998, 0.1851896072299912], "OMER": [0.11517272727272729, 0.1851896072299912], "ONCE": [0.04648333333333333, 0.1851896072299912], "ONTX": [0.0258, 0.1851896072299912], "ONTY": [0.5707, 0.1851896072299912], "ONVO": [0.23875294117647058, 0.1851896072299912], "OPHT": [0.11377142857142857, 0.1851896072299912], "OPK": [0.2195942857142857, 0.1851896072299912], "OREX": [0.166, 0.1851896072299912], "OSIR": [0.0, 0.1851896072299912], "OTIC": [0.0012333333333333456, 0.1851896072299912], "OVAS": [-0.4767, 0.1851896072299912], "PANC": [-0.3004, 0.1851896072299912], "PCYC": [0.0, 0.1851896072299912], "PGNX": [0.4766000000000001, 0.1851896072299912], "POZN": [0.12273333333333332, 0.1851896072299912], "PRGO": [0.25320000000000004, 0.1851896072299912], "PTCT": [0.18042820512820515, 0.1851896072299912], "PTIE": [-0.2732, 0.1851896072299912], "PTX": [0.0, 0.1851896072299912], "QCOR": [0.15748214285714288, 0.1851896072299912], "QLTI": [0.0, 0.1851896072299912], "REGN": [0.5707, 0.1851896072299912], "RIGL": [0.0, 0.1851896072299912], "RNAI": [0.24051428571428574, 0.1851896072299912], "RPTP": [0.5707, 0.1851896072299912], "SAGE": [0.26632, 0.1851896072299912], "SCLN": [0.4754, 0.1851896072299912], "SCMP": [0.35875, 0.1851896072299912], "SGEN": [0.061399999999999996, 0.1851896072299912], "SGMO": [0.10115, 0.1851896072299912], "SGNT": [0.26685, 0.1851896072299912], "SGYP": [0.26917, 0.1851896072299912], "SHPG": [-0.1468, 0.1851896072299912], "SIGA": [0.04046, 0.1851896072299912], "SLXP": [0.1573571428571429, 0.1851896072299912], "SNTA": [-0.00772, 0.1851896072299912], "SQNM": [0.296, 0.1851896072299912], "SRPT": [0.1390753846153846, 0.1851896072299912], "STEM": [0.07899, 0.1851896072299912], "SUPN": [0.0, 0.1851896072299912], "SVA": [0.5707, 0.1851896072299912], "TARO": [0.1779, 0.1851896072299912], "TECH": [0.18037874999999995, 0.1851896072299912], "TEVA": [0.2356041666666667, 0.1851896072299912], "THLD": [0.14301428571428573, 0.1851896072299912], "TRGT": [0.45655999999999997, 0.1851896072299912], "TSRO": [0.0, 0.1851896072299912], "TTPH": [0.4855, 0.1851896072299912], "USD": [0.27709130434782764, 0.1851896072299912], "VICL": [-0.08713333333333334, 0.1851896072299912],