{"AFFY": [0.0572, 0.055304505164095484], "AGEN": [0.06200000000000001, 0.055304505164095484], "AKRX": [-0.51685, 0.055304505164095484], "ALTH": [0.19613684210526322, 0.055304505164095484], "ALXA": [-0.15846666666666667, 0.055304505164095484], "ALXN": [0.22004, 0.055304505164095484], "AMAG": [-0.46646666666666664, 0.055304505164095484], "AMGN": [0.026973333333333335, 0.055304505164095484], "AMLN": [0.0, 0.055304505164095484], "AMPH": [0.4767, 0.055304505164095484], "AMRN": [-0.04312666666666665, 0.055304505164095484], "ANAC": [0.6486, 0.055304505164095484], "ANDS": [0.6784, 0.055304505164095484], "ARIA": [0.10590000000000002, 0.055304505164095484], "ARNA": [0.0, 0.055304505164095484], "ARQL": [0.0, 0.055304505164095484], "ARRY": [-0.018120000000000004, 0.055304505164095484], "ASPX": [0.16679999999999998, 0.055304505164095484], "AST": [0.010349629629629634, 0.055304505164095484], "AVNR": [-0.1186, 0.055304505164095484], "BCRX": [0.0, 0.055304505164095484], "BIIB": [0.17005625000000002, 0.055304505164095484], "BIOD": [-0.015074999999999991, 0.055304505164095484], "BLUE": [0.025025000000000013, 0.055304505164095484], "BMRN": [0.296, 0.055304505164095484], "CADX": [0.0, 0.055304505164095484], "CALP": [0.0, 0.055304505164095484], "CBRX": [0.1953, 0.055304505164095484], "CBST": [0.3818, 0.055304505164095484], "CELG": [0.0, 0.055304505164095484], "CEPH": [0.26335, 0.055304505164095484], "CHRS": [0.4588, 0.055304505164095484], "CLDX": [-0.6597, 0.055304505164095484], "COLL": [0.09106666666666667, 0.055304505164095484], "CRA": [0.16463333333333333, 0.055304505164095484], "CSKI": [-0.1027, 0.055304505164095484], "CTIC": [-0.6652, 0.055304505164095484], "CYPB": [-0.5106, 0.055304505164095484], "CYTX": [-0.1027, 0.055304505164095484], "DEPO": [0.06845, 0.055304505164095484], "DNDN": [-0.296, 0.055304505164095484], "DRRX": [0.5106, 0.055304505164095484], "DVAX": [0.0, 0.055304505164095484], "EDIT": [0.032874999999999995, 0.055304505164095484], "ENDP": [0.29662, 0.055304505164095484], "ENTA": [-0.12685714285714284, 0.055304505164095484], "ENZN": [0.0, 0.055304505164095484], "EXEL": [-0.06533333333333331, 0.055304505164095484], "FLML": [0.2023, 0.055304505164095484], "GERN": [0.07481428571428572, 0.055304505164095484], "GHDX": [0.016450000000000003, 0.055304505164095484], "GILD": [0.04046, 0.055304505164095484], "GNTA": [-0.2284, 0.055304505164095484], "HALO": [0.26335, 0.055304505164095484], "HGSI": [0.11502727272727271, 0.055304505164095484], "HITK": [0.42460000000000003, 0.055304505164095484], "HZNP": [0.146475, 0.055304505164095484], "ICY": [0.0, 0.055304505164095484], "IDIX": [-0.011257142857142842, 0.055304505164095484], "ILMN": [0.0903, 0.055304505164095484], "IMGN": [0.5106, 0.055304505164095484], "IMMU": [-0.6597, 0.055304505164095484], "INCR": [0.35966666666666663, 0.055304505164095484], "INFI": [0.0, 0.055304505164095484], "INO": [0.0, 0.055304505164095484], "IONS": [0.07962941176470588, 0.055304505164095484], "IPXL": [0.20229999999999998, 0.055304505164095484], "IRWD": [0.0, 0.055304505164095484], "ISTA": [-0.07524285714285714, 0.055304505164095484], "JAZZ": [0.15222352941176473, 0.055304505164095484], "LBIO": [0.26456842105263156, 0.055304505164095484], "LGND": [0.0, 0.055304505164095484], "LIFE": [0.0, 0.055304505164095484], "MACK": [0.0, 0.055304505164095484], "MDCO": [0.2023, 0.055304505164095484], "MEDI": [-0.06723076923076922, 0.055304505164095484], "MITI": [0.24355, 0.055304505164095484], "MNK": [0.0, 0.055304505164095484], "MNKD": [0.0, 0.055304505164095484], "MNTA": [0.013441666666666652, 0.055304505164095484], "MRNA": [0.0, 0.055304505164095484], "MYL": [0.1346090909090909, 0.055304505164095484], "NH": [0.05705000000000001, 0.055304505164095484], "NK": [0.03868888888888887, 0.055304505164095484], "NPSP": [0.5106, 0.055304505164095484], "ONCE": [0.064, 0.055304505164095484], "ONTY": [0.0, 0.055304505164095484], "ONXX": [-0.148, 0.055304505164095484], "OPK": [0.10606666666666666, 0.055304505164095484], "OPTR": [0.0843333333333333, 0.055304505164095484], "OREX": [0.5106, 0.055304505164095484], "OSCI": [0.59695, 0.055304505164095484], "OTIC": [0.3818, 0.055304505164095484], "RARE": [0.0, 0.055304505164095484], "REGN": [0.0, 0.055304505164095484], "SAGE": [0.16696619718309855, 0.055304505164095484], "SCMP": [0.2023, 0.055304505164095484], "SGEN": [0.08042, 0.055304505164095484], "SGMO": [-0.1343, 0.055304505164095484], "SGNT": [0.3178, 0.055304505164095484], "SIGA": [0.2574833333333334, 0.055304505164095484], "SLXP": [0.339475, 0.055304505164095484], "SPPI": [0.23679999999999998, 0.055304505164095484], "SQNM": [-0.17759999999999998, 0.055304505164095484], "STEM": [-0.09278, 0.055304505164095484], "TECH": [-0.3009214285714286, 0.055304505164095484], "TEVA": [0.119175, 0.055304505164095484], "THLD": [0.0, 0.055304505164095484], "THRX": [-0.296, 0.055304505164095484], "TSRX": [-0.3243, 0.055304505164095484], "USD": [0.048164739884393085, 0.055304505164095484], "VICL": [-0.296, 0.055304505164095484], "VPHM": [0.23488695652173916, 0.055304505164095484], "VRTX": [0.05451428571428572, 0.055304505164095484], "VRUS": [0.19531071428571428, 0.055304505164095484], "WCRX": [0.0, 0.055304505164095484], "XNPT": [-0.296, 0.055304505164095484], "ZGNX": [-0.04278999999999999, 0.055304505164095484], "ZLCS": [-0.14617272727272726, 0.055304505164095484]}