{"ACAD": [0.023225, 0.09303079908013326], "ACHN": [0.46954, 0.09303079908013326], "ACRX": [0.008964285714285715, 0.09303079908013326], "AEGR": [0.8099399999999999, 0.09303079908013326], "AFFX": [0.11333333333333334, 0.09303079908013326], "AFFY": [0.068, 0.09303079908013326], "AGEN": [0.0, 0.09303079908013326], "ALIM": [-0.4215, 0.09303079908013326], "ALKS": [0.2202, 0.09303079908013326], "ALNY": [0.22685151515151517, 0.09303079908013326], "ALTH": [0.010735714285714293, 0.09303079908013326], "ALXA": [0.15455714285714287, 0.09303079908013326], "ALXN": [0.28036, 0.09303079908013326], "AMGN": [0.03863809523809524, 0.09303079908013326], "AMRN": [0.03961842105263158, 0.09303079908013326], "ANAC": [0.22010666666666667, 0.09303079908013326], "ANDS": [0.0, 0.09303079908013326], "ANIP": [-0.12726666666666667, 0.09303079908013326], "ANTH": [0.0, 0.09303079908013326], "ARIA": [0.07143333333333333, 0.09303079908013326], "ARNA": [-0.011407692307692306, 0.09303079908013326], "ARQL": [0.18426, 0.09303079908013326], "ARRY": [0.0, 0.09303079908013326], "ARWR": [0.29404285714285716, 0.09303079908013326], "ASPX": [0.24240000000000003, 0.09303079908013326], "AST": [0.10184545454545454, 0.09303079908013326], "ASTX": [0.07526000000000001, 0.09303079908013326], "ATRA": [0.0, 0.09303079908013326], "AUXL": [0.10172499999999997, 0.09303079908013326], "AVEO": [-0.2023, 0.09303079908013326], "AVNR": [0.1446863636363636, 0.09303079908013326], "BCRX": [0.07222121212121214, 0.09303079908013326], "BIIB": [0.1119, 0.09303079908013326], "BIOD": [0.011538095238095236, 0.09303079908013326], "BLUE": [0.0, 0.09303079908013326], "BMRN": [0.0, 0.09303079908013326], "BSTE": [0.0, 0.09303079908013326], "CALP": [-0.18495, 0.09303079908013326], "CBST": [0.4019, 0.09303079908013326], "CELG": [0.2690090909090909, 0.09303079908013326], "CEPH": [0.0, 0.09303079908013326], "CERS": [-0.0772, 0.09303079908013326], "CGEN": [-0.0258, 0.09303079908013326], "CLDX": [0.12965465116279068, 0.09303079908013326], "CNCT": [0.8774, 0.09303079908013326], "COLL": [-0.24695, 0.09303079908013326], "CRA": [0.19804444444444444, 0.09303079908013326], "CRIS": [0.17064117647058824, 0.09303079908013326], "CTIC": [0.0, 0.09303079908013326], "CYTK": [0.1265090909090909, 0.09303079908013326], "DERM": [0.0, 0.09303079908013326], "DIGE": [0.0, 0.09303079908013326], "DRRX": [0.4404, 0.09303079908013326], "DSCO": [0.0, 0.09303079908013326], "DYAX": [0.0, 0.09303079908013326], "ECYT": [0.0, 0.09303079908013326], "EDIT": [-0.2732, 0.09303079908013326], "EMIS": [0.8689, 0.09303079908013326], "ENCY": [-0.1909, 0.09303079908013326], "ENDP": [0.20438333333333333, 0.09303079908013326], "ENTA": [0.11886666666666668, 0.09303079908013326], "ENZN": [0.0, 0.09303079908013326], "FACT": [0.05303333333333333, 0.09303079908013326], "FLKS": [-0.11426666666666667, 0.09303079908013326], "GBT": [0.10115, 0.09303079908013326], "GEVA": [0.0, 0.09303079908013326], "GHDX": [-0.6597, 0.09303079908013326], "GILD": [0.286236, 0.09303079908013326], "GTXI": [0.3045, 0.09303079908013326], "GWPH": [0.6249, 0.09303079908013326], "HALO": [0.13722857142857145, 0.09303079908013326], "HPTX": [0.2023, 0.09303079908013326], "HZNP": [0.038047619047619045, 0.09303079908013326], "ICEL": [0.32985, 0.09303079908013326], "ICY": [-0.17020000000000002, 0.09303079908013326], "ILMN": [0.5267, 0.09303079908013326], "ILU": [-0.31741428571428576, 0.09303079908013326], "IMMU": [0.16784285714285713, 0.09303079908013326], "INCR": [0.33496666666666663, 0.09303079908013326], "INCY": [0.10676909090909088, 0.09303079908013326], "INO": [0.11079230769230772, 0.09303079908013326], "INSM": [-0.16623333333333332, 0.09303079908013326], "INSY": [0.12726666666666667, 0.09303079908013326], "INVA": [0.21336666666666668, 0.09303079908013326], "IONS": [0.12071199999999999, 0.09303079908013326], "IRWD": [0.25, 0.09303079908013326], "ISIS": [-0.3007, 0.09303079908013326], "ISTA": [0.12704, 0.09303079908013326], "JAZZ": [0.04003636363636364, 0.09303079908013326], "KERX": [0.0, 0.09303079908013326], "KYTH": [0.316125, 0.09303079908013326], "LBIO": [0.12955999999999998, 0.09303079908013326], "LIFE": [0.309325, 0.09303079908013326], "LMNX": [0.0, 0.09303079908013326], "LXRX": [0.0, 0.09303079908013326], "MACK": [-0.26328125, 0.09303079908013326], "MDVN": [0.0, 0.09303079908013326], "MEDI": [0.029071428571428574, 0.09303079908013326], "MLNM": [0.4869666666666667, 0.09303079908013326], "MNK": [0.1459409090909091, 0.09303079908013326], "MNKD": [0.1429111111111111, 0.09303079908013326], "MNTA": [0.04228571428571428, 0.09303079908013326], "MYL": [0.28602, 0.09303079908013326], "NABI": [0.6249, 0.09303079908013326], "NBIX": [0.14576000000000003, 0.09303079908013326], "NH": [0.043336363636363645, 0.09303079908013326], "NK": [0.08955833333333334, 0.09303079908013326], "NKTR": [0.0, 0.09303079908013326], "NPSP": [0.13066666666666665, 0.09303079908013326], "NVAX": [0.2023, 0.09303079908013326], "OMED": [-0.153325, 0.09303079908013326], "OMER": [0.09749999999999999, 0.09303079908013326], "ONCE": [-0.07306666666666665, 0.09303079908013326], "ONTY": [0.0, 0.09303079908013326], "ONVO": [0.12525, 0.09303079908013326], "ONXX": [0.026602777777777784, 0.09303079908013326], "OPK": [-0.38126666666666664, 0.09303079908013326], "OREX": [0.16963571428571433, 0.09303079908013326], "OSCI": [0.23026666666666665, 0.09303079908013326], "OSIR": [0.3716, 0.09303079908013326], "OTIC": [0.0, 0.09303079908013326], "OVAS": [0.0, 0.09303079908013326], "PACB": [0.0, 0.09303079908013326], "PANC": [-0.49458888888888886, 0.09303079908013326], "PCYC": [0.0, 0.09303079908013326], "PDLI": [0.11315, 0.09303079908013326], "PGNX": [0.0, 0.09303079908013326], "PTIE": [0.4404, 0.09303079908013326], "PTX": [0.2023, 0.09303079908013326], "QCOR": [0.0, 0.09303079908013326], "RARE": [0.0, 0.09303079908013326], "REGN": [0.255, 0.09303079908013326], "RGLS": [0.0, 0.09303079908013326], "RIGL": [0.0, 0.09303079908013326], "RNAI": [0.027160000000000007, 0.09303079908013326], "RPTP": [0.15226, 0.09303079908013326], "SAGE": [0.30814285714285716, 0.09303079908013326], "SCLN": [0.06336666666666667, 0.09303079908013326], "SGEN": [0.1476, 0.09303079908013326], "SGMO": [0.4019, 0.09303079908013326], "SHPG": [0.0, 0.09303079908013326], "SLXP": [0.2716, 0.09303079908013326], "SNTA": [0.4046666666666667, 0.09303079908013326], "SNTS": [-0.05371111111111112, 0.09303079908013326], "SPPI": [0.39185, 0.09303079908013326], "SQNM": [0.0, 0.09303079908013326], "SRPT": [0.10863823529411765, 0.09303079908013326], "STEM": [0.03843333333333335, 0.09303079908013326], "SUPN": [0.17759999999999998, 0.09303079908013326], "TBPH": [0.0, 0.09303079908013326], "TECH": [0.1542742857142857, 0.09303079908013326], "TEVA": [0.21732, 0.09303079908013326], "THLD": [0.0, 0.09303079908013326], "THRX": [0.11148, 0.09303079908013326], "TRGT": [-0.2263, 0.09303079908013326], "TSRO": [0.0, 0.09303079908013326], "TSRX": [0.0, 0.09303079908013326], "TTPH": [0.0, 0.09303079908013326], "USD": [0.09493770491803283, 0.09303079908013326], "UTHR": [0.0, 0.09303079908013326], "VICL": [-0.24885625000000003, 0.09303079908013326], "VNDA": [0.0, 0.09303079908013326], "VPHM": [0.25, 0.09303079908013326], "VRTX": [0.0, 0.09303079908013326], "VVUS": [0.03349166666666666, 0.09303079908013326], "WCRX": [0.0, 0.09303079908013326], "XOMA": [0.03506666666666666, 0.09303079908013326], "ZGNX": [0.45654000000000006, 0.09303079908013326], "ZLCS": [0.0, 0.09303079908013326]}