{"ACAD": [0.11251176470588235, 0.08436851288065143], "ACOR": [0.0, 0.08436851288065143], "ACRX": [0.10652142857142853, 0.08436851288065143], "ADRO": [0.3538666666666666, 0.08436851288065143], "AEGR": [0.0, 0.08436851288065143], "AFFY": [0.0, 0.08436851288065143], "AGEN": [-0.4753, 0.08436851288065143], "ALIM": [0.5100874999999999, 0.08436851288065143], "ALKS": [0.08682631578947365, 0.08436851288065143], "ALTH": [0.1703857142857143, 0.08436851288065143], "ALTU": [0.0, 0.08436851288065143], "ALXA": [0.11744749999999997, 0.08436851288065143], "ALXN": [0.6369, 0.08436851288065143], "AMAG": [0.0, 0.08436851288065143], "AMGN": [0.0, 0.08436851288065143], "AMRN": [0.08313653846153848, 0.08436851288065143], "ANAC": [-0.04084285714285714, 0.08436851288065143], "ANDS": [0.2053, 0.08436851288065143], "ANTH": [0.2654666666666667, 0.08436851288065143], "ARIA": [0.0, 0.08436851288065143], "ARNA": [0.08747887323943661, 0.08436851288065143], "ARQL": [0.0, 0.08436851288065143], "ARRY": [-0.060463636363636365, 0.08436851288065143], "ARWR": [0.0, 0.08436851288065143], "ASPX": [0.06714939759036147, 0.08436851288065143], "AST": [0.02494027777777778, 0.08436851288065143], "AVNR": [0.2023, 0.08436851288065143], "AXCA": [0.0, 0.08436851288065143], "BCRX": [-0.3422375000000001, 0.08436851288065143], "BIIB": [-0.10844285714285713, 0.08436851288065143], "BLUE": [0.0, 0.08436851288065143], "BPAX": [-0.6452400000000001, 0.08436851288065143], "BPMC": [0.0, 0.08436851288065143], "CCXI": [0.0, 0.08436851288065143], "CELG": [0.15933333333333335, 0.08436851288065143], "CERS": [0.3613333333333333, 0.08436851288065143], "CLDX": [0.15287142857142857, 0.08436851288065143], "CLVS": [0.0, 0.08436851288065143], "COLL": [0.2732, 0.08436851288065143], "CRA": [0.0, 0.08436851288065143], "CRIS": [0.0, 0.08436851288065143], "CRME": [0.15783, 0.08436851288065143], "CTIC": [-0.6003222222222224, 0.08436851288065143], "CTRX": [0.0, 0.08436851288065143], "DERM": [-0.4098, 0.08436851288065143], "DNAI": [0.0, 0.08436851288065143], "DNDN": [-0.08593333333333332, 0.08436851288065143], "DVAX": [0.4375, 0.08436851288065143], "DYAX": [0.0, 0.08436851288065143], "ECYT": [-0.1511, 0.08436851288065143], "EDIT": [0.09106666666666667, 0.08436851288065143], "EMIS": [0.3535, 0.08436851288065143], "ENCY": [-0.1365, 0.08436851288065143], "ENDP": [0.5994, 0.08436851288065143], "ENTA": [0.0, 0.08436851288065143], "ENZN": [0.0, 0.08436851288065143], "EURX": [-0.11315, 0.08436851288065143], "EXEL": [0.03173809523809523, 0.08436851288065143], "FACT": [-0.03588461538461538, 0.08436851288065143], "FLKS": [0.0, 0.08436851288065143], "FOLD": [0.05928333333333333, 0.08436851288065143], "FURX": [0.21075, 0.08436851288065143], "GERN": [0.3858, 0.08436851288065143], "GILD": [0.11303636363636362, 0.08436851288065143], "GPRO": [0.0, 0.08436851288065143], "GRFS": [0.0, 0.08436851288065143], "HALO": [0.0, 0.08436851288065143], "HGSI": [0.0, 0.08436851288065143], "HITK": [0.0, 0.08436851288065143], "HPTX": [0.18788, 0.08436851288065143], "HZNP": [0.4939, 0.08436851288065143], "ICY": [0.050575, 0.08436851288065143], "IDIX": [0.16468, 0.08436851288065143], "ILMN": [0.3877, 0.08436851288065143], "ILU": [0.0040000000000000036, 0.08436851288065143], "IMGN": [0.2732, 0.08436851288065143], "IMMU": [0.13122, 0.08436851288065143], "INCR": [0.31676000000000004, 0.08436851288065143], "INCY": [0.0, 0.08436851288065143], "INO": [0.12443333333333333, 0.08436851288065143], "INSM": [0.0, 0.08436851288065143], "IONS": [0.08775769230769231, 0.08436851288065143], "IPXL": [0.12439999999999998, 0.08436851288065143], "IRWD": [0.19172, 0.08436851288065143], "ISIS": [0.11475, 0.08436851288065143], "ISTA": [0.10994999999999999, 0.08436851288065143], "ITMN": [0.451175, 0.08436851288065143], "JAZZ": [0.24766666666666667, 0.08436851288065143], "KERX": [0.0578875, 0.08436851288065143], "KYTH": [0.0, 0.08436851288065143], "LBIO": [0.05428333333333333, 0.08436851288065143], "LGND": [-0.3384, 0.08436851288065143], "LIFE": [0.0, 0.08436851288065143], "LMNX": [0.0, 0.08436851288065143], "LXRX": [0.5499, 0.08436851288065143], "MACK": [0.0593, 0.08436851288065143], "MAPP": [0.0, 0.08436851288065143], "MDCO": [0.0, 0.08436851288065143], "MDVN": [-0.32985, 0.08436851288065143], "MEDI": [-0.0006384615384615408, 0.08436851288065143], "MITI": [0.0, 0.08436851288065143], "MNK": [0.0, 0.08436851288065143], "MNKD": [0.0, 0.08436851288065143], "MNOV": [0.2023, 0.08436851288065143], "MNTA": [-0.4753, 0.08436851288065143], "MRNA": [0.1686, 0.08436851288065143], "MYGN": [0.0, 0.08436851288065143], "MYL": [0.119175, 0.08436851288065143], "NH": [0.03771666666666667, 0.08436851288065143], "NK": [0.07897209302325581, 0.08436851288065143], "NLNK": [0.151725, 0.08436851288065143], "NPSP": [0.24122500000000002, 0.08436851288065143], "NVAX": [0.0, 0.08436851288065143], "OMED": [0.08209999999999999, 0.08436851288065143], "OMER": [0.0, 0.08436851288065143], "OMPI": [-0.3818, 0.08436851288065143], "ONCE": [-0.15693333333333334, 0.08436851288065143], "ONTY": [0.1858, 0.08436851288065143], "ONXX": [0.24833636363636363, 0.08436851288065143], "OPK": [0.3243, 0.08436851288065143], "OPTR": [0.4404, 0.08436851288065143], "OREX": [-0.032799999999999996, 0.08436851288065143], "OTIC": [0.13342500000000002, 0.08436851288065143], "PACB": [0.0, 0.08436851288065143], "PARD": [0.0, 0.08436851288065143], "PCYC": [0.5459142857142857, 0.08436851288065143], "PTX": [0.18788, 0.08436851288065143], "QCOR": [0.052308333333333346, 0.08436851288065143], "REGN": [0.3704909090909091, 0.08436851288065143], "SAGE": [0.08292, 0.08436851288065143], "SGEN": [0.0, 0.08436851288065143], "SGMO": [0.3612, 0.08436851288065143], "SGYP": [0.210275, 0.08436851288065143], "SHPG": [0.26025, 0.08436851288065143], "SLXP": [0.4215, 0.08436851288065143], "SNTS": [0.3595, 0.08436851288065143], "SPPI": [0.18564, 0.08436851288065143], "SQNM": [-0.04340000000000002, 0.08436851288065143], "SRPT": [0.14950476190476195, 0.08436851288065143], "STEM": [0.0, 0.08436851288065143], "SUPN": [0.04526, 0.08436851288065143], "TBPH": [0.0, 0.08436851288065143], "TECH": [0.045035820895522355, 0.08436851288065143], "TEVA": [0.04711111111111112, 0.08436851288065143], "THLD": [0.0911, 0.08436851288065143], "THRX": [0.18875999999999998, 0.08436851288065143], "TRGT": [0.0, 0.08436851288065143], "TSRX": [0.3054266666666666, 0.08436851288065143], "USD": [0.027274308300395265, 0.08436851288065143], "UTHR": [0.4215, 0.08436851288065143], "VICL": [0.0, 0.08436851288065143], "VNDA": [0.0, 0.08436851288065143], "VPHM": [0.0, 0.08436851288065143], "VRTX": [0.3612, 0.08436851288065143], "VVUS": [0.17413749999999997, 0.08436851288065143], "ZGNX": [0.0203051282051282, 0.08436851288065143], "ZLCS": [0.28152666666666665, 0.08436851288065143]}