{"AAVL": [0.023233333333333328, 0.12984641270652475], "ACAD": [0.08495, 0.12984641270652475], "ACHN": [0.09295945945945946, 0.12984641270652475], "ACOR": [0.0075294117647058826, 0.12984641270652475], "ACRX": [0.12356666666666667, 0.12984641270652475], "ADHD": [0.20133636363636365, 0.12984641270652475], "ADMS": [0.7184, 0.12984641270652475], "AEGR": [0.1996235294117647, 0.12984641270652475], "AERI": [0.0, 0.12984641270652475], "AFFX": [-0.002925000000000011, 0.12984641270652475], "AFFY": [-0.002925000000000011, 0.12984641270652475], "AGEN": [0.1027076923076923, 0.12984641270652475], "AGIO": [0.02626, 0.12984641270652475], "AGTC": [0.07955, 0.12984641270652475], "AKBA": [0.1850153846153846, 0.12984641270652475], "AKRX": [0.06514, 0.12984641270652475], "ALDR": [0.0, 0.12984641270652475], "ALIM": [0.2424, 0.12984641270652475], "ALKS": [-0.006618181818181811, 0.12984641270652475], "ALNY": [0.11694249999999999, 0.12984641270652475], "ALTH": [0.12988333333333335, 0.12984641270652475], "ALXA": [0.0, 0.12984641270652475], "ALXN": [0.02864347826086956, 0.12984641270652475], "AMAG": [0.37188, 0.12984641270652475], "AMGN": [0.0696875, 0.12984641270652475], "AMPH": [0.0, 0.12984641270652475], "AMRI": [-0.095725, 0.12984641270652475], "AMRN": [0.10225862068965516, 0.12984641270652475], "ANAC": [0.14162413793103448, 0.12984641270652475], "ANDS": [-0.012928571428571425, 0.12984641270652475], "ANIP": [0.3057666666666667, 0.12984641270652475], "ANPI": [-0.2732, 0.12984641270652475], "ANTH": [-0.07462083333333334, 0.12984641270652475], "AQXP": [0.0, 0.12984641270652475], "ARDX": [0.0, 0.12984641270652475], "ARIA": [0.06803888888888888, 0.12984641270652475], "ARNA": [0.031019444444444433, 0.12984641270652475], "ARQL": [0.0, 0.12984641270652475], "ARRY": [0.41991999999999996, 0.12984641270652475], "ARWR": [0.11413428571428572, 0.12984641270652475], "ASPX": [0.0854655172413793, 0.12984641270652475], "AST": [0.05000869565217392, 0.12984641270652475], "ASTX": [0.3802, 0.12984641270652475], "ATRA": [0.0, 0.12984641270652475], "AVEO": [0.2620625000000001, 0.12984641270652475], "AVNR": [0.20995999999999998, 0.12984641270652475], "AXCA": [0.4767, 0.12984641270652475], "BCRX": [0.11103846153846154, 0.12984641270652475], "BIIB": [0.03136799999999998, 0.12984641270652475], "BIOD": [0.040635294117647054, 0.12984641270652475], "BLUE": [0.14922051282051285, 0.12984641270652475], "BMRN": [0.3608, 0.12984641270652475], "BOLD": [0.0, 0.12984641270652475], "CADX": [0.3802, 0.12984641270652475], "CALP": [0.0, 0.12984641270652475], "CARA": [0.3429, 0.12984641270652475], "CBPO": [0.148, 0.12984641270652475], "CBRX": [0.0, 0.12984641270652475], "CBST": [0.1672111111111111, 0.12984641270652475], "CCXI": [0.49207999999999996, 0.12984641270652475], "CELG": [0.04999904761904761, 0.12984641270652475], "CEMP": [0.07024999999999999, 0.12984641270652475], "CERS": [0.10146774193548386, 0.12984641270652475], "CGEN": [0.03360000000000002, 0.12984641270652475], "CHMA": [0.0, 0.12984641270652475], "CHRS": [0.23870952380952382, 0.12984641270652475], "CLDN": [0.0, 0.12984641270652475], "CLDX": [0.11260074074074072, 0.12984641270652475], "CLVS": [0.10042380952380954, 0.12984641270652475], "CMRX": [0.16613124999999998, 0.12984641270652475], "CNCE": [-0.009142857142857144, 0.12984641270652475], "CNCT": [0.0, 0.12984641270652475], "COLL": [0.21191999999999997, 0.12984641270652475], "CRA": [0.0032480000000000065, 0.12984641270652475], "CRIS": [0.0, 0.12984641270652475], "CRME": [0.06336666666666667, 0.12984641270652475], "CTIC": [0.00642734375, 0.12984641270652475], "CTRX": [0.44639999999999996, 0.12984641270652475], "CYTK": [0.0, 0.12984641270652475], "CYTX": [0.06382580645161291, 0.12984641270652475], "DBVT": [0.0, 0.12984641270652475], "DEPO": [0.17705714285714283, 0.12984641270652475], "DERM": [0.05837777777777778, 0.12984641270652475], "DIGE": [-0.3595, 0.12984641270652475], "DNDN": [0.0, 0.12984641270652475], "DRNA": [0.22104500000000002, 0.12984641270652475], "DRRX": [0.26116666666666666, 0.12984641270652475], "DSCO": [0.0, 0.12984641270652475], "DVAX": [0.215475, 0.12984641270652475], "DYAX": [0.1399181818181818, 0.12984641270652475], "ECYT": [0.2857958333333334, 0.12984641270652475], "EDIT": [0.4006125, 0.12984641270652475], "EMIS": [0.0, 0.12984641270652475], "ENCY": [0.11748, 0.12984641270652475], "ENDP": [0.18386, 0.12984641270652475], "ENTA": [0.3590185714285713, 0.12984641270652475], "ENZN": [0.0, 0.12984641270652475], "EPZM": [0.23267894736842107, 0.12984641270652475], "ESPR": [0.0846, 0.12984641270652475], "EXEL": [0.11274500000000001, 0.12984641270652475], "FGEN": [0.22185230769230768, 0.12984641270652475], "FLKS": [0.09989333333333332, 0.12984641270652475], "FLML": [0.059739999999999994, 0.12984641270652475], "FLXN": [0.21214285714285716, 0.12984641270652475], "FMI": [0.10212000000000002, 0.12984641270652475], "FOLD": [0.023675, 0.12984641270652475], "FOMX": [0.06682222222222224, 0.12984641270652475], "FPRX": [0.12127222222222223, 0.12984641270652475], "GERN": [0.06303591160220993, 0.12984641270652475], "GEVA": [0.5483999999999999, 0.12984641270652475], "GHDX": [0.0, 0.12984641270652475], "GILD": [0.08339931506849313, 0.12984641270652475], "GNVC": [0.3802, 0.12984641270652475], "GPRO": [0.15188230769230773, 0.12984641270652475], "GRFS": [0.07636, 0.12984641270652475], "GWPH": [-0.19494285714285714, 0.12984641270652475], "HALO": [0.026509803921568625, 0.12984641270652475], "HBIO": [0.0, 0.12984641270652475], "HPTX": [-0.021333333333333333, 0.12984641270652475], "HZNP": [0.1694, 0.12984641270652475], "ICEL": [0.4318666666666667, 0.12984641270652475], "ICOS": [0.0, 0.12984641270652475], "ICPT": [0.2698826086956522, 0.12984641270652475], "ICY": [0.25383333333333336, 0.12984641270652475], "ILMN": [0.12465833333333332, 0.12984641270652475], "ILU": [0.04652, 0.12984641270652475], "IMDZ": [0.11636470588235294, 0.12984641270652475], "IMGN": [0.0, 0.12984641270652475], "IMMU": [0.03162799999999999, 0.12984641270652475], "INCR": [0.33090967741935484, 0.12984641270652475], "INCY": [0.0185, 0.12984641270652475], "INFI": [0.18937142857142855, 0.12984641270652475], "INO": [0.13254166666666667, 0.12984641270652475], "INSY": [0.21671999999999997, 0.12984641270652475], "IONS": [0.06436813186813188, 0.12984641270652475], "IPXL": [0.32915, 0.12984641270652475], "IRWD": [0.148, 0.12984641270652475], "ISIS": [0.11426538461538463, 0.12984641270652475], "ISPH": [0.05271, 0.12984641270652475], "ISTA": [0.020287499999999993, 0.12984641270652475], "ITCI": [0.148, 0.12984641270652475], "ITMN": [0.4019, 0.12984641270652475], "JAZZ": [0.16295185185185185, 0.12984641270652475], "KERX": [0.12354666666666665, 0.12984641270652475], "KITE": [0.137515625, 0.12984641270652475], "KPTI": [0.296, 0.12984641270652475], "KYTH": [0.3818, 0.12984641270652475], "LBIO": [0.01807307692307693, 0.12984641270652475], "LGND": [0.1891384615384615, 0.12984641270652475], "LIFE": [0.2559285714285714, 0.12984641270652475], "LOXO": [-0.04317777777777778, 0.12984641270652475], "LXRX": [0.1366, 0.12984641270652475], "MACK": [0.033564912280701756, 0.12984641270652475], "MAPP": [0.0, 0.12984641270652475], "MDCO": [0.068, 0.12984641270652475], "MDVN": [0.0, 0.12984641270652475], "MEDI": [0.28813416666666897, 0.12984641270652475], "MGNX": [0.18367812500000003, 0.12984641270652475], "MNK": [0.08247083333333334, 0.12984641270652475], "MNKD": [0.06392341772151898, 0.12984641270652475], "MNOV": [0.6244285714285714, 0.12984641270652475], "MNTA": [0.0193, 0.12984641270652475], "MRNA": [0.3802, 0.12984641270652475], "MYGN": [0.06336666666666667, 0.12984641270652475], "MYL": [0.1468588235294118, 0.12984641270652475], "NABI": [-0.056175, 0.12984641270652475], "NBIX": [0.0, 0.12984641270652475], "NDRM": [0.13337741935483868, 0.12984641270652475], "NEOS": [0.0, 0.12984641270652475], "NERV": [0.21147142857142856, 0.12984641270652475], "NH": [0.14070000000000002, 0.12984641270652475], "NK": [0.10263622047244092, 0.12984641270652475],