{"ACOR": [0.0, 0.06232384924740025], "AFFY": [0.296, 0.06232384924740025], "AGEN": [-0.0772, 0.06232384924740025], "AKRX": [0.23003333333333334, 0.06232384924740025], "ALKS": [0.0, 0.06232384924740025], "ALTH": [-0.71435, 0.06232384924740025], "AMGN": [0.1251625, 0.06232384924740025], "AMRN": [0.0, 0.06232384924740025], "ANDS": [0.0, 0.06232384924740025], "ARNA": [0.24663437500000007, 0.06232384924740025], "ARQL": [0.0, 0.06232384924740025], "ASPX": [0.04703913043478261, 0.06232384924740025], "AST": [0.2034733333333333, 0.06232384924740025], "AVII": [0.0, 0.06232384924740025], "AVNR": [0.7184, 0.06232384924740025], "BCRX": [0.100475, 0.06232384924740025], "BIIB": [0.17012, 0.06232384924740025], "BIOD": [0.5388000000000001, 0.06232384924740025], "BJGP": [0.16513333333333333, 0.06232384924740025], "BMTI": [0.296, 0.06232384924740025], "CELG": [0.0, 0.06232384924740025], "CEPH": [0.3432, 0.06232384924740025], "CERS": [0.0, 0.06232384924740025], "CGEN": [0.0, 0.06232384924740025], "CLDX": [0.33916666666666667, 0.06232384924740025], "COLL": [-0.2732, 0.06232384924740025], "CRA": [0.1101, 0.06232384924740025], "CTIC": [0.0, 0.06232384924740025], "CYPB": [0.19553999999999996, 0.06232384924740025], "FACT": [0.34, 0.06232384924740025], "FLKS": [0.45760000000000006, 0.06232384924740025], "FLML": [-0.2732, 0.06232384924740025], "GBT": [0.0, 0.06232384924740025], "GENZ": [0.0, 0.06232384924740025], "GERN": [-0.0193, 0.06232384924740025], "GILD": [0.017821428571428564, 0.06232384924740025], "HALO": [0.0, 0.06232384924740025], "ILU": [0.0, 0.06232384924740025], "IMGN": [0.0, 0.06232384924740025], "IMMU": [0.0, 0.06232384924740025], "IONS": [-0.2757, 0.06232384924740025], "ISTA": [0.0, 0.06232384924740025], "JAZZ": [0.0, 0.06232384924740025], "LBIO": [0.030033333333333318, 0.06232384924740025], "LIFE": [0.0, 0.06232384924740025], "MDCO": [-0.128, 0.06232384924740025], "MNK": [0.20692972972972976, 0.06232384924740025], "MNKD": [0.20692972972972976, 0.06232384924740025], "MYRX": [-0.3182, 0.06232384924740025], "NABI": [0.0, 0.06232384924740025], "NBIX": [0.0, 0.06232384924740025], "NH": [-0.05146666666666667, 0.06232384924740025], "NK": [0.1734857142857143, 0.06232384924740025], "NVAX": [0.0, 0.06232384924740025], "OREX": [0.0, 0.06232384924740025], "POZN": [0.0, 0.06232384924740025], "SAGE": [0.0, 0.06232384924740025], "SNTS": [0.0, 0.06232384924740025], "SQNM": [0.0, 0.06232384924740025], "STEM": [-0.0772, 0.06232384924740025], "TECH": [0.37401428571428574, 0.06232384924740025], "THLD": [0.0, 0.06232384924740025], "TLCR": [0.0, 0.06232384924740025], "USD": [0.08375882352941177, 0.06232384924740025], "VVUS": [0.0, 0.06232384924740025], "XNPT": [0.30534, 0.06232384924740025]}