{"ACAD": [0.27047999999999994, 0.13065608994637945], "ACHN": [0.05521403508771929, 0.13065608994637945], "ACOR": [0.34895, 0.13065608994637945], "ACRX": [-0.00964285714285716, 0.13065608994637945], "ADHD": [0.005306666666666667, 0.13065608994637945], "ADMS": [0.0, 0.13065608994637945], "AEGR": [0.11145833333333328, 0.13065608994637945], "AFFX": [0.07095454545454545, 0.13065608994637945], "AFFY": [0.1312, 0.13065608994637945], "AGEN": [0.174475, 0.13065608994637945], "AGIO": [0.11223275862068967, 0.13065608994637945], "AGTC": [0.0, 0.13065608994637945], "AKBA": [0.09138500000000002, 0.13065608994637945], "AKRX": [-0.142975, 0.13065608994637945], "ALDR": [0.2023, 0.13065608994637945], "ALIM": [0.11379583333333333, 0.13065608994637945], "ALKS": [0.04213571428571428, 0.13065608994637945], "ALNY": [-0.038928571428571423, 0.13065608994637945], "ALTH": [0.1346877551020408, 0.13065608994637945], "ALTU": [0.3936, 0.13065608994637945], "ALXN": [0.0749904761904762, 0.13065608994637945], "AMAG": [0.2626909090909091, 0.13065608994637945], "AMGN": [0.1567375, 0.13065608994637945], "AMPH": [0.0, 0.13065608994637945], "AMRI": [0.0, 0.13065608994637945], "AMRN": [0.1368179487179487, 0.13065608994637945], "ANAC": [0.3086, 0.13065608994637945], "ANDS": [0.21884, 0.13065608994637945], "ANIP": [0.05978421052631579, 0.13065608994637945], "ANTH": [-0.0003217391304347858, 0.13065608994637945], "ARIA": [0.08158250000000002, 0.13065608994637945], "ARNA": [0.03289166666666667, 0.13065608994637945], "ARQL": [0.16784761904761902, 0.13065608994637945], "ARRY": [0.2456, 0.13065608994637945], "ARWR": [0.14118461538461538, 0.13065608994637945], "ASPX": [-0.029272222222222224, 0.13065608994637945], "AST": [0.22016009174311957, 0.13065608994637945], "ASTX": [0.39025, 0.13065608994637945], "ATRA": [0.10407999999999999, 0.13065608994637945], "AVEO": [0.24015384615384613, 0.13065608994637945], "AVNR": [0.07693461538461538, 0.13065608994637945], "BCRX": [0.05978823529411764, 0.13065608994637945], "BIIB": [-0.02610000000000001, 0.13065608994637945], "BIOD": [0.0, 0.13065608994637945], "BLCM": [0.0, 0.13065608994637945], "BLUE": [-0.05871111111111108, 0.13065608994637945], "BMRN": [-0.003537500000000013, 0.13065608994637945], "CADX": [0.20802727272727273, 0.13065608994637945], "CALP": [0.0, 0.13065608994637945], "CARA": [0.30949999999999994, 0.13065608994637945], "CASC": [0.5574, 0.13065608994637945], "CBPO": [0.0, 0.13065608994637945], "CBST": [0.16237857142857143, 0.13065608994637945], "CCXI": [0.39258, 0.13065608994637945], "CELG": [0.056025, 0.13065608994637945], "CEMP": [0.3681666666666667, 0.13065608994637945], "CEPH": [0.0, 0.13065608994637945], "CERS": [0.14560499999999998, 0.13065608994637945], "CGEN": [0.47550000000000003, 0.13065608994637945], "CHRS": [0.4215, 0.13065608994637945], "CLDX": [0.0667355504587156, 0.13065608994637945], "CLVS": [0.05109142857142856, 0.13065608994637945], "CMRX": [0.07729, 0.13065608994637945], "CNCT": [0.0, 0.13065608994637945], "COLL": [0.12163913043478262, 0.13065608994637945], "CRA": [0.10491714285714286, 0.13065608994637945], "CRIS": [0.0, 0.13065608994637945], "CRME": [0.29583333333333334, 0.13065608994637945], "CTIC": [0.0587, 0.13065608994637945], "CTRX": [0.11885217391304348, 0.13065608994637945], "CYTX": [0.053818181818181814, 0.13065608994637945], "DBVT": [0.024794117647058824, 0.13065608994637945], "DEPO": [0.26528571428571424, 0.13065608994637945], "DERM": [0.0, 0.13065608994637945], "DNDN": [0.03793125, 0.13065608994637945], "DRNA": [0.27312352941176465, 0.13065608994637945], "DRRX": [0.0, 0.13065608994637945], "DVAX": [0.0, 0.13065608994637945], "DYAX": [0.28896, 0.13065608994637945], "ECYT": [0.4624600000000001, 0.13065608994637945], "EDIT": [0.23976923076923076, 0.13065608994637945], "EGRX": [0.0, 0.13065608994637945], "EMIS": [0.06743333333333333, 0.13065608994637945], "ENCY": [-0.1902, 0.13065608994637945], "ENDP": [0.28700526315789476, 0.13065608994637945], "ENTA": [0.2616492063492062, 0.13065608994637945], "ENZN": [-0.028900000000000002, 0.13065608994637945], "EPZM": [-0.17556666666666665, 0.13065608994637945], "ESPR": [0.03446964285714285, 0.13065608994637945], "EXEL": [0.21451176470588232, 0.13065608994637945], "FACT": [0.018420000000000002, 0.13065608994637945], "FGEN": [0.2887863636363636, 0.13065608994637945], "FLKS": [0.0, 0.13065608994637945], "FLML": [0.2035, 0.13065608994637945], "FLXN": [0.0, 0.13065608994637945], "FMI": [0.4708, 0.13065608994637945], "FOLD": [0.07691923076923075, 0.13065608994637945], "FOMX": [0.0, 0.13065608994637945], "FPRX": [0.1802272727272727, 0.13065608994637945], "GENZ": [0.40619999999999995, 0.13065608994637945], "GERN": [0.04820097087378639, 0.13065608994637945], "GEVA": [0.3936, 0.13065608994637945], "GHDX": [0.296, 0.13065608994637945], "GILD": [0.05563161290322584, 0.13065608994637945], "GNVC": [0.23616, 0.13065608994637945], "GPRO": [0.10765261324041812, 0.13065608994637945], "GTXI": [0.08396153846153845, 0.13065608994637945], "GWPH": [-0.06865217391304346, 0.13065608994637945], "HALO": [0.19798235294117647, 0.13065608994637945], "HZNP": [0.27605, 0.13065608994637945], "ICEL": [0.427, 0.13065608994637945], "ICPT": [0.0464175, 0.13065608994637945], "ICY": [0.08779999999999999, 0.13065608994637945], "ILMN": [0.1240375, 0.13065608994637945], "ILU": [0.13633333333333333, 0.13065608994637945], "IMCL": [0.0, 0.13065608994637945], "IMDZ": [-0.38078, 0.13065608994637945], "IMGN": [0.0, 0.13065608994637945], "IMMU": [-0.14861249999999998, 0.13065608994637945], "INCR": [0.2702166666666667, 0.13065608994637945], "INCY": [0.02317777777777778, 0.13065608994637945], "INFI": [0.22495, 0.13065608994637945], "INO": [0.015515000000000015, 0.13065608994637945], "INSY": [0.3047, 0.13065608994637945], "IONS": [0.11693880597014927, 0.13065608994637945], "IPXL": [0.39025, 0.13065608994637945], "IRWD": [0.2202, 0.13065608994637945], "ISIS": [0.35896153846153844, 0.13065608994637945], "ISPH": [0.30602, 0.13065608994637945], "ISTA": [0.057824, 0.13065608994637945], "ITCI": [0.0, 0.13065608994637945], "ITMN": [0.0, 0.13065608994637945], "JAZZ": [0.24873939393939398, 0.13065608994637945], "JUNO": [-0.12197692307692304, 0.13065608994637945], "KERX": [0.13549999999999998, 0.13065608994637945], "KITE": [-0.012997368421052632, 0.13065608994637945], "KPTI": [0.5927, 0.13065608994637945], "LBIO": [0.008028888888888887, 0.13065608994637945], "LGND": [0.13964571428571432, 0.13065608994637945], "LIFE": [0.20950000000000002, 0.13065608994637945], "LOXO": [-0.056575, 0.13065608994637945], "LXRX": [0.3612, 0.13065608994637945], "MACK": [0.23631999999999995, 0.13065608994637945], "MAPP": [-0.0772, 0.13065608994637945], "MDCO": [0.18556666666666669, 0.13065608994637945], "MDVN": [-0.0050000000000000044, 0.13065608994637945], "MEDI": [0.2772851351351379, 0.13065608994637945], "MGNX": [0.2361090909090909, 0.13065608994637945], "MLNM": [0.296, 0.13065608994637945], "MNK": [0.06427727272727272, 0.13065608994637945], "MNKD": [0.034475757575757576, 0.13065608994637945], "MNTA": [0.0, 0.13065608994637945], "MRNA": [0.10734545454545455, 0.13065608994637945], "MYGN": [0.223, 0.13065608994637945], "MYL": [0.09281282051282051, 0.13065608994637945], "NABI": [0.0, 0.13065608994637945], "NBIX": [0.3450166666666666, 0.13065608994637945], "NDRM": [0.0, 0.13065608994637945], "NEOS": [0.0, 0.13065608994637945], "NERV": [-0.060200000000000004, 0.13065608994637945], "NH": [0.0849060606060606, 0.13065608994637945], "NK": [0.13660574712643678, 0.13065608994637945], "NKTR": [0.44167500000000004, 0.13065608994637945], "NLNK": [-0.017457894736842106, 0.13065608994637945], "NPSP": [0.1711176470588235, 0.13065608994637945], "NVAX": [0.028763999999999998, 0.13065608994637945], "OCUL": [0.0, 0.13065608994637945], "OMED": [0.3122, 0.13065608994637945], "OMER": [0.21953846153846154, 0.13065608994637945], "ONCE": [0.0705, 0.13065608994637945], "ONTY": [0.1288125, 0.13065608994637945], "ONVO": [0.21564999999999995, 0.13065608994637945],