{"ACAD": [0.0, 0.09933483649691904], "ACHN": [0.0, 0.09933483649691904], "AFFX": [0.0, 0.09933483649691904], "AFFY": [0.17228947368421052, 0.09933483649691904], "AGEN": [0.8481, 0.09933483649691904], "ALKS": [0.0, 0.09933483649691904], "ALTH": [0.04668461538461539, 0.09933483649691904], "ALXN": [0.28887999999999997, 0.09933483649691904], "AMGN": [-0.18593846153846155, 0.09933483649691904], "AMLN": [0.0, 0.09933483649691904], "AMRN": [0.16252, 0.09933483649691904], "ANDS": [0.0, 0.09933483649691904], "ANTH": [0.0, 0.09933483649691904], "ARIA": [0.0805, 0.09933483649691904], "ARNA": [0.2723125, 0.09933483649691904], "ARRY": [0.0, 0.09933483649691904], "ASPX": [0.07888387096774192, 0.09933483649691904], "AST": [0.030884337349397595, 0.09933483649691904], "AVII": [0.25, 0.09933483649691904], "BLUE": [0.0, 0.09933483649691904], "BMRN": [0.0, 0.09933483649691904], "BOLD": [0.3818, 0.09933483649691904], "BPAX": [0.0, 0.09933483649691904], "CBPO": [0.0, 0.09933483649691904], "CBST": [0.0, 0.09933483649691904], "CELG": [0.0, 0.09933483649691904], "CLDX": [0.1591, 0.09933483649691904], "COLL": [0.0, 0.09933483649691904], "CRA": [0.10648571428571428, 0.09933483649691904], "CRIS": [0.0, 0.09933483649691904], "CRME": [0.5803, 0.09933483649691904], "CTIC": [0.12728, 0.09933483649691904], "CYPB": [0.0, 0.09933483649691904], "CYTK": [0.0, 0.09933483649691904], "CYTX": [0.0, 0.09933483649691904], "DEPO": [0.0, 0.09933483649691904], "DNDN": [0.0, 0.09933483649691904], "DRRX": [0.0, 0.09933483649691904], "DSCO": [0.21213333333333334, 0.09933483649691904], "EDIT": [0.0, 0.09933483649691904], "EGRX": [0.0, 0.09933483649691904], "ENCY": [-0.6369, 0.09933483649691904], "ENDP": [0.225, 0.09933483649691904], "EXEL": [0.0, 0.09933483649691904], "FACT": [0.5574, 0.09933483649691904], "FLKS": [0.0, 0.09933483649691904], "FOLD": [0.42060000000000003, 0.09933483649691904], "FURX": [0.09866666666666667, 0.09933483649691904], "GERN": [0.7184, 0.09933483649691904], "GILD": [0.27527999999999997, 0.09933483649691904], "GTXI": [0.0, 0.09933483649691904], "HGSI": [0.0, 0.09933483649691904], "ICEL": [0.6184000000000001, 0.09933483649691904], "ICY": [0.0, 0.09933483649691904], "IDIX": [0.0, 0.09933483649691904], "IMMU": [0.0, 0.09933483649691904], "INCR": [0.7579, 0.09933483649691904], "INCY": [0.0, 0.09933483649691904], "INFI": [0.3592, 0.09933483649691904], "INO": [0.12040000000000001, 0.09933483649691904], "IONS": [0.22099166666666667, 0.09933483649691904], "IRWD": [0.0, 0.09933483649691904], "ISTA": [-0.057383333333333335, 0.09933483649691904], "ITMN": [0.0, 0.09933483649691904], "JAZZ": [0.0772, 0.09933483649691904], "KERX": [0.044825, 0.09933483649691904], "LBIO": [0.0, 0.09933483649691904], "LIFE": [0.225, 0.09933483649691904], "LXRX": [0.0, 0.09933483649691904], "MACK": [-0.11333333333333334, 0.09933483649691904], "MAPP": [0.32489166666666663, 0.09933483649691904], "MDVN": [0.0, 0.09933483649691904], "MEDI": [0.0, 0.09933483649691904], "MNOV": [0.0, 0.09933483649691904], "MRNA": [0.7184, 0.09933483649691904], "MYGN": [0.13396666666666665, 0.09933483649691904], "MYL": [0.31245, 0.09933483649691904], "NH": [0.040279999999999996, 0.09933483649691904], "NK": [0.08141428571428573, 0.09933483649691904], "ONCE": [-0.2944, 0.09933483649691904], "ONTY": [0.14292, 0.09933483649691904], "ONXX": [0.0, 0.09933483649691904], "OPK": [0.0, 0.09933483649691904], "OPTR": [0.07579, 0.09933483649691904], "OREX": [0.181025, 0.09933483649691904], "PACB": [0.10262857142857143, 0.09933483649691904], "PCRX": [0.0, 0.09933483649691904], "QCOR": [0.0, 0.09933483649691904], "RARE": [0.0, 0.09933483649691904], "REGN": [-0.06118421052631579, 0.09933483649691904], "SAGE": [0.1462, 0.09933483649691904], "SCLN": [0.0, 0.09933483649691904], "SGEN": [0.2023, 0.09933483649691904], "SNTS": [0.0, 0.09933483649691904], "SPPI": [0.12138, 0.09933483649691904], "STEM": [0.0, 0.09933483649691904], "SVNT": [0.2023, 0.09933483649691904], "TECH": [0.02607674418604651, 0.09933483649691904], "TEVA": [-0.1531, 0.09933483649691904], "THLD": [0.17356363636363636, 0.09933483649691904], "TRGT": [0.0, 0.09933483649691904], "USD": [0.013117931034482755, 0.09933483649691904], "UTHR": [0.0, 0.09933483649691904], "VRTX": [0.3612, 0.09933483649691904], "VVUS": [0.12368000000000001, 0.09933483649691904], "WCRX": [0.2294, 0.09933483649691904], "XNPT": [0.0, 0.09933483649691904], "XOMA": [0.0, 0.09933483649691904]}