{"AAVL": [0.2430375, 0.15428565601048239], "ACAD": [0.17505625000000002, 0.15428565601048239], "ACHN": [0.33674000000000004, 0.15428565601048239], "ACOR": [0.25453333333333333, 0.15428565601048239], "ACRX": [0.39195405405405404, 0.15428565601048239], "ADHD": [0.22769999999999999, 0.15428565601048239], "ADMS": [0.0, 0.15428565601048239], "ADRO": [0.3889, 0.15428565601048239], "AEGR": [0.16314320987654324, 0.15428565601048239], "AERI": [0.05632105263157895, 0.15428565601048239], "AFFX": [0.4585133333333333, 0.15428565601048239], "AFFY": [0.42514, 0.15428565601048239], "AFMD": [0.09785294117647059, 0.15428565601048239], "AGEN": [0.35484, 0.15428565601048239], "AGIO": [0.145475, 0.15428565601048239], "AGTC": [0.0, 0.15428565601048239], "AIMT": [0.15731874999999998, 0.15428565601048239], "AKBA": [0.02205714285714286, 0.15428565601048239], "AKRX": [0.33851250000000005, 0.15428565601048239], "ALDR": [-0.031697499999999997, 0.15428565601048239], "ALIM": [0.5006882352941178, 0.15428565601048239], "ALKS": [0.28397307692307694, 0.15428565601048239], "ALNY": [-0.1449111111111111, 0.15428565601048239], "ALTH": [0.00253409090909091, 0.15428565601048239], "ALTU": [0.5142500000000001, 0.15428565601048239], "ALXA": [0.5563, 0.15428565601048239], "ALXN": [0.1466431818181818, 0.15428565601048239], "AMAG": [0.480725, 0.15428565601048239], "AMGN": [0.05154698795180723, 0.15428565601048239], "AMPH": [-0.05769729729729729, 0.15428565601048239], "AMRI": [0.21775, 0.15428565601048239], "AMRN": [0.41239583333333346, 0.15428565601048239], "ANAC": [0.3433605633802816, 0.15428565601048239], "ANDS": [0.19735999999999998, 0.15428565601048239], "ANIP": [0.046261290322580646, 0.15428565601048239], "ANTH": [0.19674444444444447, 0.15428565601048239], "AQXP": [0.3818, 0.15428565601048239], "ARDX": [0.0, 0.15428565601048239], "ARIA": [0.090054, 0.15428565601048239], "ARNA": [0.07287739130434782, 0.15428565601048239], "ARQL": [0.0, 0.15428565601048239], "ARRY": [0.31298983050847456, 0.15428565601048239], "ARWR": [0.21463749999999998, 0.15428565601048239], "ASPX": [-0.09940000000000002, 0.15428565601048239], "AST": [0.11762738853503178, 0.15428565601048239], "ASTX": [0.5128400000000001, 0.15428565601048239], "ATRA": [0.08015000000000003, 0.15428565601048239], "AVEO": [0.3814999999999998, 0.15428565601048239], "AVNR": [0.4941315789473684, 0.15428565601048239], "BCRX": [0.4536142857142857, 0.15428565601048239], "BIIB": [0.09620980392156864, 0.15428565601048239], "BIOD": [0.0, 0.15428565601048239], "BLCM": [0.31112, 0.15428565601048239], "BLUE": [0.12170576923076926, 0.15428565601048239], "BMRN": [0.07566052631578947, 0.15428565601048239], "BOLD": [0.0, 0.15428565601048239], "BPMC": [0.4939, 0.15428565601048239], "CADX": [0.5045307692307692, 0.15428565601048239], "CALP": [0.137675, 0.15428565601048239], "CARA": [0.30967692307692307, 0.15428565601048239], "CBPO": [0.030958333333333334, 0.15428565601048239], "CBST": [0.151725, 0.15428565601048239], "CCXI": [0.4710842105263159, 0.15428565601048239], "CELG": [0.08954888888888893, 0.15428565601048239], "CEMP": [0.19643999999999998, 0.15428565601048239], "CEPH": [0.0, 0.15428565601048239], "CERS": [0.42668125, 0.15428565601048239], "CGEN": [0.032888888888888884, 0.15428565601048239], "CGPI": [0.0, 0.15428565601048239], "CHMA": [0.0, 0.15428565601048239], "CHRS": [0.28074444444444446, 0.15428565601048239], "CLCD": [0.4497, 0.15428565601048239], "CLDN": [0.47305, 0.15428565601048239], "CLDX": [0.3882200000000001, 0.15428565601048239], "CLVS": [-0.18788823529411763, 0.15428565601048239], "CMRX": [-0.04013333333333333, 0.15428565601048239], "CNCE": [0.2504517241379311, 0.15428565601048239], "CNCT": [0.0, 0.15428565601048239], "COLL": [0.1375578947368421, 0.15428565601048239], "CRA": [-0.013277419354838713, 0.15428565601048239], "CRIS": [0.011636363636363637, 0.15428565601048239], "CRME": [0.2123128205128205, 0.15428565601048239], "CTIC": [0.10243571428571428, 0.15428565601048239], "CTRX": [0.4876066666666667, 0.15428565601048239], "CYTK": [0.30498000000000003, 0.15428565601048239], "CYTX": [0.18094545454545455, 0.15428565601048239], "DBVT": [0.4404, 0.15428565601048239], "DEPO": [0.37561764705882356, 0.15428565601048239], "DERM": [0.27295714285714284, 0.15428565601048239], "DIGE": [-0.016686666666666666, 0.15428565601048239], "DNAI": [0.0, 0.15428565601048239], "DNDN": [0.12040000000000001, 0.15428565601048239], "DRNA": [0.1799666666666667, 0.15428565601048239], "DRRX": [0.07646666666666667, 0.15428565601048239], "DSCO": [0.0, 0.15428565601048239], "DVAX": [0.0016727272727272702, 0.15428565601048239], "DYAX": [0.32575624999999997, 0.15428565601048239], "ECYT": [0.33964313725490203, 0.15428565601048239], "EDIT": [0.16074999999999998, 0.15428565601048239], "EGLT": [-0.17854285714285714, 0.15428565601048239], "EGRX": [0.07145454545454545, 0.15428565601048239], "EMIS": [0.0, 0.15428565601048239], "ENCY": [0.00516, 0.15428565601048239], "ENDP": [0.2505636363636364, 0.15428565601048239], "ENTA": [0.035464583333333334, 0.15428565601048239], "ENZN": [0.35569999999999996, 0.15428565601048239], "EPZM": [0.13688666666666668, 0.15428565601048239], "ESPR": [0.15305625, 0.15428565601048239], "EXEL": [0.05738540145985403, 0.15428565601048239], "FACT": [-0.07242295081967212, 0.15428565601048239], "FGEN": [0.11377333333333331, 0.15428565601048239], "FLKS": [-0.0282875, 0.15428565601048239], "FLML": [0.0222375, 0.15428565601048239], "FLXN": [0.17102, 0.15428565601048239], "FMI": [0.19054285714285715, 0.15428565601048239], "FOLD": [0.06152631578947368, 0.15428565601048239], "FPRX": [0.4972555555555556, 0.15428565601048239], "GBT": [0.0, 0.15428565601048239], "GERN": [0.016203571428571435, 0.15428565601048239], "GEVA": [0.2868166666666668, 0.15428565601048239], "GHDX": [-0.3193473684210527, 0.15428565601048239], "GILD": [0.08514921875000006, 0.15428565601048239], "GNVC": [0.5127733333333333, 0.15428565601048239], "GPRO": [0.09544691358024691, 0.15428565601048239], "GTXI": [0.0, 0.15428565601048239], "GWPH": [0.2081291666666667, 0.15428565601048239], "HALO": [0.382617857142857, 0.15428565601048239], "HBIO": [-0.10928, 0.15428565601048239], "HZNP": [0.2187027397260274, 0.15428565601048239], "ICEL": [0.5112960000000001, 0.15428565601048239], "ICPT": [0.017255555555555555, 0.15428565601048239], "ICY": [-0.26335, 0.15428565601048239], "ILMN": [-0.03883958333333332, 0.15428565601048239], "ILU": [-0.12565454545454544, 0.15428565601048239], "IMDZ": [0.296, 0.15428565601048239], "IMGN": [-0.042666666666666665, 0.15428565601048239], "IMMU": [0.11828749999999999, 0.15428565601048239], "INCR": [0.10715862068965518, 0.15428565601048239], "INCY": [0.07876470588235295, 0.15428565601048239], "INFI": [0.3052416666666667, 0.15428565601048239], "INO": [0.3428885245901639, 0.15428565601048239], "INSM": [0.0, 0.15428565601048239], "INSY": [0.4052704225352111, 0.15428565601048239], "INVA": [0.4215, 0.15428565601048239], "IONS": [0.03049777777777778, 0.15428565601048239], "IPXL": [0.3889481481481482, 0.15428565601048239], "IRWD": [0.05248679245283019, 0.15428565601048239], "ISIS": [0.22745671641791046, 0.15428565601048239], "ISPH": [0.0, 0.15428565601048239], "ISTA": [0.17726470588235294, 0.15428565601048239], "ITCI": [-0.030047826086956525, 0.15428565601048239], "ITEK": [0.15158347826086954, 0.15428565601048239], "JAZZ": [0.029168656716417912, 0.15428565601048239], "JUNO": [0.007878048780487814, 0.15428565601048239], "KERX": [0.2226415730337078, 0.15428565601048239], "KITE": [0.1359781609195402, 0.15428565601048239], "KPTI": [0.0, 0.15428565601048239], "KYTH": [0.05531578947368422, 0.15428565601048239], "LBIO": [0.12009074074074076, 0.15428565601048239], "LGND": [0.28115428571428575, 0.15428565601048239], "LIFE": [0.4570589743589744, 0.15428565601048239], "LMNX": [0.018466666666666662, 0.15428565601048239], "LOXO": [-0.10057777777777778, 0.15428565601048239], "LXRX": [0.07613928571428571, 0.15428565601048239], "MACK": [0.10371666666666667, 0.15428565601048239],