{"ACAD": [0.16364285714285715, 0.11687150731371858], "ACHN": [0.09163484848484846, 0.11687150731371858], "ACOR": [0.4939, 0.11687150731371858], "ACRX": [0.04933333333333333, 0.11687150731371858], "ADRO": [0.4019, 0.11687150731371858], "AEGR": [0.0, 0.11687150731371858], "AFFX": [0.0, 0.11687150731371858], "AFFY": [0.1827, 0.11687150731371858], "AGEN": [0.0, 0.11687150731371858], "AKRX": [0.07543333333333334, 0.11687150731371858], "ALKS": [0.1366, 0.11687150731371858], "ALNY": [0.31845, 0.11687150731371858], "ALTH": [0.028633333333333334, 0.11687150731371858], "ALXA": [0.0, 0.11687150731371858], "ALXN": [0.07294285714285716, 0.11687150731371858], "AMAG": [0.0, 0.11687150731371858], "AMGN": [0.1383090909090909, 0.11687150731371858], "AMRN": [0.12032999999999998, 0.11687150731371858], "ANAC": [0.0, 0.11687150731371858], "ANDS": [0.15343333333333334, 0.11687150731371858], "ANTH": [0.31337777777777776, 0.11687150731371858], "ARIA": [0.04135, 0.11687150731371858], "ARNA": [0.060535483870967736, 0.11687150731371858], "ARRY": [0.1945888888888889, 0.11687150731371858], "ARWR": [0.0, 0.11687150731371858], "ASPX": [0.1030708333333333, 0.11687150731371858], "AST": [0.06269196428571429, 0.11687150731371858], "ASTX": [0.0, 0.11687150731371858], "AVEO": [0.0, 0.11687150731371858], "AXCA": [0.36956666666666665, 0.11687150731371858], "BCRX": [0.0, 0.11687150731371858], "BIIB": [0.1679, 0.11687150731371858], "BLUE": [0.0, 0.11687150731371858], "BMRN": [0.0455090909090909, 0.11687150731371858], "BPAX": [0.3612, 0.11687150731371858], "CALP": [0.0, 0.11687150731371858], "CASC": [0.0, 0.11687150731371858], "CBST": [0.064, 0.11687150731371858], "CELG": [0.2511, 0.11687150731371858], "CERS": [0.128, 0.11687150731371858], "CGEN": [0.0, 0.11687150731371858], "CHMA": [0.0, 0.11687150731371858], "CLDX": [0.0, 0.11687150731371858], "COLL": [0.10928, 0.11687150731371858], "CRA": [0.2430272727272728, 0.11687150731371858], "CRIS": [0.04517142857142858, 0.11687150731371858], "CRME": [0.060200000000000004, 0.11687150731371858], "CTIC": [0.0, 0.11687150731371858], "CTRX": [-0.17386666666666664, 0.11687150731371858], "CYTK": [0.4404, 0.11687150731371858], "CYTX": [-0.17975, 0.11687150731371858], "DEPO": [0.4588, 0.11687150731371858], "DRRX": [0.0, 0.11687150731371858], "DSCO": [-0.14049999999999999, 0.11687150731371858], "DVAX": [0.037, 0.11687150731371858], "ECYT": [0.1991, 0.11687150731371858], "EDIT": [0.7345, 0.11687150731371858], "EGRX": [0.765, 0.11687150731371858], "EMIS": [0.0, 0.11687150731371858], "ENDP": [0.3982, 0.11687150731371858], "ENTA": [0.21064, 0.11687150731371858], "ENZN": [0.054877777777777775, 0.11687150731371858], "EXEL": [0.12468552631578948, 0.11687150731371858], "FACT": [0.06992500000000001, 0.11687150731371858], "FLML": [0.7506, 0.11687150731371858], "FOLD": [0.2202, 0.11687150731371858], "GERN": [0.21636363636363634, 0.11687150731371858], "GEVA": [0.7184, 0.11687150731371858], "GHDX": [0.0, 0.11687150731371858], "GILD": [0.13485882352941175, 0.11687150731371858], "HALO": [0.0, 0.11687150731371858], "HGSI": [0.0, 0.11687150731371858], "HZNP": [0.07055714285714286, 0.11687150731371858], "ICEL": [0.4404, 0.11687150731371858], "ICPT": [0.04228571428571428, 0.11687150731371858], "ICY": [0.0, 0.11687150731371858], "IDIX": [0.050268749999999994, 0.11687150731371858], "IMGN": [0.20465, 0.11687150731371858], "IMMU": [0.0, 0.11687150731371858], "INCR": [0.26465, 0.11687150731371858], "INCY": [-0.12086666666666666, 0.11687150731371858], "INO": [0.33999999999999997, 0.11687150731371858], "IONS": [0.1616923076923077, 0.11687150731371858], "ISIS": [0.0, 0.11687150731371858], "ISTA": [0.11887500000000001, 0.11687150731371858], "ITMN": [0.0, 0.11687150731371858], "JAZZ": [0.0, 0.11687150731371858], "KERX": [0.0, 0.11687150731371858], "KYTH": [0.0, 0.11687150731371858], "LBIO": [0.22667142857142858, 0.11687150731371858], "LGND": [0.0, 0.11687150731371858], "LIFE": [0.3480916666666667, 0.11687150731371858], "LMNX": [0.0, 0.11687150731371858], "MACK": [0.026328571428571423, 0.11687150731371858], "MAPP": [0.0, 0.11687150731371858], "MAXY": [0.0, 0.11687150731371858], "MDCO": [0.0, 0.11687150731371858], "MDVN": [0.4788454545454546, 0.11687150731371858], "MEDI": [0.34334444444444445, 0.11687150731371858], "MITI": [-0.3875, 0.11687150731371858], "MNK": [-0.059199999999999996, 0.11687150731371858], "MNKD": [-0.074, 0.11687150731371858], "MYGN": [0.47777142857142857, 0.11687150731371858], "MYL": [0.4215, 0.11687150731371858], "NERV": [-0.1779, 0.11687150731371858], "NH": [0.1994, 0.11687150731371858], "NK": [0.0909677966101695, 0.11687150731371858], "NKTR": [0.13396666666666665, 0.11687150731371858], "NPSP": [0.3238777777777778, 0.11687150731371858], "NVAX": [0.0, 0.11687150731371858], "ONCE": [0.3241, 0.11687150731371858], "ONTY": [0.296, 0.11687150731371858], "ONXX": [0.16946216216216214, 0.11687150731371858], "OPK": [0.0, 0.11687150731371858], "OREX": [-0.007367441860465119, 0.11687150731371858], "OSCI": [0.0, 0.11687150731371858], "OSIR": [0.0, 0.11687150731371858], "OTIC": [0.148, 0.11687150731371858], "PACB": [0.0, 0.11687150731371858], "PCRX": [0.0, 0.11687150731371858], "POZN": [0.0903, 0.11687150731371858], "PTIE": [0.0, 0.11687150731371858], "QCOR": [0.5574, 0.11687150731371858], "RARE": [-0.34, 0.11687150731371858], "REGN": [0.06291428571428571, 0.11687150731371858], "RGLS": [0.0, 0.11687150731371858], "SAGE": [0.14171666666666666, 0.11687150731371858], "SCLN": [0.0, 0.11687150731371858], "SCMP": [0.0, 0.11687150731371858], "SEPR": [-0.5267, 0.11687150731371858], "SGMO": [-0.148, 0.11687150731371858], "SGYP": [0.0, 0.11687150731371858], "SHPG": [0.0, 0.11687150731371858], "SLXP": [0.3716, 0.11687150731371858], "SNTA": [0.20018181818181818, 0.11687150731371858], "SNTS": [-0.029599999999999998, 0.11687150731371858], "SPPI": [0.0, 0.11687150731371858], "SQNM": [0.29825, 0.11687150731371858], "SRPT": [0.11902727272727272, 0.11687150731371858], "STEM": [0.03394285714285715, 0.11687150731371858], "SVNT": [0.24977500000000005, 0.11687150731371858], "TECH": [0.10888082191780823, 0.11687150731371858], "TEVA": [0.085875, 0.11687150731371858], "THLD": [0.14406666666666665, 0.11687150731371858], "TRGT": [0.5574, 0.11687150731371858], "TSRX": [0.0, 0.11687150731371858], "USD": [0.06445736842105262, 0.11687150731371858], "VICL": [0.0, 0.11687150731371858], "VNDA": [0.05505, 0.11687150731371858], "VPHM": [0.44592, 0.11687150731371858], "VRNM": [0.148, 0.11687150731371858], "VVUS": [0.045368181818181814, 0.11687150731371858], "XNPT": [0.2247, 0.11687150731371858], "XOMA": [0.0890653846153846, 0.11687150731371858], "ZGNX": [0.04255, 0.11687150731371858], "ZLCS": [0.1776951219512195, 0.11687150731371858]}