{"ACHN": [0.148, 0.12798667993632487], "ACOR": [0.07014444444444447, 0.12798667993632487], "ACRX": [0.2023, 0.12798667993632487], "AFFY": [-0.14049999999999999, 0.12798667993632487], "AGEN": [0.0, 0.12798667993632487], "AKRX": [0.523, 0.12798667993632487], "ALTH": [0.27894615384615384, 0.12798667993632487], "ALTU": [0.0, 0.12798667993632487], "ALXA": [0.0, 0.12798667993632487], "AMGN": [-0.0075642857142857135, 0.12798667993632487], "AMLN": [0.2936, 0.12798667993632487], "AMRN": [0.1762625, 0.12798667993632487], "ANAC": [0.148, 0.12798667993632487], "ANDS": [0.0, 0.12798667993632487], "ARIA": [0.1468, 0.12798667993632487], "ARNA": [0.06868181818181819, 0.12798667993632487], "ASPX": [0.22851764705882355, 0.12798667993632487], "AST": [0.3131500000000001, 0.12798667993632487], "AVEO": [0.0, 0.12798667993632487], "AVII": [0.0, 0.12798667993632487], "AVNR": [0.13732, 0.12798667993632487], "BCRX": [0.0, 0.12798667993632487], "BIIB": [-0.09124000000000002, 0.12798667993632487], "BIOD": [0.7177, 0.12798667993632487], "BPAX": [0.23960243902439027, 0.12798667993632487], "BSTE": [0.0, 0.12798667993632487], "CALP": [0.2202, 0.12798667993632487], "CBPO": [0.802, 0.12798667993632487], "CBRX": [0.40863333333333335, 0.12798667993632487], "CBST": [0.30950000000000005, 0.12798667993632487], "CELG": [0.0, 0.12798667993632487], "CEPH": [0.0, 0.12798667993632487], "CERS": [0.34, 0.12798667993632487], "CHMA": [0.0, 0.12798667993632487], "CHRS": [-0.24225, 0.12798667993632487], "CLDX": [0.0, 0.12798667993632487], "COLL": [0.0282875, 0.12798667993632487], "CRA": [-0.055649999999999984, 0.12798667993632487], "CRIS": [0.0, 0.12798667993632487], "CRME": [-0.3182, 0.12798667993632487], "CSKI": [0.296, 0.12798667993632487], "CTIC": [-0.12726666666666667, 0.12798667993632487], "CYTX": [0.2294, 0.12798667993632487], "DEPO": [-0.0258, 0.12798667993632487], "DNDN": [0.7184, 0.12798667993632487], "DRRX": [0.0033000000000000017, 0.12798667993632487], "DSCO": [0.20555714285714283, 0.12798667993632487], "DVAX": [0.0, 0.12798667993632487], "EDIT": [0.6486, 0.12798667993632487], "EMIS": [0.17, 0.12798667993632487], "ENCY": [0.4588, 0.12798667993632487], "ENDP": [0.0258, 0.12798667993632487], "ENZN": [0.0, 0.12798667993632487], "EXEL": [0.0, 0.12798667993632487], "FACT": [0.6705, 0.12798667993632487], "GERN": [0.1806, 0.12798667993632487], "GHDX": [0.5574, 0.12798667993632487], "GILD": [0.0, 0.12798667993632487], "GNTA": [0.21075, 0.12798667993632487], "GNVC": [-0.1366, 0.12798667993632487], "GPRO": [-0.09866666666666667, 0.12798667993632487], "GRFS": [0.0, 0.12798667993632487], "GTXI": [0.2537142857142857, 0.12798667993632487], "HGSI": [0.4767, 0.12798667993632487], "ILMN": [0.3612, 0.12798667993632487], "INCR": [0.0902, 0.12798667993632487], "INCY": [0.0, 0.12798667993632487], "INGN": [0.0, 0.12798667993632487], "INSM": [0.13486666666666666, 0.12798667993632487], "IONS": [0.1622909090909091, 0.12798667993632487], "ISTA": [0.56015, 0.12798667993632487], "KERX": [0.2202, 0.12798667993632487], "LBIO": [0.29149444444444444, 0.12798667993632487], "LIFE": [0.0, 0.12798667993632487], "LXRX": [0.296, 0.12798667993632487], "MACK": [0.0, 0.12798667993632487], "MAPP": [0.0, 0.12798667993632487], "MAXY": [0.05735, 0.12798667993632487], "MEDI": [0.13014, 0.12798667993632487], "MNK": [0.003916666666666675, 0.12798667993632487], "MNKD": [0.003916666666666675, 0.12798667993632487], "MNTA": [0.0, 0.12798667993632487], "MRNA": [0.16495500000000002, 0.12798667993632487], "MYGN": [0.0, 0.12798667993632487], "MYL": [0.07646666666666667, 0.12798667993632487], "NABI": [0.0, 0.12798667993632487], "NBIX": [0.0, 0.12798667993632487], "NEOL": [0.0, 0.12798667993632487], "NH": [0.21504285714285717, 0.12798667993632487], "NK": [0.07314090909090909, 0.12798667993632487], "NKTR": [0.0, 0.12798667993632487], "NPSP": [0.33335000000000004, 0.12798667993632487], "OMED": [0.6249, 0.12798667993632487], "OMER": [0.09866666666666667, 0.12798667993632487], "ONCE": [0.1027, 0.12798667993632487], "ONTY": [0.09265714285714285, 0.12798667993632487], "ONXX": [0.0, 0.12798667993632487], "OPTR": [0.12121875000000001, 0.12798667993632487], "OREX": [0.0, 0.12798667993632487], "OTIC": [0.0, 0.12798667993632487], "PCRX": [0.1056066666666667, 0.12798667993632487], "PDLI": [0.06743333333333333, 0.12798667993632487], "POZN": [0.0, 0.12798667993632487], "PTIE": [0.0033000000000000017, 0.12798667993632487], "QCOR": [0.34, 0.12798667993632487], "SAGE": [0.17611304347826087, 0.12798667993632487], "SGMO": [0.11751666666666667, 0.12798667993632487], "SGNT": [0.0, 0.12798667993632487], "SIGA": [0.055266666666666665, 0.12798667993632487], "SLXP": [0.0, 0.12798667993632487], "SNTS": [0.41870000000000007, 0.12798667993632487], "SPPI": [0.15256, 0.12798667993632487], "SQNM": [-0.21075, 0.12798667993632487], "STEM": [-0.1237, 0.12798667993632487], "SUPG": [0.0, 0.12798667993632487], "TBPH": [0.0, 0.12798667993632487], "TECH": [0.28749411764705884, 0.12798667993632487], "TEVA": [0.08475, 0.12798667993632487], "THLD": [0.4215, 0.12798667993632487], "THRX": [0.0, 0.12798667993632487], "TLCR": [0.0, 0.12798667993632487], "USD": [0.13458831168831173, 0.12798667993632487], "VNDA": [0.2294, 0.12798667993632487], "VPHM": [0.0, 0.12798667993632487], "VRTX": [0.057791666666666665, 0.12798667993632487], "VRUS": [0.18457826086956522, 0.12798667993632487], "VVUS": [0.08599999999999998, 0.12798667993632487], "XNPT": [-0.0258, 0.12798667993632487], "ZGNX": [0.2571, 0.12798667993632487], "ZLCS": [-0.05843333333333334, 0.12798667993632487]}