{"ACAD": [0.07588951048951048, 0.08357266107837916], "ACHN": [0.29779130434782614, 0.08357266107837916], "ACOR": [-0.108075, 0.08357266107837916], "ACRX": [0.05673333333333334, 0.08357266107837916], "ADHD": [0.0913206896551724, 0.08357266107837916], "ADMS": [0.09866666666666667, 0.08357266107837916], "ADRO": [0.08457142857142856, 0.08357266107837916], "ADVM": [0.2357, 0.08357266107837916], "AEGR": [-0.10212000000000002, 0.08357266107837916], "AERI": [0.07528125, 0.08357266107837916], "AFFX": [0.0, 0.08357266107837916], "AFFY": [0.0, 0.08357266107837916], "AFMD": [0.1730875, 0.08357266107837916], "AGEN": [0.2939, 0.08357266107837916], "AGIO": [0.06577777777777777, 0.08357266107837916], "AGTC": [0.8074, 0.08357266107837916], "AIMT": [0.0, 0.08357266107837916], "AKBA": [0.5719, 0.08357266107837916], "AKRX": [0.21945, 0.08357266107837916], "ALDR": [0.14416666666666667, 0.08357266107837916], "ALIM": [0.0, 0.08357266107837916], "ALKS": [0.12685714285714286, 0.08357266107837916], "ALNY": [-0.045104487179487174, 0.08357266107837916], "ALTH": [0.06859999999999997, 0.08357266107837916], "ALXA": [0.0, 0.08357266107837916], "ALXN": [0.1087, 0.08357266107837916], "AMAG": [-0.25714545454545457, 0.08357266107837916], "AMGN": [0.25483731343283583, 0.08357266107837916], "AMPH": [-0.12656666666666666, 0.08357266107837916], "AMRI": [0.09682857142857144, 0.08357266107837916], "AMRN": [0.24849166666666667, 0.08357266107837916], "ANAC": [0.0, 0.08357266107837916], "ANDS": [0.140375, 0.08357266107837916], "ANIP": [-0.02947142857142857, 0.08357266107837916], "ANPI": [0.106625, 0.08357266107837916], "ANTH": [0.024909333333333346, 0.08357266107837916], "AQXP": [0.016444444444444442, 0.08357266107837916], "ARDX": [0.0, 0.08357266107837916], "ARIA": [-0.22105156250000008, 0.08357266107837916], "ARLZ": [-0.013473684210526317, 0.08357266107837916], "ARNA": [0.158285, 0.08357266107837916], "ARRY": [0.180815, 0.08357266107837916], "ARWR": [0.046557499999999995, 0.08357266107837916], "ASPX": [0.28895294117647063, 0.08357266107837916], "AST": [0.0480270491803279, 0.08357266107837916], "ASTX": [0.0, 0.08357266107837916], "ATRA": [-0.09106666666666667, 0.08357266107837916], "AVEO": [-0.023272727272727275, 0.08357266107837916], "AVNR": [0.0386, 0.08357266107837916], "AVXS": [0.112865625, 0.08357266107837916], "AXCA": [0.0, 0.08357266107837916], "BCRX": [0.0929, 0.08357266107837916], "BGNE": [0.12479411764705883, 0.08357266107837916], "BIIB": [0.20401132075471698, 0.08357266107837916], "BIOD": [0.11988000000000001, 0.08357266107837916], "BLCM": [0.19145, 0.08357266107837916], "BLUE": [0.17348809523809527, 0.08357266107837916], "BMRN": [0.11330277777777778, 0.08357266107837916], "BOLD": [0.6486, 0.08357266107837916], "BPMC": [-0.07543333333333334, 0.08357266107837916], "CALP": [-0.05201538461538461, 0.08357266107837916], "CARA": [0.25030454545454545, 0.08357266107837916], "CASC": [0.0, 0.08357266107837916], "CBPO": [-0.02692500000000001, 0.08357266107837916], "CELG": [0.2008438596491228, 0.08357266107837916], "CEMP": [0.07200930232558139, 0.08357266107837916], "CEPH": [-0.279575, 0.08357266107837916], "CERS": [0.0, 0.08357266107837916], "CGEN": [-0.21989999999999998, 0.08357266107837916], "CHMA": [0.21931000000000003, 0.08357266107837916], "CHRS": [0.2619000000000001, 0.08357266107837916], "CLCD": [0.11579999999999999, 0.08357266107837916], "CLDX": [0.12804827586206896, 0.08357266107837916], "CLSD": [0.09806666666666668, 0.08357266107837916], "CLVS": [0.04057469287469286, 0.08357266107837916], "CMRX": [0.0, 0.08357266107837916], "CNCE": [0.5106, 0.08357266107837916], "COLL": [0.06791428571428572, 0.08357266107837916], "COLY": [0.5267, 0.08357266107837916], "CRA": [-0.16416, 0.08357266107837916], "CRIS": [0.10106037735849058, 0.08357266107837916], "CRME": [0.0, 0.08357266107837916], "CTIC": [0.0746, 0.08357266107837916], "CTRX": [0.0, 0.08357266107837916], "CXRX": [0.032692307692307694, 0.08357266107837916], "CYTK": [0.07955, 0.08357266107837916], "CYTX": [0.0, 0.08357266107837916], "DBVT": [0.142975, 0.08357266107837916], "DEPO": [0.013577777777777777, 0.08357266107837916], "DERM": [0.08376315789473683, 0.08357266107837916], "DIGE": [0.11839999999999999, 0.08357266107837916], "DNAI": [0.5338272727272728, 0.08357266107837916], "DNDN": [0.0, 0.08357266107837916], "DRNA": [-0.1366, 0.08357266107837916], "DRRX": [0.0, 0.08357266107837916], "DSCO": [0.0, 0.08357266107837916], "DVAX": [0.03471090909090909, 0.08357266107837916], "ECYT": [0.0, 0.08357266107837916], "EDIT": [0.1527206896551724, 0.08357266107837916], "EGLT": [0.14418225806451612, 0.08357266107837916], "EGRX": [0.31398000000000004, 0.08357266107837916], "EMIS": [0.019657142857142856, 0.08357266107837916], "ENCY": [0.08455000000000001, 0.08357266107837916], "ENDP": [0.041645833333333326, 0.08357266107837916], "ENTA": [0.04642222222222222, 0.08357266107837916], "EPZM": [0.41152500000000003, 0.08357266107837916], "ESPR": [0.1143625, 0.08357266107837916], "EXEL": [0.14902282608695655, 0.08357266107837916], "FACT": [0.17632941176470587, 0.08357266107837916], "FGEN": [0.04926, 0.08357266107837916], "FLKS": [0.22851999999999997, 0.08357266107837916], "FLML": [-0.08778333333333332, 0.08357266107837916], "FLXN": [0.20043333333333332, 0.08357266107837916], "FMI": [0.12495384615384617, 0.08357266107837916], "FOLD": [0.024788888888888902, 0.08357266107837916], "FOMX": [0.0, 0.08357266107837916], "FURX": [0.0, 0.08357266107837916], "GBT": [0.21166818181818184, 0.08357266107837916], "GERN": [0.3378625, 0.08357266107837916], "GEVA": [0.10615000000000001, 0.08357266107837916], "GHDX": [0.0, 0.08357266107837916], "GILD": [0.12491754385964908, 0.08357266107837916], "GNVC": [0.0, 0.08357266107837916], "GPRO": [0.12622424242424243, 0.08357266107837916], "GRFS": [0.0, 0.08357266107837916], "GTXI": [-0.1128, 0.08357266107837916], "GWPH": [0.18723962264150948, 0.08357266107837916], "HALO": [0.10159230769230769, 0.08357266107837916], "HBIO": [0.0, 0.08357266107837916], "HGSI": [-0.3818, 0.08357266107837916], "HPTX": [0.0, 0.08357266107837916], "HZNP": [0.09233333333333334, 0.08357266107837916], "ICEL": [0.23013333333333333, 0.08357266107837916], "ICPT": [0.09078333333333331, 0.08357266107837916], "ICY": [0.001522222222222221, 0.08357266107837916], "IDIX": [0.0, 0.08357266107837916], "ILMN": [0.0721076923076923, 0.08357266107837916], "ILU": [-0.16352500000000006, 0.08357266107837916], "IMGN": [-0.064, 0.08357266107837916], "IMMU": [0.016509090909090914, 0.08357266107837916], "INCR": [0.16513611111111112, 0.08357266107837916], "INCY": [0.176515503875969, 0.08357266107837916], "INFI": [0.148, 0.08357266107837916], "INO": [0.03935238095238095, 0.08357266107837916], "INSM": [-0.060200000000000004, 0.08357266107837916], "INSY": [0.05907142857142859, 0.08357266107837916], "INVA": [0.0, 0.08357266107837916], "IONS": [0.09362714285714287, 0.08357266107837916], "IPXL": [0.054849999999999996, 0.08357266107837916], "IRWD": [-0.4270666666666667, 0.08357266107837916], "ISIS": [0.148, 0.08357266107837916], "ISTA": [0.18225555555555553, 0.08357266107837916], "ITEK": [0.07421428571428572, 0.08357266107837916], "ITMN": [0.0, 0.08357266107837916], "JAZZ": [-0.06885454545454545, 0.08357266107837916], "JUNO": [0.18213333333333334, 0.08357266107837916], "KERX": [0.14111428571428572, 0.08357266107837916], "KITE": [0.11702837837837837, 0.08357266107837916], "KMPH": [0.0, 0.08357266107837916], "KPTI": [-0.042666666666666665, 0.08357266107837916], "LBIO": [0.13607887323943668, 0.08357266107837916], "LGND": [0.24785333333333337, 0.08357266107837916], "LIFE": [0.11706363636363637, 0.08357266107837916], "LMNX": [0.1531, 0.08357266107837916], "LXRX": [0.14110526315789473, 0.08357266107837916], "MACK": [0.08683291139240508, 0.08357266107837916], "MAPP": [0.49234999999999995, 0.08357266107837916], "MCRB": [-0.01100000000000001, 0.08357266107837916], "MDCO": [0.13611739130434783, 0.08357266107837916], "MDVN": [0.5214777777777777, 0.08357266107837916],