{"AAVL": [0.08354285714285714, 0.12810662338469037], "ACAD": [0.16076607142857144, 0.12810662338469037], "ACHN": [0.12885000000000002, 0.12810662338469037], "ACOR": [0.06468, 0.12810662338469037], "ACRX": [-0.00645, 0.12810662338469037], "ADHD": [0.23045555555555555, 0.12810662338469037], "ADMS": [0.185, 0.12810662338469037], "ADRO": [0.06619166666666666, 0.12810662338469037], "AEGR": [0.27077142857142855, 0.12810662338469037], "AERI": [0.15494285714285713, 0.12810662338469037], "AFFX": [0.0, 0.12810662338469037], "AFMD": [0.19124799999999997, 0.12810662338469037], "AGEN": [0.161628, 0.12810662338469037], "AGIO": [0.08474424778761062, 0.12810662338469037], "AGTC": [0.0, 0.12810662338469037], "AIMT": [0.0, 0.12810662338469037], "AKBA": [0.31923076923076926, 0.12810662338469037], "AKRX": [0.005560000000000009, 0.12810662338469037], "ALDR": [0.03215952380952381, 0.12810662338469037], "ALIM": [0.09866666666666667, 0.12810662338469037], "ALKS": [0.26755652173913047, 0.12810662338469037], "ALNY": [0.25075294117647057, 0.12810662338469037], "ALTH": [0.028909401709401695, 0.12810662338469037], "ALXA": [0.273, 0.12810662338469037], "ALXN": [0.04747959183673469, 0.12810662338469037], "AMAG": [0.6249, 0.12810662338469037], "AMGN": [0.12696879999999994, 0.12810662338469037], "AMPH": [0.4404, 0.12810662338469037], "AMRN": [-0.03232105263157895, 0.12810662338469037], "ANAC": [0.09014137931034479, 0.12810662338469037], "ANDS": [0.04995454545454545, 0.12810662338469037], "ANIP": [0.1223777777777778, 0.12810662338469037], "ANTH": [0.2046222222222222, 0.12810662338469037], "AQXP": [0.22994857142857153, 0.12810662338469037], "ARDX": [0.2509333333333334, 0.12810662338469037], "ARIA": [-0.005933333333333331, 0.12810662338469037], "ARLZ": [0.20508333333333337, 0.12810662338469037], "ARNA": [0.36389499999999997, 0.12810662338469037], "ARQL": [0.0, 0.12810662338469037], "ARRY": [0.10900333333333337, 0.12810662338469037], "ARWR": [0.031491304347826085, 0.12810662338469037], "ASPX": [-0.023920000000000014, 0.12810662338469037], "AST": [0.09773495934959352, 0.12810662338469037], "ATRA": [0.1722375, 0.12810662338469037], "AVEO": [0.02812727272727272, 0.12810662338469037], "AVII": [0.0, 0.12810662338469037], "AVXS": [0.0, 0.12810662338469037], "BCRX": [0.4309666666666667, 0.12810662338469037], "BGNE": [0.0, 0.12810662338469037], "BIIB": [0.09096666666666668, 0.12810662338469037], "BIOD": [0.16086666666666666, 0.12810662338469037], "BLCM": [0.24435555555555555, 0.12810662338469037], "BLUE": [0.16999634146341458, 0.12810662338469037], "BMRN": [-0.07978947368421051, 0.12810662338469037], "BPMC": [0.0, 0.12810662338469037], "CALP": [0.5042, 0.12810662338469037], "CARA": [0.04993076923076923, 0.12810662338469037], "CBPO": [0.11839999999999999, 0.12810662338469037], "CBST": [0.0, 0.12810662338469037], "CCXI": [0.2979375, 0.12810662338469037], "CELG": [0.16301855670103094, 0.12810662338469037], "CEMP": [0.12085945945945946, 0.12810662338469037], "CEPH": [0.2047, 0.12810662338469037], "CERS": [-0.1154, 0.12810662338469037], "CGEN": [0.0, 0.12810662338469037], "CHMA": [0.2936636363636364, 0.12810662338469037], "CHRS": [0.2555, 0.12810662338469037], "CLCD": [0.19063333333333332, 0.12810662338469037], "CLDN": [0.45326666666666665, 0.12810662338469037], "CLDX": [0.03852926829268293, 0.12810662338469037], "CLVS": [0.08012000000000001, 0.12810662338469037], "CMRX": [0.27832666666666667, 0.12810662338469037], "CNCE": [0.1727, 0.12810662338469037], "COLL": [0.06681388888888887, 0.12810662338469037], "CRA": [0.21634545454545454, 0.12810662338469037], "CRIS": [0.07474285714285714, 0.12810662338469037], "CTIC": [0.28209999999999996, 0.12810662338469037], "CXRX": [0.18515, 0.12810662338469037], "CYTK": [0.14049999999999999, 0.12810662338469037], "CYTX": [0.11711875000000001, 0.12810662338469037], "DBVT": [0.0, 0.12810662338469037], "DEPO": [0.14471071428571428, 0.12810662338469037], "DERM": [-0.06290000000000003, 0.12810662338469037], "DIGE": [0.08092, 0.12810662338469037], "DNAI": [0.010111111111111107, 0.12810662338469037], "DNDN": [0.0, 0.12810662338469037], "DRNA": [0.14148750000000002, 0.12810662338469037], "DRRX": [0.2893538461538462, 0.12810662338469037], "DSCO": [0.5289333333333334, 0.12810662338469037], "DVAX": [0.07723333333333332, 0.12810662338469037], "DYAX": [0.04933333333333333, 0.12810662338469037], "ECYT": [0.0, 0.12810662338469037], "EDIT": [0.1605521739130435, 0.12810662338469037], "EGLT": [0.22139999999999996, 0.12810662338469037], "EGRX": [0.16134285714285715, 0.12810662338469037], "EMIS": [0.25, 0.12810662338469037], "ENDP": [0.09242112676056337, 0.12810662338469037], "ENTA": [0.19982448979591838, 0.12810662338469037], "ENZN": [0.50615, 0.12810662338469037], "EPZM": [0.21332727272727273, 0.12810662338469037], "ESPR": [0.017319230769230767, 0.12810662338469037], "EXEL": [-0.04150769230769231, 0.12810662338469037], "FACT": [0.12610000000000002, 0.12810662338469037], "FGEN": [0.17725384615384615, 0.12810662338469037], "FLKS": [0.22684285714285712, 0.12810662338469037], "FLML": [0.20371, 0.12810662338469037], "FLXN": [0.09323999999999999, 0.12810662338469037], "FMI": [0.13340000000000002, 0.12810662338469037], "FOLD": [-0.06747, 0.12810662338469037], "FOMX": [0.5106, 0.12810662338469037], "FPRX": [0.04041428571428572, 0.12810662338469037], "GBT": [0.04765833333333333, 0.12810662338469037], "GENZ": [0.0, 0.12810662338469037], "GERN": [0.3381925925925926, 0.12810662338469037], "GEVA": [0.6369, 0.12810662338469037], "GHDX": [0.08808, 0.12810662338469037], "GILD": [0.1564694779116466, 0.12810662338469037], "GPRO": [0.04497317073170732, 0.12810662338469037], "GRFS": [0.233575, 0.12810662338469037], "HALO": [0.05386279069767442, 0.12810662338469037], "HZNP": [0.20593428571428574, 0.12810662338469037], "ICEL": [0.35309999999999997, 0.12810662338469037], "ICPT": [0.06581680672268905, 0.12810662338469037], "ICY": [0.29086666666666666, 0.12810662338469037], "ILMN": [0.19813703703703708, 0.12810662338469037], "ILU": [0.21295999999999998, 0.12810662338469037], "IMDZ": [0.27304000000000006, 0.12810662338469037], "IMGN": [0.137915, 0.12810662338469037], "IMMU": [0.11748620689655173, 0.12810662338469037], "INCR": [0.24529583333333338, 0.12810662338469037], "INCY": [0.04727640449438202, 0.12810662338469037], "INFI": [0.08051904761904763, 0.12810662338469037], "INGN": [0.3612, 0.12810662338469037], "INO": [0.08929302325581397, 0.12810662338469037], "INSM": [-0.021333333333333333, 0.12810662338469037], "INSY": [0.20825000000000002, 0.12810662338469037], "INVA": [0.0, 0.12810662338469037], "IONS": [0.15125432692307697, 0.12810662338469037], "IPXL": [0.04915, 0.12810662338469037], "IRWD": [0.11175227272727274, 0.12810662338469037], "ISIS": [0.0, 0.12810662338469037], "ISTA": [0.050609090909090895, 0.12810662338469037], "ITCI": [0.08144322033898306, 0.12810662338469037], "ITEK": [-0.05677, 0.12810662338469037], "JAZZ": [0.2673384615384615, 0.12810662338469037], "JUNO": [0.11454285714285715, 0.12810662338469037], "KERX": [0.34219999999999995, 0.12810662338469037], "KITE": [0.05801315789473684, 0.12810662338469037], "KMPH": [0.11522857142857143, 0.12810662338469037], "KPTI": [0.0, 0.12810662338469037], "LBIO": [0.1209304347826087, 0.12810662338469037], "LGND": [0.07056, 0.12810662338469037], "LIFE": [0.09960714285714287, 0.12810662338469037], "LMNX": [0.17020000000000002, 0.12810662338469037], "LOXO": [0.0, 0.12810662338469037], "LXRX": [-0.09866666666666667, 0.12810662338469037], "MACK": [0.209525, 0.12810662338469037], "MAPP": [0.276, 0.12810662338469037], "MCRB": [0.14878181818181815, 0.12810662338469037], "MDCO": [0.0, 0.12810662338469037], "MDVN": [0.1128412698412699, 0.12810662338469037], "MEDI": [0.055098400000000006, 0.12810662338469037], "MGNX": [0.0, 0.12810662338469037], "MNK": [0.09178648648648652, 0.12810662338469037], "MNKD": [0.07644200000000002, 0.12810662338469037], "MNOV": [0.0, 0.12810662338469037], "MNTA": [0.1468, 0.12810662338469037], "MRNA": [0.0, 0.12810662338469037],