{"AFFX": [0.2294, 0.280854173186736], "ALKS": [0.0, 0.280854173186736], "ALTH": [0.0, 0.280854173186736], "ANDS": [0.0, 0.280854173186736], "APCVZ&": [0.6835, 0.280854173186736], "APPX": [0.6835, 0.280854173186736], "ARIA": [0.1582, 0.280854173186736], "ARNA": [0.0, 0.280854173186736], "ARRY": [0.0, 0.280854173186736], "ARXT": [0.6835, 0.280854173186736], "ASPX": [0.0, 0.280854173186736], "AST": [0.25124166666666664, 0.280854173186736], "AXCA": [0.6835, 0.280854173186736], "BCRX": [0.0, 0.280854173186736], "BGIXX": [0.6835, 0.280854173186736], "BIVN": [0.6835, 0.280854173186736], "BLKFDS": [0.6835, 0.280854173186736], "BLUS": [0.6835, 0.280854173186736], "BPAX": [0.4215, 0.280854173186736], "BRIXX": [0.6835, 0.280854173186736], "BTRX": [0.6835, 0.280854173186736], "CALP": [0.0, 0.280854173186736], "CBST": [0.0, 0.280854173186736], "CELG": [0.7096, 0.280854173186736], "CEPH": [0.3612, 0.280854173186736], "CERS": [0.0, 0.280854173186736], "CLDX": [0.0, 0.280854173186736], "COLL": [0.40085, 0.280854173186736], "COLY": [0.6835, 0.280854173186736], "CRA": [0.0, 0.280854173186736], "CRIS": [0.4019, 0.280854173186736], "CTIC": [0.09505, 0.280854173186736], "CYTX": [-0.296, 0.280854173186736], "DNDN": [0.3182, 0.280854173186736], "DRAX": [0.6835, 0.280854173186736], "DSCO": [0.3133222222222222, 0.280854173186736], "ENCY": [0.6835, 0.280854173186736], "ENTA": [0.29232, 0.280854173186736], "EURX": [0.62045, 0.280854173186736], "GENZ": [-0.06785, 0.280854173186736], "GHDX": [0.2023, 0.280854173186736], "GILD": [0.17020000000000002, 0.280854173186736], "GNVC": [0.21785555555555555, 0.280854173186736], "HGSI": [0.14469999999999997, 0.280854173186736], "ICY": [0.6835, 0.280854173186736], "ILU": [0.6835, 0.280854173186736], "IMMU": [0.07415000000000001, 0.280854173186736], "INCR": [0.2182, 0.280854173186736], "INCY": [0.07200000000000001, 0.280854173186736], "INSM": [0.09765, 0.280854173186736], "IONS": [0.41218000000000005, 0.280854173186736], "IPXL": [0.0, 0.280854173186736], "ISIS": [0.11261111111111112, 0.280854173186736], "ISTA": [0.0, 0.280854173186736], "ITMN": [0.0, 0.280854173186736], "JAZZ": [0.2140375, 0.280854173186736], "LBIO": [0.21075, 0.280854173186736], "LIFE": [-0.1806, 0.280854173186736], "LMNX": [0.0, 0.280854173186736], "MNTA": [0.0, 0.280854173186736], "NFLD": [0.6835, 0.280854173186736], "NK": [0.07655, 0.280854173186736], "NKTR": [0.0, 0.280854173186736], "NRMX": [0.6835, 0.280854173186736], "ONTY": [0.0, 0.280854173186736], "OREX": [0.0, 0.280854173186736], "OSCI": [0.6835, 0.280854173186736], "OSIP": [0.2023, 0.280854173186736], "PCYC": [0.5574, 0.280854173186736], "RIGL": [0.14756153846153847, 0.280854173186736], "SAGE": [0.35456666666666664, 0.280854173186736], "SLXA": [0.6835, 0.280854173186736], "SQNM": [0.14836976744186048, 0.280854173186736], "STEM": [0.4588, 0.280854173186736], "TECH": [0.1953, 0.280854173186736], "TEVA": [0.0007500000000000007, 0.280854173186736], "TNOX": [0.6835, 0.280854173186736], "TWTI": [0.6835, 0.280854173186736], "USD": [0.07867199999999999, 0.280854173186736], "VVUS": [0.0, 0.280854173186736], "XOMA": [0.0, 0.280854173186736]}