{"AAVL": [0.04085714285714286, 0.13694316657416208], "ACAD": [0.11125714285714286, 0.13694316657416208], "ACHN": [0.44874285714285717, 0.13694316657416208], "ACOR": [-0.128, 0.13694316657416208], "ACRX": [0.030107142857142857, 0.13694316657416208], "ADHD": [0.3435727272727273, 0.13694316657416208], "ADMS": [0.25868181818181823, 0.13694316657416208], "ADRO": [0.0, 0.13694316657416208], "ADVM": [-0.11315, 0.13694316657416208], "AEGR": [0.2023, 0.13694316657416208], "AERI": [-0.05035, 0.13694316657416208], "AFFY": [0.4069333333333333, 0.13694316657416208], "AFMD": [0.1874173913043478, 0.13694316657416208], "AGEN": [0.16725, 0.13694316657416208], "AGIO": [0.2790625, 0.13694316657416208], "AGTC": [0.0, 0.13694316657416208], "AIMT": [-0.28305, 0.13694316657416208], "AKBA": [0.0, 0.13694316657416208], "AKRX": [0.2184, 0.13694316657416208], "ALDR": [0.25722000000000006, 0.13694316657416208], "ALIM": [0.1591, 0.13694316657416208], "ALKS": [0.16852142857142857, 0.13694316657416208], "ALNY": [0.08771428571428572, 0.13694316657416208], "ALTH": [0.16043684210526318, 0.13694316657416208], "ALXN": [0.07582272727272726, 0.13694316657416208], "AMAG": [0.34, 0.13694316657416208], "AMGN": [0.11729166666666666, 0.13694316657416208], "AMPH": [0.17982222222222222, 0.13694316657416208], "AMRI": [0.0, 0.13694316657416208], "AMRN": [0.22337916666666668, 0.13694316657416208], "ANAC": [0.11333333333333334, 0.13694316657416208], "ANDS": [0.0, 0.13694316657416208], "ANIP": [-0.0017666666666666664, 0.13694316657416208], "ANPI": [-0.0772, 0.13694316657416208], "ANTH": [-0.026222222222222227, 0.13694316657416208], "APCVZ&": [0.0, 0.13694316657416208], "APPX": [0.0, 0.13694316657416208], "AQXP": [0.054279999999999995, 0.13694316657416208], "ARDX": [0.06577777777777777, 0.13694316657416208], "ARIA": [-0.1560890909090909, 0.13694316657416208], "ARLZ": [0.04933333333333333, 0.13694316657416208], "ARNA": [0.11282, 0.13694316657416208], "ARQL": [0.14671666666666666, 0.13694316657416208], "ARRY": [0.26328, 0.13694316657416208], "ARWR": [0.31245, 0.13694316657416208], "ARXT": [0.0, 0.13694316657416208], "ASPX": [0.1515, 0.13694316657416208], "AST": [0.0008454545454545482, 0.13694316657416208], "ASTX": [0.34, 0.13694316657416208], "ATRA": [0.11748181818181819, 0.13694316657416208], "AVNR": [0.34, 0.13694316657416208], "AVXS": [0.0, 0.13694316657416208], "AXCA": [0.0, 0.13694316657416208], "BCRX": [0.17563333333333334, 0.13694316657416208], "BGIXX": [0.0, 0.13694316657416208], "BGNE": [0.22612499999999996, 0.13694316657416208], "BIIB": [0.14324029850746267, 0.13694316657416208], "BIOD": [0.04683333333333333, 0.13694316657416208], "BIVN": [0.0, 0.13694316657416208], "BLCM": [0.14006000000000002, 0.13694316657416208], "BLKFDS": [0.0, 0.13694316657416208], "BLUE": [-0.023350000000000003, 0.13694316657416208], "BLUS": [0.0, 0.13694316657416208], "BMRN": [0.14098235294117648, 0.13694316657416208], "BPMC": [0.25, 0.13694316657416208], "BRIXX": [0.0, 0.13694316657416208], "BSTE": [0.4019, 0.13694316657416208], "BTRX": [0.0, 0.13694316657416208], "CALP": [0.10563333333333334, 0.13694316657416208], "CARA": [-0.002616666666666673, 0.13694316657416208], "CASC": [0.1238447058823529, 0.13694316657416208], "CBPO": [-0.042666666666666665, 0.13694316657416208], "CCXI": [0.11600999999999999, 0.13694316657416208], "CELG": [0.0943, 0.13694316657416208], "CEMP": [0.0815047619047619, 0.13694316657416208], "CEPH": [0.23935714285714285, 0.13694316657416208], "CERS": [0.10359285714285715, 0.13694316657416208], "CHMA": [0.18580000000000002, 0.13694316657416208], "CHRS": [0.1928789473684211, 0.13694316657416208], "CLCD": [0.04135, 0.13694316657416208], "CLDN": [0.3802, 0.13694316657416208], "CLDX": [0.04986842105263158, 0.13694316657416208], "CLSD": [0.01102857142857143, 0.13694316657416208], "CLVS": [0.13506574923547401, 0.13694316657416208], "CMRX": [0.40690625, 0.13694316657416208], "CNCE": [0.09500000000000001, 0.13694316657416208], "COLL": [0.14341500000000001, 0.13694316657416208], "COLY": [0.0, 0.13694316657416208], "CRA": [-0.20558571428571432, 0.13694316657416208], "CRGN": [0.34, 0.13694316657416208], "CRIS": [0.18213333333333334, 0.13694316657416208], "CRME": [0.318, 0.13694316657416208], "CTIC": [0.2219, 0.13694316657416208], "CTRX": [0.37920000000000004, 0.13694316657416208], "CXRX": [0.05034444444444445, 0.13694316657416208], "CYTK": [0.11091111111111111, 0.13694316657416208], "CYTX": [0.18366666666666667, 0.13694316657416208], "DBVT": [0.0, 0.13694316657416208], "DEPO": [-0.10988888888888892, 0.13694316657416208], "DERM": [0.0, 0.13694316657416208], "DIGE": [0.6597, 0.13694316657416208], "DNAI": [0.25051666666666667, 0.13694316657416208], "DNDN": [0.34, 0.13694316657416208], "DRAX": [0.0, 0.13694316657416208], "DRNA": [0.07540555555555556, 0.13694316657416208], "DRRX": [0.068, 0.13694316657416208], "DVAX": [0.2992, 0.13694316657416208], "EDIT": [0.2605892857142857, 0.13694316657416208], "EGLT": [0.10400499999999999, 0.13694316657416208], "EGRX": [0.13063571428571427, 0.13694316657416208], "ENCY": [0.08385000000000001, 0.13694316657416208], "ENDP": [0.03393465909090911, 0.13694316657416208], "ENTA": [0.03936521739130434, 0.13694316657416208], "ENZN": [0.0, 0.13694316657416208], "EPZM": [0.31245, 0.13694316657416208], "ESPR": [-0.014887937743190654, 0.13694316657416208], "EURX": [0.0, 0.13694316657416208], "EXEL": [0.1917029411764706, 0.13694316657416208], "FACT": [0.1045777777777778, 0.13694316657416208], "FGEN": [0.19063333333333332, 0.13694316657416208], "FLKS": [0.07452352941176472, 0.13694316657416208], "FLML": [0.0, 0.13694316657416208], "FLXN": [0.24213200000000004, 0.13694316657416208], "FMI": [-0.025517647058823527, 0.13694316657416208], "FOLD": [0.38680000000000003, 0.13694316657416208], "FOMX": [0.3182, 0.13694316657416208], "FPRX": [0.0, 0.13694316657416208], "GBT": [0.04046, 0.13694316657416208], "GERN": [0.45766000000000007, 0.13694316657416208], "GEVA": [0.2689666666666667, 0.13694316657416208], "GILD": [0.14265080645161293, 0.13694316657416208], "GPRO": [0.03949473684210526, 0.13694316657416208], "GRFS": [0.0, 0.13694316657416208], "GWPH": [0.70885, 0.13694316657416208], "HALO": [-0.022457142857142853, 0.13694316657416208], "HBIO": [0.34, 0.13694316657416208], "HZNP": [0.17543636363636353, 0.13694316657416208], "ICEL": [0.3568, 0.13694316657416208], "ICOS": [0.3182, 0.13694316657416208], "ICPT": [0.0780603448275862, 0.13694316657416208], "ICY": [-0.016985714285714288, 0.13694316657416208], "IDIX": [0.5423, 0.13694316657416208], "ILMN": [0.15245238095238095, 0.13694316657416208], "ILU": [-0.10212000000000002, 0.13694316657416208], "IMDZ": [0.5100333333333333, 0.13694316657416208], "IMGN": [0.38734375, 0.13694316657416208], "IMMU": [0.07836875000000001, 0.13694316657416208], "INCR": [0.31370714285714285, 0.13694316657416208], "INCY": [0.07015357142857141, 0.13694316657416208], "INFI": [0.14393225806451612, 0.13694316657416208], "INGN": [0.0, 0.13694316657416208], "INO": [0.027502666666666665, 0.13694316657416208], "INSM": [-0.4511333333333334, 0.13694316657416208], "INSY": [0.002216666666666666, 0.13694316657416208], "INVA": [0.3731, 0.13694316657416208], "IONS": [0.11699333333333334, 0.13694316657416208], "IPXL": [0.13228, 0.13694316657416208], "IRWD": [0.20270000000000002, 0.13694316657416208], "ISIS": [0.12040000000000001, 0.13694316657416208], "ISTA": [-0.27322, 0.13694316657416208], "ITCI": [0.18091621621621623, 0.13694316657416208], "ITEK": [0.24886, 0.13694316657416208], "JAZZ": [0.1783725, 0.13694316657416208], "JUNO": [0.085, 0.13694316657416208], "KERX": [0.23953714285714284, 0.13694316657416208], "KITE": [0.11649999999999999, 0.13694316657416208], "KMPH": [0.38933571428571423, 0.13694316657416208], "KPTI": [0.12506, 0.13694316657416208], "LBIO": [0.20653793103448273, 0.13694316657416208], "LGND": [0.38425416666666656, 0.13694316657416208], "LIFE": [0.08092, 0.13694316657416208], "LOXO": [0.17854285714285714, 0.13694316657416208], "LXRX": [0.0, 0.13694316657416208],