{"AAVL": [0.2462, 0.11361066140854922], "ACAD": [0.06949090909090909, 0.11361066140854922], "ACHN": [0.10746666666666665, 0.11361066140854922], "ACOR": [0.13712173913043477, 0.11361066140854922], "ACRX": [-0.1223, 0.11361066140854922], "ADHD": [-0.06743333333333333, 0.11361066140854922], "ADMS": [0.0, 0.11361066140854922], "ADRO": [0.02265, 0.11361066140854922], "AEGR": [0.08996923076923077, 0.11361066140854922], "AERI": [0.2453333333333333, 0.11361066140854922], "AFFX": [0.08531972789115648, 0.11361066140854922], "AFFY": [0.10237462686567163, 0.11361066140854922], "AFMD": [0.19131666666666666, 0.11361066140854922], "AGEN": [0.08900681818181819, 0.11361066140854922], "AGIO": [0.12983750000000002, 0.11361066140854922], "AGTC": [0.0, 0.11361066140854922], "AIMT": [0.1657, 0.11361066140854922], "AKRX": [0.05025811965811966, 0.11361066140854922], "ALDR": [0.07795555555555556, 0.11361066140854922], "ALIM": [0.06886666666666665, 0.11361066140854922], "ALKS": [0.12152500000000001, 0.11361066140854922], "ALNY": [0.11358518518518518, 0.11361066140854922], "ALTH": [0.14279605263157888, 0.11361066140854922], "ALTU": [0.4389, 0.11361066140854922], "ALXA": [0.0, 0.11361066140854922], "ALXN": [0.0443909090909091, 0.11361066140854922], "AMAG": [-0.2525592592592592, 0.11361066140854922], "AMGN": [0.16674406779661025, 0.11361066140854922], "AMRN": [-0.03494, 0.11361066140854922], "ANAC": [0.12296499999999999, 0.11361066140854922], "ANDS": [0.09545, 0.11361066140854922], "ANIP": [-0.18765, 0.11361066140854922], "ANTH": [0.18945882352941174, 0.11361066140854922], "AQXP": [0.15250555555555556, 0.11361066140854922], "ARDX": [0.09866666666666667, 0.11361066140854922], "ARIA": [0.21604791666666665, 0.11361066140854922], "ARLZ": [0.028200000000000003, 0.11361066140854922], "ARNA": [0.04455714285714286, 0.11361066140854922], "ARQL": [0.08378999999999999, 0.11361066140854922], "ARRY": [0.3385818181818182, 0.11361066140854922], "ARWR": [0.0, 0.11361066140854922], "ASPX": [-0.012881818181818196, 0.11361066140854922], "AST": [0.06381544117647059, 0.11361066140854922], "ASTX": [0.5848, 0.11361066140854922], "ATRA": [0.12676666666666667, 0.11361066140854922], "AVEO": [0.16708571428571428, 0.11361066140854922], "AVNR": [0.5848, 0.11361066140854922], "AVXS": [0.0, 0.11361066140854922], "BCRX": [0.28393749999999995, 0.11361066140854922], "BGNE": [0.17880000000000004, 0.11361066140854922], "BIIB": [0.03039999999999999, 0.11361066140854922], "BIOD": [0.06966666666666667, 0.11361066140854922], "BLCM": [-0.010660000000000003, 0.11361066140854922], "BLUE": [0.020048148148148155, 0.11361066140854922], "BMRN": [0.055363934426229514, 0.11361066140854922], "BPMC": [0.0, 0.11361066140854922], "CALP": [0.0, 0.11361066140854922], "CARA": [0.06216451612903226, 0.11361066140854922], "CASC": [0.2263, 0.11361066140854922], "CBPO": [0.0, 0.11361066140854922], "CCXI": [0.04735999999999998, 0.11361066140854922], "CELG": [0.021507017543859648, 0.11361066140854922], "CEMP": [0.1832625, 0.11361066140854922], "CEPH": [0.23742000000000005, 0.11361066140854922], "CERS": [-0.1189, 0.11361066140854922], "CHMA": [0.0, 0.11361066140854922], "CHRS": [0.0, 0.11361066140854922], "CLDN": [0.18315454545454546, 0.11361066140854922], "CLDX": [-0.011765384615384606, 0.11361066140854922], "CLVS": [0.0, 0.11361066140854922], "CMRX": [-0.05628888888888888, 0.11361066140854922], "CNCE": [0.019230769230769232, 0.11361066140854922], "COLL": [0.09152, 0.11361066140854922], "CRA": [-9.117647058823668e-05, 0.11361066140854922], "CRIS": [0.1737, 0.11361066140854922], "CRME": [0.20243333333333333, 0.11361066140854922], "CTIC": [0.11944838709677418, 0.11361066140854922], "CXRX": [0.06269666666666666, 0.11361066140854922], "CYTX": [0.16666666666666666, 0.11361066140854922], "DBVT": [0.17175714285714289, 0.11361066140854922], "DEPO": [0.14644736842105263, 0.11361066140854922], "DERM": [0.14281052631578947, 0.11361066140854922], "DIGE": [-0.18026363636363632, 0.11361066140854922], "DNAI": [0.4019, 0.11361066140854922], "DRNA": [0.2906, 0.11361066140854922], "DRRX": [0.09866666666666667, 0.11361066140854922], "DSCO": [0.10908571428571427, 0.11361066140854922], "DVAX": [0.11352142857142858, 0.11361066140854922], "DYAX": [0.0, 0.11361066140854922], "ECYT": [0.25856666666666667, 0.11361066140854922], "EDIT": [0.13740833333333333, 0.11361066140854922], "EGLT": [0.104975, 0.11361066140854922], "EGRX": [0.07031666666666668, 0.11361066140854922], "EMIS": [0.296, 0.11361066140854922], "ENCY": [0.19218000000000002, 0.11361066140854922], "ENDP": [0.0849234375, 0.11361066140854922], "ENTA": [0.22889743589743594, 0.11361066140854922], "ENZN": [0.43394999999999995, 0.11361066140854922], "EPZM": [0.03905625, 0.11361066140854922], "ESPR": [-0.13561176470588235, 0.11361066140854922], "EXEL": [0.06537368421052632, 0.11361066140854922], "FACT": [-0.06317368421052631, 0.11361066140854922], "FGEN": [0.17854444444444445, 0.11361066140854922], "FLKS": [0.11062500000000001, 0.11361066140854922], "FLML": [0.12161666666666665, 0.11361066140854922], "FMI": [0.05315652173913044, 0.11361066140854922], "FOLD": [0.044488095238095236, 0.11361066140854922], "FPRX": [0.21069999999999997, 0.11361066140854922], "GBT": [0.23679999999999998, 0.11361066140854922], "GERN": [0.15945454545454543, 0.11361066140854922], "GEVA": [0.305425, 0.11361066140854922], "GHDX": [0.164, 0.11361066140854922], "GILD": [0.062015641025641, 0.11361066140854922], "GNVC": [0.5848, 0.11361066140854922], "GPRO": [0.03240714285714285, 0.11361066140854922], "GRFS": [0.07612307692307693, 0.11361066140854922], "GWPH": [0.1424875, 0.11361066140854922], "HALO": [-0.027545714285714284, 0.11361066140854922], "HBIO": [0.5267, 0.11361066140854922], "HZNP": [0.073025, 0.11361066140854922], "ICEL": [0.4389, 0.11361066140854922], "ICOS": [-0.2263, 0.11361066140854922], "ICPT": [0.1550304347826087, 0.11361066140854922], "ICY": [0.0683, 0.11361066140854922], "ILMN": [0.13725555555555558, 0.11361066140854922], "ILU": [-0.2552777777777778, 0.11361066140854922], "IMDZ": [0.5107666666666667, 0.11361066140854922], "IMGN": [0.0953421052631579, 0.11361066140854922], "IMMU": [0.20006923076923078, 0.11361066140854922], "INCR": [0.30262682926829265, 0.11361066140854922], "INCY": [0.12109999999999999, 0.11361066140854922], "INFI": [0.13628749999999998, 0.11361066140854922], "INO": [0.06905, 0.11361066140854922], "INSM": [0.0, 0.11361066140854922], "INSY": [0.05895434782608695, 0.11361066140854922], "INVA": [0.0, 0.11361066140854922], "IONS": [0.09028458904109588, 0.11361066140854922], "IPXL": [-0.03415, 0.11361066140854922], "IRWD": [0.12496666666666667, 0.11361066140854922], "ISIS": [0.5037200000000001, 0.11361066140854922], "ISPH": [0.45946666666666663, 0.11361066140854922], "ISTA": [0.17639285714285716, 0.11361066140854922], "ITCI": [0.08763636363636364, 0.11361066140854922], "ITEK": [-0.09082857142857141, 0.11361066140854922], "JAZZ": [0.03336666666666667, 0.11361066140854922], "JUNO": [0.058558974358974364, 0.11361066140854922], "KERX": [0.11163333333333332, 0.11361066140854922], "KITE": [0.03287037037037037, 0.11361066140854922], "KPTI": [0.15635555555555555, 0.11361066140854922], "LBIO": [0.0029750000000000006, 0.11361066140854922], "LGND": [0.13075555555555557, 0.11361066140854922], "LIFE": [0.09181578947368421, 0.11361066140854922], "LMNX": [0.19130000000000003, 0.11361066140854922], "LOXO": [0.0, 0.11361066140854922], "MACK": [0.0438409090909091, 0.11361066140854922], "MAPP": [0.296, 0.11361066140854922], "MCRB": [0.0, 0.11361066140854922], "MDCO": [0.07367142857142858, 0.11361066140854922], "MDVN": [0.05707460317460317, 0.11361066140854922], "MEDI": [0.044529032258064524, 0.11361066140854922], "MGNX": [0.029369230769230766, 0.11361066140854922], "MNK": [0.12300980392156861, 0.11361066140854922], "MNKD": [0.14104366197183094, 0.11361066140854922], "MNOV": [0.08231666666666666, 0.11361066140854922], "MNTA": [0.04218181818181818, 0.11361066140854922], "MRNA": [0.59475, 0.11361066140854922],