{"ACAD": [0.0, 0.09654848622228157], "ACHN": [0.05977142857142857, 0.09654848622228157], "ACOR": [0.0, 0.09654848622228157], "ACRX": [-0.013574999999999997, 0.09654848622228157], "ADRO": [0.20095, 0.09654848622228157], "AEGR": [0.0, 0.09654848622228157], "AFFX": [0.037180000000000026, 0.09654848622228157], "AFFY": [0.0764703703703704, 0.09654848622228157], "AGEN": [-0.11950000000000001, 0.09654848622228157], "AKRX": [0.0, 0.09654848622228157], "ALKS": [-0.05303333333333333, 0.09654848622228157], "ALNY": [0.0, 0.09654848622228157], "ALTH": [0.13321, 0.09654848622228157], "ALXA": [0.025199999999999993, 0.09654848622228157], "AMGN": [0.1491794871794872, 0.09654848622228157], "AMRN": [0.062036, 0.09654848622228157], "ANAC": [-0.06364, 0.09654848622228157], "ANDS": [0.0, 0.09654848622228157], "ANTH": [0.0, 0.09654848622228157], "ARIA": [0.18162, 0.09654848622228157], "ARNA": [0.1312352941176471, 0.09654848622228157], "ARRY": [0.020916666666666667, 0.09654848622228157], "ASPX": [0.08251546391752583, 0.09654848622228157], "AST": [0.08335483870967746, 0.09654848622228157], "ASTX": [0.10873714285714288, 0.09654848622228157], "AUXL": [0.0, 0.09654848622228157], "AVEO": [0.18253333333333333, 0.09654848622228157], "AVNR": [0.1447142857142857, 0.09654848622228157], "AXCA": [0.8271, 0.09654848622228157], "BCRX": [0.061575999999999985, 0.09654848622228157], "BIIB": [0.30819285714285716, 0.09654848622228157], "BIOD": [0.2773333333333334, 0.09654848622228157], "BLUE": [0.03062, 0.09654848622228157], "BMRN": [0.0086, 0.09654848622228157], "BPMC": [0.0, 0.09654848622228157], "CADX": [0.0, 0.09654848622228157], "CBPO": [0.0, 0.09654848622228157], "CBRX": [0.0, 0.09654848622228157], "CBST": [-0.1706, 0.09654848622228157], "CELG": [0.08505294117647058, 0.09654848622228157], "CEPH": [0.0, 0.09654848622228157], "CERS": [-0.052333333333333336, 0.09654848622228157], "CGEN": [0.0, 0.09654848622228157], "CLDX": [0.0, 0.09654848622228157], "CNCT": [0.4588, 0.09654848622228157], "COLL": [0.36132, 0.09654848622228157], "CRA": [0.01863636363636363, 0.09654848622228157], "CRIS": [0.14408461538461537, 0.09654848622228157], "CTIC": [0.21075, 0.09654848622228157], "CYTX": [0.0, 0.09654848622228157], "DIGE": [0.0, 0.09654848622228157], "DRRX": [0.0, 0.09654848622228157], "DVAX": [-0.064, 0.09654848622228157], "ECYT": [0.21757272727272728, 0.09654848622228157], "EDIT": [0.3818, 0.09654848622228157], "EGRX": [0.0, 0.09654848622228157], "ENCY": [-0.008099999999999996, 0.09654848622228157], "ENDP": [-0.00536153846153846, 0.09654848622228157], "ENTA": [0.09294444444444444, 0.09654848622228157], "ENZN": [0.0, 0.09654848622228157], "EXEL": [0.3951, 0.09654848622228157], "FACT": [-0.2516, 0.09654848622228157], "FLKS": [0.153, 0.09654848622228157], "FLML": [0.4019, 0.09654848622228157], "FOLD": [0.18874285714285716, 0.09654848622228157], "FURX": [0.0, 0.09654848622228157], "GERN": [0.2202, 0.09654848622228157], "GILD": [0.064142, 0.09654848622228157], "GWPH": [0.27423333333333333, 0.09654848622228157], "HALO": [0.3025307692307692, 0.09654848622228157], "HGSI": [0.4019, 0.09654848622228157], "HITK": [0.5106, 0.09654848622228157], "HZNP": [0.0, 0.09654848622228157], "ICEL": [0.5826, 0.09654848622228157], "ICY": [0.05325454545454544, 0.09654848622228157], "IDIX": [0.11315, 0.09654848622228157], "ILMN": [0.2816666666666667, 0.09654848622228157], "ILU": [0.29755000000000004, 0.09654848622228157], "IMGN": [0.09465384615384614, 0.09654848622228157], "IMMU": [-0.03811666666666666, 0.09654848622228157], "INCR": [0.4646, 0.09654848622228157], "INCY": [0.0, 0.09654848622228157], "INFI": [0.06489999999999999, 0.09654848622228157], "INO": [0.1714368421052632, 0.09654848622228157], "IONS": [0.04734374999999998, 0.09654848622228157], "IPXL": [0.0, 0.09654848622228157], "ISIS": [0.0077333333333333325, 0.09654848622228157], "ISTA": [0.026676923076923077, 0.09654848622228157], "JAZZ": [0.0, 0.09654848622228157], "KERX": [0.11484545454545456, 0.09654848622228157], "KYTH": [-0.5423, 0.09654848622228157], "LBIO": [0.2538, 0.09654848622228157], "LIFE": [0.028327272727272722, 0.09654848622228157], "LXRX": [0.2377, 0.09654848622228157], "MACK": [0.148, 0.09654848622228157], "MAPP": [0.2263, 0.09654848622228157], "MDCO": [0.0593, 0.09654848622228157], "MDVN": [0.10115, 0.09654848622228157], "MEDI": [-0.041229411764705876, 0.09654848622228157], "MNK": [0.1517819277108434, 0.09654848622228157], "MNKD": [0.1517819277108434, 0.09654848622228157], "MNTA": [0.0, 0.09654848622228157], "MYL": [0.0, 0.09654848622228157], "NABI": [0.0516, 0.09654848622228157], "NBIX": [0.0, 0.09654848622228157], "NEOS": [0.6249, 0.09654848622228157], "NH": [-0.03276842105263158, 0.09654848622228157], "NK": [0.1509769911504425, 0.09654848622228157], "NPSP": [0.11043076923076925, 0.09654848622228157], "NVAX": [0.09563333333333333, 0.09654848622228157], "OMED": [-0.06534285714285713, 0.09654848622228157], "OMER": [0.15048181818181816, 0.09654848622228157], "ONCE": [0.0010000000000000009, 0.09654848622228157], "ONTY": [0.019313953488372095, 0.09654848622228157], "ONVO": [0.015408, 0.09654848622228157], "ONXX": [0.1495342857142857, 0.09654848622228157], "OPK": [0.24637142857142855, 0.09654848622228157], "OPTR": [0.38903333333333334, 0.09654848622228157], "OREX": [-0.06406296296296296, 0.09654848622228157], "OSCI": [0.0, 0.09654848622228157], "OSIR": [0.6249, 0.09654848622228157], "OTIC": [-0.11373333333333334, 0.09654848622228157], "PACB": [0.07937142857142858, 0.09654848622228157], "PCRX": [0.25, 0.09654848622228157], "PCYC": [0.33535714285714285, 0.09654848622228157], "PDLI": [0.3612, 0.09654848622228157], "QCOR": [0.225725, 0.09654848622228157], "RARE": [-0.4767, 0.09654848622228157], "REGN": [0.24272307692307693, 0.09654848622228157], "SAGE": [0.09350921052631583, 0.09654848622228157], "SCMP": [0.07067777777777778, 0.09654848622228157], "SGEN": [0.2518714285714286, 0.09654848622228157], "SGMO": [-0.006246666666666667, 0.09654848622228157], "SGYP": [0.02678181818181818, 0.09654848622228157], "SHPG": [-0.23835, 0.09654848622228157], "SNTA": [0.0, 0.09654848622228157], "SNTS": [0.21501666666666666, 0.09654848622228157], "SRPT": [0.15540684931506854, 0.09654848622228157], "STEM": [0.32430909090909094, 0.09654848622228157], "SUPN": [0.4019, 0.09654848622228157], "SVA": [0.007908333333333331, 0.09654848622228157], "SVNT": [-0.3535, 0.09654848622228157], "TECH": [0.042486, 0.09654848622228157], "TEVA": [0.12273333333333332, 0.09654848622228157], "THRX": [0.17125714285714286, 0.09654848622228157], "TSRX": [-0.09748571428571429, 0.09654848622228157], "USD": [0.03974201183431954, 0.09654848622228157], "VICL": [-0.01605714285714288, 0.09654848622228157], "VPHM": [0.0, 0.09654848622228157], "VRTX": [0.19016666666666668, 0.09654848622228157], "VRUS": [0.0, 0.09654848622228157], "VVUS": [0.05910555555555556, 0.09654848622228157], "WCRX": [-0.25, 0.09654848622228157], "XOMA": [0.11317692307692308, 0.09654848622228157], "ZGNX": [-0.06226666666666666, 0.09654848622228157]}