{"AAVL": [0.3944, 0.1521419515839396], "ACAD": [0.09118888888888889, 0.1521419515839396], "ACHN": [0.042817880794701994, 0.1521419515839396], "ACOR": [0.16496470588235296, 0.1521419515839396], "ACRX": [0.2926, 0.1521419515839396], "ADHD": [0.39154999999999995, 0.1521419515839396], "ADMS": [-0.06789, 0.1521419515839396], "AEGR": [0.06617777777777777, 0.1521419515839396], "AERI": [0.0, 0.1521419515839396], "AFFX": [0.2926, 0.1521419515839396], "AFFY": [0.4389, 0.1521419515839396], "AGEN": [0.04589999999999999, 0.1521419515839396], "AGIO": [0.232175, 0.1521419515839396], "AGTC": [0.4019, 0.1521419515839396], "AKBA": [-0.2732, 0.1521419515839396], "AKRX": [0.06363333333333333, 0.1521419515839396], "ALDR": [0.09545, 0.1521419515839396], "ALIM": [0.4389, 0.1521419515839396], "ALKS": [0.2887166666666667, 0.1521419515839396], "ALNY": [-0.025090909090909094, 0.1521419515839396], "ALTH": [0.2313354838709676, 0.1521419515839396], "ALTU": [0.4389, 0.1521419515839396], "ALXA": [0.4019, 0.1521419515839396], "ALXN": [0.31449000000000005, 0.1521419515839396], "AMAG": [0.4389, 0.1521419515839396], "AMGN": [0.46965384615384614, 0.1521419515839396], "AMRN": [-0.11039999999999996, 0.1521419515839396], "ANAC": [0.2926533333333333, 0.1521419515839396], "ANDS": [0.5267, 0.1521419515839396], "ANIP": [-0.005390476190476176, 0.1521419515839396], "ANTH": [0.0, 0.1521419515839396], "AQXP": [0.0, 0.1521419515839396], "ARIA": [0.11458709677419351, 0.1521419515839396], "ARNA": [0.06621142857142856, 0.1521419515839396], "ARRY": [0.1158075, 0.1521419515839396], "ARWR": [-0.013244999999999993, 0.1521419515839396], "ASPX": [0.06782727272727272, 0.1521419515839396], "AST": [0.11404830508474577, 0.1521419515839396], "ASTX": [0.4389, 0.1521419515839396], "ATRA": [-0.13591666666666666, 0.1521419515839396], "AUXL": [0.1909, 0.1521419515839396], "AVEO": [0.4389, 0.1521419515839396], "AVII": [0.0, 0.1521419515839396], "AVNR": [0.12543870967741935, 0.1521419515839396], "AXCA": [-0.5574, 0.1521419515839396], "BCRX": [0.08778, 0.1521419515839396], "BIIB": [0.16619756097560978, 0.1521419515839396], "BIOD": [0.0, 0.1521419515839396], "BLUE": [0.06331428571428571, 0.1521419515839396], "BMRN": [0.29565714285714284, 0.1521419515839396], "CADX": [0.4389, 0.1521419515839396], "CALP": [0.0903, 0.1521419515839396], "CARA": [0.21716666666666665, 0.1521419515839396], "CBPO": [0.148, 0.1521419515839396], "CBST": [0.0, 0.1521419515839396], "CCXI": [0.4389, 0.1521419515839396], "CELG": [0.1957396551724138, 0.1521419515839396], "CEMP": [0.24170000000000003, 0.1521419515839396], "CERS": [0.04381153846153847, 0.1521419515839396], "CGEN": [0.34040000000000004, 0.1521419515839396], "CHMA": [0.0, 0.1521419515839396], "CHRS": [0.0, 0.1521419515839396], "CLDN": [0.0, 0.1521419515839396], "CLDX": [0.013388372093023258, 0.1521419515839396], "CLVS": [0.3654222222222223, 0.1521419515839396], "CMRX": [0.12726666666666667, 0.1521419515839396], "COLL": [-0.01102857142857143, 0.1521419515839396], "CRA": [0.004322222222222227, 0.1521419515839396], "CRIS": [0.0, 0.1521419515839396], "CRME": [0.26334, 0.1521419515839396], "CTIC": [0.06736153846153846, 0.1521419515839396], "CTRX": [0.2901941176470588, 0.1521419515839396], "CYTK": [0.25710769230769237, 0.1521419515839396], "CYTX": [-0.09106666666666667, 0.1521419515839396], "DEPO": [0.2578625, 0.1521419515839396], "DERM": [0.10533999999999999, 0.1521419515839396], "DIGE": [0.296, 0.1521419515839396], "DRNA": [-0.03818000000000001, 0.1521419515839396], "DRRX": [0.2172, 0.1521419515839396], "DSCO": [0.0, 0.1521419515839396], "DVAX": [0.40164999999999995, 0.1521419515839396], "DYAX": [0.21231250000000002, 0.1521419515839396], "ECYT": [0.25838947368421056, 0.1521419515839396], "EDIT": [0.3166673076923078, 0.1521419515839396], "EMIS": [0.3818, 0.1521419515839396], "ENCY": [-0.19627999999999995, 0.1521419515839396], "ENDP": [0.10581875000000002, 0.1521419515839396], "ENTA": [0.2153636363636364, 0.1521419515839396], "ENZN": [0.022477777777777777, 0.1521419515839396], "EPZM": [0.2839, 0.1521419515839396], "ESPR": [0.33262499999999995, 0.1521419515839396], "EXEL": [0.13199411764705885, 0.1521419515839396], "FACT": [0.059975, 0.1521419515839396], "FGEN": [0.12040000000000001, 0.1521419515839396], "FLML": [0.0, 0.1521419515839396], "FMI": [0.1044, 0.1521419515839396], "FOLD": [0.45539999999999997, 0.1521419515839396], "FOMX": [0.0, 0.1521419515839396], "FPRX": [0.32955, 0.1521419515839396], "FURX": [0.07655, 0.1521419515839396], "GBT": [0.0, 0.1521419515839396], "GENZ": [0.0, 0.1521419515839396], "GERN": [0.05177936507936508, 0.1521419515839396], "GEVA": [0.21945, 0.1521419515839396], "GHDX": [0.06228723404255318, 0.1521419515839396], "GILD": [0.14015789473684204, 0.1521419515839396], "GNVC": [0.4389, 0.1521419515839396], "GPRO": [0.08910431266846357, 0.1521419515839396], "GTXI": [0.2202, 0.1521419515839396], "GWPH": [0.1661375, 0.1521419515839396], "HALO": [0.24160000000000004, 0.1521419515839396], "HBIO": [0.296, 0.1521419515839396], "HGSI": [0.0772, 0.1521419515839396], "HPTX": [-0.09634285714285715, 0.1521419515839396], "HZNP": [0.3397, 0.1521419515839396], "ICEL": [0.39046666666666663, 0.1521419515839396], "ICPT": [0.39853703703703713, 0.1521419515839396], "ICY": [-0.03423333333333333, 0.1521419515839396], "IDIX": [0.3089, 0.1521419515839396], "ILMN": [0.18909444444444443, 0.1521419515839396], "ILU": [-0.1806, 0.1521419515839396], "IMGN": [0.09545, 0.1521419515839396], "IMMU": [0.3818, 0.1521419515839396], "INCR": [0.18035357142857147, 0.1521419515839396], "INCY": [0.14169090909090906, 0.1521419515839396], "INFI": [0.08778, 0.1521419515839396], "INO": [0.10603636363636361, 0.1521419515839396], "INSM": [0.2936, 0.1521419515839396], "INSY": [0.0567529411764706, 0.1521419515839396], "INVA": [0.11403333333333332, 0.1521419515839396], "IONS": [0.065959, 0.1521419515839396], "IPXL": [0.08973793103448277, 0.1521419515839396], "IRWD": [0.06016304347826086, 0.1521419515839396], "ISIS": [0.10999999999999999, 0.1521419515839396], "ISTA": [0.1066846153846154, 0.1521419515839396], "ITEK": [0.4019, 0.1521419515839396], "JAZZ": [0.09659655172413795, 0.1521419515839396], "KERX": [0.2342090909090909, 0.1521419515839396], "KITE": [0.25131428571428577, 0.1521419515839396], "KPTI": [0.037, 0.1521419515839396], "KYTH": [0.2936, 0.1521419515839396], "LBIO": [0.07218070175438598, 0.1521419515839396], "LGND": [0.3582, 0.1521419515839396], "LIFE": [0.366175, 0.1521419515839396], "LXRX": [0.14661818181818181, 0.1521419515839396], "MACK": [0.0760125, 0.1521419515839396], "MAPP": [-0.25036800000000003, 0.1521419515839396], "MDCO": [-0.05, 0.1521419515839396], "MDVN": [-0.06515, 0.1521419515839396], "MEDI": [0.2752667621776521, 0.1521419515839396], "MGNX": [0.188225, 0.1521419515839396], "MNK": [0.04150934579439252, 0.1521419515839396], "MNKD": [0.04007346938775509, 0.1521419515839396], "MNTA": [0.0, 0.1521419515839396], "MRNA": [0.2926, 0.1521419515839396], "MYGN": [-0.04090833333333334, 0.1521419515839396], "MYL": [0.13063636363636363, 0.1521419515839396], "NABI": [-0.20095, 0.1521419515839396], "NBIX": [0.17288484848484853, 0.1521419515839396], "NDRM": [0.5267, 0.1521419515839396], "NEOS": [0.57635, 0.1521419515839396], "NERV": [-0.2732, 0.1521419515839396], "NH": [-0.0446516129032258, 0.1521419515839396], "NK": [0.06987019607843137, 0.1521419515839396], "NKTR": [0.2915466666666667, 0.1521419515839396], "NLNK": [-0.01896000000000001, 0.1521419515839396], "NPSP": [0.22612631578947365, 0.1521419515839396], "NSTG": [-0.015609999999999995, 0.1521419515839396], "NVAX": [0.0, 0.1521419515839396], "OCUL": [0.0, 0.1521419515839396], "OMED": [0.23423125, 0.1521419515839396], "OMER": [0.10615625000000001, 0.1521419515839396], "OMPI": [0.0772, 0.1521419515839396], "ONCE": [0.2926666666666667, 0.1521419515839396], "ONTY": [0.4389, 0.1521419515839396], "ONVO": [-0.0029923076923076847, 0.1521419515839396], "OPHT": [0.5761285714285714, 0.1521419515839396], "OPK": [0.15856499999999998, 0.1521419515839396],