{"ACAD": [0.10609743589743591, 0.13180258372733306], "ACHN": [0.10632399999999999, 0.13180258372733306], "ACOR": [0.0386, 0.13180258372733306], "ACRX": [0.25638, 0.13180258372733306], "ADHD": [-0.8126, 0.13180258372733306], "AEGR": [0.1655, 0.13180258372733306], "AERI": [0.0, 0.13180258372733306], "AFFX": [0.4389, 0.13180258372733306], "AFFY": [0.4389, 0.13180258372733306], "AGEN": [0.13169000000000003, 0.13180258372733306], "AGIO": [0.08771627906976746, 0.13180258372733306], "AGTC": [0.0, 0.13180258372733306], "AKRX": [0.34224999999999994, 0.13180258372733306], "ALIM": [0.4389, 0.13180258372733306], "ALKS": [0.0892, 0.13180258372733306], "ALNY": [0.09783499999999999, 0.13180258372733306], "ALTH": [0.15403243243243248, 0.13180258372733306], "ALTU": [0.4389, 0.13180258372733306], "ALXN": [-0.011828571428571431, 0.13180258372733306], "AMAG": [0.13990000000000002, 0.13180258372733306], "AMGN": [0.17118, 0.13180258372733306], "AMLN": [0.0, 0.13180258372733306], "AMRI": [0.0, 0.13180258372733306], "AMRN": [0.1801380952380952, 0.13180258372733306], "ANAC": [0.4389, 0.13180258372733306], "ANDS": [0.03240000000000001, 0.13180258372733306], "ANIP": [-0.09165000000000001, 0.13180258372733306], "ANTH": [0.0, 0.13180258372733306], "ARIA": [0.15526078431372553, 0.13180258372733306], "ARNA": [0.17588499999999999, 0.13180258372733306], "ARQL": [0.4019, 0.13180258372733306], "ARRY": [0.06225, 0.13180258372733306], "ARWR": [0.11164202898550728, 0.13180258372733306], "ASPX": [0.14461428571428572, 0.13180258372733306], "AST": [0.2529782805429859, 0.13180258372733306], "ASTX": [0.21945, 0.13180258372733306], "ATRA": [0.1770625, 0.13180258372733306], "AUXL": [0.06324444444444444, 0.13180258372733306], "AVEO": [0.35112, 0.13180258372733306], "AVNR": [0.094625, 0.13180258372733306], "AXCA": [0.14049999999999999, 0.13180258372733306], "BCRX": [0.04469130434782609, 0.13180258372733306], "BIIB": [0.15282400000000002, 0.13180258372733306], "BIOD": [0.23559999999999998, 0.13180258372733306], "BLUE": [0.021413636363636364, 0.13180258372733306], "BMRN": [0.060200000000000004, 0.13180258372733306], "BPMC": [0.4019, 0.13180258372733306], "CADX": [0.4389, 0.13180258372733306], "CALP": [0.3882666666666667, 0.13180258372733306], "CARA": [0.4389, 0.13180258372733306], "CBRX": [0.0, 0.13180258372733306], "CBST": [0.0, 0.13180258372733306], "CCXI": [0.4389, 0.13180258372733306], "CELG": [0.07162222222222223, 0.13180258372733306], "CEMP": [0.074925, 0.13180258372733306], "CEPH": [0.40215, 0.13180258372733306], "CERS": [0.1074, 0.13180258372733306], "CGEN": [0.0, 0.13180258372733306], "CHMA": [0.2732, 0.13180258372733306], "CLDX": [0.18096190476190474, 0.13180258372733306], "CMRX": [0.07656862745098042, 0.13180258372733306], "CNCT": [0.10824444444444445, 0.13180258372733306], "COLL": [-0.0760090909090909, 0.13180258372733306], "CRA": [-0.08050645161290323, 0.13180258372733306], "CRIS": [-0.5728571428571428, 0.13180258372733306], "CRME": [0.4389, 0.13180258372733306], "CTIC": [0.0, 0.13180258372733306], "CTRX": [0.35112, 0.13180258372733306], "CYTX": [0.0, 0.13180258372733306], "DEPO": [0.39126666666666665, 0.13180258372733306], "DERM": [0.0, 0.13180258372733306], "DRNA": [0.33335000000000004, 0.13180258372733306], "DSCO": [0.0, 0.13180258372733306], "DVAX": [0.285975, 0.13180258372733306], "DYAX": [0.31833333333333336, 0.13180258372733306], "ECYT": [0.4389, 0.13180258372733306], "EDIT": [0.23794615384615386, 0.13180258372733306], "EGLT": [0.4019, 0.13180258372733306], "EGRX": [0.0, 0.13180258372733306], "EMIS": [-0.12040000000000001, 0.13180258372733306], "ENCY": [-0.07896666666666667, 0.13180258372733306], "ENDP": [-0.030699999999999995, 0.13180258372733306], "ENTA": [-0.048025000000000005, 0.13180258372733306], "ENZN": [0.0, 0.13180258372733306], "EPZM": [0.0, 0.13180258372733306], "ESPR": [-0.01657499999999999, 0.13180258372733306], "EXEL": [0.15666666666666665, 0.13180258372733306], "FACT": [0.07955, 0.13180258372733306], "FLML": [0.03088, 0.13180258372733306], "FMI": [-0.3612, 0.13180258372733306], "FOLD": [0.041847368421052626, 0.13180258372733306], "FOMX": [0.1854, 0.13180258372733306], "FPRX": [0.4389, 0.13180258372733306], "GBT": [0.0, 0.13180258372733306], "GERN": [0.21075, 0.13180258372733306], "GEVA": [0.180025, 0.13180258372733306], "GHDX": [0.0, 0.13180258372733306], "GILD": [0.06913086419753085, 0.13180258372733306], "GNVC": [0.4389, 0.13180258372733306], "GPRO": [0.05117558139534882, 0.13180258372733306], "GRFS": [0.3818, 0.13180258372733306], "GWPH": [-0.06620625, 0.13180258372733306], "HALO": [0.18213333333333334, 0.13180258372733306], "HBIO": [0.2023, 0.13180258372733306], "HZNP": [0.28026666666666666, 0.13180258372733306], "ICEL": [0.342625, 0.13180258372733306], "ICPT": [0.12666666666666665, 0.13180258372733306], "ICY": [0.1311, 0.13180258372733306], "IDIX": [0.0772, 0.13180258372733306], "ILMN": [0.06344545454545454, 0.13180258372733306], "ILU": [-0.12326000000000001, 0.13180258372733306], "IMGN": [0.4939, 0.13180258372733306], "IMMU": [0.5042249999999999, 0.13180258372733306], "INCR": [0.15514500000000003, 0.13180258372733306], "INCY": [0.04465555555555555, 0.13180258372733306], "INFI": [0.338175, 0.13180258372733306], "INO": [0.11891509433962265, 0.13180258372733306], "INSY": [0.189725, 0.13180258372733306], "IONS": [0.04319242424242425, 0.13180258372733306], "IPXL": [0.0, 0.13180258372733306], "IRWD": [-0.14003333333333332, 0.13180258372733306], "ISIS": [0.027203030303030302, 0.13180258372733306], "ISPH": [0.1909, 0.13180258372733306], "ISTA": [-0.23339166666666666, 0.13180258372733306], "ITCI": [0.2202, 0.13180258372733306], "ITMN": [0.23460833333333334, 0.13180258372733306], "JAZZ": [0.034823529411764705, 0.13180258372733306], "JUNO": [0.0, 0.13180258372733306], "KERX": [0.006958333333333333, 0.13180258372733306], "KITE": [0.13360000000000002, 0.13180258372733306], "LBIO": [-0.023674576271186437, 0.13180258372733306], "LGND": [0.39724999999999994, 0.13180258372733306], "LIFE": [0.21945, 0.13180258372733306], "LMNX": [0.017155555555555556, 0.13180258372733306], "LXRX": [0.2714, 0.13180258372733306], "MACK": [-0.00941249999999999, 0.13180258372733306], "MAPP": [-0.16790000000000002, 0.13180258372733306], "MDCO": [0.0, 0.13180258372733306], "MDVN": [0.0420551724137931, 0.13180258372733306], "MEDI": [0.2899086868686887, 0.13180258372733306], "MGNX": [0.0734, 0.13180258372733306], "MNK": [0.08430454545454544, 0.13180258372733306], "MNKD": [0.0739734693877551, 0.13180258372733306], "MNOV": [0.18925, 0.13180258372733306], "MNTA": [0.17056666666666664, 0.13180258372733306], "MRNA": [0.109725, 0.13180258372733306], "MYGN": [0.33793636363636365, 0.13180258372733306], "MYL": [0.06655000000000001, 0.13180258372733306], "NABI": [0.12865000000000001, 0.13180258372733306], "NBIX": [0.0, 0.13180258372733306], "NDRM": [0.0, 0.13180258372733306], "NEOL": [0.39744999999999997, 0.13180258372733306], "NEOS": [0.5059666666666667, 0.13180258372733306], "NERV": [-0.1399, 0.13180258372733306], "NH": [0.0352875, 0.13180258372733306], "NK": [0.060576491228070135, 0.13180258372733306], "NKTR": [0.48323333333333335, 0.13180258372733306], "NLNK": [0.022290990990990984, 0.13180258372733306], "NPSP": [0.28451, 0.13180258372733306], "NVAX": [0.09815454545454547, 0.13180258372733306], "OCUL": [0.0, 0.13180258372733306], "OMED": [0.21945, 0.13180258372733306], "OMER": [0.15264, 0.13180258372733306], "ONCE": [0.288325, 0.13180258372733306], "ONTY": [0.21945, 0.13180258372733306], "ONVO": [0.25364285714285717, 0.13180258372733306], "OPHT": [0.0, 0.13180258372733306], "OPK": [0.29345, 0.13180258372733306], "OREX": [0.06688448275862068, 0.13180258372733306], "OSCI": [0.04228571428571428, 0.13180258372733306], "OSIR": [0.0, 0.13180258372733306], "OTIC": [-0.046715, 0.13180258372733306], "OVAS": [0.34, 0.13180258372733306], "PACB": [0.10415, 0.13180258372733306], "PARD": [0.21396666666666667, 0.13180258372733306], "PCYC": [0.01632, 0.13180258372733306], "POZN": [0.296, 0.13180258372733306],