{"ACAD": [0.1819714285714286, 0.1051616804457756], "ACHN": [0.022199999999999998, 0.1051616804457756], "ACOR": [-0.2553, 0.1051616804457756], "ACRX": [0.318, 0.1051616804457756], "ADHD": [0.030100000000000002, 0.1051616804457756], "AEGR": [0.16972500000000001, 0.1051616804457756], "AFFX": [-0.2023, 0.1051616804457756], "AFFY": [0.6249, 0.1051616804457756], "AGEN": [-0.05464, 0.1051616804457756], "AKRX": [0.44040000000000007, 0.1051616804457756], "ALKS": [0.10745, 0.1051616804457756], "ALNY": [-0.036933333333333325, 0.1051616804457756], "ALTH": [0.09457222222222222, 0.1051616804457756], "AMAG": [0.0, 0.1051616804457756], "AMGN": [0.17503333333333335, 0.1051616804457756], "AMLN": [0.5267, 0.1051616804457756], "AMRI": [0.0, 0.1051616804457756], "AMRN": [-0.04582307692307692, 0.1051616804457756], "ANAC": [0.0933, 0.1051616804457756], "ANDS": [0.2922, 0.1051616804457756], "ANTH": [0.0, 0.1051616804457756], "ARIA": [0.021087209302325584, 0.1051616804457756], "ARNA": [0.024513043478260874, 0.1051616804457756], "ARRY": [-0.00965, 0.1051616804457756], "ARWR": [0.09854999999999998, 0.1051616804457756], "ASPX": [0.07408, 0.1051616804457756], "AST": [0.08754313725490197, 0.1051616804457756], "AUXL": [0.1861709302325581, 0.1051616804457756], "AVNR": [0.0, 0.1051616804457756], "AXCA": [0.2382, 0.1051616804457756], "BCRX": [0.0, 0.1051616804457756], "BIIB": [-0.014351999999999997, 0.1051616804457756], "BIOD": [0.0, 0.1051616804457756], "BLUE": [0.3244666666666667, 0.1051616804457756], "BMRN": [0.2782833333333334, 0.1051616804457756], "BOLD": [0.6779, 0.1051616804457756], "BPAX": [0.296, 0.1051616804457756], "CADX": [0.1464111111111111, 0.1051616804457756], "CBST": [-0.03181666666666667, 0.1051616804457756], "CCXI": [0.20095, 0.1051616804457756], "CELG": [0.18856162790697667, 0.1051616804457756], "CEMP": [-0.17516666666666666, 0.1051616804457756], "CLDX": [0.11263333333333332, 0.1051616804457756], "CLVS": [-0.19929999999999998, 0.1051616804457756], "CMRX": [-0.2732, 0.1051616804457756], "COLL": [-0.17203333333333334, 0.1051616804457756], "CRA": [0.038175, 0.1051616804457756], "CRIS": [0.028927272727272725, 0.1051616804457756], "CTIC": [0.0, 0.1051616804457756], "CTRX": [0.4754, 0.1051616804457756], "CYTK": [0.05008571428571429, 0.1051616804457756], "CYTX": [0.28545, 0.1051616804457756], "DEPO": [0.0, 0.1051616804457756], "DERM": [0.28545, 0.1051616804457756], "DNDN": [0.0, 0.1051616804457756], "DRRX": [0.01792857142857143, 0.1051616804457756], "DSCO": [-0.0683, 0.1051616804457756], "DVAX": [0.027789743589743593, 0.1051616804457756], "DYAX": [0.241875, 0.1051616804457756], "ECYT": [0.22633333333333336, 0.1051616804457756], "EDIT": [0.07152142857142858, 0.1051616804457756], "EMIS": [0.0, 0.1051616804457756], "ENCY": [0.0, 0.1051616804457756], "ENDP": [-0.09413999999999999, 0.1051616804457756], "ENTA": [0.2874346153846154, 0.1051616804457756], "ENZN": [0.10303571428571427, 0.1051616804457756], "EPZM": [0.1115, 0.1051616804457756], "ESPR": [0.296, 0.1051616804457756], "EXEL": [0.5326500000000001, 0.1051616804457756], "FACT": [0.765, 0.1051616804457756], "FLKS": [0.23580000000000004, 0.1051616804457756], "FLML": [0.0, 0.1051616804457756], "FMI": [0.0, 0.1051616804457756], "FOLD": [0.0, 0.1051616804457756], "FURX": [0.15846666666666667, 0.1051616804457756], "GERN": [0.04569132947976876, 0.1051616804457756], "GEVA": [0.0, 0.1051616804457756], "GHDX": [0.0, 0.1051616804457756], "GILD": [0.22115473684210524, 0.1051616804457756], "GPRO": [0.3182, 0.1051616804457756], "GWPH": [-0.164925, 0.1051616804457756], "HALO": [0.09833636363636365, 0.1051616804457756], "HITK": [0.10115, 0.1051616804457756], "HPTX": [0.0, 0.1051616804457756], "HZNP": [0.19583333333333333, 0.1051616804457756], "ICPT": [0.0, 0.1051616804457756], "ICY": [0.0, 0.1051616804457756], "IDIX": [0.4753, 0.1051616804457756], "ILMN": [0.3118214285714286, 0.1051616804457756], "ILU": [-0.47606666666666664, 0.1051616804457756], "IMMU": [0.148, 0.1051616804457756], "INCR": [0.32010000000000005, 0.1051616804457756], "INCY": [0.0027749999999999997, 0.1051616804457756], "INFI": [0.11334736842105263, 0.1051616804457756], "INO": [0.10318749999999999, 0.1051616804457756], "INSM": [0.2732, 0.1051616804457756], "INSY": [0.09803999999999999, 0.1051616804457756], "INVA": [0.07266666666666667, 0.1051616804457756], "IONS": [0.19683269230769224, 0.1051616804457756], "IPXL": [0.0, 0.1051616804457756], "IRWD": [-0.14445999999999998, 0.1051616804457756], "ISIS": [0.0482125, 0.1051616804457756], "ISTA": [0.037385714285714286, 0.1051616804457756], "ITMN": [0.3627, 0.1051616804457756], "JAZZ": [0.07711666666666667, 0.1051616804457756], "JUNO": [0.0, 0.1051616804457756], "KERX": [0.0025130434782608692, 0.1051616804457756], "LBIO": [0.074, 0.1051616804457756], "LGND": [0.28426538461538464, 0.1051616804457756], "LIFE": [0.28801111111111116, 0.1051616804457756], "LXRX": [0.032836363636363636, 0.1051616804457756], "MACK": [0.010253061224489803, 0.1051616804457756], "MDCO": [0.012126923076923075, 0.1051616804457756], "MDVN": [0.28099999999999997, 0.1051616804457756], "MEDI": [0.04192727272727273, 0.1051616804457756], "MGNX": [0.4019, 0.1051616804457756], "MITI": [-0.5719, 0.1051616804457756], "MNK": [0.02253888888888889, 0.1051616804457756], "MNKD": [0.02253888888888889, 0.1051616804457756], "MNTA": [0.0, 0.1051616804457756], "MYL": [0.00595, 0.1051616804457756], "NABI": [0.0, 0.1051616804457756], "NBIX": [-0.29793333333333333, 0.1051616804457756], "NH": [0.1171578947368421, 0.1051616804457756], "NK": [0.11966268656716421, 0.1051616804457756], "NLNK": [0.3182, 0.1051616804457756], "NPSP": [0.3145588235294118, 0.1051616804457756], "NVAX": [0.13099999999999998, 0.1051616804457756], "OMED": [0.10877894736842104, 0.1051616804457756], "OMER": [0.314875, 0.1051616804457756], "ONCE": [-0.03312857142857142, 0.1051616804457756], "ONTX": [-0.4939, 0.1051616804457756], "ONVO": [0.14790833333333334, 0.1051616804457756], "ONXX": [0.5022, 0.1051616804457756], "OPHT": [0.0, 0.1051616804457756], "OPK": [0.16903333333333334, 0.1051616804457756], "OPTR": [-0.12726666666666667, 0.1051616804457756], "OREX": [-0.01018888888888889, 0.1051616804457756], "OSCI": [0.08333333333333333, 0.1051616804457756], "OSIR": [0.0, 0.1051616804457756], "OTIC": [0.3182, 0.1051616804457756], "OVAS": [0.0, 0.1051616804457756], "PANC": [-0.4939, 0.1051616804457756], "PCRX": [0.1787625, 0.1051616804457756], "PCYC": [0.32747368421052636, 0.1051616804457756], "PDLI": [0.10115, 0.1051616804457756], "PGNX": [0.5829, 0.1051616804457756], "PRGO": [0.0, 0.1051616804457756], "PTX": [0.0, 0.1051616804457756], "QCOR": [0.06943333333333333, 0.1051616804457756], "RCPT": [0.38126666666666664, 0.1051616804457756], "REGN": [0.3239, 0.1051616804457756], "RIGL": [0.17405, 0.1051616804457756], "RNAI": [-0.08499999999999999, 0.1051616804457756], "SAGE": [-0.08092, 0.1051616804457756], "SEPR": [0.4019, 0.1051616804457756], "SGEN": [0.15968999999999997, 0.1051616804457756], "SGMO": [0.0, 0.1051616804457756], "SGNT": [0.0, 0.1051616804457756], "SGYP": [-0.1366, 0.1051616804457756], "SHPG": [0.04509333333333334, 0.1051616804457756], "SLXP": [0.03291428571428571, 0.1051616804457756], "SNTS": [0.01032, 0.1051616804457756], "SPPI": [-0.03612, 0.1051616804457756], "SQNM": [0.4404, 0.1051616804457756], "SRPT": [0.09342500000000001, 0.1051616804457756], "STEM": [0.091175, 0.1051616804457756], "TBPH": [0.3401636363636364, 0.1051616804457756], "TECH": [0.18624374999999996, 0.1051616804457756], "TEVA": [0.10016666666666667, 0.1051616804457756], "THLD": [-0.18795, 0.1051616804457756], "THRX": [0.1504785714285714, 0.1051616804457756], "TRGT": [-0.07153333333333335, 0.1051616804457756], "USD": [0.03665263157894736, 0.1051616804457756], "UTHR": [0.5295500000000001, 0.1051616804457756], "VICL": [0.0741, 0.1051616804457756], "VNDA": [0.122475, 0.1051616804457756], "VRTX": [0.40256, 0.1051616804457756], "VRUS": [0.57396, 0.1051616804457756], "VSTM": [0.0, 0.1051616804457756], "VVUS": [0.0, 0.1051616804457756],