{"AAVL": [0.18317500000000003, 0.2110045331508089], "ACAD": [0.2557650000000001, 0.2110045331508089], "ACHN": [0.1684474576271186, 0.2110045331508089], "ACOR": [0.08386666666666666, 0.2110045331508089], "ACRX": [0.249775, 0.2110045331508089], "ADHD": [0.1056, 0.2110045331508089], "AEGR": [0.2722, 0.2110045331508089], "AERI": [0.14660416666666667, 0.2110045331508089], "AFFX": [0.18484285714285714, 0.2110045331508089], "AFFY": [0.27540000000000003, 0.2110045331508089], "AGEN": [0.4223100000000001, 0.2110045331508089], "AGIO": [0.04684716981132076, 0.2110045331508089], "AKBA": [0.5037, 0.2110045331508089], "AKRX": [0.39898666666666666, 0.2110045331508089], "ALDR": [-0.296, 0.2110045331508089], "ALIM": [0.3041333333333333, 0.2110045331508089], "ALKS": [0.25279230769230765, 0.2110045331508089], "ALNY": [0.0, 0.2110045331508089], "ALTH": [0.08806000000000001, 0.2110045331508089], "ALXA": [0.06133333333333334, 0.2110045331508089], "ALXN": [-0.07587999999999999, 0.2110045331508089], "AMAG": [0.6833999999999999, 0.2110045331508089], "AMGN": [0.03803181818181819, 0.2110045331508089], "AMRN": [0.16812499999999994, 0.2110045331508089], "ANAC": [0.2786304347826086, 0.2110045331508089], "ANDS": [0.19246315789473684, 0.2110045331508089], "ANIP": [0.09469629629629628, 0.2110045331508089], "ANPI": [0.0, 0.2110045331508089], "ANTH": [0.13060078125000002, 0.2110045331508089], "ARDX": [0.0, 0.2110045331508089], "ARIA": [0.09115479452054794, 0.2110045331508089], "ARNA": [0.3159883333333333, 0.2110045331508089], "ARQL": [0.2732, 0.2110045331508089], "ARRY": [0.20993095238095233, 0.2110045331508089], "ARWR": [0.23073333333333335, 0.2110045331508089], "ASPX": [0.21253055555555556, 0.2110045331508089], "AST": [0.5313201834862369, 0.2110045331508089], "ASTX": [0.5628, 0.2110045331508089], "ATRA": [0.13456363636363636, 0.2110045331508089], "AUXL": [0.09866666666666667, 0.2110045331508089], "AVEO": [0.61152, 0.2110045331508089], "AVNR": [0.35279375, 0.2110045331508089], "BCRX": [0.05478846153846154, 0.2110045331508089], "BIIB": [0.12427000000000002, 0.2110045331508089], "BIOD": [0.12251666666666666, 0.2110045331508089], "BLCM": [0.28633333333333333, 0.2110045331508089], "BLUE": [0.14738333333333337, 0.2110045331508089], "BMRN": [0.0796125, 0.2110045331508089], "CADX": [0.7644, 0.2110045331508089], "CALP": [0.0, 0.2110045331508089], "CARA": [0.1911, 0.2110045331508089], "CBPO": [0.09545, 0.2110045331508089], "CBST": [0.4404, 0.2110045331508089], "CCXI": [0.60615, 0.2110045331508089], "CELG": [0.1726100671140939, 0.2110045331508089], "CEMP": [0.3762111111111113, 0.2110045331508089], "CEPH": [0.0, 0.2110045331508089], "CERS": [0.3292714285714286, 0.2110045331508089], "CGEN": [0.0, 0.2110045331508089], "CHRS": [0.40978333333333333, 0.2110045331508089], "CLDN": [0.2148083333333333, 0.2110045331508089], "CLDX": [0.2839666666666667, 0.2110045331508089], "CLVS": [0.4119380952380953, 0.2110045331508089], "CMRX": [-0.004762500000000003, 0.2110045331508089], "CNCE": [0.391825, 0.2110045331508089], "COLL": [0.021977777777777787, 0.2110045331508089], "COLY": [0.6369, 0.2110045331508089], "CRA": [0.354212857142857, 0.2110045331508089], "CRIS": [0.13588859649122806, 0.2110045331508089], "CRME": [0.25249999999999995, 0.2110045331508089], "CTIC": [0.22521, 0.2110045331508089], "CTRX": [0.5095999999999999, 0.2110045331508089], "CYTK": [0.4053, 0.2110045331508089], "CYTX": [0.176544, 0.2110045331508089], "DEPO": [0.39764, 0.2110045331508089], "DERM": [0.0, 0.2110045331508089], "DNDN": [0.19169, 0.2110045331508089], "DRNA": [0.0, 0.2110045331508089], "DRRX": [-0.34, 0.2110045331508089], "DSCO": [0.4215, 0.2110045331508089], "DVAX": [0.25375, 0.2110045331508089], "DYAX": [0.12946, 0.2110045331508089], "ECYT": [0.4493777777777777, 0.2110045331508089], "EDIT": [0.02054, 0.2110045331508089], "EGLT": [0.048933333333333336, 0.2110045331508089], "EGRX": [0.17835597484276738, 0.2110045331508089], "ENCY": [0.3248538461538462, 0.2110045331508089], "ENDP": [0.14107000000000003, 0.2110045331508089], "ENTA": [0.09152203389830509, 0.2110045331508089], "ENZN": [0.1039375, 0.2110045331508089], "EPZM": [0.2959090909090909, 0.2110045331508089], "ESPR": [0.37420000000000003, 0.2110045331508089], "EXEL": [0.17532857142857142, 0.2110045331508089], "FACT": [0.0, 0.2110045331508089], "FGEN": [0.0, 0.2110045331508089], "FLKS": [0.11438, 0.2110045331508089], "FLML": [0.6268, 0.2110045331508089], "FLXN": [0.28595, 0.2110045331508089], "FMI": [0.4526666666666667, 0.2110045331508089], "FOLD": [0.05081, 0.2110045331508089], "FOMX": [0.0, 0.2110045331508089], "FPRX": [0.30576, 0.2110045331508089], "GBT": [0.26705, 0.2110045331508089], "GENZ": [0.0, 0.2110045331508089], "GERN": [0.22240967741935486, 0.2110045331508089], "GEVA": [0.2707125, 0.2110045331508089], "GHDX": [-0.005850000000000004, 0.2110045331508089], "GILD": [0.07217175141242936, 0.2110045331508089], "GNVC": [0.7643999999999999, 0.2110045331508089], "GPRO": [0.07076204081632652, 0.2110045331508089], "GRFS": [0.0, 0.2110045331508089], "GWPH": [0.297868, 0.2110045331508089], "HALO": [0.20933877551020416, 0.2110045331508089], "HBIO": [0.03125, 0.2110045331508089], "HPTX": [0.0, 0.2110045331508089], "HZNP": [0.28223076923076923, 0.2110045331508089], "ICEL": [0.4338333333333333, 0.2110045331508089], "ICPT": [0.14077142857142858, 0.2110045331508089], "ICY": [-0.050825, 0.2110045331508089], "ILMN": [0.22644999999999998, 0.2110045331508089], "ILU": [-0.053360000000000005, 0.2110045331508089], "IMGN": [0.24307692307692308, 0.2110045331508089], "IMMU": [0.28284117647058826, 0.2110045331508089], "INCR": [0.31507368421052623, 0.2110045331508089], "INCY": [0.11142962962962963, 0.2110045331508089], "INFI": [0.25131875000000004, 0.2110045331508089], "INGN": [0.21075, 0.2110045331508089], "INO": [0.15956857142857148, 0.2110045331508089], "INSM": [0.0, 0.2110045331508089], "INSY": [0.5424166666666667, 0.2110045331508089], "INVA": [0.5267, 0.2110045331508089], "IONS": [0.12627222222222226, 0.2110045331508089], "IPXL": [0.5038, 0.2110045331508089], "IRWD": [0.038233333333333334, 0.2110045331508089], "ISIS": [0.1332923076923077, 0.2110045331508089], "ISPH": [0.5719, 0.2110045331508089], "ISTA": [0.2008307692307692, 0.2110045331508089], "ITCI": [0.008758823529411782, 0.2110045331508089], "ITEK": [0.15142105263157893, 0.2110045331508089], "JAZZ": [-0.074, 0.2110045331508089], "JUNO": [0.10868383838383838, 0.2110045331508089], "KERX": [0.17120434782608698, 0.2110045331508089], "KITE": [0.16141509433962267, 0.2110045331508089], "KPTI": [0.36508571428571424, 0.2110045331508089], "KYTH": [-0.296, 0.2110045331508089], "LBIO": [0.15695148514851484, 0.2110045331508089], "LGND": [0.6625333333333333, 0.2110045331508089], "LIFE": [0.28944666666666674, 0.2110045331508089], "LMNX": [0.4019, 0.2110045331508089], "LOXO": [0.0, 0.2110045331508089], "LXRX": [0.54248, 0.2110045331508089], "MACK": [0.2843583333333333, 0.2110045331508089], "MAPP": [0.4019, 0.2110045331508089], "MDCO": [0.13074827586206897, 0.2110045331508089], "MDVN": [0.24426666666666663, 0.2110045331508089], "MEDI": [0.27668390410958976, 0.2110045331508089], "MGNX": [0.26145, 0.2110045331508089], "MNK": [0.17517157894736834, 0.2110045331508089], "MNKD": [0.17424444444444442, 0.2110045331508089], "MNTA": [0.12113529411764705, 0.2110045331508089], "MRNA": [0.3822, 0.2110045331508089], "MYGN": [-0.10992500000000002, 0.2110045331508089], "MYL": [0.07474999999999998, 0.2110045331508089], "NABI": [0.14049999999999999, 0.2110045331508089], "NBIX": [0.05738, 0.2110045331508089], "NDRM": [0.07921111111111112, 0.2110045331508089], "NEOL": [0.8126, 0.2110045331508089], "NEOS": [0.16576, 0.2110045331508089], "NERV": [-0.17794285714285715, 0.2110045331508089], "NH": [0.22101875000000004, 0.2110045331508089], "NK": [0.15585420560747665, 0.2110045331508089], "NKTR": [0.0, 0.2110045331508089], "NLNK": [-0.05488333333333336, 0.2110045331508089], "NPSP": [0.09715294117647058, 0.2110045331508089], "NSTG": [-0.008322222222222219, 0.2110045331508089],