{"AAVL": [0.2462, 0.09022256417281033], "ACAD": [0.3535363636363637, 0.09022256417281033], "ACHN": [0.296, 0.09022256417281033], "ACOR": [0.09866666666666667, 0.09022256417281033], "ACRX": [0.296, 0.09022256417281033], "ADHD": [0.0, 0.09022256417281033], "ADRO": [0.0, 0.09022256417281033], "AERI": [0.11839999999999999, 0.09022256417281033], "AFMD": [0.09458, 0.09022256417281033], "AGEN": [0.2634375, 0.09022256417281033], "AGIO": [0.0, 0.09022256417281033], "AGTC": [0.0, 0.09022256417281033], "AIMT": [0.0, 0.09022256417281033], "AKRX": [0.3592, 0.09022256417281033], "ALKS": [0.28563333333333335, 0.09022256417281033], "ALNY": [0.07521578947368421, 0.09022256417281033], "ALTH": [0.06851874999999999, 0.09022256417281033], "ALXN": [0.10398181818181818, 0.09022256417281033], "AMAG": [0.2732, 0.09022256417281033], "AMGN": [0.07037916666666667, 0.09022256417281033], "AMRN": [0.23218461538461538, 0.09022256417281033], "ANDS": [0.1027, 0.09022256417281033], "ANIP": [0.0, 0.09022256417281033], "ANTH": [-0.08758333333333335, 0.09022256417281033], "ARDX": [0.0, 0.09022256417281033], "ARIA": [0.15369629629629633, 0.09022256417281033], "ARLZ": [0.4019, 0.09022256417281033], "ARNA": [0.08254999999999998, 0.09022256417281033], "ARQL": [0.0, 0.09022256417281033], "ARRY": [0.3360875, 0.09022256417281033], "ARWR": [0.42092, 0.09022256417281033], "ASPX": [0.1086125, 0.09022256417281033], "AST": [0.14262471910112354, 0.09022256417281033], "AVXS": [0.0, 0.09022256417281033], "BGNE": [0.0392, 0.09022256417281033], "BIIB": [0.04922307692307692, 0.09022256417281033], "BIOD": [0.148, 0.09022256417281033], "BLCM": [-0.39581999999999995, 0.09022256417281033], "BLUE": [0.09166923076923077, 0.09022256417281033], "BMRN": [0.16642857142857143, 0.09022256417281033], "BPMC": [0.148, 0.09022256417281033], "CARA": [0.1329857142857143, 0.09022256417281033], "CASC": [0.4215, 0.09022256417281033], "CBPO": [0.05003333333333334, 0.09022256417281033], "CELG": [0.18523095238095236, 0.09022256417281033], "CEMP": [0.11034545454545452, 0.09022256417281033], "CERS": [0.30571666666666664, 0.09022256417281033], "CGEN": [0.0258, 0.09022256417281033], "CHMA": [0.0, 0.09022256417281033], "CHRS": [0.11839999999999999, 0.09022256417281033], "CLCD": [0.2732, 0.09022256417281033], "CLDN": [0.50255, 0.09022256417281033], "CLVS": [0.08792499999999999, 0.09022256417281033], "CNCE": [0.0, 0.09022256417281033], "CRA": [0.0, 0.09022256417281033], "CRIS": [0.0, 0.09022256417281033], "CXRX": [-0.13396666666666665, 0.09022256417281033], "DEPO": [-0.07913333333333335, 0.09022256417281033], "DERM": [0.0, 0.09022256417281033], "DIGE": [0.0, 0.09022256417281033], "DRRX": [0.0, 0.09022256417281033], "DVAX": [0.158175, 0.09022256417281033], "ECYT": [-0.802, 0.09022256417281033], "EDIT": [0.1909, 0.09022256417281033], "EGLT": [-0.042666666666666665, 0.09022256417281033], "EGRX": [0.2462, 0.09022256417281033], "ENCY": [-0.08216, 0.09022256417281033], "ENDP": [0.038376315789473675, 0.09022256417281033], "ENTA": [0.1994307692307692, 0.09022256417281033], "EPZM": [0.0, 0.09022256417281033], "ESPR": [0.0, 0.09022256417281033], "EXEL": [0.07041818181818181, 0.09022256417281033], "FACT": [0.05359999999999999, 0.09022256417281033], "FGEN": [0.09866666666666667, 0.09022256417281033], "FLKS": [0.0, 0.09022256417281033], "FLXN": [0.1702, 0.09022256417281033], "FMI": [0.24695, 0.09022256417281033], "FOLD": [0.148, 0.09022256417281033], "FPRX": [0.0, 0.09022256417281033], "GERN": [0.34839, 0.09022256417281033], "GEVA": [0.0, 0.09022256417281033], "GILD": [0.13286410256410258, 0.09022256417281033], "GNVC": [-0.07750000000000001, 0.09022256417281033], "GPRO": [0.14365624999999999, 0.09022256417281033], "GRFS": [0.0, 0.09022256417281033], "GTXI": [0.296, 0.09022256417281033], "GWPH": [0.1711, 0.09022256417281033], "HALO": [0.349475, 0.09022256417281033], "HZNP": [0.0, 0.09022256417281033], "ICEL": [0.2732, 0.09022256417281033], "ICPT": [0.0, 0.09022256417281033], "ICY": [-0.2263, 0.09022256417281033], "ILMN": [0.02622, 0.09022256417281033], "ILU": [0.4696, 0.09022256417281033], "IMGN": [-0.004774999999999988, 0.09022256417281033], "IMMU": [0.010118181818181821, 0.09022256417281033], "INCR": [0.15174375, 0.09022256417281033], "INCY": [0.03308571428571428, 0.09022256417281033], "INFI": [0.0, 0.09022256417281033], "INO": [0.07974999999999999, 0.09022256417281033], "INSM": [0.148, 0.09022256417281033], "INSY": [-0.4404, 0.09022256417281033], "INVA": [0.0, 0.09022256417281033], "IONS": [-0.10502105263157895, 0.09022256417281033], "IPXL": [0.0, 0.09022256417281033], "IRWD": [0.15316000000000002, 0.09022256417281033], "ISTA": [-0.1352142857142857, 0.09022256417281033], "ITCI": [0.06577777777777777, 0.09022256417281033], "ITEK": [-0.050575, 0.09022256417281033], "JAZZ": [-0.08514285714285716, 0.09022256417281033], "JUNO": [-0.2596, 0.09022256417281033], "KITE": [-0.1298, 0.09022256417281033], "KYTH": [0.0, 0.09022256417281033], "LBIO": [0.1720304347826087, 0.09022256417281033], "LGND": [0.09866666666666667, 0.09022256417281033], "LIFE": [0.33199999999999996, 0.09022256417281033], "LMNX": [-0.1735833333333333, 0.09022256417281033], "LOXO": [0.4767, 0.09022256417281033], "LXRX": [-0.037775, 0.09022256417281033], "MACK": [0.1268923076923077, 0.09022256417281033], "MAPP": [-0.4019, 0.09022256417281033], "MCRB": [0.0, 0.09022256417281033], "MDCO": [0.19733333333333333, 0.09022256417281033], "MDVN": [-0.0386, 0.09022256417281033], "MEDI": [0.09810588235294115, 0.09022256417281033], "MGNX": [0.0, 0.09022256417281033], "MNK": [0.16299333333333335, 0.09022256417281033], "MNKD": [0.10721111111111112, 0.09022256417281033], "MNTA": [0.0, 0.09022256417281033], "MYL": [0.07292608695652172, 0.09022256417281033], "NABI": [0.0, 0.09022256417281033], "NBIX": [0.4215, 0.09022256417281033], "NDRM": [0.1127, 0.09022256417281033], "NEOS": [0.2787, 0.09022256417281033], "NERV": [0.0, 0.09022256417281033], "NH": [0.03754285714285715, 0.09022256417281033], "NK": [0.11348771929824562, 0.09022256417281033], "NKTR": [0.094375, 0.09022256417281033], "NLNK": [0.0, 0.09022256417281033], "NOVN": [0.036275, 0.09022256417281033], "NSTG": [0.0, 0.09022256417281033], "NVAX": [-0.12955555555555553, 0.09022256417281033], "OCUL": [0.4923, 0.09022256417281033], "OMED": [0.05464, 0.09022256417281033], "OMER": [0.024959999999999993, 0.09022256417281033], "OMPI": [0.0, 0.09022256417281033], "ONCE": [0.0, 0.09022256417281033], "ONVO": [0.21966999999999998, 0.09022256417281033], "OPHT": [0.018213333333333335, 0.09022256417281033], "OPK": [0.028450000000000003, 0.09022256417281033], "OREX": [-0.2114, 0.09022256417281033], "OSCI": [0.17894545454545455, 0.09022256417281033], "OSIR": [0.049783333333333325, 0.09022256417281033], "OTIC": [0.2533142857142857, 0.09022256417281033], "PACB": [0.34409999999999996, 0.09022256417281033], "PANC": [0.3805, 0.09022256417281033], "PCRX": [-0.00215, 0.09022256417281033], "PGNX": [0.039599999999999996, 0.09022256417281033], "PRAH": [-0.11827999999999998, 0.09022256417281033], "PRGO": [0.14994444444444444, 0.09022256417281033], "PRTA": [-0.2732, 0.09022256417281033], "PTCT": [0.2732, 0.09022256417281033], "PTIE": [-0.5106, 0.09022256417281033], "PTLA": [0.0841666666666667, 0.09022256417281033], "PTX": [0.35076666666666667, 0.09022256417281033], "QGEN": [0.4082666666666666, 0.09022256417281033], "QLTI": [0.0, 0.09022256417281033], "QURE": [0.0, 0.09022256417281033], "RARE": [-0.17556666666666665, 0.09022256417281033], "RDUS": [0.0, 0.09022256417281033], "REGN": [0.266075, 0.09022256417281033], "RGLS": [0.007283333333333333, 0.09022256417281033], "RLYP": [0.44040000000000007, 0.09022256417281033], "RNAI": [0.0, 0.09022256417281033], "RVNC": [0.19733333333333333, 0.09022256417281033], "SAGE": [0.0781125, 0.09022256417281033], "SCLN": [0.19733333333333333, 0.09022256417281033], "SCMP": [-0.17635, 0.09022256417281033], "SEPR": [0.7003, 0.09022256417281033], "SGEN": [0.09866666666666667, 0.09022256417281033], "SGYP": [-0.0057705882352941116, 0.09022256417281033],