{"ACAD": [-0.10606666666666666, 0.18772886575936926], "AFFX": [0.05517272727272727, 0.18772886575936926], "AFFY": [0.0, 0.18772886575936926], "AGEN": [0.23962727272727272, 0.18772886575936926], "ALKS": [0.4939, 0.18772886575936926], "ALNY": [0.0, 0.18772886575936926], "ALTH": [0.0892, 0.18772886575936926], "ANDS": [0.909, 0.18772886575936926], "ARIA": [0.4404, 0.18772886575936926], "ARNA": [0.29309999999999997, 0.18772886575936926], "AST": [0.06382222222222222, 0.18772886575936926], "AUXL": [0.7003, 0.18772886575936926], "BCRX": [0.02046, 0.18772886575936926], "BIIB": [0.15405555555555553, 0.18772886575936926], "BMRN": [-0.2263, 0.18772886575936926], "CALP": [0.385825, 0.18772886575936926], "CBRX": [0.0, 0.18772886575936926], "CBST": [-0.4728, 0.18772886575936926], "CEGE": [0.0, 0.18772886575936926], "CELG": [0.234275, 0.18772886575936926], "CEPH": [0.9042, 0.18772886575936926], "CERS": [0.07848, 0.18772886575936926], "CLDX": [0.24449166666666663, 0.18772886575936926], "COLL": [-0.6486, 0.18772886575936926], "CRA": [-0.011293750000000002, 0.18772886575936926], "CSKI": [0.5859, 0.18772886575936926], "CTIC": [0.027306666666666663, 0.18772886575936926], "DSCO": [0.12324074074074075, 0.18772886575936926], "DVAX": [0.35795, 0.18772886575936926], "DYAX": [0.1774, 0.18772886575936926], "ENDP": [0.0, 0.18772886575936926], "GENZ": [0.9042, 0.18772886575936926], "GERN": [0.1591, 0.18772886575936926], "GILD": [0.9042, 0.18772886575936926], "GNVC": [0.1101, 0.18772886575936926], "HGSI": [0.17929090909090908, 0.18772886575936926], "HITK": [0.0, 0.18772886575936926], "ICEL": [0.4404, 0.18772886575936926], "IMGN": [0.7003, 0.18772886575936926], "IMMU": [-0.026933333333333326, 0.18772886575936926], "INCR": [0.6696, 0.18772886575936926], "INCY": [0.4215, 0.18772886575936926], "INO": [0.0, 0.18772886575936926], "IONS": [0.31627272727272726, 0.18772886575936926], "ISTA": [-0.13894, 0.18772886575936926], "JAZZ": [0.0, 0.18772886575936926], "KERX": [-0.2411, 0.18772886575936926], "LBIO": [0.38386666666666663, 0.18772886575936926], "LIFE": [0.3003, 0.18772886575936926], "MEDX": [0.11252444444444444, 0.18772886575936926], "MTXX": [0.2263, 0.18772886575936926], "NK": [0.09054285714285715, 0.18772886575936926], "NVAX": [0.01636666666666668, 0.18772886575936926], "OREX": [0.16184000000000004, 0.18772886575936926], "OTIC": [0.0, 0.18772886575936926], "QLTI": [0.0, 0.18772886575936926], "REGN": [0.0, 0.18772886575936926], "SAGE": [0.2023, 0.18772886575936926], "SGEN": [0.0, 0.18772886575936926], "SGMO": [0.3182, 0.18772886575936926], "SGYP": [0.5562, 0.18772886575936926], "SHPG": [0.296, 0.18772886575936926], "SPPI": [0.0, 0.18772886575936926], "SQNM": [0.20014999999999997, 0.18772886575936926], "TECH": [0.4105384615384616, 0.18772886575936926], "TEVA": [0.08038, 0.18772886575936926], "USD": [-0.07616, 0.18772886575936926], "VICL": [-0.2263, 0.18772886575936926], "VNDA": [0.15691249999999998, 0.18772886575936926], "VPHM": [0.296, 0.18772886575936926], "VVUS": [0.49948, 0.18772886575936926], "XOMA": [0.0, 0.18772886575936926]}