{"AAVL": [0.08231666666666666, 0.1234101502674038], "ACAD": [0.11538653846153847, 0.1234101502674038], "ACHN": [0.08658805970149253, 0.1234101502674038], "ACOR": [0.0824625, 0.1234101502674038], "ACRX": [0.2391, 0.1234101502674038], "ADHD": [-0.45752, 0.1234101502674038], "ADMS": [0.0, 0.1234101502674038], "AEGR": [0.12108, 0.1234101502674038], "AFFX": [0.27335, 0.1234101502674038], "AFFY": [0.27335, 0.1234101502674038], "AGEN": [0.11995454545454544, 0.1234101502674038], "AGIO": [0.0, 0.1234101502674038], "AGTC": [0.0, 0.1234101502674038], "AKBA": [0.0, 0.1234101502674038], "AKRX": [0.16350800000000004, 0.1234101502674038], "ALIM": [0.222325, 0.1234101502674038], "ALKS": [0.25423749999999995, 0.1234101502674038], "ALNY": [0.2159571428571429, 0.1234101502674038], "ALTH": [0.030877966101694927, 0.1234101502674038], "ALTU": [0.636, 0.1234101502674038], "ALXA": [0.46322, 0.1234101502674038], "ALXN": [0.27513333333333334, 0.1234101502674038], "AMAG": [0.36446666666666666, 0.1234101502674038], "AMGN": [0.19254, 0.1234101502674038], "AMRI": [0.1101, 0.1234101502674038], "AMRN": [0.02443626373626374, 0.1234101502674038], "ANAC": [0.16254814814814814, 0.1234101502674038], "ANDS": [0.27155, 0.1234101502674038], "ANIP": [0.6249, 0.1234101502674038], "ANTH": [0.0132375, 0.1234101502674038], "ARDX": [0.0193, 0.1234101502674038], "ARIA": [0.22071333333333334, 0.1234101502674038], "ARNA": [0.04879555555555556, 0.1234101502674038], "ARRY": [0.17661111111111114, 0.1234101502674038], "ARWR": [0.174715, 0.1234101502674038], "ASPX": [-0.09924705882352942, 0.1234101502674038], "AST": [0.17032334801762114, 0.1234101502674038], "ASTX": [0.36446666666666666, 0.1234101502674038], "AUXL": [0.028900000000000002, 0.1234101502674038], "AVEO": [0.27803999999999995, 0.1234101502674038], "AVNR": [0.10725555555555558, 0.1234101502674038], "AXCA": [-0.2202, 0.1234101502674038], "BCRX": [0.06606923076923077, 0.1234101502674038], "BIIB": [0.12965238095238096, 0.1234101502674038], "BIOD": [0.0, 0.1234101502674038], "BLUE": [0.16216190476190476, 0.1234101502674038], "BLUS": [0.0, 0.1234101502674038], "BMRN": [0.17, 0.1234101502674038], "CADX": [0.54884, 0.1234101502674038], "CALP": [0.318, 0.1234101502674038], "CARA": [0.21867999999999999, 0.1234101502674038], "CBST": [0.4019, 0.1234101502674038], "CCXI": [0.2287, 0.1234101502674038], "CELG": [0.058350877192982466, 0.1234101502674038], "CEMP": [-0.058633333333333336, 0.1234101502674038], "CEPH": [0.2732, 0.1234101502674038], "CERS": [0.3268785714285714, 0.1234101502674038], "CGEN": [0.0, 0.1234101502674038], "CHMA": [0.0, 0.1234101502674038], "CLDN": [-0.05673333333333334, 0.1234101502674038], "CLDX": [0.22421249999999998, 0.1234101502674038], "CLVS": [0.0258, 0.1234101502674038], "CMRX": [0.148, 0.1234101502674038], "CNCE": [0.43327499999999997, 0.1234101502674038], "CNCT": [0.0, 0.1234101502674038], "COLL": [0.0, 0.1234101502674038], "CRA": [-0.02218181818181818, 0.1234101502674038], "CRIS": [0.11099999999999999, 0.1234101502674038], "CRME": [0.5467, 0.1234101502674038], "CTIC": [0.42193749999999997, 0.1234101502674038], "CTRX": [0.3720818181818182, 0.1234101502674038], "CYTX": [0.0, 0.1234101502674038], "DEPO": [0.11907499999999999, 0.1234101502674038], "DIGE": [0.077025, 0.1234101502674038], "DNDN": [0.1186, 0.1234101502674038], "DRNA": [0.43304, 0.1234101502674038], "DRRX": [0.04676666666666666, 0.1234101502674038], "DSCO": [0.3570666666666667, 0.1234101502674038], "DVAX": [0.2023, 0.1234101502674038], "DYAX": [0.19943333333333332, 0.1234101502674038], "ECYT": [0.17699285714285715, 0.1234101502674038], "EDIT": [0.40792500000000004, 0.1234101502674038], "EGLT": [0.074, 0.1234101502674038], "EGRX": [-0.04526, 0.1234101502674038], "ENCY": [0.26355625, 0.1234101502674038], "ENDP": [0.17565333333333333, 0.1234101502674038], "ENTA": [0.083864, 0.1234101502674038], "ENZN": [0.04170909090909091, 0.1234101502674038], "EPZM": [-0.03612, 0.1234101502674038], "ESPR": [0.0, 0.1234101502674038], "EXEL": [0.1531125, 0.1234101502674038], "FACT": [0.0, 0.1234101502674038], "FLKS": [0.0, 0.1234101502674038], "FLML": [-0.059199999999999996, 0.1234101502674038], "FLXN": [0.0, 0.1234101502674038], "FMI": [0.07244999999999999, 0.1234101502674038], "FOLD": [0.06474736842105262, 0.1234101502674038], "FPRX": [0.04706153846153846, 0.1234101502674038], "GERN": [0.08808, 0.1234101502674038], "GEVA": [0.5467, 0.1234101502674038], "GHDX": [-0.4578285714285714, 0.1234101502674038], "GILD": [0.13078461538461536, 0.1234101502674038], "GNVC": [0.136675, 0.1234101502674038], "GPRO": [0.06325771428571429, 0.1234101502674038], "GTXI": [0.296, 0.1234101502674038], "GWPH": [0.11571666666666665, 0.1234101502674038], "HALO": [0.24999361702127662, 0.1234101502674038], "HPTX": [-0.01693333333333333, 0.1234101502674038], "HZNP": [0.2338705882352941, 0.1234101502674038], "ICEL": [0.5382, 0.1234101502674038], "ICPT": [0.052932, 0.1234101502674038], "ICY": [0.015479999999999999, 0.1234101502674038], "IDIX": [0.6369, 0.1234101502674038], "ILMN": [0.0565695652173913, 0.1234101502674038], "ILU": [-0.36845000000000006, 0.1234101502674038], "IMDZ": [0.5267, 0.1234101502674038], "IMGN": [-0.125, 0.1234101502674038], "IMMU": [0.18685652173913042, 0.1234101502674038], "INCR": [0.2394473684210527, 0.1234101502674038], "INCY": [0.2062625, 0.1234101502674038], "INFI": [0.31027499999999997, 0.1234101502674038], "INGN": [0.0, 0.1234101502674038], "INO": [0.17071874999999997, 0.1234101502674038], "INSY": [0.07623333333333333, 0.1234101502674038], "INVA": [0.27115, 0.1234101502674038], "IONS": [0.07148571428571429, 0.1234101502674038], "IPXL": [0.2955666666666667, 0.1234101502674038], "IRWD": [0.4926, 0.1234101502674038], "ISIS": [0.053794936708860756, 0.1234101502674038], "ISPH": [0.2263, 0.1234101502674038], "ISTA": [0.022563636363636355, 0.1234101502674038], "ITCI": [0.296, 0.1234101502674038], "ITMN": [0.09632727272727272, 0.1234101502674038], "JAZZ": [0.024510526315789472, 0.1234101502674038], "KERX": [0.3028125, 0.1234101502674038], "KITE": [0.5896125, 0.1234101502674038], "KPTI": [0.0, 0.1234101502674038], "LBIO": [0.15923953488372095, 0.1234101502674038], "LGND": [0.1396875, 0.1234101502674038], "LIFE": [0.21867999999999999, 0.1234101502674038], "LOXO": [-0.1851583333333333, 0.1234101502674038], "LXRX": [-0.12040000000000001, 0.1234101502674038], "MACK": [0.004149999999999999, 0.1234101502674038], "MAPP": [-0.128, 0.1234101502674038], "MDCO": [0.14629999999999999, 0.1234101502674038], "MDVN": [0.18766923076923078, 0.1234101502674038], "MEDI": [0.2770586466165435, 0.1234101502674038], "MITI": [-0.38895, 0.1234101502674038], "MNK": [0.05634999999999999, 0.1234101502674038], "MNKD": [0.024210810810810814, 0.1234101502674038], "MNOV": [0.296, 0.1234101502674038], "MNTA": [0.0425, 0.1234101502674038], "MRNA": [0.36446666666666666, 0.1234101502674038], "MYGN": [0.02569999999999999, 0.1234101502674038], "MYL": [0.19365, 0.1234101502674038], "NABI": [0.1806, 0.1234101502674038], "NBIX": [0.0, 0.1234101502674038], "NERV": [-0.47, 0.1234101502674038], "NH": [0.24611666666666668, 0.1234101502674038], "NK": [0.09725703124999999, 0.1234101502674038], "NKTR": [0.2544, 0.1234101502674038], "NLNK": [0.0026000000000000007, 0.1234101502674038], "NPSP": [0.14644433497536952, 0.1234101502674038], "NVAX": [0.0, 0.1234101502674038], "OMED": [0.07623333333333333, 0.1234101502674038], "OMER": [0.173675, 0.1234101502674038], "ONCE": [0.11303846153846155, 0.1234101502674038], "ONTY": [-0.169309756097561, 0.1234101502674038], "ONVO": [0.08966451612903226, 0.1234101502674038], "OPK": [0.13612499999999997, 0.1234101502674038], "OREX": [0.018151851851851888, 0.1234101502674038], "OSCI": [0.0, 0.1234101502674038], "OTIC": [0.09179999999999999, 0.1234101502674038], "OVAS": [-0.7906, 0.1234101502674038], "PCYC": [0.0, 0.1234101502674038], "PGNX": [0.2287, 0.1234101502674038], "POZN": [0.296, 0.1234101502674038], "PRGO": [0.36446666666666666, 0.1234101502674038], "PTIE": [0.0, 0.1234101502674038],