{"ACAD": [0.08904017857142857, 0.08976456363787005], "ACHN": [-0.00344, 0.08976456363787005], "ACRX": [0.0, 0.08976456363787005], "AEGR": [0.0, 0.08976456363787005], "AFFX": [0.025160000000000005, 0.08976456363787005], "AFFY": [0.194575, 0.08976456363787005], "AGEN": [-0.02732, 0.08976456363787005], "AKRX": [0.5511, 0.08976456363787005], "ALKS": [0.04348333333333333, 0.08976456363787005], "ALNY": [-0.2732, 0.08976456363787005], "ALTH": [0.28666, 0.08976456363787005], "ALXA": [-0.02282, 0.08976456363787005], "ALXN": [-0.05464, 0.08976456363787005], "AMGN": [0.07504615384615387, 0.08976456363787005], "AMRI": [0.1803375, 0.08976456363787005], "AMRN": [0.04439574468085106, 0.08976456363787005], "ANAC": [0.07269411764705884, 0.08976456363787005], "ANIP": [-0.1779, 0.08976456363787005], "ANTH": [0.55315, 0.08976456363787005], "ARIA": [0.16051428571428575, 0.08976456363787005], "ARNA": [0.006478947368421061, 0.08976456363787005], "ARQL": [0.872, 0.08976456363787005], "ARRY": [0.10462500000000002, 0.08976456363787005], "ASPX": [0.053040740740740756, 0.08976456363787005], "AST": [0.10907966101694916, 0.08976456363787005], "ASTX": [-0.009336363636363636, 0.08976456363787005], "ATRA": [-0.2732, 0.08976456363787005], "AVEO": [0.07229615384615386, 0.08976456363787005], "AVNR": [0.30269999999999997, 0.08976456363787005], "BCRX": [-0.012758333333333335, 0.08976456363787005], "BIIB": [0.12910579710144926, 0.08976456363787005], "BIOD": [0.24114, 0.08976456363787005], "BLUE": [0.0, 0.08976456363787005], "BMRN": [0.0, 0.08976456363787005], "BPAX": [0.19733333333333333, 0.08976456363787005], "CALP": [0.19126, 0.08976456363787005], "CBPO": [0.0, 0.08976456363787005], "CBST": [0.14049999999999999, 0.08976456363787005], "CCXI": [0.0, 0.08976456363787005], "CELG": [0.1076026548672566, 0.08976456363787005], "CERS": [-0.7351, 0.08976456363787005], "CLDX": [0.10109230769230769, 0.08976456363787005], "CLVS": [0.015474999999999989, 0.08976456363787005], "COLL": [0.0, 0.08976456363787005], "CRA": [0.0747, 0.08976456363787005], "CRIS": [-0.51, 0.08976456363787005], "CTIC": [0.0, 0.08976456363787005], "CTRX": [0.7506, 0.08976456363787005], "CYTK": [0.26242, 0.08976456363787005], "CYTX": [0.059199999999999996, 0.08976456363787005], "DEPO": [0.0, 0.08976456363787005], "DIGE": [0.4497, 0.08976456363787005], "DNDN": [0.0, 0.08976456363787005], "DRNA": [0.0, 0.08976456363787005], "DRRX": [0.0, 0.08976456363787005], "DVAX": [0.0, 0.08976456363787005], "ECYT": [0.0, 0.08976456363787005], "ENCY": [-0.04028333333333333, 0.08976456363787005], "ENDP": [0.24285714285714288, 0.08976456363787005], "ENTA": [0.07835454545454545, 0.08976456363787005], "ENZN": [0.0, 0.08976456363787005], "EXEL": [0.16155833333333333, 0.08976456363787005], "FACT": [0.1443714285714286, 0.08976456363787005], "FLKS": [0.3612, 0.08976456363787005], "FMI": [0.765, 0.08976456363787005], "FOLD": [0.0, 0.08976456363787005], "FURX": [0.0, 0.08976456363787005], "GERN": [0.0, 0.08976456363787005], "GHDX": [0.6908, 0.08976456363787005], "GILD": [0.055929268292682945, 0.08976456363787005], "GTXI": [0.022399999999999996, 0.08976456363787005], "GWPH": [0.0, 0.08976456363787005], "HALO": [0.07294285714285716, 0.08976456363787005], "HPTX": [0.0, 0.08976456363787005], "HZNP": [0.0, 0.08976456363787005], "ICEL": [0.5299, 0.08976456363787005], "IDIX": [-0.0258, 0.08976456363787005], "ILMN": [0.09312926829268293, 0.08976456363787005], "ILU": [0.18670000000000003, 0.08976456363787005], "INCR": [0.29584285714285713, 0.08976456363787005], "INCY": [0.0502375, 0.08976456363787005], "INFI": [0.0, 0.08976456363787005], "INO": [0.028770588235294124, 0.08976456363787005], "INSM": [0.0, 0.08976456363787005], "INVA": [0.15080999999999986, 0.08976456363787005], "IONS": [0.1706447368421053, 0.08976456363787005], "IPXL": [0.0843, 0.08976456363787005], "IRWD": [0.4382, 0.08976456363787005], "ISIS": [-0.014952173913043482, 0.08976456363787005], "ISPH": [0.5411, 0.08976456363787005], "ISTA": [0.258521052631579, 0.08976456363787005], "ITMN": [0.5106, 0.08976456363787005], "JAZZ": [0.0, 0.08976456363787005], "KERX": [0.16114629629629626, 0.08976456363787005], "LBIO": [0.11084999999999999, 0.08976456363787005], "LGND": [0.0, 0.08976456363787005], "LIFE": [-0.00214375, 0.08976456363787005], "LMNX": [0.0, 0.08976456363787005], "LXRX": [0.0, 0.08976456363787005], "MACK": [-0.28719999999999996, 0.08976456363787005], "MAPP": [0.10115, 0.08976456363787005], "MDVN": [0.09694444444444444, 0.08976456363787005], "MEDI": [-0.0258, 0.08976456363787005], "MNK": [0.15653333333333333, 0.08976456363787005], "MNKD": [0.15653333333333333, 0.08976456363787005], "MNTA": [0.0, 0.08976456363787005], "MRNA": [0.0, 0.08976456363787005], "MYL": [0.05303333333333333, 0.08976456363787005], "MYRX": [-0.3818, 0.08976456363787005], "NABI": [0.0, 0.08976456363787005], "NH": [0.005849999999999999, 0.08976456363787005], "NK": [0.02488250000000001, 0.08976456363787005], "NPSP": [0.010457142857142856, 0.08976456363787005], "NVAX": [0.0, 0.08976456363787005], "OMER": [0.7116, 0.08976456363787005], "OMPI": [0.18463333333333334, 0.08976456363787005], "ONCE": [0.033440000000000004, 0.08976456363787005], "ONTY": [0.1430377777777778, 0.08976456363787005], "ONVO": [0.1796, 0.08976456363787005], "ONXX": [0.162604347826087, 0.08976456363787005], "OREX": [-0.05333809523809524, 0.08976456363787005], "OSIR": [0.0, 0.08976456363787005], "OVAS": [-0.2732, 0.08976456363787005], "PACB": [0.11491333333333334, 0.08976456363787005], "PCYC": [0.3182, 0.08976456363787005], "PDLI": [0.0, 0.08976456363787005], "PHRM": [0.0, 0.08976456363787005], "PTX": [0.06317999999999999, 0.08976456363787005], "QCOR": [0.0, 0.08976456363787005], "REGN": [0.15531999999999999, 0.08976456363787005], "RIGL": [0.1353111111111111, 0.08976456363787005], "RPTP": [-0.1281285714285714, 0.08976456363787005], "SAGE": [0.050339393939393955, 0.08976456363787005], "SCMP": [-0.1555333333333333, 0.08976456363787005], "SGEN": [0.26895, 0.08976456363787005], "SGMO": [0.0, 0.08976456363787005], "SGYP": [0.3178, 0.08976456363787005], "SHPG": [0.0, 0.08976456363787005], "SLXP": [0.0, 0.08976456363787005], "SNTS": [0.0, 0.08976456363787005], "SQNM": [-0.057412500000000005, 0.08976456363787005], "SRPT": [0.11760806451612903, 0.08976456363787005], "STEM": [0.0, 0.08976456363787005], "TBPH": [0.0, 0.08976456363787005], "TECH": [0.11630882352941178, 0.08976456363787005], "TEVA": [0.023816666666666663, 0.08976456363787005], "THRX": [0.0, 0.08976456363787005], "TRGT": [0.0, 0.08976456363787005], "USD": [-0.019432857142857134, 0.08976456363787005], "UTHR": [0.3182, 0.08976456363787005], "VICL": [0.10115, 0.08976456363787005], "VPHM": [0.0, 0.08976456363787005], "VRTX": [0.06800576923076922, 0.08976456363787005], "VRUS": [0.0, 0.08976456363787005], "VSTM": [0.0, 0.08976456363787005], "VVUS": [0.12693750000000004, 0.08976456363787005], "WCRX": [0.5339999999999999, 0.08976456363787005], "XNPT": [0.02888750000000001, 0.08976456363787005], "XOMA": [0.25, 0.08976456363787005], "ZLCS": [0.07517, 0.08976456363787005]}