{"ACAD": [0.17304333333333327, 0.10974039706768368], "ACHN": [0.313125, 0.10974039706768368], "ACOR": [0.04876, 0.10974039706768368], "ACRX": [0.10076521739130433, 0.10974039706768368], "ADHD": [0.1147, 0.10974039706768368], "AEGR": [0.4110333333333333, 0.10974039706768368], "AERI": [0.1027, 0.10974039706768368], "AFFX": [0.13400666666666666, 0.10974039706768368], "AFFY": [0.1304909090909091, 0.10974039706768368], "AGEN": [-0.055768421052631585, 0.10974039706768368], "AGTC": [0.4404, 0.10974039706768368], "AIMT": [0.2023, 0.10974039706768368], "AKRX": [-0.11150000000000003, 0.10974039706768368], "ALIM": [0.7177, 0.10974039706768368], "ALKS": [0.24166923076923075, 0.10974039706768368], "ALNY": [0.3181083333333334, 0.10974039706768368], "ALTH": [0.2968607142857143, 0.10974039706768368], "ALTU": [0.7177, 0.10974039706768368], "ALXA": [0.10360000000000003, 0.10974039706768368], "ALXN": [0.2729111111111111, 0.10974039706768368], "AMGN": [0.0, 0.10974039706768368], "AMRI": [0.07828333333333333, 0.10974039706768368], "AMRN": [0.307075, 0.10974039706768368], "ANAC": [0.23923333333333333, 0.10974039706768368], "ANDS": [-0.011299999999999998, 0.10974039706768368], "ANTH": [0.4404, 0.10974039706768368], "APCVZ&": [-0.6322, 0.10974039706768368], "APPX": [-0.6322, 0.10974039706768368], "ARDX": [-0.10339999999999999, 0.10974039706768368], "ARIA": [-0.004021052631578946, 0.10974039706768368], "ARNA": [0.1317627118644068, 0.10974039706768368], "ARQL": [0.0, 0.10974039706768368], "ARRY": [0.26303333333333334, 0.10974039706768368], "ARWR": [-0.11512173913043477, 0.10974039706768368], "ARXT": [-0.6322, 0.10974039706768368], "ASPX": [0.474175, 0.10974039706768368], "AST": [0.457798657718121, 0.10974039706768368], "ASTX": [0.7177, 0.10974039706768368], "AUXL": [0.19356, 0.10974039706768368], "AVEO": [0.2869333333333334, 0.10974039706768368], "AVNR": [0.0, 0.10974039706768368], "AXCA": [-0.6322, 0.10974039706768368], "BCRX": [0.07551538461538462, 0.10974039706768368], "BGIXX": [-0.6322, 0.10974039706768368], "BIIB": [0.06225882352941176, 0.10974039706768368], "BIOD": [0.24915500000000002, 0.10974039706768368], "BIVN": [-0.6322, 0.10974039706768368], "BLKFDS": [-0.6322, 0.10974039706768368], "BLUE": [0.05401874999999999, 0.10974039706768368], "BLUS": [-0.6322, 0.10974039706768368], "BMRN": [0.25885555555555556, 0.10974039706768368], "BRIXX": [-0.6322, 0.10974039706768368], "BTRX": [-0.6322, 0.10974039706768368], "CADX": [0.7177, 0.10974039706768368], "CALP": [0.11315, 0.10974039706768368], "CARA": [0.37138, 0.10974039706768368], "CBPO": [0.0, 0.10974039706768368], "CBST": [-0.0029800000000000104, 0.10974039706768368], "CCXI": [0.7177, 0.10974039706768368], "CELG": [0.04428297872340424, 0.10974039706768368], "CEMP": [0.08814999999999999, 0.10974039706768368], "CERS": [0.22225, 0.10974039706768368], "CGEN": [-0.3223, 0.10974039706768368], "CHMA": [0.0, 0.10974039706768368], "CLDN": [-0.13429090909090907, 0.10974039706768368], "CLDX": [0.020023529411764704, 0.10974039706768368], "CLVS": [-0.11341428571428572, 0.10974039706768368], "COLL": [-0.20983333333333332, 0.10974039706768368], "COLY": [-0.6322, 0.10974039706768368], "CRA": [0.29560000000000014, 0.10974039706768368], "CRIS": [0.0, 0.10974039706768368], "CTIC": [0.0, 0.10974039706768368], "CTRX": [0.57416, 0.10974039706768368], "CYTK": [-0.296, 0.10974039706768368], "CYTX": [0.036561538461538465, 0.10974039706768368], "DEPO": [0.50685, 0.10974039706768368], "DNDN": [0.5514, 0.10974039706768368], "DRAX": [-0.6322, 0.10974039706768368], "DRRX": [0.4019, 0.10974039706768368], "DSCO": [0.14300714285714286, 0.10974039706768368], "DVAX": [0.26686666666666664, 0.10974039706768368], "DYAX": [-0.11491250000000003, 0.10974039706768368], "ECYT": [0.0753625, 0.10974039706768368], "EDIT": [0.246, 0.10974039706768368], "EGRX": [0.15517692307692307, 0.10974039706768368], "ENCY": [-0.23767777777777777, 0.10974039706768368], "ENDP": [0.21325000000000002, 0.10974039706768368], "ENTA": [0.23756500000000003, 0.10974039706768368], "ENZN": [0.0, 0.10974039706768368], "EPZM": [0.07474999999999998, 0.10974039706768368], "ESPR": [0.0, 0.10974039706768368], "EURX": [-0.6322, 0.10974039706768368], "EXEL": [0.47846666666666665, 0.10974039706768368], "FLKS": [0.802, 0.10974039706768368], "FLML": [0.52565, 0.10974039706768368], "FMI": [-0.039260000000000024, 0.10974039706768368], "FOLD": [0.007757575757575757, 0.10974039706768368], "FPRX": [0.7177, 0.10974039706768368], "FURX": [0.2831142857142857, 0.10974039706768368], "GERN": [-0.22020000000000003, 0.10974039706768368], "GEVA": [-0.2649, 0.10974039706768368], "GHDX": [0.0, 0.10974039706768368], "GILD": [0.07070370370370371, 0.10974039706768368], "GPRO": [0.06764851485148515, 0.10974039706768368], "GTXI": [0.34, 0.10974039706768368], "GWPH": [0.14010666666666668, 0.10974039706768368], "HALO": [0.1792761904761905, 0.10974039706768368], "HBIO": [0.4939, 0.10974039706768368], "HZNP": [-0.033360000000000015, 0.10974039706768368], "ICEL": [0.5988571428571429, 0.10974039706768368], "ICOS": [0.4215, 0.10974039706768368], "ICPT": [0.12261818181818183, 0.10974039706768368], "ICY": [-0.009899999999999964, 0.10974039706768368], "IDIX": [0.4404, 0.10974039706768368], "ILMN": [0.137405, 0.10974039706768368], "ILU": [-0.6762666666666667, 0.10974039706768368], "IMGN": [0.0, 0.10974039706768368], "IMMU": [-0.27164999999999995, 0.10974039706768368], "INCR": [0.17617272727272731, 0.10974039706768368], "INCY": [0.13957999999999998, 0.10974039706768368], "INFI": [0.5882666666666666, 0.10974039706768368], "INO": [0.24332857142857145, 0.10974039706768368], "INSM": [0.0, 0.10974039706768368], "INSY": [0.29216, 0.10974039706768368], "IONS": [0.03864946236559143, 0.10974039706768368], "IPXL": [0.37144, 0.10974039706768368], "IRWD": [0.04933333333333333, 0.10974039706768368], "ISIS": [0.09041666666666666, 0.10974039706768368], "ISTA": [0.04987499999999999, 0.10974039706768368], "ITMN": [0.10906666666666666, 0.10974039706768368], "JAZZ": [0.004092592592592588, 0.10974039706768368], "JUNO": [0.0, 0.10974039706768368], "KERX": [0.3490875, 0.10974039706768368], "KITE": [0.15293333333333334, 0.10974039706768368], "KPTI": [0.074, 0.10974039706768368], "KYTH": [0.296, 0.10974039706768368], "LBIO": [0.14935833333333332, 0.10974039706768368], "LGND": [0.1628666666666667, 0.10974039706768368], "LIFE": [0.33111999999999997, 0.10974039706768368], "LMNX": [0.0, 0.10974039706768368], "LXRX": [0.15127894736842107, 0.10974039706768368], "MACK": [-0.06404999999999998, 0.10974039706768368], "MDCO": [0.12365, 0.10974039706768368], "MDVN": [0.24362000000000003, 0.10974039706768368], "MEDI": [0.2851943342776221, 0.10974039706768368], "MITI": [0.4019, 0.10974039706768368], "MNK": [0.09847678571428571, 0.10974039706768368], "MNKD": [0.12773673469387756, 0.10974039706768368], "MNOV": [0.0, 0.10974039706768368], "MNTA": [0.5574, 0.10974039706768368], "MRNA": [0.7177, 0.10974039706768368], "MYGN": [0.36746, 0.10974039706768368], "MYL": [0.06335625, 0.10974039706768368], "NABI": [-0.012833333333333344, 0.10974039706768368], "NBIX": [0.34, 0.10974039706768368], "NERV": [0.18171111111111107, 0.10974039706768368], "NFLD": [-0.6322, 0.10974039706768368], "NH": [0.0764764705882353, 0.10974039706768368], "NK": [0.14214910714285717, 0.10974039706768368], "NKTR": [0.5359428571428572, 0.10974039706768368], "NLNK": [-0.09106666666666667, 0.10974039706768368], "NOVN": [0.5719, 0.10974039706768368], "NPSP": [0.3420142857142857, 0.10974039706768368], "NRMX": [-0.6322, 0.10974039706768368], "NVAX": [-0.07555555555555556, 0.10974039706768368], "OMED": [0.4365666666666667, 0.10974039706768368], "OMER": [0.0, 0.10974039706768368], "ONCE": [0.005925, 0.10974039706768368], "ONTY": [0.26536, 0.10974039706768368], "ONVO": [0.08774444444444446, 0.10974039706768368], "OPHT": [0.074, 0.10974039706768368], "OPK": [0.17714375, 0.10974039706768368], "ORCH": [0.0, 0.10974039706768368], "OREX": [0.1607192307692308, 0.10974039706768368],