{"ACAD": [0.09020625, 0.09737920795026003], "ACHN": [0.09866666666666667, 0.09737920795026003], "ACOR": [0.4492444444444444, 0.09737920795026003], "ACRX": [0.28099999999999997, 0.09737920795026003], "ADHD": [0.11839999999999999, 0.09737920795026003], "ADRO": [0.370536, 0.09737920795026003], "ADVM": [0.5106, 0.09737920795026003], "AEGR": [0.025733333333333334, 0.09737920795026003], "AERI": [0.03369166666666666, 0.09737920795026003], "AFFX": [0.0, 0.09737920795026003], "AFFY": [0.0, 0.09737920795026003], "AFMD": [0.7955, 0.09737920795026003], "AGEN": [0.25111764705882356, 0.09737920795026003], "AGIO": [0.010962962962962963, 0.09737920795026003], "AGTC": [0.28459999999999996, 0.09737920795026003], "AKBA": [0.11976666666666667, 0.09737920795026003], "AKRX": [0.13950909090909092, 0.09737920795026003], "ALDR": [0.0, 0.09737920795026003], "ALIM": [0.335425, 0.09737920795026003], "ALKS": [-0.08574999999999995, 0.09737920795026003], "ALNY": [0.0222375, 0.09737920795026003], "ALTH": [0.1257027027027027, 0.09737920795026003], "ALXA": [0.0386, 0.09737920795026003], "ALXN": [0.19164406779661014, 0.09737920795026003], "AMAG": [-0.08202500000000001, 0.09737920795026003], "AMGN": [0.21634000000000006, 0.09737920795026003], "AMPH": [-0.021711111111111108, 0.09737920795026003], "AMRI": [0.0, 0.09737920795026003], "AMRN": [0.0624421052631579, 0.09737920795026003], "ANAC": [0.0, 0.09737920795026003], "ANDS": [0.0, 0.09737920795026003], "ANIP": [0.0, 0.09737920795026003], "ANTH": [-0.03865655172413793, 0.09737920795026003], "AQXP": [-0.045533333333333335, 0.09737920795026003], "ARDX": [-0.2732, 0.09737920795026003], "ARIA": [0.257378787878788, 0.09737920795026003], "ARLZ": [-0.39691428571428566, 0.09737920795026003], "ARNA": [0.20844000000000001, 0.09737920795026003], "ARQL": [0.22693333333333332, 0.09737920795026003], "ARRY": [0.2491888888888889, 0.09737920795026003], "ARWR": [0.13829354838709676, 0.09737920795026003], "ASPX": [0.13957368421052632, 0.09737920795026003], "AST": [0.018218666666666675, 0.09737920795026003], "ASTX": [0.0, 0.09737920795026003], "ATRA": [0.39922, 0.09737920795026003], "AUXL": [0.0, 0.09737920795026003], "AVEO": [0.0, 0.09737920795026003], "AVNR": [0.0, 0.09737920795026003], "AVXS": [0.1522362068965517, 0.09737920795026003], "BCRX": [-0.08666666666666668, 0.09737920795026003], "BGNE": [0.44451, 0.09737920795026003], "BIIB": [0.21692255319148934, 0.09737920795026003], "BIOV": [0.0, 0.09737920795026003], "BLCM": [0.35643225806451606, 0.09737920795026003], "BLUE": [0.02640588235294118, 0.09737920795026003], "BMRN": [0.22168799999999997, 0.09737920795026003], "BOLD": [0.5106, 0.09737920795026003], "BSTE": [0.3612, 0.09737920795026003], "CARA": [0.19866907216494842, 0.09737920795026003], "CASC": [-0.09106666666666667, 0.09737920795026003], "CBPO": [0.0, 0.09737920795026003], "CCXI": [0.14906666666666668, 0.09737920795026003], "CELG": [0.16871428571428576, 0.09737920795026003], "CEMP": [0.004511475409836072, 0.09737920795026003], "CERS": [-0.039028571428571426, 0.09737920795026003], "CGEN": [0.0, 0.09737920795026003], "CGPI": [0.0, 0.09737920795026003], "CHMA": [-0.04857142857142858, 0.09737920795026003], "CHRS": [0.0372, 0.09737920795026003], "CLCD": [0.0683, 0.09737920795026003], "CLDX": [0.3245571428571429, 0.09737920795026003], "CLVS": [0.13843, 0.09737920795026003], "CMRX": [0.28595, 0.09737920795026003], "CNCE": [0.70175, 0.09737920795026003], "COLL": [0.0, 0.09737920795026003], "CRA": [-0.13003684210526317, 0.09737920795026003], "CRIS": [0.0, 0.09737920795026003], "CRME": [0.12952999999999998, 0.09737920795026003], "CTIC": [0.0, 0.09737920795026003], "CTRX": [0.0, 0.09737920795026003], "CXRX": [0.02732, 0.09737920795026003], "CYTK": [0.10606666666666666, 0.09737920795026003], "CYTX": [0.0, 0.09737920795026003], "DBVT": [0.0, 0.09737920795026003], "DEPO": [0.12328888888888888, 0.09737920795026003], "DERM": [0.004799999999999994, 0.09737920795026003], "DIGE": [0.23835, 0.09737920795026003], "DNAI": [0.16003636363636364, 0.09737920795026003], "DRNA": [0.12323750000000001, 0.09737920795026003], "DRRX": [0.0, 0.09737920795026003], "DSCO": [0.5106, 0.09737920795026003], "DVAX": [-0.10969090909090908, 0.09737920795026003], "DYAX": [0.0, 0.09737920795026003], "ECYT": [0.36128571428571427, 0.09737920795026003], "EDIT": [0.34638, 0.09737920795026003], "EGLT": [0.022600000000000006, 0.09737920795026003], "EGRX": [0.2581769230769231, 0.09737920795026003], "ENCY": [0.043174999999999984, 0.09737920795026003], "ENDP": [-0.04951136363636365, 0.09737920795026003], "ENTA": [0.11793888888888887, 0.09737920795026003], "ENZN": [0.0, 0.09737920795026003], "EPZM": [0.3388400000000001, 0.09737920795026003], "ESPR": [0.0, 0.09737920795026003], "EXEL": [-0.10928, 0.09737920795026003], "FACT": [0.24740606060606063, 0.09737920795026003], "FGEN": [-0.07595714285714286, 0.09737920795026003], "FLKS": [0.15278181818181819, 0.09737920795026003], "FLML": [0.0, 0.09737920795026003], "FLXN": [0.12004285714285715, 0.09737920795026003], "FMI": [0.08808, 0.09737920795026003], "FOLD": [0.0675625, 0.09737920795026003], "FPRX": [0.2727428571428571, 0.09737920795026003], "GERN": [-0.16821999999999998, 0.09737920795026003], "GEVA": [0.31845, 0.09737920795026003], "GHDX": [0.0, 0.09737920795026003], "GILD": [0.22430512820512818, 0.09737920795026003], "GPRO": [-0.021558139534883707, 0.09737920795026003], "GRFS": [0.296, 0.09737920795026003], "GTXI": [0.0, 0.09737920795026003], "GWPH": [0.07684285714285716, 0.09737920795026003], "HALO": [0.08382800000000001, 0.09737920795026003], "HGSI": [0.0772, 0.09737920795026003], "HZNP": [0.0862, 0.09737920795026003], "ICEL": [0.7098499999999999, 0.09737920795026003], "ICPT": [0.29075999999999996, 0.09737920795026003], "ICY": [-0.3178, 0.09737920795026003], "IDIX": [0.0, 0.09737920795026003], "ILMN": [0.17965945945945952, 0.09737920795026003], "ILU": [-0.37708571428571425, 0.09737920795026003], "IMGN": [0.3171625, 0.09737920795026003], "IMMU": [0.31177631578947373, 0.09737920795026003], "INCR": [0.3722999999999999, 0.09737920795026003], "INCY": [0.059227272727272726, 0.09737920795026003], "INFI": [0.09006666666666667, 0.09737920795026003], "INGN": [0.0, 0.09737920795026003], "INO": [0.01806, 0.09737920795026003], "INSM": [0.0, 0.09737920795026003], "INSY": [-0.034709090909090905, 0.09737920795026003], "INVA": [-0.009483333333333335, 0.09737920795026003], "IONS": [0.14749476439790574, 0.09737920795026003], "IPXL": [0.04933333333333333, 0.09737920795026003], "IRWD": [0.0, 0.09737920795026003], "ISPH": [0.31458, 0.09737920795026003], "ISTA": [-0.006255555555555564, 0.09737920795026003], "ITCI": [-0.05464, 0.09737920795026003], "ITEK": [-0.3684, 0.09737920795026003], "ITMN": [-0.4059333333333333, 0.09737920795026003], "JAZZ": [0.1744823529411765, 0.09737920795026003], "JUNO": [0.24069677419354837, 0.09737920795026003], "KERX": [0.0, 0.09737920795026003], "KITE": [0.13783333333333334, 0.09737920795026003], "KMPH": [0.0, 0.09737920795026003], "KPTI": [0.0, 0.09737920795026003], "LBIO": [0.23340975609756098, 0.09737920795026003], "LGND": [0.16461, 0.09737920795026003], "LIFE": [0.24999375000000001, 0.09737920795026003], "LMNX": [0.17619, 0.09737920795026003], "LOXO": [0.0, 0.09737920795026003], "LXRX": [0.21970909090909094, 0.09737920795026003], "MACK": [0.17055384615384617, 0.09737920795026003], "MAPP": [0.2867, 0.09737920795026003], "MDCO": [0.10777777777777778, 0.09737920795026003], "MDVN": [0.21213333333333334, 0.09737920795026003], "MEDI": [0.04201759999999999, 0.09737920795026003], "MGNX": [0.08333333333333333, 0.09737920795026003], "MNK": [0.186284, 0.09737920795026003], "MNKD": [0.2681733333333333, 0.09737920795026003], "MNTA": [0.09866666666666667, 0.09737920795026003], "MRNA": [0.0, 0.09737920795026003], "MYGN": [0.09776666666666665, 0.09737920795026003], "MYL": [0.03011276595744681, 0.09737920795026003], "MYRX": [0.296, 0.09737920795026003], "NABI": [-0.02633043478260871, 0.09737920795026003],