{"ACAD": [-0.0003538461538461533, 0.10340931642113677], "ACOR": [0.41439999999999994, 0.10340931642113677], "AEGR": [0.0, 0.10340931642113677], "AFFY": [0.2722, 0.10340931642113677], "AGEN": [-0.06623636363636363, 0.10340931642113677], "ALKS": [0.21619999999999998, 0.10340931642113677], "ALNY": [-0.4070666666666667, 0.10340931642113677], "ALTH": [0.2319, 0.10340931642113677], "ALXA": [0.15795833333333334, 0.10340931642113677], "ALXN": [0.0028562499999999977, 0.10340931642113677], "AMGN": [0.0230875, 0.10340931642113677], "AMRN": [0.07950243902439028, 0.10340931642113677], "ANDS": [-0.30405, 0.10340931642113677], "ANIP": [-0.1909, 0.10340931642113677], "ARIA": [0.3620769230769231, 0.10340931642113677], "ARNA": [0.07954718309859153, 0.10340931642113677], "ARQL": [0.0, 0.10340931642113677], "ARRY": [0.1772217391304348, 0.10340931642113677], "ARWR": [0.238175, 0.10340931642113677], "ASPX": [0.21851624999999997, 0.10340931642113677], "AST": [0.06347933884297523, 0.10340931642113677], "ASTX": [-0.057800000000000004, 0.10340931642113677], "AUXL": [0.0, 0.10340931642113677], "AVEO": [0.3534333333333333, 0.10340931642113677], "AXCA": [0.0, 0.10340931642113677], "BCRX": [0.0, 0.10340931642113677], "BIIB": [-0.03811666666666667, 0.10340931642113677], "BIOD": [-0.19133333333333333, 0.10340931642113677], "BLUE": [0.113975, 0.10340931642113677], "BMRN": [0.0, 0.10340931642113677], "BMTI": [0.4753, 0.10340931642113677], "BPAX": [-0.6597, 0.10340931642113677], "CADX": [0.0, 0.10340931642113677], "CALP": [0.0, 0.10340931642113677], "CASC": [0.0, 0.10340931642113677], "CBST": [0.0903, 0.10340931642113677], "CELG": [-0.1724, 0.10340931642113677], "CGEN": [-0.2732, 0.10340931642113677], "CLDX": [0.2873, 0.10340931642113677], "COLL": [-0.123475, 0.10340931642113677], "CRA": [-0.041066666666666675, 0.10340931642113677], "CRIS": [-0.48355, 0.10340931642113677], "CTIC": [0.675575, 0.10340931642113677], "CYTK": [0.25945897435897436, 0.10340931642113677], "CYTX": [-0.15214999999999998, 0.10340931642113677], "DEPO": [0.0, 0.10340931642113677], "DERM": [0.1531, 0.10340931642113677], "DNDN": [-0.0883333333333333, 0.10340931642113677], "DVAX": [0.875, 0.10340931642113677], "ECYT": [0.46226666666666666, 0.10340931642113677], "EDIT": [0.48384999999999995, 0.10340931642113677], "ENDP": [-0.04934000000000001, 0.10340931642113677], "ENTA": [0.0, 0.10340931642113677], "ENZN": [0.0, 0.10340931642113677], "EXEL": [0.18694642857142857, 0.10340931642113677], "FACT": [0.0, 0.10340931642113677], "FOLD": [0.1748857142857143, 0.10340931642113677], "FURX": [0.0, 0.10340931642113677], "GEVA": [0.0, 0.10340931642113677], "GILD": [0.03241, 0.10340931642113677], "GTXI": [0.296, 0.10340931642113677], "HALO": [0.0, 0.10340931642113677], "HGSI": [0.4576, 0.10340931642113677], "HZNP": [0.05773043478260871, 0.10340931642113677], "ICEL": [0.520075, 0.10340931642113677], "ICY": [0.04746, 0.10340931642113677], "ILMN": [-0.34561818181818177, 0.10340931642113677], "ILU": [0.14876666666666663, 0.10340931642113677], "IMGN": [0.3980625, 0.10340931642113677], "IMMU": [-0.5654571428571428, 0.10340931642113677], "INCR": [0.24852, 0.10340931642113677], "INCY": [0.4549285714285714, 0.10340931642113677], "INFI": [-0.06743333333333333, 0.10340931642113677], "INO": [0.0, 0.10340931642113677], "INVA": [0.0, 0.10340931642113677], "IONS": [-0.0017157894736841968, 0.10340931642113677], "IPXL": [0.0, 0.10340931642113677], "IRWD": [0.28821874999999997, 0.10340931642113677], "ISIS": [0.05636363636363635, 0.10340931642113677], "ISTA": [-0.02054, 0.10340931642113677], "ITMN": [0.32468888888888886, 0.10340931642113677], "LBIO": [0.2527714285714286, 0.10340931642113677], "LIFE": [-0.20495384615384615, 0.10340931642113677], "LXRX": [0.0, 0.10340931642113677], "MACK": [0.0, 0.10340931642113677], "MDCO": [0.0, 0.10340931642113677], "MDVN": [0.12582857142857143, 0.10340931642113677], "MEDI": [0.1479666666666667, 0.10340931642113677], "MYGN": [-0.1322625, 0.10340931642113677], "MYL": [0.2202, 0.10340931642113677], "MYRX": [-0.3162666666666667, 0.10340931642113677], "NEOL": [0.3182, 0.10340931642113677], "NEOS": [0.0, 0.10340931642113677], "NH": [-0.2023, 0.10340931642113677], "NK": [0.09091428571428574, 0.10340931642113677], "NKTR": [0.7263, 0.10340931642113677], "NPSP": [0.5968, 0.10340931642113677], "OMER": [0.0, 0.10340931642113677], "OMPI": [0.1366, 0.10340931642113677], "ONCE": [-0.3454, 0.10340931642113677], "ONTY": [0.07955, 0.10340931642113677], "ONVO": [0.0526875, 0.10340931642113677], "ONXX": [-0.2233333333333333, 0.10340931642113677], "OPK": [0.535575, 0.10340931642113677], "ORCH": [0.0, 0.10340931642113677], "OREX": [0.08328301886792455, 0.10340931642113677], "OSCI": [0.3612, 0.10340931642113677], "OTIC": [0.38458333333333333, 0.10340931642113677], "PCRX": [0.34716666666666673, 0.10340931642113677], "PCYC": [0.14027857142857142, 0.10340931642113677], "PDLI": [0.0, 0.10340931642113677], "PRGO": [-0.06698333333333333, 0.10340931642113677], "RARE": [0.12726666666666667, 0.10340931642113677], "REGN": [0.13493529411764704, 0.10340931642113677], "RGLS": [-0.30988571428571426, 0.10340931642113677], "RIGL": [0.6249000000000001, 0.10340931642113677], "SAGE": [0.2144280487804878, 0.10340931642113677], "SCLN": [0.0, 0.10340931642113677], "SGEN": [0.6033187499999999, 0.10340931642113677], "SGMO": [0.0, 0.10340931642113677], "SGYP": [0.32133571428571434, 0.10340931642113677], "SHPG": [-0.1806, 0.10340931642113677], "SNTS": [-0.20413333333333336, 0.10340931642113677], "SPPI": [0.0526875, 0.10340931642113677], "SQNM": [0.0, 0.10340931642113677], "SRPT": [0.16659272727272728, 0.10340931642113677], "STEM": [0.13456666666666667, 0.10340931642113677], "SVA": [0.0, 0.10340931642113677], "SVNT": [0.31245, 0.10340931642113677], "TARO": [0.15963333333333335, 0.10340931642113677], "TECH": [0.17536666666666662, 0.10340931642113677], "TEVA": [0.09866666666666667, 0.10340931642113677], "THLD": [0.0, 0.10340931642113677], "THRX": [0.3953, 0.10340931642113677], "TRGT": [0.6724285714285714, 0.10340931642113677], "TSRX": [0.8074, 0.10340931642113677], "USD": [0.063173488372093, 0.10340931642113677], "UTHR": [0.0843, 0.10340931642113677], "VICL": [-0.6597, 0.10340931642113677], "VPHM": [0.49093, 0.10340931642113677], "VRTX": [0.6808, 0.10340931642113677], "VVUS": [0.1773769230769231, 0.10340931642113677], "WCRX": [0.0, 0.10340931642113677], "XNPT": [0.34716666666666673, 0.10340931642113677], "XOMA": [0.21075, 0.10340931642113677], "ZLCS": [0.1284, 0.10340931642113677]}