{"ACAD": [0.05421428571428573, 0.07423036493157358], "ACHN": [0.37895, 0.07423036493157358], "ACOR": [0.0, 0.07423036493157358], "ACRX": [0.0, 0.07423036493157358], "ADHD": [0.3818, 0.07423036493157358], "ADRO": [0.4019, 0.07423036493157358], "AEGR": [0.19182500000000002, 0.07423036493157358], "AFFX": [0.32985, 0.07423036493157358], "AFFY": [0.1435906542056075, 0.07423036493157358], "AGEN": [0.0, 0.07423036493157358], "ALKS": [0.07147368421052631, 0.07423036493157358], "ALNY": [0.2994, 0.07423036493157358], "ALTH": [0.17892, 0.07423036493157358], "ALXA": [0.13124166666666665, 0.07423036493157358], "ALXN": [0.1097, 0.07423036493157358], "AMGN": [-0.022747368421052617, 0.07423036493157358], "AMRI": [0.11735714285714284, 0.07423036493157358], "AMRN": [0.06468095238095237, 0.07423036493157358], "ANAC": [0.08333333333333333, 0.07423036493157358], "ANDS": [0.0772, 0.07423036493157358], "ANTH": [-0.15794000000000002, 0.07423036493157358], "ARIA": [-0.10441176470588234, 0.07423036493157358], "ARNA": [0.0698, 0.07423036493157358], "ARQL": [0.009939999999999994, 0.07423036493157358], "ARRY": [0.3982, 0.07423036493157358], "ARWR": [0.19175714285714288, 0.07423036493157358], "ASPX": [0.07812018348623853, 0.07423036493157358], "AST": [0.06380536912751675, 0.07423036493157358], "ATRA": [0.4576, 0.07423036493157358], "AVEO": [0.06027000000000001, 0.07423036493157358], "AVNR": [0.0, 0.07423036493157358], "AXCA": [0.07086, 0.07423036493157358], "BCRX": [0.0, 0.07423036493157358], "BIIB": [0.004200000000000004, 0.07423036493157358], "BIOD": [0.0, 0.07423036493157358], "BIOV": [-0.1779, 0.07423036493157358], "BLUE": [0.03723, 0.07423036493157358], "BMRN": [-0.21989999999999998, 0.07423036493157358], "BMTI": [0.0, 0.07423036493157358], "BPAX": [0.0, 0.07423036493157358], "BPMC": [0.0, 0.07423036493157358], "CADX": [0.20095, 0.07423036493157358], "CALP": [0.2936, 0.07423036493157358], "CBRX": [0.0, 0.07423036493157358], "CBST": [-0.1531, 0.07423036493157358], "CELG": [0.03505, 0.07423036493157358], "CERS": [0.0, 0.07423036493157358], "CLDN": [-0.1779, 0.07423036493157358], "CLDX": [0.12206666666666666, 0.07423036493157358], "CLVS": [0.130575, 0.07423036493157358], "CNCE": [0.5106, 0.07423036493157358], "COLL": [-0.45432000000000006, 0.07423036493157358], "CRA": [-0.016983333333333333, 0.07423036493157358], "CRME": [0.07955, 0.07423036493157358], "CTIC": [-0.007371428571428571, 0.07423036493157358], "CTRX": [-0.016239999999999987, 0.07423036493157358], "CYTK": [0.02345, 0.07423036493157358], "CYTX": [0.0, 0.07423036493157358], "DEPO": [0.14385714285714288, 0.07423036493157358], "DNDN": [-0.01032, 0.07423036493157358], "DSCO": [0.235788, 0.07423036493157358], "DVAX": [0.035124999999999997, 0.07423036493157358], "DYAX": [0.0, 0.07423036493157358], "ECYT": [0.16463333333333333, 0.07423036493157358], "EDIT": [0.14202857142857142, 0.07423036493157358], "EGRX": [0.0, 0.07423036493157358], "EMIS": [0.2446, 0.07423036493157358], "ENCY": [-0.0846, 0.07423036493157358], "ENDP": [0.0988, 0.07423036493157358], "ENTA": [0.17616666666666667, 0.07423036493157358], "ENZN": [0.0, 0.07423036493157358], "EXEL": [-0.1776, 0.07423036493157358], "FACT": [-0.08456666666666666, 0.07423036493157358], "FLKS": [0.2023, 0.07423036493157358], "FOLD": [0.20715384615384613, 0.07423036493157358], "FURX": [0.10593333333333334, 0.07423036493157358], "GERN": [-0.11873125000000001, 0.07423036493157358], "GHDX": [-0.21989999999999998, 0.07423036493157358], "GILD": [-0.09156875000000002, 0.07423036493157358], "GRFS": [0.0, 0.07423036493157358], "GTXI": [0.0, 0.07423036493157358], "HALO": [0.22693333333333332, 0.07423036493157358], "HZNP": [-0.10206666666666668, 0.07423036493157358], "ICEL": [0.59145, 0.07423036493157358], "ICPT": [0.3612, 0.07423036493157358], "ICY": [0.0, 0.07423036493157358], "IDIX": [-0.050575, 0.07423036493157358], "ILMN": [0.0, 0.07423036493157358], "ILU": [0.496975, 0.07423036493157358], "IMGN": [0.34895, 0.07423036493157358], "IMMU": [0.23263333333333333, 0.07423036493157358], "INCR": [0.2043, 0.07423036493157358], "INCY": [-0.057189189189189193, 0.07423036493157358], "INFI": [-0.030779999999999995, 0.07423036493157358], "INO": [0.0, 0.07423036493157358], "IONS": [0.14920769230769232, 0.07423036493157358], "IPXL": [0.0, 0.07423036493157358], "IRWD": [0.31845, 0.07423036493157358], "ISIS": [0.37905, 0.07423036493157358], "ISTA": [0.04013333333333333, 0.07423036493157358], "ITMN": [0.0, 0.07423036493157358], "JAZZ": [0.15335000000000001, 0.07423036493157358], "KERX": [0.18168214285714285, 0.07423036493157358], "LBIO": [-0.0874846153846154, 0.07423036493157358], "LGND": [-0.10533999999999999, 0.07423036493157358], "LIFE": [0.028900000000000002, 0.07423036493157358], "LXRX": [0.0, 0.07423036493157358], "MACK": [0.0, 0.07423036493157358], "MAPP": [0.0, 0.07423036493157358], "MAXY": [0.0, 0.07423036493157358], "MDCO": [0.2874142857142857, 0.07423036493157358], "MDVN": [-0.08760833333333333, 0.07423036493157358], "MEDI": [0.09454, 0.07423036493157358], "MNK": [0.0, 0.07423036493157358], "MNKD": [0.0, 0.07423036493157358], "MNTA": [0.07107500000000001, 0.07423036493157358], "MYL": [0.13046666666666668, 0.07423036493157358], "MYRX": [0.0, 0.07423036493157358], "NABI": [-0.296, 0.07423036493157358], "NBIX": [0.0, 0.07423036493157358], "NH": [0.027677777777777787, 0.07423036493157358], "NK": [0.18262200000000003, 0.07423036493157358], "NKTR": [0.0, 0.07423036493157358], "NLNK": [0.0, 0.07423036493157358], "NPSP": [0.0, 0.07423036493157358], "NVAX": [-0.4404, 0.07423036493157358], "OMED": [0.0, 0.07423036493157358], "OMER": [0.0, 0.07423036493157358], "ONCE": [0.09352222222222223, 0.07423036493157358], "ONTY": [-0.3707, 0.07423036493157358], "ONVO": [0.23321999999999998, 0.07423036493157358], "ONXX": [0.0, 0.07423036493157358], "OPK": [0.05932727272727272, 0.07423036493157358], "OPTR": [0.2023, 0.07423036493157358], "OREX": [-0.13948333333333332, 0.07423036493157358], "OSIR": [0.25, 0.07423036493157358], "PARD": [0.3818, 0.07423036493157358], "PCYC": [0.06743333333333333, 0.07423036493157358], "PGNX": [-0.296, 0.07423036493157358], "POZN": [0.148, 0.07423036493157358], "PTX": [0.6369, 0.07423036493157358], "QCOR": [-0.296, 0.07423036493157358], "QGEN": [0.2023, 0.07423036493157358], "RARE": [0.1774, 0.07423036493157358], "RNAI": [0.4019, 0.07423036493157358], "SAGE": [0.10122235294117649, 0.07423036493157358], "SCLN": [-0.5267, 0.07423036493157358], "SGEN": [0.10556666666666666, 0.07423036493157358], "SGNT": [0.066825, 0.07423036493157358], "SGYP": [0.0, 0.07423036493157358], "SHPG": [0.18653529411764705, 0.07423036493157358], "SIGA": [0.13235, 0.07423036493157358], "SLXP": [0.0, 0.07423036493157358], "SNTS": [0.05495, 0.07423036493157358], "SPPI": [0.0027541666666666734, 0.07423036493157358], "SQNM": [0.11437142857142855, 0.07423036493157358], "SRPT": [0.17566744186046515, 0.07423036493157358], "STEM": [0.2972, 0.07423036493157358], "SVNT": [0.6486, 0.07423036493157358], "TBPH": [0.0, 0.07423036493157358], "TECH": [0.23219117647058826, 0.07423036493157358], "TELK": [0.302025, 0.07423036493157358], "TEVA": [0.18075000000000002, 0.07423036493157358], "THLD": [-0.02439999999999999, 0.07423036493157358], "THRX": [0.14985, 0.07423036493157358], "TRGT": [-0.011816666666666665, 0.07423036493157358], "TSRO": [0.09066363636363638, 0.07423036493157358], "TSRX": [0.4524800000000001, 0.07423036493157358], "USD": [0.04572745901639345, 0.07423036493157358], "UTHR": [0.20287083333333333, 0.07423036493157358], "VICL": [0.14049999999999999, 0.07423036493157358], "VNDA": [-0.05513529411764706, 0.07423036493157358], "VPHM": [0.0, 0.07423036493157358], "VRTX": [-0.06743333333333333, 0.07423036493157358], "VRUS": [0.0, 0.07423036493157358], "VSGN": [0.0, 0.07423036493157358], "VSTM": [0.0, 0.07423036493157358], "VTL": [0.34, 0.07423036493157358], "VVUS": [0.14666153846153845, 0.07423036493157358], "WCRX": [0.0, 0.07423036493157358], "XOMA": [-0.2936, 0.07423036493157358], "ZGEN": [0.0, 0.07423036493157358],