{"AAVL": [0.21874, 0.07286365482479379], "ACAD": [0.4007333333333334, 0.07286365482479379], "ACHN": [0.0, 0.07286365482479379], "ACOR": [0.039028571428571426, 0.07286365482479379], "ACRX": [0.019475, 0.07286365482479379], "ADHD": [0.0, 0.07286365482479379], "ADMS": [0.2023, 0.07286365482479379], "ADRO": [-0.4574, 0.07286365482479379], "ADVM": [0.014724999999999992, 0.07286365482479379], "AERI": [0.09866666666666667, 0.07286365482479379], "AFFX": [0.0772, 0.07286365482479379], "AFMD": [0.019980000000000005, 0.07286365482479379], "AGEN": [0.20559047619047624, 0.07286365482479379], "AGIO": [0.07345555555555555, 0.07286365482479379], "AGTC": [-0.0683, 0.07286365482479379], "AIMT": [-0.039028571428571426, 0.07286365482479379], "AKRX": [0.020890909090909092, 0.07286365482479379], "ALDR": [0.0754, 0.07286365482479379], "ALIM": [0.0, 0.07286365482479379], "ALKS": [-0.02531538461538462, 0.07286365482479379], "ALNY": [0.18664857142857147, 0.07286365482479379], "ALTH": [0.005752631578947375, 0.07286365482479379], "ALXN": [0.025281818181818183, 0.07286365482479379], "AMAG": [0.005378571428571427, 0.07286365482479379], "AMGN": [0.031085167464114813, 0.07286365482479379], "AMPH": [-0.07389, 0.07286365482479379], "AMRI": [0.0, 0.07286365482479379], "AMRN": [0.07627647058823529, 0.07286365482479379], "ANAC": [0.0, 0.07286365482479379], "ANDS": [0.44046666666666673, 0.07286365482479379], "ANIP": [0.32985, 0.07286365482479379], "ANPI": [-0.2997, 0.07286365482479379], "ANTH": [0.15376470588235297, 0.07286365482479379], "APCVZ&": [0.0, 0.07286365482479379], "APPX": [0.0, 0.07286365482479379], "AQXP": [0.0, 0.07286365482479379], "ARDX": [0.0, 0.07286365482479379], "ARIA": [-0.24905555555555553, 0.07286365482479379], "ARLZ": [0.14285476190476182, 0.07286365482479379], "ARNA": [0.014930769230769235, 0.07286365482479379], "ARRY": [-0.03440526315789474, 0.07286365482479379], "ARWR": [0.4926, 0.07286365482479379], "ARXT": [0.0, 0.07286365482479379], "ASPX": [-0.03275652173913043, 0.07286365482479379], "AST": [0.08894558823529408, 0.07286365482479379], "ATRA": [0.060200000000000004, 0.07286365482479379], "AVEO": [0.0, 0.07286365482479379], "AVXS": [0.15007179487179487, 0.07286365482479379], "AXCA": [0.0, 0.07286365482479379], "BCRX": [0.011503999999999997, 0.07286365482479379], "BGIXX": [0.0, 0.07286365482479379], "BGNE": [0.0, 0.07286365482479379], "BIIB": [0.1727204081632653, 0.07286365482479379], "BIOD": [0.0, 0.07286365482479379], "BIVN": [0.0, 0.07286365482479379], "BLCM": [0.12466666666666668, 0.07286365482479379], "BLKFDS": [0.0, 0.07286365482479379], "BLUE": [0.07032857142857142, 0.07286365482479379], "BLUS": [0.0, 0.07286365482479379], "BMRN": [0.15956666666666666, 0.07286365482479379], "BOLD": [-0.064, 0.07286365482479379], "BPMC": [-0.013771875, 0.07286365482479379], "BRIXX": [0.0, 0.07286365482479379], "BTRX": [0.0, 0.07286365482479379], "CADX": [-0.2263, 0.07286365482479379], "CALP": [0.01608571428571429, 0.07286365482479379], "CARA": [-0.020403846153846154, 0.07286365482479379], "CASC": [0.0, 0.07286365482479379], "CCXI": [0.14623, 0.07286365482479379], "CELG": [0.05229895833333335, 0.07286365482479379], "CEMP": [0.01153636363636363, 0.07286365482479379], "CEPH": [-0.8555, 0.07286365482479379], "CERS": [0.11038571428571428, 0.07286365482479379], "CHMA": [0.35844, 0.07286365482479379], "CHRS": [0.1909, 0.07286365482479379], "CLDN": [0.3802, 0.07286365482479379], "CLDX": [0.0, 0.07286365482479379], "CLSD": [0.09304615384615385, 0.07286365482479379], "CLVS": [0.016642105263157896, 0.07286365482479379], "CMRX": [0.0, 0.07286365482479379], "CNCE": [0.04215, 0.07286365482479379], "COLL": [0.08639333333333334, 0.07286365482479379], "COLY": [0.0, 0.07286365482479379], "CRA": [0.09146111111111112, 0.07286365482479379], "CRGN": [0.3818, 0.07286365482479379], "CRIS": [-0.06943333333333333, 0.07286365482479379], "CRME": [0.5859, 0.07286365482479379], "CTIC": [0.0, 0.07286365482479379], "CTRX": [0.1468, 0.07286365482479379], "CXRX": [-0.21848, 0.07286365482479379], "CYTK": [0.055836363636363635, 0.07286365482479379], "CYTX": [0.1806, 0.07286365482479379], "DBVT": [0.011169230769230768, 0.07286365482479379], "DCGN": [-0.1027, 0.07286365482479379], "DEPO": [-0.07563333333333333, 0.07286365482479379], "DERM": [0.015561538461538462, 0.07286365482479379], "DIGE": [-0.2263, 0.07286365482479379], "DRAX": [0.0, 0.07286365482479379], "DRNA": [0.09153333333333334, 0.07286365482479379], "DRRX": [0.06339999999999998, 0.07286365482479379], "DSCO": [0.0, 0.07286365482479379], "DVAX": [0.10422142857142856, 0.07286365482479379], "ECYT": [0.4404, 0.07286365482479379], "EDIT": [0.20779714285714293, 0.07286365482479379], "EGLT": [0.09866666666666667, 0.07286365482479379], "EGRX": [0.06714545454545455, 0.07286365482479379], "ENCY": [-0.021753846153846155, 0.07286365482479379], "ENDP": [-0.06776551724137937, 0.07286365482479379], "ENTA": [0.1316615384615385, 0.07286365482479379], "ENZN": [0.0, 0.07286365482479379], "EPIX": [0.0, 0.07286365482479379], "EPZM": [0.40956666666666663, 0.07286365482479379], "ESPR": [0.10823214285714268, 0.07286365482479379], "EURX": [0.0, 0.07286365482479379], "EXEL": [0.14897894736842102, 0.07286365482479379], "FACT": [-0.007694444444444439, 0.07286365482479379], "FGEN": [0.09029999999999999, 0.07286365482479379], "FLKS": [0.059199999999999996, 0.07286365482479379], "FLXN": [0.074, 0.07286365482479379], "FMI": [0.06342857142857142, 0.07286365482479379], "FOLD": [0.0, 0.07286365482479379], "FPRX": [0.10853750000000001, 0.07286365482479379], "GBT": [0.15926799999999997, 0.07286365482479379], "GERN": [0.074, 0.07286365482479379], "GEVA": [0.6369, 0.07286365482479379], "GHDX": [-0.67876, 0.07286365482479379], "GILD": [0.09305192307692309, 0.07286365482479379], "GPRO": [0.06154021739130435, 0.07286365482479379], "GRFS": [0.0193, 0.07286365482479379], "GTXI": [0.0, 0.07286365482479379], "GWPH": [0.0209030303030303, 0.07286365482479379], "HALO": [0.16547000000000003, 0.07286365482479379], "HZNP": [0.050575, 0.07286365482479379], "ICEL": [0.4404, 0.07286365482479379], "ICPT": [0.02625454545454546, 0.07286365482479379], "ICY": [0.05855833333333333, 0.07286365482479379], "ILMN": [0.012465116279069767, 0.07286365482479379], "ILU": [-0.3118142857142857, 0.07286365482479379], "IMDZ": [0.3511333333333333, 0.07286365482479379], "IMGN": [-0.43979999999999997, 0.07286365482479379], "IMMU": [-0.254862962962963, 0.07286365482479379], "INCR": [0.10224285714285715, 0.07286365482479379], "INCY": [0.10177058823529413, 0.07286365482479379], "INFI": [0.23057307692307688, 0.07286365482479379], "INGN": [0.0, 0.07286365482479379], "INO": [-0.032247368421052636, 0.07286365482479379], "INSM": [0.296, 0.07286365482479379], "INSY": [0.032, 0.07286365482479379], "INVA": [0.09845454545454545, 0.07286365482479379], "IONS": [0.12751044776119408, 0.07286365482479379], "IPXL": [0.11148, 0.07286365482479379], "IRWD": [0.2202, 0.07286365482479379], "ISIS": [-0.2083, 0.07286365482479379], "ISTA": [0.092275, 0.07286365482479379], "ITCI": [0.04228571428571428, 0.07286365482479379], "ITEK": [0.04193157894736842, 0.07286365482479379], "JAZZ": [0.16741224489795914, 0.07286365482479379], "JUNO": [0.28365714285714283, 0.07286365482479379], "KERX": [0.05384782608695652, 0.07286365482479379], "KITE": [0.09237727272727271, 0.07286365482479379], "KMPH": [0.0, 0.07286365482479379], "KPTI": [0.07450909090909091, 0.07286365482479379], "LBIO": [0.30987555555555546, 0.07286365482479379], "LGND": [0.34040000000000004, 0.07286365482479379], "LIFE": [0.10580416666666666, 0.07286365482479379], "LMNX": [0.04411428571428572, 0.07286365482479379], "LOXO": [0.08295625000000001, 0.07286365482479379], "LXRX": [0.059199999999999996, 0.07286365482479379], "MACK": [0.2984266666666667, 0.07286365482479379], "MAPP": [0.7762, 0.07286365482479379], "MCRB": [0.06036428571428571, 0.07286365482479379], "MDCO": [0.13788241758241762, 0.07286365482479379], "MDVN": [-0.5106, 0.07286365482479379],