{"AAVL": [0.0, 0.13961100356573314], "ACAD": [0.0973142857142857, 0.13961100356573314], "ACHN": [-0.007955102040816333, 0.13961100356573314], "ACOR": [0.09486666666666665, 0.13961100356573314], "ACRX": [0.3867, 0.13961100356573314], "ADHD": [0.7783, 0.13961100356573314], "AEGR": [0.26621, 0.13961100356573314], "AERI": [0.0772, 0.13961100356573314], "AFFX": [0.06907272727272727, 0.13961100356573314], "AFFY": [0.040029999999999996, 0.13961100356573314], "AGEN": [0.27496666666666664, 0.13961100356573314], "AGIO": [0.21209999999999998, 0.13961100356573314], "AKBA": [0.1806, 0.13961100356573314], "AKRX": [0.004250000000000013, 0.13961100356573314], "ALDR": [0.0772, 0.13961100356573314], "ALIM": [0.4131666666666667, 0.13961100356573314], "ALKS": [0.14149200000000003, 0.13961100356573314], "ALNY": [0.3040375, 0.13961100356573314], "ALTH": [0.002220000000000011, 0.13961100356573314], "ALTU": [0.3867, 0.13961100356573314], "ALXN": [0.015593333333333325, 0.13961100356573314], "AMAG": [0.38398000000000004, 0.13961100356573314], "AMGN": [0.15759411764705883, 0.13961100356573314], "AMLN": [0.0, 0.13961100356573314], "AMRN": [0.07534285714285714, 0.13961100356573314], "ANAC": [0.18288749999999998, 0.13961100356573314], "ANDS": [-0.13467500000000002, 0.13961100356573314], "ANIP": [-0.2727333333333333, 0.13961100356573314], "ANTH": [-0.023799999999999998, 0.13961100356573314], "APCVZ&": [0.3161, 0.13961100356573314], "APPX": [0.3161, 0.13961100356573314], "AQXP": [0.0, 0.13961100356573314], "ARIA": [0.08876973684210528, 0.13961100356573314], "ARNA": [0.23471666666666668, 0.13961100356573314], "ARRY": [0.34907272727272737, 0.13961100356573314], "ARWR": [0.08668913043478259, 0.13961100356573314], "ARXT": [0.3161, 0.13961100356573314], "ASPX": [-0.093695, 0.13961100356573314], "AST": [0.291799624060151, 0.13961100356573314], "ASTX": [0.3867, 0.13961100356573314], "ATRA": [0.02842, 0.13961100356573314], "AUXL": [0.4199, 0.13961100356573314], "AVEO": [0.4131666666666667, 0.13961100356573314], "AVNR": [0.3695285714285714, 0.13961100356573314], "AXCA": [0.07023333333333333, 0.13961100356573314], "BCRX": [0.08188695652173913, 0.13961100356573314], "BGIXX": [0.3161, 0.13961100356573314], "BIIB": [0.24574594594594593, 0.13961100356573314], "BIOD": [0.0, 0.13961100356573314], "BIVN": [0.3161, 0.13961100356573314], "BLKFDS": [0.3161, 0.13961100356573314], "BLUE": [-0.15214285714285714, 0.13961100356573314], "BLUS": [0.3161, 0.13961100356573314], "BMRN": [-0.026909090909090907, 0.13961100356573314], "BRIXX": [0.3161, 0.13961100356573314], "BTRX": [0.3161, 0.13961100356573314], "CADX": [0.4003, 0.13961100356573314], "CALP": [-0.29945, 0.13961100356573314], "CARA": [0.4003, 0.13961100356573314], "CBST": [-0.04445000000000001, 0.13961100356573314], "CCXI": [0.13343333333333332, 0.13961100356573314], "CELG": [0.08783928571428569, 0.13961100356573314], "CEMP": [0.2543, 0.13961100356573314], "CEPH": [0.0, 0.13961100356573314], "CERS": [0.2630607843137255, 0.13961100356573314], "CGEN": [0.5106, 0.13961100356573314], "CHMA": [0.34, 0.13961100356573314], "CLDX": [0.22520952380952386, 0.13961100356573314], "CLVS": [0.1580625, 0.13961100356573314], "CMRX": [0.04294761904761904, 0.13961100356573314], "COLL": [0.21455714285714286, 0.13961100356573314], "COLY": [0.3161, 0.13961100356573314], "CRA": [0.14431764705882358, 0.13961100356573314], "CRIS": [0.4121000000000001, 0.13961100356573314], "CRME": [0.2742714285714286, 0.13961100356573314], "CTIC": [-0.009005882352941178, 0.13961100356573314], "CTRX": [0.3901, 0.13961100356573314], "CYTK": [0.07418333333333334, 0.13961100356573314], "CYTX": [0.22629999999999997, 0.13961100356573314], "DBVT": [0.4767, 0.13961100356573314], "DEPO": [0.4003, 0.13961100356573314], "DRAX": [0.3161, 0.13961100356573314], "DRNA": [-0.20945000000000003, 0.13961100356573314], "DRRX": [-0.3047666666666667, 0.13961100356573314], "DVAX": [0.26539999999999997, 0.13961100356573314], "DYAX": [0.38398000000000004, 0.13961100356573314], "ECYT": [0.4131666666666667, 0.13961100356573314], "EDIT": [-0.4019, 0.13961100356573314], "EMIS": [0.0, 0.13961100356573314], "ENCY": [0.20537, 0.13961100356573314], "ENDP": [0.08313333333333334, 0.13961100356573314], "ENTA": [0.17117608695652176, 0.13961100356573314], "ENZN": [0.0, 0.13961100356573314], "EPZM": [0.07214999999999999, 0.13961100356573314], "ESPR": [0.0, 0.13961100356573314], "EURX": [0.3161, 0.13961100356573314], "EXEL": [0.2495714285714286, 0.13961100356573314], "FACT": [0.35268235294117656, 0.13961100356573314], "FGEN": [0.0, 0.13961100356573314], "FLKS": [0.43313749999999995, 0.13961100356573314], "FLML": [0.1366, 0.13961100356573314], "FOLD": [0.42308461538461545, 0.13961100356573314], "FPRX": [0.4003, 0.13961100356573314], "GERN": [-0.1901, 0.13961100356573314], "GEVA": [0.2532666666666667, 0.13961100356573314], "GILD": [0.019020689655172413, 0.13961100356573314], "GNVC": [0.2742714285714286, 0.13961100356573314], "GPRO": [0.005180459770114942, 0.13961100356573314], "GTXI": [0.5106, 0.13961100356573314], "GWPH": [0.048400000000000006, 0.13961100356573314], "HALO": [0.2524630434782608, 0.13961100356573314], "HZNP": [0.23998750000000002, 0.13961100356573314], "ICEL": [0.302709090909091, 0.13961100356573314], "ICOS": [0.25, 0.13961100356573314], "ICPT": [0.43745, 0.13961100356573314], "ICY": [0.08918888888888889, 0.13961100356573314], "ILMN": [0.07085, 0.13961100356573314], "ILU": [-0.12348333333333333, 0.13961100356573314], "IMGN": [0.14750645161290324, 0.13961100356573314], "IMMU": [0.0028219999999999955, 0.13961100356573314], "INCR": [0.302175, 0.13961100356573314], "INCY": [0.12207407407407406, 0.13961100356573314], "INFI": [0.055299999999999995, 0.13961100356573314], "INGN": [-0.25453333333333333, 0.13961100356573314], "INHX": [0.0, 0.13961100356573314], "INO": [0.0007357142857142741, 0.13961100356573314], "INSY": [0.2914428571428571, 0.13961100356573314], "IONS": [-0.0010015873015873005, 0.13961100356573314], "IPXL": [0.30022499999999996, 0.13961100356573314], "IRWD": [0.08496363636363637, 0.13961100356573314], "ISIS": [-0.0017098360655737714, 0.13961100356573314], "ISTA": [0.029335294117647067, 0.13961100356573314], "ITCI": [0.0, 0.13961100356573314], "ITMN": [0.0, 0.13961100356573314], "JAZZ": [-0.06179473684210527, 0.13961100356573314], "KERX": [0.3109307692307693, 0.13961100356573314], "KITE": [0.0, 0.13961100356573314], "KPTI": [0.0772, 0.13961100356573314], "KYTH": [0.2202, 0.13961100356573314], "LBIO": [-0.08492653061224487, 0.13961100356573314], "LGND": [0.066625, 0.13961100356573314], "LIFE": [0.2173666666666667, 0.13961100356573314], "LMNX": [0.09966, 0.13961100356573314], "LOXO": [0.0772, 0.13961100356573314], "LXRX": [0.0, 0.13961100356573314], "MACK": [-0.20871666666666666, 0.13961100356573314], "MAPP": [0.0, 0.13961100356573314], "MDCO": [0.0, 0.13961100356573314], "MDVN": [0.08850000000000001, 0.13961100356573314], "MEDI": [0.27018390804597714, 0.13961100356573314], "MGNX": [-0.2638625, 0.13961100356573314], "MNK": [0.16709545454545455, 0.13961100356573314], "MNKD": [0.16658947368421054, 0.13961100356573314], "MNOV": [0.14285714285714285, 0.13961100356573314], "MNTA": [0.07447500000000001, 0.13961100356573314], "MRNA": [0.20015, 0.13961100356573314], "MYGN": [0.13715000000000002, 0.13961100356573314], "MYL": [0.13148947368421054, 0.13961100356573314], "NABI": [0.25, 0.13961100356573314], "NBIX": [-0.05575555555555557, 0.13961100356573314], "NEOS": [0.2235, 0.13961100356573314], "NERV": [0.5574, 0.13961100356573314], "NFLD": [0.3161, 0.13961100356573314], "NH": [0.021828947368421062, 0.13961100356573314], "NK": [0.06471806615776084, 0.13961100356573314], "NKTR": [0.3867, 0.13961100356573314], "NLNK": [0.05475195729537361, 0.13961100356573314], "NPSP": [0.14233548387096778, 0.13961100356573314], "NRMX": [0.3161, 0.13961100356573314], "NVAX": [0.297625, 0.13961100356573314], "OCUL": [0.17, 0.13961100356573314], "OMED": [0.07421999999999998, 0.13961100356573314],