{"ACAD": [0.025414285714285716, 0.07557242463497489], "ACHN": [0.61888, 0.07557242463497489], "ACOR": [0.0, 0.07557242463497489], "ADLR": [0.0, 0.07557242463497489], "AFFX": [0.0, 0.07557242463497489], "ALIM": [0.296, 0.07557242463497489], "ALKS": [0.33525, 0.07557242463497489], "ALTH": [-0.012866666666666667, 0.07557242463497489], "ALXN": [0.26148571428571427, 0.07557242463497489], "AMAG": [0.0, 0.07557242463497489], "AMGN": [-0.07847083333333331, 0.07557242463497489], "AMRN": [0.23521538461538463, 0.07557242463497489], "ANAC": [0.3716, 0.07557242463497489], "ANDS": [0.17263636363636364, 0.07557242463497489], "ARIA": [-0.20095, 0.07557242463497489], "ARQL": [0.23022222222222222, 0.07557242463497489], "ARRY": [-0.1366, 0.07557242463497489], "ASPX": [0.0, 0.07557242463497489], "AST": [0.21276136363636367, 0.07557242463497489], "AUXL": [-0.5106, 0.07557242463497489], "AVII": [-0.0063, 0.07557242463497489], "AVNR": [0.30946250000000003, 0.07557242463497489], "BCRX": [0.0, 0.07557242463497489], "BIIB": [0.25545, 0.07557242463497489], "BIOD": [0.0, 0.07557242463497489], "BPAX": [0.02645000000000001, 0.07557242463497489], "CADX": [0.0, 0.07557242463497489], "CBPO": [0.0, 0.07557242463497489], "CELG": [0.15086666666666668, 0.07557242463497489], "CEPH": [-0.0054625, 0.07557242463497489], "CLDN": [0.296, 0.07557242463497489], "CLDX": [0.27871875000000007, 0.07557242463497489], "COLL": [-0.19793333333333338, 0.07557242463497489], "CRA": [-0.08857499999999997, 0.07557242463497489], "CRIS": [-0.6249, 0.07557242463497489], "CTIC": [0.3968666666666667, 0.07557242463497489], "DEPO": [0.28937, 0.07557242463497489], "DIGE": [0.5994, 0.07557242463497489], "DNDN": [0.13486666666666666, 0.07557242463497489], "DYAX": [0.0, 0.07557242463497489], "ECYT": [0.0, 0.07557242463497489], "EDIT": [0.3818, 0.07557242463497489], "ENCY": [-0.4343142857142857, 0.07557242463497489], "ENDP": [0.06633333333333333, 0.07557242463497489], "ENTA": [0.096225, 0.07557242463497489], "ENZN": [0.0, 0.07557242463497489], "EXEL": [0.07224, 0.07557242463497489], "FACT": [-0.12145000000000003, 0.07557242463497489], "GENZ": [0.16230666666666665, 0.07557242463497489], "GERN": [0.23835, 0.07557242463497489], "GHDX": [0.296, 0.07557242463497489], "GILD": [-0.13387142857142856, 0.07557242463497489], "GNVC": [0.0, 0.07557242463497489], "GTXI": [0.09866666666666667, 0.07557242463497489], "HALO": [-0.0331625, 0.07557242463497489], "HGSI": [0.12115, 0.07557242463497489], "HITK": [0.0, 0.07557242463497489], "ILU": [-0.52885, 0.07557242463497489], "IMMU": [0.0, 0.07557242463497489], "INCR": [0.3919, 0.07557242463497489], "INFI": [0.5267, 0.07557242463497489], "INHX": [0.325845238095238, 0.07557242463497489], "INO": [0.0, 0.07557242463497489], "INSM": [0.19733333333333333, 0.07557242463497489], "IONS": [0.0906, 0.07557242463497489], "IPXL": [0.0, 0.07557242463497489], "ISIS": [-0.31245, 0.07557242463497489], "ISPH": [0.0, 0.07557242463497489], "ISTA": [0.15854444444444446, 0.07557242463497489], "ITMN": [0.03132, 0.07557242463497489], "JAZZ": [0.0, 0.07557242463497489], "KERX": [0.28099999999999997, 0.07557242463497489], "LBIO": [0.04967777777777778, 0.07557242463497489], "LIFE": [0.08905, 0.07557242463497489], "MDCO": [-0.5106, 0.07557242463497489], "MDVN": [0.1560157894736842, 0.07557242463497489], "MEDI": [0.0, 0.07557242463497489], "MITI": [0.39725000000000005, 0.07557242463497489], "MNK": [0.0, 0.07557242463497489], "MNKD": [0.0, 0.07557242463497489], "MNOV": [0.0, 0.07557242463497489], "MNTA": [0.11355, 0.07557242463497489], "MRNA": [0.0, 0.07557242463497489], "MYL": [0.0, 0.07557242463497489], "MYRX": [0.0, 0.07557242463497489], "NERV": [-0.3384, 0.07557242463497489], "NH": [0.3154934782608695, 0.07557242463497489], "NK": [0.006029411764705891, 0.07557242463497489], "OMED": [0.0, 0.07557242463497489], "OMER": [-0.247575, 0.07557242463497489], "ONCE": [0.38598, 0.07557242463497489], "ONTY": [0.39725000000000005, 0.07557242463497489], "OPHT": [0.1779, 0.07557242463497489], "OPK": [0.0, 0.07557242463497489], "OPTR": [0.21119871794871775, 0.07557242463497489], "ORCH": [0.0, 0.07557242463497489], "OREX": [0.0, 0.07557242463497489], "OSCI": [0.0, 0.07557242463497489], "OSIR": [-0.6249, 0.07557242463497489], "OTIC": [0.17556666666666665, 0.07557242463497489], "POZN": [-0.03608181818181819, 0.07557242463497489], "PRGO": [0.4404, 0.07557242463497489], "RARE": [0.3873, 0.07557242463497489], "SAGE": [0.3062, 0.07557242463497489], "SCLN": [-0.2263, 0.07557242463497489], "SGMO": [0.14049999999999999, 0.07557242463497489], "SIGA": [0.296, 0.07557242463497489], "SLXP": [-0.12097499999999999, 0.07557242463497489], "SPPI": [0.18072727272727274, 0.07557242463497489], "SQNM": [0.0, 0.07557242463497489], "STEM": [0.11315, 0.07557242463497489], "TECH": [0.08751875000000003, 0.07557242463497489], "TEVA": [0.18096, 0.07557242463497489], "THLD": [0.13398749999999998, 0.07557242463497489], "USD": [0.1673758620689655, 0.07557242463497489], "UTHR": [0.0, 0.07557242463497489], "VICL": [0.23835, 0.07557242463497489], "VPHM": [0.0, 0.07557242463497489], "VRTX": [0.27083076923076926, 0.07557242463497489], "VRUS": [0.18377000000000004, 0.07557242463497489], "VVUS": [-0.16040000000000004, 0.07557242463497489], "XNPT": [0.20413333333333336, 0.07557242463497489], "XOMA": [0.148, 0.07557242463497489]}