{"AAVL": [0.18465, 0.08975167287608213], "ACAD": [0.35951818181818185, 0.08975167287608213], "ACHN": [0.0, 0.08975167287608213], "ACOR": [0.0, 0.08975167287608213], "ACRX": [0.0, 0.08975167287608213], "ADHD": [0.0, 0.08975167287608213], "ADMS": [0.0, 0.08975167287608213], "ADRO": [0.179125, 0.08975167287608213], "AFFX": [0.0, 0.08975167287608213], "AFFY": [0.0, 0.08975167287608213], "AFMD": [0.26516666666666666, 0.08975167287608213], "AGEN": [0.0, 0.08975167287608213], "AGIO": [0.0, 0.08975167287608213], "AGTC": [0.0, 0.08975167287608213], "AKBA": [0.28099999999999997, 0.08975167287608213], "AKRX": [0.19943333333333335, 0.08975167287608213], "ALDR": [0.24080000000000001, 0.08975167287608213], "ALIM": [0.206625, 0.08975167287608213], "ALKS": [0.015581818181818186, 0.08975167287608213], "ALNY": [0.0, 0.08975167287608213], "ALTH": [0.039721428571428574, 0.08975167287608213], "ALXA": [0.0, 0.08975167287608213], "ALXN": [0.0, 0.08975167287608213], "AMGN": [-0.0071111111111111115, 0.08975167287608213], "AMRI": [0.0, 0.08975167287608213], "AMRN": [0.248875, 0.08975167287608213], "ANAC": [0.0, 0.08975167287608213], "ANDS": [-0.4215, 0.08975167287608213], "ANIP": [0.0, 0.08975167287608213], "ANTH": [0.40836000000000006, 0.08975167287608213], "AQXP": [0.10855999999999999, 0.08975167287608213], "ARDX": [0.0, 0.08975167287608213], "ARIA": [0.2475852941176471, 0.08975167287608213], "ARNA": [0.0, 0.08975167287608213], "ARQL": [0.0, 0.08975167287608213], "ARRY": [0.0, 0.08975167287608213], "ARWR": [0.047558333333333334, 0.08975167287608213], "ASPX": [-0.11248000000000002, 0.08975167287608213], "AST": [0.004967164179104477, 0.08975167287608213], "ATRA": [0.0, 0.08975167287608213], "BCRX": [-0.29295, 0.08975167287608213], "BIIB": [0.05597333333333334, 0.08975167287608213], "BIOD": [0.0, 0.08975167287608213], "BLCM": [0.0, 0.08975167287608213], "BLUE": [-0.062675, 0.08975167287608213], "BMRN": [-0.029418750000000007, 0.08975167287608213], "BPMC": [0.0, 0.08975167287608213], "CBPO": [0.08092, 0.08975167287608213], "CELG": [-0.067495, 0.08975167287608213], "CERS": [0.07655, 0.08975167287608213], "CGEN": [0.0, 0.08975167287608213], "CHRS": [0.3321, 0.08975167287608213], "CLCD": [0.0, 0.08975167287608213], "CLDN": [0.3561600000000001, 0.08975167287608213], "CLDX": [0.11413999999999999, 0.08975167287608213], "CLVS": [0.0, 0.08975167287608213], "CMRX": [0.0, 0.08975167287608213], "CNCE": [0.0, 0.08975167287608213], "COLL": [0.0625, 0.08975167287608213], "CRA": [0.0, 0.08975167287608213], "CRIS": [-0.3906, 0.08975167287608213], "CRME": [0.0, 0.08975167287608213], "CTIC": [0.0, 0.08975167287608213], "DEPO": [0.0, 0.08975167287608213], "DERM": [0.0, 0.08975167287608213], "DRNA": [0.26995, 0.08975167287608213], "DRRX": [0.0, 0.08975167287608213], "DSCO": [0.0, 0.08975167287608213], "DVAX": [0.22188999999999998, 0.08975167287608213], "DYAX": [0.0, 0.08975167287608213], "EDIT": [0.004055555555555578, 0.08975167287608213], "EGRX": [0.18465, 0.08975167287608213], "ENDP": [0.296, 0.08975167287608213], "ENTA": [0.0956, 0.08975167287608213], "ENZN": [0.0, 0.08975167287608213], "EPZM": [0.5487000000000001, 0.08975167287608213], "ESPR": [0.36496000000000006, 0.08975167287608213], "EXEL": [0.0, 0.08975167287608213], "FGEN": [0.09852, 0.08975167287608213], "FLKS": [0.0683, 0.08975167287608213], "FLML": [0.0, 0.08975167287608213], "FLXN": [0.36321111111111104, 0.08975167287608213], "FMI": [0.0, 0.08975167287608213], "FOLD": [0.0, 0.08975167287608213], "FOMX": [0.0, 0.08975167287608213], "FPRX": [0.0, 0.08975167287608213], "GBT": [0.0, 0.08975167287608213], "GERN": [0.17987272727272727, 0.08975167287608213], "GEVA": [-0.01217692307692306, 0.08975167287608213], "GHDX": [-0.021333333333333333, 0.08975167287608213], "GILD": [0.10050624999999999, 0.08975167287608213], "GNVC": [0.0, 0.08975167287608213], "GPRO": [0.1659454545454546, 0.08975167287608213], "GRFS": [0.0, 0.08975167287608213], "GWPH": [0.0, 0.08975167287608213], "HALO": [0.12374, 0.08975167287608213], "HBIO": [0.0, 0.08975167287608213], "HZNP": [0.5707, 0.08975167287608213], "ICPT": [0.04995, 0.08975167287608213], "ILMN": [0.42460000000000003, 0.08975167287608213], "ILU": [-0.8078, 0.08975167287608213], "IMGN": [0.0, 0.08975167287608213], "IMMU": [0.0, 0.08975167287608213], "INCR": [0.22212500000000002, 0.08975167287608213], "INCY": [-0.2872071428571429, 0.08975167287608213], "INFI": [0.0, 0.08975167287608213], "INGN": [0.0, 0.08975167287608213], "INO": [0.25683, 0.08975167287608213], "INSM": [0.0, 0.08975167287608213], "IONS": [0.22608, 0.08975167287608213], "IPXL": [0.16419999999999998, 0.08975167287608213], "IRWD": [0.0, 0.08975167287608213], "ISIS": [0.2084, 0.08975167287608213], "ISTA": [-0.3458, 0.08975167287608213], "ITCI": [-0.13405, 0.08975167287608213], "ITEK": [0.3597, 0.08975167287608213], "JAZZ": [0.0, 0.08975167287608213], "JUNO": [0.23998571428571433, 0.08975167287608213], "KERX": [0.18809, 0.08975167287608213], "KITE": [0.22238571428571433, 0.08975167287608213], "KPTI": [0.0, 0.08975167287608213], "LBIO": [0.20271000000000006, 0.08975167287608213], "LGND": [0.15253333333333333, 0.08975167287608213], "LIFE": [0.1806, 0.08975167287608213], "LMNX": [0.0, 0.08975167287608213], "LXRX": [0.0, 0.08975167287608213], "MACK": [0.2086, 0.08975167287608213], "MDCO": [0.074, 0.08975167287608213], "MDVN": [0.06644285714285715, 0.08975167287608213], "MEDI": [0.18173414634146345, 0.08975167287608213], "MGNX": [-0.31245, 0.08975167287608213], "MNK": [0.16858285714285717, 0.08975167287608213], "MNKD": [0.20439259259259263, 0.08975167287608213], "MNTA": [0.08568, 0.08975167287608213], "MYGN": [0.0, 0.08975167287608213], "MYL": [-0.06020666666666668, 0.08975167287608213], "MYRX": [0.0, 0.08975167287608213], "NBIX": [0.0, 0.08975167287608213], "NDRM": [0.028900000000000002, 0.08975167287608213], "NH": [0.06768125, 0.08975167287608213], "NK": [0.14913148148148153, 0.08975167287608213], "NKTR": [0.7003000000000001, 0.08975167287608213], "NLNK": [0.32955294117647066, 0.08975167287608213], "NPSP": [0.5707, 0.08975167287608213], "NVAX": [0.0, 0.08975167287608213], "OMED": [0.14356666666666668, 0.08975167287608213], "OMER": [0.0, 0.08975167287608213], "ONCE": [-0.13405, 0.08975167287608213], "ONTX": [0.2083, 0.08975167287608213], "ONTY": [0.15293333333333334, 0.08975167287608213], "ONVO": [0.21985000000000002, 0.08975167287608213], "OPHT": [0.28616, 0.08975167287608213], "OPK": [0.49339999999999995, 0.08975167287608213], "OREX": [0.0, 0.08975167287608213], "OSCI": [0.0, 0.08975167287608213], "OSIR": [0.0, 0.08975167287608213], "OTIC": [0.14772000000000002, 0.08975167287608213], "OVAS": [0.0, 0.08975167287608213], "PACB": [0.28535, 0.08975167287608213], "PANC": [0.0, 0.08975167287608213], "POZN": [0.0, 0.08975167287608213], "PRGO": [0.0, 0.08975167287608213], "PTCT": [0.8614, 0.08975167287608213], "PTIE": [0.7345, 0.08975167287608213], "RARE": [0.0, 0.08975167287608213], "RDUS": [0.49224000000000007, 0.08975167287608213], "REGN": [0.20576, 0.08975167287608213], "RLYP": [0.55965, 0.08975167287608213], "RTRX": [0.4926, 0.08975167287608213], "SAGE": [-0.060200000000000004, 0.08975167287608213], "SCLN": [0.0, 0.08975167287608213], "SCMP": [0.2023, 0.08975167287608213], "SGEN": [-0.29319999999999996, 0.08975167287608213], "SGMO": [0.0, 0.08975167287608213], "SGNT": [0.0, 0.08975167287608213], "SGYP": [0.45477142857142855, 0.08975167287608213], "SHPG": [-0.11333333333333334, 0.08975167287608213], "SNTA": [0.0, 0.08975167287608213], "SPPI": [0.24157142857142858, 0.08975167287608213], "SQNM": [0.0, 0.08975167287608213], "SRPT": [0.011637500000000002, 0.08975167287608213], "STEM": [0.1653, 0.08975167287608213], "SUPN": [0.0, 0.08975167287608213], "TBPH": [0.0, 0.08975167287608213], "TECH": [-0.014493333333333329, 0.08975167287608213], "TEVA": [0.023429999999999986, 0.08975167287608213], "THLD": [0.0, 0.08975167287608213], "THRX": [0.0, 0.08975167287608213], "TKAI": [0.34, 0.08975167287608213], "TRVN": [0.13396666666666665, 0.08975167287608213],