{"AAVL": [0.20692, 0.15052998246131166], "ACAD": [0.32961428571428575, 0.15052998246131166], "ACHN": [0.25484999999999997, 0.15052998246131166], "ACRX": [0.09866666666666667, 0.15052998246131166], "ADHD": [0.22199999999999998, 0.15052998246131166], "ADMS": [0.09866666666666667, 0.15052998246131166], "ADRO": [0.11839999999999999, 0.15052998246131166], "AEGR": [0.04228571428571428, 0.15052998246131166], "AFMD": [0.007599999999999996, 0.15052998246131166], "AGEN": [0.148, 0.15052998246131166], "AGIO": [0.0, 0.15052998246131166], "AGTC": [-0.0772, 0.15052998246131166], "AIMT": [-0.15566249999999998, 0.15052998246131166], "AKBA": [0.37522857142857147, 0.15052998246131166], "AKRX": [0.0032636363636363575, 0.15052998246131166], "ALDR": [0.5450571428571429, 0.15052998246131166], "ALIM": [0.296, 0.15052998246131166], "ALKS": [0.3805199999999999, 0.15052998246131166], "ALNY": [0.02949, 0.15052998246131166], "ALTH": [-0.07910833333333334, 0.15052998246131166], "ALXN": [0.3806, 0.15052998246131166], "AMAG": [-0.4404, 0.15052998246131166], "AMGN": [-0.06085833333333332, 0.15052998246131166], "AMRN": [0.2685615384615384, 0.15052998246131166], "ANAC": [0.0, 0.15052998246131166], "ANDS": [0.5244, 0.15052998246131166], "ANIP": [0.026909090909090907, 0.15052998246131166], "ANTH": [-0.15566249999999998, 0.15052998246131166], "AQXP": [0.52255, 0.15052998246131166], "ARIA": [0.058738461538461545, 0.15052998246131166], "ARNA": [0.365090909090909, 0.15052998246131166], "ARWR": [0.32561999999999997, 0.15052998246131166], "ASPX": [-0.24120625, 0.15052998246131166], "AST": [0.1811560975609756, 0.15052998246131166], "ATRA": [0.11807499999999999, 0.15052998246131166], "AVEO": [0.4158, 0.15052998246131166], "BCRX": [0.0, 0.15052998246131166], "BIIB": [0.296, 0.15052998246131166], "BIOD": [0.296, 0.15052998246131166], "BLCM": [0.10123750000000001, 0.15052998246131166], "BLUE": [0.03759375, 0.15052998246131166], "BMRN": [0.35674, 0.15052998246131166], "BPMC": [0.09866666666666667, 0.15052998246131166], "CARA": [0.17479999999999998, 0.15052998246131166], "CBPO": [0.5106, 0.15052998246131166], "CCXI": [0.4753, 0.15052998246131166], "CELG": [0.2848655172413793, 0.15052998246131166], "CEMP": [0.2732, 0.15052998246131166], "CERS": [0.0, 0.15052998246131166], "CHMA": [0.023875000000000025, 0.15052998246131166], "CHRS": [0.13391999999999998, 0.15052998246131166], "CLDN": [0.26876666666666665, 0.15052998246131166], "CLDX": [-0.09038333333333333, 0.15052998246131166], "CLVS": [0.07037142857142857, 0.15052998246131166], "CNCE": [0.296, 0.15052998246131166], "COLL": [0.268575, 0.15052998246131166], "CRIS": [0.184925, 0.15052998246131166], "CRME": [0.296, 0.15052998246131166], "CTIC": [0.42516999999999994, 0.15052998246131166], "CYTK": [0.0, 0.15052998246131166], "CYTX": [0.36268, 0.15052998246131166], "DEPO": [0.28141249999999995, 0.15052998246131166], "DERM": [0.074, 0.15052998246131166], "DNAI": [-0.11866249999999998, 0.15052998246131166], "DNDN": [0.0, 0.15052998246131166], "DRNA": [0.40725, 0.15052998246131166], "DRRX": [0.0, 0.15052998246131166], "DSCO": [0.52938, 0.15052998246131166], "DYAX": [0.3424, 0.15052998246131166], "ECYT": [0.0, 0.15052998246131166], "EDIT": [0.31816666666666665, 0.15052998246131166], "EGRX": [0.10551428571428571, 0.15052998246131166], "ENCY": [-0.042666666666666665, 0.15052998246131166], "ENDP": [-0.043666666666666666, 0.15052998246131166], "ENTA": [0.030320588235294117, 0.15052998246131166], "ENZN": [0.34, 0.15052998246131166], "EPZM": [0.5487000000000001, 0.15052998246131166], "ESPR": [0.24080000000000001, 0.15052998246131166], "EXEL": [-0.12333333333333332, 0.15052998246131166], "FGEN": [0.04228571428571428, 0.15052998246131166], "FLKS": [0.159, 0.15052998246131166], "FLML": [0.0, 0.15052998246131166], "FLXN": [0.09866666666666667, 0.15052998246131166], "FMI": [0.09786666666666667, 0.15052998246131166], "FOLD": [0.0, 0.15052998246131166], "FOMX": [0.0, 0.15052998246131166], "FPRX": [-0.13516666666666668, 0.15052998246131166], "GBT": [-0.13836666666666664, 0.15052998246131166], "GERN": [0.351725, 0.15052998246131166], "GEVA": [0.12738, 0.15052998246131166], "GHDX": [0.148, 0.15052998246131166], "GILD": [0.08643235294117646, 0.15052998246131166], "GPRO": [0.07205599999999998, 0.15052998246131166], "GWPH": [0.296, 0.15052998246131166], "HALO": [0.39958, 0.15052998246131166], "HBIO": [-0.31245, 0.15052998246131166], "HZNP": [0.19966666666666666, 0.15052998246131166], "ICPT": [-0.006853846153846159, 0.15052998246131166], "ICY": [0.0, 0.15052998246131166], "ILMN": [0.12915714285714283, 0.15052998246131166], "ILU": [-0.2023, 0.15052998246131166], "IMDZ": [0.6705, 0.15052998246131166], "IMGN": [0.02930000000000002, 0.15052998246131166], "IMMU": [0.3749909090909091, 0.15052998246131166], "INCR": [0.37292, 0.15052998246131166], "INFI": [0.296, 0.15052998246131166], "INO": [0.3041, 0.15052998246131166], "INSY": [0.26084, 0.15052998246131166], "INVA": [0.0, 0.15052998246131166], "IONS": [0.12168518518518517, 0.15052998246131166], "IPXL": [0.0679, 0.15052998246131166], "IRWD": [0.063825, 0.15052998246131166], "ISIS": [0.09498999999999999, 0.15052998246131166], "ISTA": [0.4019, 0.15052998246131166], "ITCI": [0.0, 0.15052998246131166], "JAZZ": [0.12498000000000001, 0.15052998246131166], "JUNO": [0.13753571428571426, 0.15052998246131166], "KERX": [0.6299833333333335, 0.15052998246131166], "KITE": [0.051523684210526326, 0.15052998246131166], "KPTI": [0.0, 0.15052998246131166], "KYTH": [0.0, 0.15052998246131166], "LBIO": [0.20313809523809526, 0.15052998246131166], "LGND": [0.06963, 0.15052998246131166], "LIFE": [0.258, 0.15052998246131166], "LXRX": [0.0, 0.15052998246131166], "MACK": [-0.08576666666666666, 0.15052998246131166], "MCRB": [0.39585000000000004, 0.15052998246131166], "MDCO": [-0.016044444444444448, 0.15052998246131166], "MDVN": [0.18121666666666666, 0.15052998246131166], "MEDI": [0.19204736842105258, 0.15052998246131166], "MGNX": [0.5128333333333334, 0.15052998246131166], "MNK": [-0.0008199999999999985, 0.15052998246131166], "MNKD": [-0.001639999999999997, 0.15052998246131166], "MNTA": [0.0, 0.15052998246131166], "MYGN": [0.0, 0.15052998246131166], "MYL": [-0.0566090909090909, 0.15052998246131166], "NDRM": [0.14325, 0.15052998246131166], "NEOS": [0.27115, 0.15052998246131166], "NERV": [0.0, 0.15052998246131166], "NH": [-0.08147272727272724, 0.15052998246131166], "NK": [-0.0057169491525423735, 0.15052998246131166], "NKTR": [-0.014225000000000002, 0.15052998246131166], "NLNK": [0.0, 0.15052998246131166], "NSTG": [0.5106, 0.15052998246131166], "NVAX": [0.0, 0.15052998246131166], "OCUL": [0.296, 0.15052998246131166], "OMED": [0.2867454545454545, 0.15052998246131166], "OMER": [0.28475, 0.15052998246131166], "OMPI": [0.0, 0.15052998246131166], "ONCE": [-0.024024999999999998, 0.15052998246131166], "ONTY": [0.27695000000000003, 0.15052998246131166], "ONVO": [0.316575, 0.15052998246131166], "OPHT": [0.0, 0.15052998246131166], "OPK": [0.0, 0.15052998246131166], "OREX": [-0.142975, 0.15052998246131166], "OSCI": [0.0, 0.15052998246131166], "OTIC": [0.13902307692307694, 0.15052998246131166], "OVAS": [0.0, 0.15052998246131166], "PACB": [0.7766400000000001, 0.15052998246131166], "PANC": [0.06743333333333333, 0.15052998246131166], "PCRX": [0.0, 0.15052998246131166], "PRGO": [-0.21255714285714283, 0.15052998246131166], "PRTA": [0.15816000000000002, 0.15052998246131166], "PTX": [0.7934, 0.15052998246131166], "RARE": [0.17, 0.15052998246131166], "RDUS": [0.0, 0.15052998246131166], "REGN": [0.0, 0.15052998246131166], "RGLS": [0.0, 0.15052998246131166], "RGNX": [-0.17789999999999997, 0.15052998246131166], "RLYP": [0.0734, 0.15052998246131166], "RTRX": [0.4926, 0.15052998246131166], "SAGE": [0.015488888888888892, 0.15052998246131166], "SGEN": [0.0, 0.15052998246131166], "SGMO": [0.3818, 0.15052998246131166], "SGNT": [0.148, 0.15052998246131166], "SGYP": [-0.026933333333333326, 0.15052998246131166], "SHPG": [0.0, 0.15052998246131166], "SNTA": [0.34, 0.15052998246131166],