{"AAVL": [0.2462, 0.09116070561115303], "ACAD": [0.13255625, 0.09116070561115303], "ACHN": [0.0, 0.09116070561115303], "ACOR": [0.0386, 0.09116070561115303], "ACRX": [0.296, 0.09116070561115303], "ADHD": [0.0, 0.09116070561115303], "AFMD": [0.0, 0.09116070561115303], "AGEN": [0.5574, 0.09116070561115303], "AGIO": [-0.1292, 0.09116070561115303], "AGTC": [-0.4404, 0.09116070561115303], "AKRX": [0.19943333333333335, 0.09116070561115303], "ALKS": [0.0, 0.09116070561115303], "ALNY": [0.12129999999999999, 0.09116070561115303], "ALTH": [0.20125862068965517, 0.09116070561115303], "ALXN": [0.06410555555555555, 0.09116070561115303], "AMAG": [-0.3612, 0.09116070561115303], "AMGN": [0.08390000000000002, 0.09116070561115303], "AMRI": [0.0, 0.09116070561115303], "AMRN": [0.49808, 0.09116070561115303], "ANAC": [0.0, 0.09116070561115303], "ANDS": [0.2732, 0.09116070561115303], "ANIP": [0.0, 0.09116070561115303], "ANPI": [0.0, 0.09116070561115303], "ANTH": [0.07488666666666667, 0.09116070561115303], "AQXP": [-0.16588750000000002, 0.09116070561115303], "ARDX": [0.33030000000000004, 0.09116070561115303], "ARIA": [-0.015841666666666664, 0.09116070561115303], "ARLZ": [0.6368999999999999, 0.09116070561115303], "ARNA": [0.126125, 0.09116070561115303], "ARQL": [-0.09974, 0.09116070561115303], "ARRY": [-0.0516, 0.09116070561115303], "ASPX": [0.2121333333333333, 0.09116070561115303], "AST": [0.0206943661971831, 0.09116070561115303], "ATRA": [0.0, 0.09116070561115303], "AVXS": [-0.3612, 0.09116070561115303], "BCRX": [0.4767, 0.09116070561115303], "BGNE": [0.0, 0.09116070561115303], "BIIB": [0.1752682926829268, 0.09116070561115303], "BIOD": [0.1482857142857143, 0.09116070561115303], "BLCM": [0.1457142857142857, 0.09116070561115303], "BLUE": [0.02112, 0.09116070561115303], "BMRN": [0.2153647058823529, 0.09116070561115303], "BPMC": [0.0, 0.09116070561115303], "CADX": [0.36134, 0.09116070561115303], "CARA": [0.22686, 0.09116070561115303], "CBPO": [0.019733333333333332, 0.09116070561115303], "CBST": [0.0, 0.09116070561115303], "CELG": [0.11698615384615385, 0.09116070561115303], "CEMP": [0.22464, 0.09116070561115303], "CERS": [0.4308, 0.09116070561115303], "CGEN": [0.026909090909090907, 0.09116070561115303], "CHRS": [0.296, 0.09116070561115303], "CLCD": [-0.3612, 0.09116070561115303], "CLDN": [0.6249, 0.09116070561115303], "CLDX": [0.3255, 0.09116070561115303], "CLSD": [0.01306000000000001, 0.09116070561115303], "CLVS": [-0.009166666666666668, 0.09116070561115303], "CNCE": [-0.4404, 0.09116070561115303], "COLL": [0.41404285714285727, 0.09116070561115303], "CRA": [0.061228571428571424, 0.09116070561115303], "CRIS": [0.0778375, 0.09116070561115303], "CTIC": [0.13486666666666666, 0.09116070561115303], "CYTK": [0.0, 0.09116070561115303], "DEPO": [0.5459142857142857, 0.09116070561115303], "DERM": [0.1366, 0.09116070561115303], "DNAI": [0.08688333333333335, 0.09116070561115303], "DRNA": [0.0, 0.09116070561115303], "DRRX": [0.0, 0.09116070561115303], "DVAX": [-0.08886, 0.09116070561115303], "EDIT": [0.22997777777777775, 0.09116070561115303], "EGLT": [0.0, 0.09116070561115303], "EGRX": [0.24924, 0.09116070561115303], "ENCY": [0.06232499999999999, 0.09116070561115303], "ENDP": [0.03823928571428571, 0.09116070561115303], "ENTA": [0.15430666666666668, 0.09116070561115303], "EPIX": [0.2023, 0.09116070561115303], "EPZM": [0.5106, 0.09116070561115303], "EXEL": [0.3094699999999999, 0.09116070561115303], "FACT": [0.10536000000000004, 0.09116070561115303], "FGEN": [0.4003, 0.09116070561115303], "FLKS": [0.014899999999999997, 0.09116070561115303], "FLML": [0.0, 0.09116070561115303], "FLXN": [0.4019, 0.09116070561115303], "FMI": [-0.17691111111111113, 0.09116070561115303], "FOMX": [0.0, 0.09116070561115303], "FPRX": [0.042876923076923076, 0.09116070561115303], "GBT": [0.4019, 0.09116070561115303], "GERN": [0.0, 0.09116070561115303], "GILD": [0.12842688172043004, 0.09116070561115303], "GNVC": [-0.1806, 0.09116070561115303], "GPRO": [0.10889333333333333, 0.09116070561115303], "GRFS": [0.0, 0.09116070561115303], "GTXI": [0.0, 0.09116070561115303], "GWPH": [0.023676315789473684, 0.09116070561115303], "HALO": [0.40815, 0.09116070561115303], "HZNP": [-0.13424615384615385, 0.09116070561115303], "ICPT": [0.0485, 0.09116070561115303], "ICY": [0.2024, 0.09116070561115303], "ILMN": [0.12893749999999998, 0.09116070561115303], "ILU": [-0.07153333333333335, 0.09116070561115303], "IMGN": [0.3182, 0.09116070561115303], "IMMU": [-0.24539166666666665, 0.09116070561115303], "INCR": [0.3301545454545455, 0.09116070561115303], "INCY": [0.12948292682926832, 0.09116070561115303], "INFI": [0.36819999999999997, 0.09116070561115303], "INO": [0.20929333333333336, 0.09116070561115303], "INSM": [0.0, 0.09116070561115303], "INSY": [-0.26788181818181817, 0.09116070561115303], "INVA": [0.4404, 0.09116070561115303], "IONS": [0.11098620689655174, 0.09116070561115303], "IPXL": [0.296, 0.09116070561115303], "IRWD": [0.14365, 0.09116070561115303], "ISIS": [-0.016875, 0.09116070561115303], "ISTA": [0.22601249999999998, 0.09116070561115303], "ITEK": [-0.4404, 0.09116070561115303], "JAZZ": [0.0, 0.09116070561115303], "JUNO": [-0.1359846153846154, 0.09116070561115303], "KITE": [-0.5290818181818181, 0.09116070561115303], "KMPH": [0.0, 0.09116070561115303], "KPTI": [0.13515, 0.09116070561115303], "LBIO": [0.4361941176470589, 0.09116070561115303], "LGND": [0.386775, 0.09116070561115303], "LIFE": [0.13523333333333332, 0.09116070561115303], "LMNX": [0.09769166666666668, 0.09116070561115303], "LOXO": [0.0, 0.09116070561115303], "LXRX": [0.10115, 0.09116070561115303], "MACK": [0.17373333333333335, 0.09116070561115303], "MAPP": [0.3780666666666666, 0.09116070561115303], "MDCO": [-0.0924625, 0.09116070561115303], "MEDI": [0.03768070175438596, 0.09116070561115303], "MGNX": [0.0, 0.09116070561115303], "MNK": [0.2402923076923077, 0.09116070561115303], "MNKD": [0.11333333333333334, 0.09116070561115303], "MNOV": [0.0, 0.09116070561115303], "MYGN": [0.4939, 0.09116070561115303], "MYL": [0.19116999999999998, 0.09116070561115303], "NABI": [0.040025000000000005, 0.09116070561115303], "NBIX": [0.01603157894736842, 0.09116070561115303], "NDRM": [0.1795, 0.09116070561115303], "NERV": [0.4767, 0.09116070561115303], "NH": [0.04802799999999999, 0.09116070561115303], "NK": [0.13683636363636364, 0.09116070561115303], "NKTR": [0.0, 0.09116070561115303], "NOVN": [0.0, 0.09116070561115303], "NSTG": [-0.026600000000000002, 0.09116070561115303], "NTLA": [0.21406666666666666, 0.09116070561115303], "NVAX": [0.16825, 0.09116070561115303], "NVCR": [0.09866666666666667, 0.09116070561115303], "OCUL": [0.0, 0.09116070561115303], "OMED": [0.255, 0.09116070561115303], "OMER": [-0.17377499999999999, 0.09116070561115303], "ONCE": [0.16906666666666667, 0.09116070561115303], "OPHT": [0.26303, 0.09116070561115303], "OPK": [-0.09534000000000001, 0.09116070561115303], "ORCH": [-0.6705, 0.09116070561115303], "OREX": [0.031909999999999994, 0.09116070561115303], "OSCI": [0.16945, 0.09116070561115303], "OSIR": [0.0, 0.09116070561115303], "OTIC": [0.22924999999999998, 0.09116070561115303], "OVAS": [0.0013230769230769225, 0.09116070561115303], "PACB": [-0.13612500000000002, 0.09116070561115303], "PANC": [-0.7845, 0.09116070561115303], "PGNX": [0.057749999999999996, 0.09116070561115303], "PRAH": [0.0, 0.09116070561115303], "PTCT": [0.7579, 0.09116070561115303], "PTIE": [-0.5106, 0.09116070561115303], "PTX": [0.0, 0.09116070561115303], "QURE": [0.5292666666666667, 0.09116070561115303], "RARE": [-0.02121333333333333, 0.09116070561115303], "RDUS": [0.0, 0.09116070561115303], "REGN": [0.08092000000000002, 0.09116070561115303], "RGLS": [0.0, 0.09116070561115303], "RIGL": [-0.05969999999999999, 0.09116070561115303], "RPTP": [-0.1806, 0.09116070561115303], "SAGE": [0.22105000000000002, 0.09116070561115303], "SCLN": [0.0, 0.09116070561115303], "SGEN": [0.17406956521739134, 0.09116070561115303], "SGMO": [0.1796, 0.09116070561115303], "SGNT": [0.5267, 0.09116070561115303],