{"AAVL": [0.10551428571428571, 0.12130079587718691], "ACAD": [0.20529411764705885, 0.12130079587718691], "ACHN": [0.10247999999999999, 0.12130079587718691], "ACOR": [0.148, 0.12130079587718691], "ACRX": [0.04526, 0.12130079587718691], "ADHD": [0.10816400000000001, 0.12130079587718691], "ADMS": [0.22199999999999998, 0.12130079587718691], "ADRO": [0.0, 0.12130079587718691], "AEGR": [0.0, 0.12130079587718691], "AERI": [0.0772, 0.12130079587718691], "AFFX": [0.0, 0.12130079587718691], "AFFY": [-0.1527, 0.12130079587718691], "AFMD": [0.5303333333333333, 0.12130079587718691], "AGEN": [0.09434999999999996, 0.12130079587718691], "AGIO": [-0.23506, 0.12130079587718691], "AGIX": [0.5106, 0.12130079587718691], "AGTC": [0.050575, 0.12130079587718691], "AIMT": [0.12716153846153846, 0.12130079587718691], "AKBA": [0.09866666666666667, 0.12130079587718691], "AKRX": [0.07863333333333333, 0.12130079587718691], "ALDR": [0.31372000000000005, 0.12130079587718691], "ALIM": [0.19387727272727273, 0.12130079587718691], "ALKS": [0.06874999999999998, 0.12130079587718691], "ALNY": [0.1309, 0.12130079587718691], "ALTH": [0.08605135135135136, 0.12130079587718691], "ALTU": [0.0, 0.12130079587718691], "ALXA": [0.1591, 0.12130079587718691], "ALXN": [0.0, 0.12130079587718691], "AMAG": [0.0, 0.12130079587718691], "AMGN": [0.0009415094339622636, 0.12130079587718691], "AMPH": [0.0, 0.12130079587718691], "AMRN": [0.17556666666666665, 0.12130079587718691], "ANAC": [0.18128333333333335, 0.12130079587718691], "ANDS": [0.0, 0.12130079587718691], "ANIP": [0.1583777777777778, 0.12130079587718691], "ANPI": [0.1498, 0.12130079587718691], "ANTH": [0.24913333333333335, 0.12130079587718691], "APCVZ&": [0.504, 0.12130079587718691], "APPX": [0.504, 0.12130079587718691], "AQXP": [-0.04143636363636363, 0.12130079587718691], "ARDX": [0.0, 0.12130079587718691], "ARIA": [0.14081000000000002, 0.12130079587718691], "ARNA": [-0.013710526315789477, 0.12130079587718691], "ARQL": [0.0, 0.12130079587718691], "ARRY": [0.118576, 0.12130079587718691], "ARWR": [0.061541025641025635, 0.12130079587718691], "ARXT": [0.504, 0.12130079587718691], "ASPX": [-0.29326666666666673, 0.12130079587718691], "AST": [0.042851741293532336, 0.12130079587718691], "ATRA": [0.09176, 0.12130079587718691], "AVEO": [0.0, 0.12130079587718691], "AVNR": [0.4877, 0.12130079587718691], "AXCA": [0.504, 0.12130079587718691], "BCRX": [-0.035766666666666676, 0.12130079587718691], "BGIXX": [0.504, 0.12130079587718691], "BIIB": [0.11142702702702707, 0.12130079587718691], "BIOD": [0.22204285714285713, 0.12130079587718691], "BIVN": [0.504, 0.12130079587718691], "BLCM": [0.11301249999999999, 0.12130079587718691], "BLKFDS": [0.504, 0.12130079587718691], "BLUE": [0.05955120481927711, 0.12130079587718691], "BLUS": [0.504, 0.12130079587718691], "BMRN": [0.011011956521739117, 0.12130079587718691], "BMTI": [0.296, 0.12130079587718691], "BPMC": [0.0, 0.12130079587718691], "BRIXX": [0.504, 0.12130079587718691], "BTRX": [0.504, 0.12130079587718691], "CALP": [0.0, 0.12130079587718691], "CARA": [0.0, 0.12130079587718691], "CBPO": [0.03177222222222222, 0.12130079587718691], "CCXI": [0.0, 0.12130079587718691], "CELG": [0.07550943396226416, 0.12130079587718691], "CEPH": [0.0, 0.12130079587718691], "CERS": [0.0, 0.12130079587718691], "CHMA": [-0.008087499999999997, 0.12130079587718691], "CHRS": [0.22319999999999998, 0.12130079587718691], "CLDN": [0.14985, 0.12130079587718691], "CLDX": [0.09462068965517241, 0.12130079587718691], "CLVS": [0.04339563318777294, 0.12130079587718691], "CMRX": [0.0086, 0.12130079587718691], "CNCE": [0.37460000000000004, 0.12130079587718691], "COLL": [0.027879999999999995, 0.12130079587718691], "COLY": [0.504, 0.12130079587718691], "CRA": [-0.10476470588235295, 0.12130079587718691], "CRIS": [0.47376666666666667, 0.12130079587718691], "CRME": [0.02114285714285714, 0.12130079587718691], "CTIC": [-0.09456999999999999, 0.12130079587718691], "CTRX": [0.0, 0.12130079587718691], "CXRX": [0.32750666666666667, 0.12130079587718691], "CYTK": [0.0, 0.12130079587718691], "CYTX": [0.0, 0.12130079587718691], "DEPO": [-0.10571739130434783, 0.12130079587718691], "DERM": [0.19997499999999999, 0.12130079587718691], "DIGE": [0.0, 0.12130079587718691], "DRAX": [0.504, 0.12130079587718691], "DRRX": [0.148, 0.12130079587718691], "DSCO": [-0.5048333333333334, 0.12130079587718691], "DVAX": [0.074, 0.12130079587718691], "DYAX": [0.19517272727272728, 0.12130079587718691], "ECYT": [0.09866666666666667, 0.12130079587718691], "EDIT": [0.3644625, 0.12130079587718691], "EGRX": [0.061872727272727274, 0.12130079587718691], "EMIS": [0.3570857142857143, 0.12130079587718691], "ENCY": [0.4070111111111111, 0.12130079587718691], "ENDP": [0.06699393939393938, 0.12130079587718691], "ENTA": [0.2069395348837209, 0.12130079587718691], "ENZN": [0.5719, 0.12130079587718691], "EPZM": [0.11892, 0.12130079587718691], "ESPR": [0.044438461538461566, 0.12130079587718691], "EURX": [0.504, 0.12130079587718691], "EXEL": [0.10785423728813563, 0.12130079587718691], "FACT": [-0.045257142857142864, 0.12130079587718691], "FGEN": [0.07119032258064516, 0.12130079587718691], "FLKS": [-0.05602500000000002, 0.12130079587718691], "FLML": [0.11599999999999999, 0.12130079587718691], "FLXN": [0.296, 0.12130079587718691], "FMI": [0.05768181818181819, 0.12130079587718691], "FOLD": [-0.018599999999999988, 0.12130079587718691], "FPRX": [0.12476000000000001, 0.12130079587718691], "GBT": [-0.19498888888888893, 0.12130079587718691], "GERN": [-0.04531428571428572, 0.12130079587718691], "GEVA": [0.35157499999999997, 0.12130079587718691], "GHDX": [0.1593625, 0.12130079587718691], "GILD": [0.11957513812154698, 0.12130079587718691], "GNVC": [0.13283999999999999, 0.12130079587718691], "GPRO": [0.025847, 0.12130079587718691], "GRFS": [0.10908571428571427, 0.12130079587718691], "GWPH": [0.01102857142857143, 0.12130079587718691], "HALO": [0.19770666666666667, 0.12130079587718691], "HBIO": [0.32784, 0.12130079587718691], "HZNP": [-0.001002777777777766, 0.12130079587718691], "ICEL": [0.0, 0.12130079587718691], "ICPT": [0.1636204545454546, 0.12130079587718691], "ICY": [0.20873333333333335, 0.12130079587718691], "ILMN": [-0.0046755555555555795, 0.12130079587718691], "ILU": [0.04558333333333333, 0.12130079587718691], "IMCL": [0.28099999999999997, 0.12130079587718691], "IMDZ": [0.3221399999999999, 0.12130079587718691], "IMGN": [-0.009212244897959179, 0.12130079587718691], "IMMU": [0.1004608695652174, 0.12130079587718691], "INCR": [0.3909281249999999, 0.12130079587718691], "INCY": [0.16979473684210525, 0.12130079587718691], "INFI": [0.2007071428571429, 0.12130079587718691], "INGN": [0.5181333333333333, 0.12130079587718691], "INO": [0.07525454545454546, 0.12130079587718691], "INSM": [0.0, 0.12130079587718691], "INSY": [0.13020714285714288, 0.12130079587718691], "INVA": [0.3182, 0.12130079587718691], "IONS": [0.05121596638655462, 0.12130079587718691], "IPXL": [0.04551333333333333, 0.12130079587718691], "IRWD": [0.14339, 0.12130079587718691], "ISIS": [0.015302824858757063, 0.12130079587718691], "ISPH": [0.0, 0.12130079587718691], "ISTA": [0.27601818181818183, 0.12130079587718691], "ITCI": [0.14833000000000002, 0.12130079587718691], "ITEK": [0.160025, 0.12130079587718691], "JAZZ": [-0.04552173913043479, 0.12130079587718691], "JUNO": [0.09096969696969698, 0.12130079587718691], "KERX": [0.3013666666666666, 0.12130079587718691], "KITE": [0.04401666666666667, 0.12130079587718691], "KMPH": [0.0, 0.12130079587718691], "KPTI": [0.0, 0.12130079587718691], "LBIO": [0.12971587301587306, 0.12130079587718691], "LGND": [0.12567333333333333, 0.12130079587718691], "LIFE": [0.22742500000000004, 0.12130079587718691], "LMNX": [0.0, 0.12130079587718691], "LOXO": [0.17087272727272726, 0.12130079587718691], "LXRX": [0.1589, 0.12130079587718691], "MACK": [0.030276923076923073, 0.12130079587718691], "MAPP": [0.0, 0.12130079587718691], "MCRB": [0.148, 0.12130079587718691], "MDCO": [0.023700000000000002, 0.12130079587718691],